sol,age,pop,births,deaths,pairs,friend_pairs,close_pairs,web,second,lonely,friends_mean,lines,grief,lines_cum,capped_cum,dropped_cum,stale_cum,pending,formed_cum,close_cum,log_size,zero_adults,adults
1,L,7,0,0,21,21,0,1.0000,0.0000,0.0000,6.0000,0,0,0,0,0,0,0,0,0,3,0,7
2,L,7,0,0,21,21,0,1.0000,0.0000,0.0000,6.0000,0,0,0,0,0,0,0,0,0,4,0,7
3,L,7,0,0,21,21,0,1.0000,0.0000,0.0000,6.0000,0,0,0,0,0,0,0,0,0,5,0,7
4,L,7,0,0,21,21,0,1.0000,0.0000,0.0000,6.0000,0,0,0,0,0,0,0,0,0,6,0,7
5,L,7,0,0,21,21,0,1.0000,0.0000,0.0000,6.0000,0,0,0,0,0,0,0,0,0,8,0,7
6,L,7,0,0,21,21,0,1.0000,0.0000,0.0000,6.0000,0,0,0,0,0,0,0,0,0,9,0,7
7,L,7,0,0,21,21,0,1.0000,0.0000,0.0000,6.0000,0,0,0,0,0,0,0,0,0,10,0,7
8,L,7,0,0,21,21,0,1.0000,0.0000,0.0000,6.0000,0,0,0,0,0,0,0,0,0,11,0,7
9,L,7,0,0,21,21,0,1.0000,0.0000,0.0000,6.0000,0,0,0,0,0,0,0,0,0,12,0,7
10,L,7,0,0,21,21,0,1.0000,0.0000,0.0000,6.0000,0,0,0,0,0,0,0,0,0,13,0,7
11,L,7,0,0,21,21,0,1.0000,0.0000,0.0000,6.0000,0,0,0,0,0,0,0,0,0,15,0,7
12,L,7,0,0,21,21,0,1.0000,0.0000,0.0000,6.0000,0,0,0,0,0,0,0,0,0,16,0,7
13,L,7,0,0,21,21,0,1.0000,0.0000,0.0000,6.0000,0,0,0,0,0,0,0,0,0,17,0,7
14,L,7,0,0,21,21,0,1.0000,0.0000,0.0000,6.0000,0,0,0,0,0,0,0,0,0,18,0,7
15,L,7,0,0,21,21,0,1.0000,0.0000,0.0000,6.0000,0,0,0,0,0,0,0,0,0,19,0,7
16,L,7,0,0,21,21,0,1.0000,0.0000,0.0000,6.0000,0,0,0,0,0,0,0,0,0,20,0,7
17,L,7,0,0,21,21,0,1.0000,0.0000,0.0000,6.0000,0,0,0,0,0,0,0,0,0,21,0,7
18,L,7,0,0,21,21,0,1.0000,0.0000,0.0000,6.0000,0,0,0,0,0,0,0,0,0,22,0,7
19,L,7,0,0,21,21,0,1.0000,0.0000,0.0000,6.0000,0,0,0,0,0,0,0,0,0,23,0,7
20,L,7,0,0,21,20,0,1.0000,0.0000,0.0000,5.7143,1,0,1,0,0,0,0,0,0,25,0,7
21,L,7,0,0,21,19,0,1.0000,0.0000,0.0000,5.4286,0,0,1,0,0,0,0,0,0,26,0,7
22,L,7,0,0,21,19,0,1.0000,0.0000,0.0000,5.4286,0,0,1,0,0,0,0,0,0,26,0,7
23,L,7,0,0,21,18,0,1.0000,0.0000,0.0000,5.1429,0,0,1,0,0,0,0,0,0,28,0,7
24,L,7,0,0,21,18,0,1.0000,0.0000,0.0000,5.1429,0,0,1,0,0,0,0,0,0,29,0,7
25,L,7,0,0,21,17,0,1.0000,0.0000,0.0000,4.8571,0,0,1,0,0,0,0,0,0,30,0,7
26,L,7,0,0,21,16,0,1.0000,0.0000,0.0000,4.5714,0,0,1,0,0,0,0,0,0,31,0,7
27,L,7,0,0,21,16,0,1.0000,0.0000,0.0000,4.5714,0,0,1,0,0,0,0,0,0,34,0,7
28,L,7,0,0,21,16,0,1.0000,0.0000,0.0000,4.5714,0,0,1,0,0,0,0,0,0,34,0,7
29,L,7,0,0,21,16,0,1.0000,0.0000,0.0000,4.5714,0,0,1,0,0,0,0,0,0,35,0,7
30,L,7,0,0,21,16,0,1.0000,0.0000,0.0000,4.5714,0,0,1,0,0,0,0,0,0,37,0,7
31,L,7,0,0,21,16,0,1.0000,0.0000,0.0000,4.5714,0,0,1,0,0,0,0,0,0,37,0,7
32,L,7,0,0,21,16,0,1.0000,0.0000,0.0000,4.5714,0,0,1,0,0,0,0,0,0,38,0,7
33,L,7,0,0,21,16,0,1.0000,0.0000,0.0000,4.5714,0,0,1,0,0,0,0,0,0,39,0,7
34,L,7,0,0,20,15,0,1.0000,0.0000,0.0000,4.2857,1,0,2,0,0,0,0,0,0,41,0,7
35,L,7,0,0,20,13,0,1.0000,0.0000,0.0000,3.7143,0,0,2,0,0,0,0,0,0,44,0,7
36,L,7,0,0,19,13,0,1.0000,0.0000,0.0000,3.7143,0,0,2,0,0,0,0,0,0,45,0,7
37,L,7,0,0,19,13,0,1.0000,0.0000,0.0000,3.7143,0,0,2,0,0,0,0,0,0,47,0,7
38,L,7,0,0,19,13,0,1.0000,0.0000,0.0000,3.7143,0,0,2,0,0,0,0,0,0,47,0,7
39,L,7,0,0,19,13,0,1.0000,0.0000,0.0000,3.7143,0,0,2,0,0,0,0,0,0,49,0,7
40,L,7,0,0,21,13,0,1.0000,0.0000,0.0000,3.7143,0,0,2,0,0,0,0,0,0,49,0,7
41,L,7,0,0,21,13,0,1.0000,0.0000,0.0000,3.7143,0,0,2,0,0,0,0,0,0,50,0,7
42,L,7,0,0,20,13,0,1.0000,0.0000,0.0000,3.7143,0,0,2,0,0,0,0,0,0,51,0,7
43,L,7,0,0,19,13,0,1.0000,0.0000,0.0000,3.7143,0,0,2,0,0,0,0,0,0,52,0,7
44,L,7,0,0,18,13,0,1.0000,0.0000,0.0000,3.7143,0,0,2,0,0,0,0,0,0,54,0,7
45,L,7,0,0,19,13,0,1.0000,0.0000,0.0000,3.7143,0,0,2,0,0,0,0,0,0,55,0,7
46,L,7,0,0,18,13,0,1.0000,0.0000,0.0000,3.7143,0,0,2,0,0,0,0,0,0,56,0,7
47,L,7,0,0,17,13,0,1.0000,0.0000,0.0000,3.7143,0,0,2,0,0,0,0,0,0,58,0,7
48,L,7,0,0,18,13,0,1.0000,0.0000,0.0000,3.7143,0,0,2,0,0,0,0,0,0,59,0,7
49,L,7,0,0,17,13,0,1.0000,0.0000,0.0000,3.7143,0,0,2,0,0,0,0,0,0,60,0,7
50,L,7,0,0,17,13,0,1.0000,0.0000,0.0000,3.7143,0,0,2,0,0,0,0,0,0,61,0,7
51,L,7,0,0,16,12,0,1.0000,0.0000,0.0000,3.4286,0,0,2,0,0,0,0,0,0,63,0,7
52,L,7,0,0,16,12,0,1.0000,0.0000,0.0000,3.4286,0,0,2,0,0,0,0,0,0,64,0,7
53,L,7,0,0,17,12,0,1.0000,0.0000,0.0000,3.4286,0,0,2,0,0,0,0,0,0,64,0,7
54,L,7,0,0,17,12,0,1.0000,0.0000,0.0000,3.4286,0,0,2,0,0,0,0,0,0,66,0,7
55,L,7,0,0,16,12,0,1.0000,0.0000,0.0000,3.4286,0,0,2,0,0,0,0,0,0,66,0,7
56,L,7,0,0,17,12,0,1.0000,0.0000,0.0000,3.4286,0,0,2,0,0,0,0,0,0,66,0,7
57,L,7,0,0,17,11,0,1.0000,0.0000,0.0000,3.1429,0,0,2,0,0,0,0,0,0,66,0,7
58,L,7,0,0,16,11,0,1.0000,0.0000,0.0000,3.1429,0,0,2,0,0,0,0,0,0,66,0,7
59,L,7,0,0,16,9,0,1.0000,0.0000,0.0000,2.5714,0,0,2,0,0,0,0,0,0,66,0,7
60,L,7,0,0,15,9,0,1.0000,0.0000,0.0000,2.5714,0,0,2,0,0,0,0,0,0,67,0,7
61,L,7,0,0,15,9,0,1.0000,0.0000,0.0000,2.5714,0,0,2,0,0,0,0,0,0,68,0,7
62,L,7,0,0,14,9,0,1.0000,0.0000,0.0000,2.5714,0,0,2,0,0,0,0,0,0,68,0,7
63,L,7,0,0,15,9,0,1.0000,0.0000,0.0000,2.5714,0,0,2,0,0,0,0,0,0,70,0,7
64,L,7,0,0,14,9,0,1.0000,0.0000,0.0000,2.5714,0,0,2,0,0,0,0,0,0,71,0,7
65,L,7,0,0,13,8,0,1.0000,0.0000,0.0000,2.2857,0,0,2,0,0,0,0,0,0,72,0,7
66,L,7,0,0,14,8,0,1.0000,0.0000,0.0000,2.2857,0,0,2,0,0,0,0,0,0,74,0,7
67,L,7,0,0,15,8,0,1.0000,0.0000,0.0000,2.2857,0,0,2,0,0,0,0,0,0,76,0,7
68,L,7,0,0,13,7,0,1.0000,0.0000,0.0000,2.0000,0,0,2,0,0,0,0,0,0,77,0,7
69,L,7,0,0,14,7,0,1.0000,0.0000,0.0000,2.0000,0,0,2,0,0,0,0,0,0,78,0,7
70,L,7,0,0,13,7,0,1.0000,0.0000,0.0000,2.0000,0,0,2,0,0,0,0,0,0,80,0,7
71,L,7,0,0,14,7,0,1.0000,0.0000,0.0000,2.0000,0,0,2,0,0,0,0,0,0,81,0,7
72,L,7,0,0,12,7,0,1.0000,0.0000,0.0000,2.0000,0,0,2,0,0,0,0,0,0,82,0,7
73,L,7,0,0,12,7,0,1.0000,0.0000,0.0000,2.0000,0,0,2,0,0,0,0,0,0,83,0,7
74,L,7,0,0,13,7,0,1.0000,0.0000,0.0000,2.0000,0,0,2,0,0,0,0,0,0,84,0,7
75,L,7,0,0,12,7,0,1.0000,0.0000,0.0000,2.0000,0,0,2,0,0,0,0,0,0,85,0,7
76,L,7,0,0,12,7,0,1.0000,0.0000,0.0000,2.0000,0,0,2,0,0,0,0,0,0,86,0,7
77,L,7,0,0,14,7,0,1.0000,0.0000,0.0000,2.0000,0,0,2,0,0,0,0,0,0,87,0,7
78,L,7,0,0,12,7,0,1.0000,0.0000,0.0000,2.0000,0,0,2,0,0,0,0,0,0,88,0,7
79,L,7,0,0,12,7,0,1.0000,0.0000,0.0000,2.0000,0,0,2,0,0,0,0,0,0,89,0,7
80,L,7,0,0,13,7,0,1.0000,0.0000,0.0000,2.0000,0,0,2,0,0,0,0,0,0,91,0,7
81,L,7,0,0,14,7,0,1.0000,0.0000,0.0000,2.0000,0,0,2,0,0,0,0,0,0,92,0,7
82,L,7,0,0,14,7,0,1.0000,0.0000,0.0000,2.0000,0,0,2,0,0,0,0,0,0,93,0,7
83,L,7,0,0,16,7,0,1.0000,0.0000,0.0000,2.0000,0,0,2,0,0,0,0,0,0,94,0,7
84,L,7,0,0,16,6,0,0.8571,0.0000,0.1429,1.7143,0,0,2,0,0,0,0,0,0,95,1,7
85,L,7,0,0,14,6,0,0.8571,0.0000,0.1429,1.7143,0,0,2,0,0,0,0,0,0,97,1,7
86,L,7,0,0,14,6,0,0.8571,0.0000,0.1429,1.7143,0,0,2,0,0,0,0,0,0,98,1,7
87,L,7,0,0,17,6,0,0.8571,0.0000,0.1429,1.7143,0,0,2,0,0,0,0,0,0,99,1,7
88,L,7,0,0,16,5,0,0.7143,0.0000,0.2857,1.4286,0,0,2,0,0,0,0,0,0,100,2,7
89,L,7,0,0,15,5,0,0.7143,0.0000,0.2857,1.4286,0,0,2,0,0,0,0,0,0,101,2,7
90,L,7,0,0,17,5,0,0.7143,0.0000,0.2857,1.4286,0,0,2,0,0,0,0,0,0,102,2,7
91,L,7,0,0,18,5,0,0.7143,0.0000,0.2857,1.4286,0,0,2,0,0,0,0,0,0,103,2,7
92,L,7,0,0,16,5,0,0.7143,0.0000,0.2857,1.4286,0,0,2,0,0,0,0,0,0,105,2,7
93,L,7,0,0,15,5,0,0.7143,0.0000,0.2857,1.4286,0,0,2,0,0,0,0,0,0,106,2,7
94,L,7,0,0,14,5,0,0.7143,0.0000,0.2857,1.4286,0,0,2,0,0,0,0,0,0,107,2,7
95,L,7,0,0,13,5,0,0.7143,0.0000,0.2857,1.4286,0,0,2,0,0,0,0,0,0,108,2,7
96,L,7,0,0,15,5,0,0.7143,0.0000,0.2857,1.4286,0,0,2,0,0,0,0,0,0,109,2,7
97,L,7,0,0,15,5,0,0.7143,0.0000,0.2857,1.4286,0,0,2,0,0,0,0,0,0,110,2,7
98,L,7,0,0,14,5,0,0.7143,0.0000,0.2857,1.4286,0,0,2,0,0,0,0,0,0,113,2,7
99,L,7,0,0,18,5,0,0.7143,0.0000,0.2857,1.4286,0,0,2,0,0,0,0,0,0,114,2,7
100,L,7,0,0,17,5,0,0.7143,0.0000,0.2857,1.4286,0,0,2,0,0,0,0,0,0,115,2,7
101,L,7,0,0,16,5,0,0.7143,0.0000,0.2857,1.4286,0,0,2,0,0,0,0,0,0,116,2,7
102,L,7,0,0,16,5,0,0.7143,0.0000,0.2857,1.4286,0,0,2,0,0,0,0,0,0,118,2,7
103,L,7,0,0,16,4,0,0.5714,0.0000,0.4286,1.1429,0,0,2,0,0,0,0,0,0,119,3,7
104,L,7,0,0,16,4,0,0.5714,0.0000,0.4286,1.1429,0,0,2,0,0,0,0,0,0,120,3,7
105,L,7,0,0,16,4,0,0.5714,0.0000,0.4286,1.1429,0,0,2,0,0,0,0,0,0,122,3,7
106,L,7,0,0,14,4,0,0.5714,0.0000,0.4286,1.1429,0,0,2,0,0,0,0,0,0,123,3,7
107,L,7,0,0,15,4,0,0.5714,0.0000,0.4286,1.1429,0,0,2,0,0,0,0,0,0,124,3,7
108,L,7,0,0,14,4,0,0.5714,0.0000,0.4286,1.1429,0,0,2,0,0,0,0,0,0,126,3,7
109,L,7,0,0,13,4,1,0.5714,0.0000,0.4286,1.1429,1,0,3,0,0,0,0,0,1,129,3,7
110,L,7,0,0,15,4,1,0.5714,0.0000,0.4286,1.1429,0,0,3,0,0,0,0,0,1,130,3,7
111,L,7,0,0,11,4,1,0.5714,0.0000,0.4286,1.1429,0,0,3,0,0,0,0,0,1,131,3,7
112,L,7,0,0,11,4,1,0.5714,0.0000,0.4286,1.1429,0,0,3,0,0,0,0,0,1,132,3,7
113,L,7,0,0,14,4,1,0.5714,0.0000,0.4286,1.1429,0,0,3,0,0,0,0,0,1,133,3,7
114,L,7,0,0,14,4,1,0.5714,0.0000,0.4286,1.1429,0,0,3,0,0,0,0,0,1,134,3,7
115,L,7,0,0,12,4,1,0.5714,0.0000,0.4286,1.1429,0,0,3,0,0,0,0,0,1,135,3,7
116,L,7,0,0,12,4,1,0.5714,0.0000,0.4286,1.1429,0,0,3,0,0,0,0,0,1,136,3,7
117,L,7,0,0,11,4,1,0.5714,0.0000,0.4286,1.1429,0,0,3,0,0,0,0,0,1,137,3,7
118,L,7,0,0,11,4,1,0.5714,0.0000,0.4286,1.1429,0,0,3,0,0,0,0,0,1,138,3,7
119,L,7,0,0,12,4,1,0.5714,0.0000,0.4286,1.1429,0,0,3,0,0,0,0,0,1,139,3,7
120,L,7,0,0,14,4,1,0.5714,0.0000,0.4286,1.1429,0,0,3,0,0,0,0,0,1,140,3,7
121,L,7,0,0,12,4,1,0.5714,0.0000,0.4286,1.1429,0,0,3,0,0,0,0,0,1,141,3,7
122,L,7,0,0,14,4,1,0.5714,0.0000,0.4286,1.1429,0,0,3,0,0,0,0,0,1,142,3,7
123,L,7,0,0,13,4,1,0.5714,0.0000,0.4286,1.1429,0,0,3,0,0,0,0,0,1,144,3,7
124,L,7,0,0,14,4,1,0.5714,0.0000,0.4286,1.1429,0,0,3,0,0,0,0,0,1,146,3,7
125,L,7,0,0,17,4,1,0.5714,0.0000,0.4286,1.1429,0,0,3,0,0,0,0,0,1,147,3,7
126,L,7,0,0,14,4,1,0.5714,0.0000,0.4286,1.1429,0,0,3,0,0,0,0,0,1,148,3,7
127,L,7,0,0,17,4,1,0.5714,0.0000,0.4286,1.1429,0,0,3,0,0,0,0,0,1,149,3,7
128,L,7,0,0,17,4,1,0.5714,0.0000,0.4286,1.1429,0,0,3,0,0,0,0,0,1,150,3,7
129,L,7,0,0,18,4,1,0.5714,0.0000,0.4286,1.1429,0,0,3,0,0,0,0,0,1,152,3,7
130,L,7,0,0,16,4,1,0.5714,0.0000,0.4286,1.1429,0,0,3,0,0,0,0,0,1,153,3,7
131,L,7,0,0,15,4,1,0.5714,0.0000,0.4286,1.1429,0,0,3,0,0,0,0,0,1,154,3,7
132,L,7,0,0,16,4,1,0.5714,0.0000,0.4286,1.1429,0,0,3,0,0,0,0,0,1,155,3,7
133,L,7,0,0,15,4,1,0.5714,0.0000,0.4286,1.1429,0,0,3,0,0,0,0,0,1,157,3,7
134,L,7,0,0,18,4,1,0.5714,0.0000,0.4286,1.1429,0,0,3,0,0,0,0,0,1,159,3,7
135,L,7,0,0,16,4,1,0.5714,0.0000,0.4286,1.1429,0,0,3,0,0,0,0,0,1,160,3,7
136,L,7,0,0,14,4,1,0.5714,0.0000,0.4286,1.1429,0,0,3,0,0,0,0,0,1,161,3,7
137,L,7,0,0,13,4,1,0.5714,0.0000,0.4286,1.1429,0,0,3,0,0,0,0,0,1,163,3,7
138,L,7,0,0,11,5,1,0.7143,0.0000,0.2857,1.4286,1,0,4,0,0,0,0,1,1,165,2,7
139,L,7,0,0,13,5,1,0.7143,0.0000,0.2857,1.4286,0,0,4,0,0,0,0,1,1,166,2,7
140,L,7,0,0,12,5,1,0.7143,0.0000,0.2857,1.4286,0,0,4,0,0,0,0,1,1,167,2,7
141,L,7,0,0,13,5,1,0.7143,0.0000,0.2857,1.4286,0,0,4,0,0,0,0,1,1,168,2,7
142,L,7,0,0,15,5,1,0.7143,0.0000,0.2857,1.4286,0,0,4,0,0,0,0,1,1,169,2,7
143,L,7,0,0,14,5,1,0.7143,0.0000,0.2857,1.4286,0,0,4,0,0,0,0,1,1,170,2,7
144,L,7,0,0,14,5,1,0.7143,0.0000,0.2857,1.4286,0,0,4,0,0,0,0,1,1,171,2,7
145,L,7,0,0,11,5,1,0.7143,0.0000,0.2857,1.4286,0,0,4,0,0,0,0,1,1,172,2,7
146,L,7,0,0,14,5,1,0.7143,0.0000,0.2857,1.4286,0,0,4,0,0,0,0,1,1,173,2,7
147,L,7,0,0,13,5,1,0.7143,0.0000,0.2857,1.4286,0,0,4,0,0,0,0,1,1,174,2,7
148,L,7,0,0,14,5,1,0.7143,0.0000,0.2857,1.4286,0,0,4,0,0,0,0,1,1,175,2,7
149,L,7,0,0,11,5,1,0.7143,0.0000,0.2857,1.4286,0,0,4,0,0,0,0,1,1,176,2,7
150,L,7,0,0,12,5,1,0.7143,0.0000,0.2857,1.4286,0,0,4,0,0,0,0,1,1,177,2,7
151,L,7,0,0,14,5,1,0.7143,0.0000,0.2857,1.4286,0,0,4,0,0,0,0,1,1,178,2,7
152,L,7,0,0,14,5,1,0.7143,0.0000,0.2857,1.4286,0,0,4,0,0,0,0,1,1,179,2,7
153,L,7,0,0,14,5,1,0.7143,0.0000,0.2857,1.4286,0,0,4,0,0,0,0,1,1,180,2,7
154,L,7,0,0,13,5,1,0.7143,0.0000,0.2857,1.4286,0,0,4,0,0,0,0,1,1,181,2,7
155,L,7,0,0,12,5,1,0.7143,0.0000,0.2857,1.4286,0,0,4,0,0,0,0,1,1,182,2,7
156,L,7,0,0,11,5,1,0.7143,0.0000,0.2857,1.4286,0,0,4,0,0,0,0,1,1,183,2,7
157,L,7,0,0,12,5,1,0.7143,0.0000,0.2857,1.4286,0,0,4,0,0,0,0,1,1,184,2,7
158,L,7,0,0,12,5,1,0.7143,0.0000,0.2857,1.4286,0,0,4,0,0,0,0,1,1,185,2,7
159,L,7,0,0,13,5,1,0.7143,0.0000,0.2857,1.4286,0,0,4,0,0,0,0,1,1,186,2,7
160,L,7,0,0,12,5,1,0.7143,0.0000,0.2857,1.4286,0,0,4,0,0,0,0,1,1,189,2,7
161,L,7,0,0,11,4,1,0.7143,0.0000,0.2857,1.1429,1,0,5,0,0,0,0,1,1,191,2,7
162,L,7,0,0,13,4,1,0.7143,0.0000,0.2857,1.1429,0,0,5,0,0,0,0,1,1,192,2,7
163,L,7,0,0,14,4,1,0.7143,0.0000,0.2857,1.1429,0,0,5,0,0,0,0,1,1,193,2,7
164,L,7,0,0,12,4,1,0.7143,0.0000,0.2857,1.1429,0,0,5,0,0,0,0,1,1,195,2,7
165,L,7,0,0,11,4,1,0.7143,0.0000,0.2857,1.1429,0,0,5,0,0,0,0,1,1,197,2,7
166,L,7,0,0,14,4,1,0.7143,0.0000,0.2857,1.1429,0,0,5,0,0,0,0,1,1,198,2,7
167,L,7,0,0,11,4,1,0.7143,0.0000,0.2857,1.1429,0,0,5,0,0,0,0,1,1,199,2,7
168,L,7,0,0,12,4,1,0.7143,0.0000,0.2857,1.1429,0,0,5,0,0,0,0,1,1,200,2,7
169,L,7,0,0,12,4,1,0.7143,0.0000,0.2857,1.1429,0,0,5,0,0,0,0,1,1,202,2,7
170,L,7,0,0,14,4,1,0.7143,0.0000,0.2857,1.1429,0,0,5,0,0,0,0,1,1,203,2,7
171,L,7,0,0,14,4,1,0.7143,0.0000,0.2857,1.1429,0,0,5,0,0,0,0,1,1,204,2,7
172,L,7,0,0,11,4,1,0.7143,0.0000,0.2857,1.1429,0,0,5,0,0,0,0,1,1,205,2,7
173,L,7,0,0,10,4,1,0.7143,0.0000,0.2857,1.1429,0,0,5,0,0,0,0,1,1,206,2,7
174,L,7,0,0,13,4,1,0.7143,0.0000,0.2857,1.1429,0,0,5,0,0,0,0,1,1,207,2,7
175,L,7,0,0,10,4,1,0.7143,0.0000,0.2857,1.1429,0,0,5,0,0,0,0,1,1,208,2,7
176,L,7,0,0,10,4,1,0.7143,0.0000,0.2857,1.1429,0,0,5,0,0,0,0,1,1,209,2,7
177,L,7,0,0,11,4,1,0.7143,0.0000,0.2857,1.1429,0,0,5,0,0,0,0,1,1,211,2,7
178,L,7,0,0,11,4,1,0.7143,0.0000,0.2857,1.1429,0,0,5,0,0,0,0,1,1,212,2,7
179,L,7,0,0,11,4,1,0.7143,0.0000,0.2857,1.1429,0,0,5,0,0,0,0,1,1,213,2,7
180,L,7,0,0,10,4,1,0.7143,0.0000,0.2857,1.1429,0,0,5,0,0,0,0,1,1,213,2,7
181,L,7,0,0,10,4,1,0.7143,0.0000,0.2857,1.1429,0,0,5,0,0,0,0,1,1,215,2,7
182,L,7,0,0,11,4,1,0.7143,0.0000,0.2857,1.1429,0,0,5,0,0,0,0,1,1,216,2,7
183,L,7,0,0,10,4,1,0.7143,0.0000,0.2857,1.1429,0,0,5,0,0,0,0,1,1,217,2,7
184,L,7,0,0,11,5,1,0.7143,0.0000,0.2857,1.4286,0,0,5,0,0,0,0,1,1,217,2,7
185,L,7,0,0,12,5,1,0.7143,0.0000,0.2857,1.4286,0,0,5,0,0,0,0,1,1,218,2,7
186,L,7,0,0,10,5,1,0.7143,0.0000,0.2857,1.4286,0,0,5,0,0,0,0,1,1,219,2,7
187,L,7,0,0,13,4,1,0.5714,0.0000,0.4286,1.1429,0,0,5,0,0,0,0,1,1,220,3,7
188,L,7,0,0,14,4,1,0.5714,0.0000,0.4286,1.1429,0,0,5,0,0,0,0,1,1,221,3,7
189,L,7,0,0,15,4,1,0.5714,0.0000,0.4286,1.1429,0,0,5,0,0,0,0,1,1,222,3,7
190,L,7,0,0,14,4,1,0.5714,0.0000,0.4286,1.1429,0,0,5,0,0,0,0,1,1,222,3,7
191,L,7,0,0,13,4,1,0.5714,0.0000,0.4286,1.1429,0,0,5,0,0,0,0,1,1,223,3,7
192,L,7,0,0,11,4,1,0.5714,0.0000,0.4286,1.1429,0,0,5,0,0,0,0,1,1,223,3,7
193,L,7,0,0,12,4,1,0.5714,0.0000,0.4286,1.1429,0,0,5,0,0,0,0,1,1,223,3,7
194,L,7,0,0,10,4,1,0.5714,0.0000,0.4286,1.1429,0,0,5,0,0,0,0,1,1,223,3,7
195,L,7,0,0,11,4,1,0.5714,0.0000,0.4286,1.1429,0,0,5,0,0,0,0,1,1,223,3,7
196,L,7,0,0,10,4,1,0.5714,0.0000,0.4286,1.1429,0,0,5,0,0,0,0,1,1,223,3,7
197,L,7,0,0,13,4,1,0.5714,0.0000,0.4286,1.1429,0,0,5,0,0,0,0,1,1,224,3,7
198,L,7,0,0,16,4,1,0.5714,0.0000,0.4286,1.1429,0,0,5,0,0,0,0,1,1,224,3,7
199,L,7,0,0,11,4,1,0.5714,0.0000,0.4286,1.1429,0,0,5,0,0,0,0,1,1,224,3,7
200,L,7,0,0,11,4,1,0.5714,0.0000,0.4286,1.1429,0,0,5,0,0,0,0,1,1,225,3,7
201,L,7,0,0,11,4,1,0.5714,0.0000,0.4286,1.1429,0,0,5,0,0,0,0,1,1,225,3,7
202,L,7,0,0,9,4,1,0.5714,0.0000,0.4286,1.1429,0,0,5,0,0,0,0,1,1,225,3,7
203,L,7,0,0,13,4,1,0.5714,0.0000,0.4286,1.1429,0,0,5,0,0,0,0,1,1,226,3,7
204,L,7,0,0,12,4,1,0.5714,0.0000,0.4286,1.1429,0,0,5,0,0,0,0,1,1,226,3,7
205,L,7,0,0,12,4,1,0.5714,0.0000,0.4286,1.1429,0,0,5,0,0,0,0,1,1,226,3,7
206,L,7,0,0,9,3,1,0.5714,0.0000,0.4286,0.8571,0,0,5,0,0,0,0,1,1,226,3,7
207,L,7,0,0,11,3,1,0.5714,0.0000,0.4286,0.8571,0,0,5,0,0,0,0,1,1,227,3,7
208,L,7,0,0,14,3,1,0.5714,0.0000,0.4286,0.8571,0,0,5,0,0,0,0,1,1,228,3,7
209,L,7,0,0,18,3,1,0.5714,0.0000,0.4286,0.8571,0,0,5,0,0,0,0,1,1,229,3,7
210,L,7,0,0,16,3,1,0.5714,0.0000,0.4286,0.8571,0,0,5,0,0,0,0,1,1,230,3,7
211,L,7,0,0,13,2,1,0.4286,0.0000,0.5714,0.5714,0,0,5,0,0,0,0,1,1,233,4,7
212,L,7,0,0,9,2,1,0.4286,0.0000,0.5714,0.5714,0,0,5,0,0,0,0,1,1,235,4,7
213,L,7,0,0,9,2,1,0.4286,0.0000,0.5714,0.5714,0,0,5,0,0,0,0,1,1,236,4,7
214,L,7,0,0,11,2,1,0.4286,0.0000,0.5714,0.5714,0,0,5,0,0,0,0,1,1,236,4,7
215,L,7,0,0,9,2,1,0.4286,0.0000,0.5714,0.5714,0,0,5,0,0,0,0,1,1,236,4,7
216,L,7,0,0,9,2,1,0.4286,0.0000,0.5714,0.5714,0,0,5,0,0,0,0,1,1,237,4,7
217,L,7,0,0,11,2,1,0.4286,0.0000,0.5714,0.5714,0,0,5,0,0,0,0,1,1,238,4,7
218,L,7,0,0,9,2,1,0.4286,0.0000,0.5714,0.5714,0,0,5,0,0,0,0,1,1,239,4,7
219,L,7,0,0,11,2,1,0.4286,0.0000,0.5714,0.5714,0,0,5,0,0,0,0,1,1,240,4,7
220,L,7,0,0,9,2,1,0.4286,0.0000,0.5714,0.5714,0,0,5,0,0,0,0,1,1,241,4,7
221,L,7,0,0,11,2,1,0.4286,0.0000,0.5714,0.5714,0,0,5,0,0,0,0,1,1,243,4,7
222,L,7,0,0,10,2,1,0.4286,0.0000,0.5714,0.5714,0,0,5,0,0,0,0,1,1,244,4,7
223,L,7,0,0,10,2,1,0.4286,0.0000,0.5714,0.5714,0,0,5,0,0,0,0,1,1,245,4,7
224,L,7,0,0,7,2,1,0.4286,0.0000,0.5714,0.5714,0,0,5,0,0,0,0,1,1,247,4,7
225,L,7,0,0,7,2,1,0.4286,0.0000,0.5714,0.5714,0,0,5,0,0,0,0,1,1,247,4,7
226,L,7,0,0,10,2,1,0.4286,0.0000,0.5714,0.5714,0,0,5,0,0,0,0,1,1,247,4,7
227,L,7,0,0,10,2,1,0.4286,0.0000,0.5714,0.5714,0,0,5,0,0,0,0,1,1,247,4,7
228,L,7,0,0,10,2,1,0.4286,0.0000,0.5714,0.5714,0,0,5,0,0,0,0,1,1,247,4,7
229,L,7,0,0,10,2,1,0.4286,0.0000,0.5714,0.5714,0,0,5,0,0,0,0,1,1,247,4,7
230,L,7,0,0,11,3,1,0.5714,0.0000,0.4286,0.8571,1,0,6,0,0,0,0,2,1,248,3,7
231,L,7,0,0,13,3,1,0.5714,0.0000,0.4286,0.8571,0,0,6,0,0,0,0,2,1,248,3,7
232,L,7,0,0,12,3,1,0.5714,0.0000,0.4286,0.8571,0,0,6,0,0,0,0,2,1,249,3,7
233,L,7,0,0,16,3,1,0.5714,0.0000,0.4286,0.8571,0,0,6,0,0,0,0,2,1,250,3,7
234,L,7,0,0,15,3,1,0.5714,0.0000,0.4286,0.8571,0,0,6,0,0,0,0,2,1,251,3,7
235,L,7,0,0,14,3,1,0.5714,0.0000,0.4286,0.8571,0,0,6,0,0,0,0,2,1,252,3,7
236,L,7,0,0,15,3,1,0.5714,0.0000,0.4286,0.8571,0,0,6,0,0,0,0,2,1,253,3,7
237,L,7,0,0,13,3,1,0.5714,0.0000,0.4286,0.8571,0,0,6,0,0,0,0,2,1,255,3,7
238,L,7,0,0,14,3,1,0.5714,0.0000,0.4286,0.8571,0,0,6,0,0,0,0,2,1,256,3,7
239,L,7,0,0,17,3,1,0.5714,0.0000,0.4286,0.8571,0,0,6,0,0,0,0,2,1,258,3,7
240,L,7,0,0,15,4,1,0.7143,0.0000,0.2857,1.1429,1,0,7,0,0,0,0,3,1,260,2,7
241,L,7,0,0,17,4,1,0.7143,0.0000,0.2857,1.1429,0,0,7,0,0,0,0,3,1,261,2,7
242,L,7,0,0,15,4,1,0.7143,0.0000,0.2857,1.1429,0,0,7,0,0,0,0,3,1,262,2,7
243,L,7,0,0,17,4,1,0.7143,0.0000,0.2857,1.1429,0,0,7,0,0,0,0,3,1,263,2,7
244,L,7,0,0,17,5,1,0.7143,0.0000,0.2857,1.4286,1,0,8,0,0,0,0,4,1,265,2,7
245,L,7,0,0,17,5,1,0.7143,0.0000,0.2857,1.4286,0,0,8,0,0,0,0,4,1,266,2,7
246,L,7,0,0,14,5,1,0.7143,0.0000,0.2857,1.4286,0,0,8,0,0,0,0,4,1,267,2,7
247,L,7,0,0,15,5,1,0.7143,0.0000,0.2857,1.4286,0,0,8,0,0,0,0,4,1,268,2,7
248,L,7,0,0,14,5,1,0.7143,0.0000,0.2857,1.4286,0,0,8,0,0,0,0,4,1,269,2,7
249,L,7,0,0,15,5,1,0.7143,0.0000,0.2857,1.4286,0,0,8,0,0,0,0,4,1,270,2,7
250,L,7,0,0,16,5,1,0.7143,0.0000,0.2857,1.4286,0,0,8,0,0,0,0,4,1,272,2,7
251,L,7,0,0,14,5,1,0.7143,0.0000,0.2857,1.4286,0,0,8,0,0,0,0,4,1,273,2,7
252,L,7,0,0,14,5,1,0.7143,0.0000,0.2857,1.4286,0,0,8,0,0,0,0,4,1,274,2,7
253,L,7,0,0,15,5,1,0.7143,0.0000,0.2857,1.4286,0,0,8,0,0,0,0,4,1,275,2,7
254,L,7,0,0,16,6,1,0.7143,0.0000,0.2857,1.7143,0,0,8,0,0,0,0,5,1,277,2,7
255,L,7,0,0,13,6,1,0.7143,0.0000,0.2857,1.7143,0,0,8,0,0,0,0,5,1,278,2,7
256,L,7,0,0,14,6,1,0.7143,0.0000,0.2857,1.7143,0,0,8,0,0,0,0,5,1,279,2,7
257,L,7,0,0,14,6,1,0.7143,0.0000,0.2857,1.7143,0,0,8,0,0,0,0,5,1,281,2,7
258,L,7,0,0,13,6,1,0.7143,0.0000,0.2857,1.7143,0,0,8,0,0,0,0,5,1,282,2,7
259,L,7,0,0,14,6,1,0.7143,0.0000,0.2857,1.7143,0,0,8,0,0,0,0,5,1,283,2,7
260,L,7,0,0,16,6,1,0.7143,0.0000,0.2857,1.7143,0,0,8,0,0,0,0,5,1,284,2,7
261,L,7,0,0,15,6,1,0.7143,0.0000,0.2857,1.7143,0,0,8,0,0,0,0,5,1,285,2,7
262,L,7,0,0,15,6,1,0.7143,0.0000,0.2857,1.7143,0,0,8,0,0,0,0,5,1,286,2,7
263,L,7,0,0,15,6,1,0.7143,0.0000,0.2857,1.7143,0,0,8,0,0,0,0,5,1,288,2,7
264,L,7,0,0,14,6,1,0.7143,0.0000,0.2857,1.7143,0,0,8,0,0,0,0,5,1,289,2,7
265,L,7,0,0,16,6,1,0.7143,0.0000,0.2857,1.7143,0,0,8,0,0,0,0,5,1,290,2,7
266,L,7,0,0,14,6,1,0.7143,0.0000,0.2857,1.7143,0,0,8,0,0,0,0,5,1,291,2,7
267,L,7,0,0,14,6,1,0.7143,0.0000,0.2857,1.7143,0,0,8,0,0,0,0,5,1,291,2,7
268,L,7,0,0,15,6,1,0.7143,0.0000,0.2857,1.7143,0,0,8,0,0,0,0,5,1,292,2,7
269,L,7,0,0,14,6,1,0.7143,0.0000,0.2857,1.7143,0,0,8,0,0,0,0,5,1,293,2,7
270,L,7,0,0,14,6,1,0.7143,0.0000,0.2857,1.7143,0,0,8,0,0,0,0,5,1,295,2,7
271,L,7,0,0,15,6,1,0.7143,0.0000,0.2857,1.7143,0,0,8,0,0,0,0,5,1,296,2,7
272,L,7,0,0,15,6,1,0.7143,0.0000,0.2857,1.7143,0,0,8,0,0,0,0,5,1,298,2,7
273,L,7,0,0,13,6,1,0.7143,0.0000,0.2857,1.7143,0,0,8,0,0,0,0,5,1,299,2,7
274,L,7,0,0,16,6,1,0.7143,0.0000,0.2857,1.7143,0,0,8,0,0,0,0,5,1,300,2,7
275,L,7,0,0,16,6,1,0.7143,0.0000,0.2857,1.7143,0,0,8,0,0,0,0,5,1,301,2,7
276,L,7,0,0,14,6,1,0.7143,0.0000,0.2857,1.7143,0,0,8,0,0,0,0,5,1,303,2,7
277,L,7,0,0,15,6,1,0.7143,0.0000,0.2857,1.7143,0,0,8,0,0,0,0,5,1,304,2,7
278,L,7,0,0,14,5,1,0.7143,0.0000,0.2857,1.4286,0,0,8,0,0,0,0,5,1,305,2,7
279,L,7,0,0,13,5,1,0.7143,0.0000,0.2857,1.4286,0,0,8,0,0,0,0,5,1,306,2,7
280,L,7,0,0,16,5,1,0.7143,0.0000,0.2857,1.4286,0,0,8,0,0,0,0,5,1,307,2,7
281,L,7,0,0,15,5,1,0.7143,0.0000,0.2857,1.4286,0,0,8,0,0,0,0,5,1,309,2,7
282,L,7,0,0,15,5,1,0.7143,0.0000,0.2857,1.4286,0,0,8,0,0,0,0,5,1,310,2,7
283,L,7,0,0,14,5,1,0.7143,0.0000,0.2857,1.4286,0,0,8,0,0,0,0,5,1,311,2,7
284,L,7,0,0,14,5,1,0.7143,0.0000,0.2857,1.4286,0,0,8,0,0,0,0,5,1,312,2,7
285,L,7,0,0,14,5,1,0.7143,0.0000,0.2857,1.4286,0,0,8,0,0,0,0,5,1,313,2,7
286,L,7,0,0,13,5,1,0.7143,0.0000,0.2857,1.4286,0,0,8,0,0,0,0,5,1,314,2,7
287,L,7,0,0,11,5,1,0.7143,0.0000,0.2857,1.4286,0,0,8,0,0,0,0,5,1,315,2,7
288,L,7,0,0,15,5,1,0.7143,0.0000,0.2857,1.4286,0,0,8,0,0,0,0,5,1,316,2,7
289,L,7,0,0,13,5,1,0.7143,0.0000,0.2857,1.4286,0,0,8,0,0,0,0,5,1,317,2,7
290,L,7,0,0,14,5,1,0.7143,0.0000,0.2857,1.4286,0,0,8,0,0,0,0,5,1,318,2,7
291,L,7,0,0,13,5,1,0.7143,0.0000,0.2857,1.4286,0,0,8,0,0,0,0,5,1,319,2,7
292,L,7,0,0,12,5,1,0.7143,0.0000,0.2857,1.4286,0,0,8,0,0,0,0,5,1,320,2,7
293,L,8,1,0,13,5,1,0.6250,0.2500,0.1250,1.2500,0,0,8,0,0,0,0,5,1,322,1,7
294,L,9,2,0,17,6,1,0.6667,0.2222,0.1111,1.3333,0,0,8,0,0,0,0,5,1,324,1,7
295,L,9,2,0,19,6,1,0.6667,0.2222,0.1111,1.3333,0,0,8,0,0,0,0,5,1,325,1,7
296,L,9,2,0,21,6,1,0.6667,0.2222,0.1111,1.3333,0,0,8,0,0,0,0,5,1,328,1,7
297,L,10,3,0,23,7,1,0.6000,0.2000,0.0000,1.4000,0,0,8,0,0,0,0,5,1,330,0,7
298,L,11,4,0,27,8,1,0.6364,0.1818,0.0000,1.4545,0,0,8,0,0,0,0,5,1,332,0,7
299,L,11,4,0,36,8,1,0.6364,0.1818,0.0000,1.4545,0,0,8,0,0,0,0,5,1,333,0,7
300,L,11,4,0,37,9,1,0.8182,0.1818,0.0000,1.6364,1,0,9,0,0,0,0,6,1,335,0,7
301,L,11,4,0,32,10,1,1.0000,0.0000,0.0000,1.8182,1,0,10,0,0,0,0,7,1,338,0,7
302,L,11,4,0,39,11,1,1.0000,0.0000,0.0000,2.0000,0,0,10,0,0,0,0,8,1,340,0,7
303,L,11,4,0,37,15,1,1.0000,0.0000,0.0000,2.7273,1,0,11,0,0,0,0,12,1,342,0,7
304,L,12,5,0,43,16,1,1.0000,0.0000,0.0000,2.6667,0,0,11,0,0,0,0,12,1,344,0,7
305,L,12,5,0,46,16,1,1.0000,0.0000,0.0000,2.6667,0,0,11,0,0,0,0,12,1,345,0,7
306,L,12,5,0,43,16,1,1.0000,0.0000,0.0000,2.6667,0,0,11,0,0,0,0,12,1,346,0,7
307,L,12,5,0,42,17,1,1.0000,0.0000,0.0000,2.8333,0,0,11,0,0,0,0,13,1,347,0,7
308,L,12,5,0,44,20,2,1.0000,0.0000,0.0000,3.3333,2,0,13,0,0,0,0,16,2,350,0,7
309,S,12,5,0,43,21,3,1.0000,0.0000,0.0000,3.5000,0,0,13,0,0,0,0,17,3,352,0,7
310,S,12,5,0,47,23,3,1.0000,0.0000,0.0000,3.8333,0,0,13,0,0,0,0,19,3,354,0,7
311,S,12,5,0,44,23,4,1.0000,0.0000,0.0000,3.8333,0,0,13,0,0,0,0,19,4,355,0,7
312,S,12,5,0,42,23,4,1.0000,0.0000,0.0000,3.8333,0,0,13,0,0,0,0,19,4,357,0,7
313,S,12,5,0,47,24,4,1.0000,0.0000,0.0000,4.0000,0,0,13,0,0,0,0,20,4,359,0,7
314,S,12,5,0,48,24,5,1.0000,0.0000,0.0000,4.0000,0,0,13,0,0,0,0,20,5,360,0,7
315,S,12,5,0,45,24,5,1.0000,0.0000,0.0000,4.0000,0,0,13,0,0,0,0,20,5,361,0,7
316,S,12,5,0,44,25,8,1.0000,0.0000,0.0000,4.1667,0,0,13,0,0,0,0,21,8,362,0,7
317,S,12,5,0,43,24,9,0.9167,0.0000,0.0833,4.0000,0,0,13,0,0,0,0,21,9,363,0,7
318,S,12,5,0,41,24,9,0.9167,0.0000,0.0833,4.0000,0,0,13,0,0,0,0,21,9,364,0,7
319,S,12,5,0,46,24,9,0.9167,0.0000,0.0833,4.0000,0,0,13,0,0,0,0,21,9,365,0,7
320,S,12,5,0,45,24,9,0.9167,0.0000,0.0833,4.0000,0,0,13,0,0,0,0,21,9,366,0,7
321,S,12,5,0,44,24,9,0.9167,0.0000,0.0833,4.0000,0,0,13,0,0,0,0,21,9,367,0,7
322,S,12,5,0,45,24,9,0.9167,0.0000,0.0833,4.0000,0,0,13,0,0,0,0,21,9,368,0,7
323,S,12,5,0,48,24,9,0.9167,0.0000,0.0833,4.0000,0,0,13,0,0,0,0,21,9,369,0,7
324,S,12,5,0,45,24,9,0.9167,0.0000,0.0833,4.0000,0,0,13,0,0,0,0,21,9,370,0,7
325,S,12,5,0,45,24,9,0.9167,0.0000,0.0833,4.0000,0,0,13,0,0,0,0,21,9,371,0,7
326,S,12,5,0,48,24,9,0.9167,0.0000,0.0833,4.0000,0,0,13,0,0,0,0,21,9,373,0,7
327,S,12,5,0,46,23,9,0.8333,0.0000,0.1667,3.8333,0,0,13,0,0,0,0,21,9,374,1,7
328,S,12,5,0,49,23,9,0.8333,0.0000,0.1667,3.8333,0,0,13,0,0,0,0,21,9,376,1,7
329,S,12,5,0,49,23,9,0.8333,0.0000,0.1667,3.8333,0,0,13,0,0,0,0,21,9,377,1,7
330,S,12,5,0,46,22,9,0.8333,0.0000,0.1667,3.6667,0,0,13,0,0,0,0,21,9,378,1,7
331,S,12,5,0,42,23,9,0.8333,0.0000,0.1667,3.8333,0,0,13,0,0,0,0,22,9,379,1,7
332,S,12,5,0,46,23,9,0.8333,0.0000,0.1667,3.8333,0,0,13,0,0,0,0,22,9,380,1,7
333,S,12,5,0,41,23,9,0.8333,0.0000,0.1667,3.8333,0,0,13,0,0,0,0,22,9,382,1,7
334,S,12,5,0,49,23,9,0.8333,0.0000,0.1667,3.8333,0,0,13,0,0,0,0,22,9,383,1,7
335,S,12,5,0,42,23,9,0.8333,0.0000,0.1667,3.8333,0,0,13,0,0,0,0,22,9,385,1,7
336,S,12,5,0,41,23,9,0.8333,0.0000,0.1667,3.8333,0,0,13,0,0,0,0,22,9,386,1,7
337,S,12,5,0,43,22,9,0.7500,0.0000,0.2500,3.6667,0,0,13,0,0,0,0,22,9,387,2,7
338,S,12,5,0,44,21,9,0.7500,0.0000,0.2500,3.5000,0,0,13,0,0,0,0,22,9,390,2,7
339,S,12,5,0,45,21,9,0.7500,0.0000,0.2500,3.5000,0,0,13,0,0,0,0,22,9,391,2,7
340,S,12,5,0,46,21,9,0.7500,0.0000,0.2500,3.5000,0,0,13,0,0,0,0,22,9,392,2,7
341,S,11,5,1,38,15,6,0.7273,0.0000,0.2727,2.7273,0,2,13,0,0,0,0,22,9,397,2,7
342,L,8,5,4,21,8,3,0.7500,0.0000,0.2500,2.0000,0,3,13,0,0,0,0,22,9,406,1,5
343,L,8,5,4,20,8,3,0.7500,0.0000,0.2500,2.0000,0,0,13,0,0,0,0,22,9,407,1,5
344,L,5,5,7,10,5,2,0.6000,0.0000,0.4000,2.0000,0,2,13,0,0,0,0,22,9,414,1,3
345,L,5,5,7,6,2,0,0.6000,0.0000,0.4000,0.8000,0,2,13,0,0,0,0,22,9,417,1,3
346,L,5,5,7,6,2,0,0.6000,0.0000,0.4000,0.8000,0,0,13,0,0,0,0,22,9,418,1,3
347,L,5,5,7,5,2,0,0.6000,0.0000,0.4000,0.8000,0,0,13,0,0,0,0,22,9,419,1,3
348,L,5,5,7,5,2,0,0.6000,0.0000,0.4000,0.8000,0,0,13,0,0,0,0,22,9,420,1,3
349,L,5,5,7,4,2,0,0.6000,0.0000,0.4000,0.8000,0,0,13,0,0,0,0,22,9,421,1,3
350,L,5,5,7,4,2,0,0.6000,0.0000,0.4000,0.8000,0,0,13,0,0,0,0,22,9,423,1,3
351,L,5,5,7,4,2,0,0.6000,0.0000,0.4000,0.8000,0,0,13,0,0,0,0,22,9,424,1,3
352,L,5,5,7,4,2,0,0.6000,0.0000,0.4000,0.8000,0,0,13,0,0,0,0,22,9,425,1,3
353,L,5,5,7,4,2,0,0.6000,0.0000,0.4000,0.8000,0,0,13,0,0,0,0,22,9,426,1,3
354,L,5,5,7,5,2,0,0.6000,0.0000,0.4000,0.8000,0,0,13,0,0,0,0,22,9,427,1,3
355,L,5,5,7,4,2,0,0.6000,0.0000,0.4000,0.8000,0,0,13,0,0,0,0,22,9,428,1,3
356,L,5,5,7,5,2,0,0.6000,0.0000,0.4000,0.8000,0,0,13,0,0,0,0,22,9,429,1,3
357,L,5,5,7,4,2,0,0.6000,0.0000,0.4000,0.8000,0,0,13,0,0,0,0,22,9,430,1,3
358,L,5,5,7,5,2,0,0.6000,0.0000,0.4000,0.8000,0,0,13,0,0,0,0,22,9,431,1,3
359,L,5,5,7,4,2,0,0.6000,0.0000,0.4000,0.8000,0,0,13,0,0,0,0,22,9,432,1,3
360,L,5,5,7,7,2,0,0.6000,0.0000,0.4000,0.8000,0,0,13,0,0,0,0,22,9,433,1,3
361,L,5,5,7,6,2,0,0.6000,0.0000,0.4000,0.8000,0,0,13,0,0,0,0,22,9,434,1,3
362,L,5,5,7,4,2,0,0.6000,0.0000,0.4000,0.8000,0,0,13,0,0,0,0,22,9,435,1,3
363,L,5,5,7,4,2,0,0.6000,0.0000,0.4000,0.8000,0,0,13,0,0,0,0,22,9,436,1,3
364,L,5,5,7,3,2,0,0.6000,0.0000,0.4000,0.8000,0,0,13,0,0,0,0,22,9,437,1,3
365,L,5,5,7,4,2,0,0.6000,0.0000,0.4000,0.8000,0,0,13,0,0,0,0,22,9,438,1,3
366,L,5,5,7,5,2,0,0.6000,0.0000,0.4000,0.8000,0,0,13,0,0,0,0,22,9,439,1,3
367,L,5,5,7,3,2,0,0.6000,0.0000,0.4000,0.8000,0,0,13,0,0,0,0,22,9,440,1,3
368,L,5,5,7,4,2,0,0.6000,0.0000,0.4000,0.8000,0,0,13,0,0,0,0,22,9,442,1,3
369,L,5,5,7,4,2,0,0.6000,0.0000,0.4000,0.8000,0,0,13,0,0,0,0,22,9,443,1,3
370,L,5,5,7,3,2,0,0.6000,0.0000,0.4000,0.8000,0,0,13,0,0,0,0,22,9,444,1,3
371,L,5,5,7,3,2,0,0.6000,0.0000,0.4000,0.8000,0,0,13,0,0,0,0,22,9,445,1,3
372,L,5,5,7,3,2,0,0.6000,0.0000,0.4000,0.8000,0,0,13,0,0,0,0,22,9,446,1,3
373,L,5,5,7,3,2,0,0.6000,0.0000,0.4000,0.8000,0,0,13,0,0,0,0,22,9,447,1,3
374,L,5,5,7,3,2,0,0.6000,0.0000,0.4000,0.8000,0,0,13,0,0,0,0,22,9,449,1,3
375,L,5,5,7,3,2,0,0.6000,0.0000,0.4000,0.8000,0,0,13,0,0,0,0,22,9,450,1,3
376,L,5,5,7,3,2,0,0.6000,0.0000,0.4000,0.8000,0,0,13,0,0,0,0,22,9,451,1,3
377,L,5,5,7,3,2,0,0.6000,0.0000,0.4000,0.8000,0,0,13,0,0,0,0,22,9,452,1,3
378,L,5,5,7,3,2,0,0.6000,0.0000,0.4000,0.8000,0,0,13,0,0,0,0,22,9,453,1,3
379,L,5,5,7,3,2,0,0.6000,0.0000,0.4000,0.8000,0,0,13,0,0,0,0,22,9,454,1,3
380,L,5,5,7,3,2,0,0.6000,0.0000,0.4000,0.8000,0,0,13,0,0,0,0,22,9,455,1,3
381,L,5,5,7,3,2,0,0.6000,0.0000,0.4000,0.8000,0,0,13,0,0,0,0,22,9,456,1,3
382,L,5,5,7,3,2,0,0.6000,0.0000,0.4000,0.8000,0,0,13,0,0,0,0,22,9,457,1,3
383,L,5,5,7,4,2,0,0.6000,0.0000,0.4000,0.8000,0,0,13,0,0,0,0,22,9,458,1,3
384,L,5,5,7,3,2,0,0.6000,0.0000,0.4000,0.8000,0,0,13,0,0,0,0,22,9,459,1,3
385,L,5,5,7,3,2,0,0.6000,0.0000,0.4000,0.8000,0,0,13,0,0,0,0,22,9,460,1,3
386,L,5,5,7,3,2,0,0.6000,0.0000,0.4000,0.8000,0,0,13,0,0,0,0,22,9,461,1,3
387,L,5,5,7,3,2,0,0.6000,0.0000,0.4000,0.8000,0,0,13,0,0,0,0,22,9,462,1,3
388,L,5,5,7,3,2,0,0.6000,0.0000,0.4000,0.8000,0,0,13,0,0,0,0,22,9,463,1,3
389,L,5,5,7,4,2,0,0.6000,0.0000,0.4000,0.8000,0,0,13,0,0,0,0,22,9,464,1,3
390,L,5,5,7,4,2,0,0.6000,0.0000,0.4000,0.8000,0,0,13,0,0,0,0,22,9,465,1,3
391,L,5,5,7,3,2,0,0.6000,0.0000,0.4000,0.8000,0,0,13,0,0,0,0,22,9,466,1,3
392,L,5,5,7,4,2,0,0.6000,0.0000,0.4000,0.8000,0,0,13,0,0,0,0,22,9,467,1,3
393,L,5,5,7,5,2,0,0.6000,0.0000,0.4000,0.8000,0,0,13,0,0,0,0,22,9,468,1,3
394,L,5,5,7,4,2,0,0.6000,0.0000,0.4000,0.8000,0,0,13,0,0,0,0,22,9,469,1,3
395,L,5,5,7,5,2,0,0.6000,0.0000,0.4000,0.8000,0,0,13,0,0,0,0,22,9,470,1,3
396,L,5,5,7,3,2,0,0.6000,0.0000,0.4000,0.8000,0,0,13,0,0,0,0,22,9,471,1,3
397,L,5,5,7,3,2,0,0.6000,0.0000,0.4000,0.8000,0,0,13,0,0,0,0,22,9,473,1,3
398,L,5,5,7,3,2,0,0.6000,0.0000,0.4000,0.8000,0,0,13,0,0,0,0,22,9,474,1,3
399,L,5,5,7,4,2,0,0.6000,0.0000,0.4000,0.8000,0,0,13,0,0,0,0,22,9,475,1,3
400,L,5,5,7,4,2,0,0.6000,0.0000,0.4000,0.8000,0,0,13,0,0,0,0,22,9,476,1,3
401,L,5,5,7,4,2,0,0.6000,0.0000,0.4000,0.8000,0,0,13,0,0,0,0,22,9,477,1,3
402,L,5,5,7,3,2,0,0.6000,0.0000,0.4000,0.8000,0,0,13,0,0,0,0,22,9,478,1,3
403,L,5,5,7,3,2,0,0.6000,0.0000,0.4000,0.8000,0,0,13,0,0,0,0,22,9,479,1,3
404,L,5,5,7,6,2,0,0.6000,0.0000,0.4000,0.8000,0,0,13,0,0,0,0,22,9,480,1,3
405,L,5,5,7,3,2,0,0.6000,0.0000,0.4000,0.8000,0,0,13,0,0,0,0,22,9,481,1,3
406,L,6,6,7,5,3,0,0.6667,0.0000,0.3333,1.0000,0,0,13,0,0,0,0,22,9,483,1,3
407,L,6,6,7,5,3,0,0.6667,0.0000,0.3333,1.0000,0,0,13,0,0,0,0,22,9,485,1,3
408,L,6,6,7,7,3,0,0.6667,0.0000,0.3333,1.0000,0,0,13,0,0,0,0,22,9,489,1,3
409,L,6,6,7,6,3,0,0.6667,0.0000,0.3333,1.0000,0,0,13,0,0,0,0,22,9,490,1,3
410,L,6,6,7,7,4,0,0.6667,0.0000,0.3333,1.3333,1,0,14,0,0,0,0,23,9,492,1,3
411,L,6,6,7,5,4,0,0.6667,0.0000,0.3333,1.3333,0,0,14,0,0,0,0,23,9,493,1,3
412,L,6,6,7,5,4,0,0.6667,0.0000,0.3333,1.3333,0,0,14,0,0,0,0,23,9,494,1,3
413,L,6,6,7,5,4,0,0.6667,0.0000,0.3333,1.3333,0,0,14,0,0,0,0,23,9,495,1,3
414,L,6,6,7,5,4,0,0.6667,0.0000,0.3333,1.3333,0,0,14,0,0,0,0,23,9,496,1,3
415,L,6,6,7,5,4,0,0.6667,0.0000,0.3333,1.3333,0,0,14,0,0,0,0,23,9,497,1,3
416,L,6,6,7,6,4,0,0.6667,0.0000,0.3333,1.3333,0,0,14,0,0,0,0,23,9,498,1,3
417,L,6,6,7,6,4,1,0.6667,0.0000,0.3333,1.3333,1,0,15,0,0,0,0,23,10,500,1,3
418,L,6,6,7,6,4,1,0.6667,0.0000,0.3333,1.3333,0,0,15,0,0,0,0,23,10,500,1,3
419,L,6,6,7,6,4,1,0.6667,0.0000,0.3333,1.3333,0,0,15,0,0,0,0,23,10,500,1,3
420,L,6,6,7,6,4,1,0.6667,0.0000,0.3333,1.3333,0,0,15,0,0,0,0,23,10,500,1,3
421,L,6,6,7,6,4,1,0.6667,0.0000,0.3333,1.3333,0,0,15,0,0,0,0,23,10,500,1,3
422,L,6,6,7,8,4,1,0.6667,0.0000,0.3333,1.3333,0,0,15,0,0,0,0,23,10,500,1,3
423,L,6,6,7,6,4,1,0.6667,0.0000,0.3333,1.3333,0,0,15,0,0,0,0,23,10,500,1,3
424,L,6,6,7,7,4,1,0.6667,0.0000,0.3333,1.3333,0,0,15,0,0,0,0,23,10,500,1,3
425,L,6,6,7,6,4,1,0.6667,0.0000,0.3333,1.3333,0,0,15,0,0,0,0,23,10,500,1,3
426,L,6,6,7,8,4,1,0.6667,0.0000,0.3333,1.3333,0,0,15,0,0,0,0,23,10,500,1,3
427,L,6,6,7,8,4,1,0.6667,0.0000,0.3333,1.3333,0,0,15,0,0,0,0,23,10,500,1,3
428,L,6,6,7,8,4,1,0.6667,0.0000,0.3333,1.3333,0,0,15,0,0,0,0,23,10,500,1,3
429,L,6,6,7,6,4,1,0.6667,0.0000,0.3333,1.3333,0,0,15,0,0,0,0,23,10,500,1,3
430,L,6,6,7,9,4,1,0.6667,0.0000,0.3333,1.3333,0,0,15,0,0,0,0,23,10,500,1,3
431,L,6,6,7,9,4,1,0.6667,0.0000,0.3333,1.3333,0,0,15,0,0,0,0,23,10,500,1,3
432,L,6,6,7,9,4,1,0.6667,0.0000,0.3333,1.3333,0,0,15,0,0,0,0,23,10,500,1,3
433,L,6,6,7,8,4,1,0.6667,0.0000,0.3333,1.3333,0,0,15,0,0,0,0,23,10,500,1,3
434,L,6,6,7,8,4,1,0.6667,0.0000,0.3333,1.3333,0,0,15,0,0,0,0,23,10,500,1,3
435,L,6,6,7,8,4,1,0.6667,0.0000,0.3333,1.3333,0,0,15,0,0,0,0,23,10,500,1,3
436,L,6,6,7,7,4,1,0.6667,0.0000,0.3333,1.3333,0,0,15,0,0,0,0,23,10,500,1,3
437,L,6,6,7,6,4,1,0.6667,0.0000,0.3333,1.3333,0,0,15,0,0,0,0,23,10,500,1,3
438,L,6,6,7,7,4,1,0.6667,0.0000,0.3333,1.3333,0,0,15,0,0,0,0,23,10,500,1,3
439,L,6,6,7,6,4,1,0.6667,0.0000,0.3333,1.3333,0,0,15,0,0,0,0,23,10,500,1,3
440,L,6,6,7,6,4,1,0.6667,0.0000,0.3333,1.3333,0,0,15,0,0,0,0,23,10,500,1,3
441,L,6,6,7,8,4,1,0.6667,0.0000,0.3333,1.3333,0,0,15,0,0,0,0,23,10,500,1,3
442,L,6,6,7,6,5,1,0.8333,0.0000,0.1667,1.6667,1,0,16,0,0,0,0,24,10,500,1,3
443,L,6,6,7,8,5,1,0.8333,0.0000,0.1667,1.6667,0,0,16,0,0,0,0,24,10,500,1,3
444,L,6,6,7,6,5,1,0.8333,0.0000,0.1667,1.6667,0,0,16,0,0,0,0,24,10,500,1,3
445,L,6,6,7,7,5,1,0.8333,0.0000,0.1667,1.6667,0,0,16,0,0,0,0,24,10,500,1,3
446,L,6,6,7,7,4,1,0.8333,0.0000,0.1667,1.3333,0,0,16,0,0,0,0,24,10,500,1,3
447,L,6,6,7,6,3,1,0.5000,0.3333,0.1667,1.0000,0,0,16,0,0,0,0,24,10,500,1,3
448,L,6,6,7,6,3,1,0.5000,0.3333,0.1667,1.0000,0,0,16,0,0,0,0,24,10,500,1,3
449,L,6,6,7,7,3,1,0.5000,0.3333,0.1667,1.0000,0,0,16,0,0,0,0,24,10,500,1,3
450,L,6,6,7,6,3,1,0.5000,0.3333,0.1667,1.0000,0,0,16,0,0,0,0,24,10,500,1,3
451,L,6,6,7,6,3,1,0.5000,0.3333,0.1667,1.0000,0,0,16,0,0,0,0,24,10,500,1,3
452,L,6,6,7,7,2,1,0.3333,0.3333,0.3333,0.6667,0,0,16,0,0,0,0,24,10,500,2,3
453,L,6,6,7,6,2,1,0.3333,0.3333,0.3333,0.6667,0,0,16,0,0,0,0,24,10,500,2,3
454,L,6,6,7,5,2,1,0.3333,0.3333,0.3333,0.6667,0,0,16,0,0,0,0,24,10,500,2,3
455,L,6,6,7,6,2,1,0.3333,0.3333,0.3333,0.6667,0,0,16,0,0,0,0,24,10,500,2,3
456,L,6,6,7,6,3,1,0.6667,0.0000,0.3333,1.0000,0,0,16,0,0,0,0,24,10,500,2,3
457,L,6,6,7,9,4,1,0.6667,0.0000,0.3333,1.3333,0,0,16,0,0,0,0,25,10,500,2,3
458,L,6,6,7,5,4,1,0.6667,0.0000,0.3333,1.3333,0,0,16,0,0,0,0,25,10,500,2,3
459,L,6,6,7,6,4,1,0.6667,0.0000,0.3333,1.3333,0,0,16,0,0,0,0,25,10,500,2,3
460,L,6,6,7,7,4,1,0.6667,0.0000,0.3333,1.3333,0,0,16,0,0,0,0,25,10,500,2,3
461,L,6,6,7,6,4,1,0.6667,0.0000,0.3333,1.3333,0,0,16,0,0,0,0,25,10,500,2,3
462,L,6,6,7,6,4,1,0.6667,0.0000,0.3333,1.3333,0,0,16,0,0,0,0,25,10,500,2,3
463,L,6,6,7,8,4,1,0.6667,0.0000,0.3333,1.3333,0,0,16,0,0,0,0,25,10,500,2,3
464,L,6,6,7,8,4,1,0.6667,0.0000,0.3333,1.3333,0,0,16,0,0,0,0,25,10,500,2,3
465,L,6,6,7,8,4,1,0.6667,0.0000,0.3333,1.3333,0,0,16,0,0,0,0,25,10,500,2,3
466,L,6,6,7,8,4,1,0.6667,0.0000,0.3333,1.3333,0,0,16,0,0,0,0,25,10,500,2,3
467,L,6,6,7,10,4,1,0.6667,0.0000,0.3333,1.3333,0,0,16,0,0,0,0,25,10,500,2,3
468,L,6,6,7,8,4,1,0.6667,0.0000,0.3333,1.3333,0,0,16,0,0,0,0,25,10,500,2,3
469,L,6,6,7,7,4,1,0.6667,0.0000,0.3333,1.3333,0,0,16,0,0,0,0,25,10,500,2,3
470,L,6,6,7,7,4,1,0.6667,0.0000,0.3333,1.3333,0,0,16,0,0,0,0,25,10,500,2,3
471,L,6,6,7,7,4,1,0.6667,0.0000,0.3333,1.3333,0,0,16,0,0,0,0,25,10,500,2,3
472,L,6,6,7,7,4,1,0.6667,0.0000,0.3333,1.3333,0,0,16,0,0,0,0,25,10,500,2,3
473,L,6,6,7,7,4,1,0.6667,0.0000,0.3333,1.3333,0,0,16,0,0,0,0,25,10,500,2,3
474,L,6,6,7,7,4,1,0.6667,0.0000,0.3333,1.3333,0,0,16,0,0,0,0,25,10,500,2,3
475,L,6,6,7,8,4,1,0.6667,0.0000,0.3333,1.3333,0,0,16,0,0,0,0,25,10,500,2,3
476,L,6,6,7,5,4,1,0.6667,0.0000,0.3333,1.3333,0,0,16,0,0,0,0,25,10,500,2,3
477,L,6,6,7,6,4,1,0.6667,0.0000,0.3333,1.3333,0,0,16,0,0,0,0,25,10,500,2,3
478,L,6,6,7,5,4,1,0.6667,0.0000,0.3333,1.3333,0,0,16,0,0,0,0,25,10,500,2,3
479,L,6,6,7,5,4,1,0.6667,0.0000,0.3333,1.3333,0,0,16,0,0,0,0,25,10,500,2,3
480,L,6,6,7,5,4,1,0.6667,0.0000,0.3333,1.3333,0,0,16,0,0,0,0,25,10,500,2,3
481,L,6,6,7,5,4,1,0.6667,0.0000,0.3333,1.3333,0,0,16,0,0,0,0,25,10,500,2,3
482,L,6,6,7,6,4,1,0.6667,0.0000,0.3333,1.3333,0,0,16,0,0,0,0,25,10,500,2,3
483,L,6,6,7,6,4,1,0.6667,0.0000,0.3333,1.3333,0,0,16,0,0,0,0,25,10,500,2,3
484,L,6,6,7,4,4,1,0.6667,0.0000,0.3333,1.3333,0,0,16,0,0,0,0,25,10,500,2,3
485,L,6,6,7,4,4,1,0.6667,0.0000,0.3333,1.3333,0,0,16,0,0,0,0,25,10,500,2,3
486,L,6,6,7,5,4,1,0.6667,0.0000,0.3333,1.3333,0,0,16,0,0,0,0,25,10,500,2,3
487,L,6,6,7,5,4,1,0.6667,0.0000,0.3333,1.3333,0,0,16,0,0,0,0,25,10,500,2,3
488,L,6,6,7,6,3,1,0.6667,0.0000,0.3333,1.0000,0,0,16,0,0,0,0,25,10,500,2,3
489,L,6,6,7,6,3,1,0.6667,0.0000,0.3333,1.0000,0,0,16,0,0,0,0,25,10,500,2,3
490,L,6,6,7,7,3,1,0.6667,0.0000,0.3333,1.0000,0,0,16,0,0,0,0,25,10,500,2,3
491,L,6,6,7,6,3,1,0.6667,0.0000,0.3333,1.0000,0,0,16,0,0,0,0,25,10,500,2,3
492,L,6,6,7,7,2,1,0.3333,0.3333,0.3333,0.6667,0,0,16,0,0,0,0,25,10,500,2,3
493,L,6,6,7,6,2,1,0.3333,0.3333,0.3333,0.6667,0,0,16,0,0,0,0,25,10,500,2,3
494,L,6,6,7,10,2,1,0.3333,0.3333,0.3333,0.6667,0,0,16,0,0,0,0,25,10,500,2,3
495,L,6,6,7,9,2,1,0.3333,0.3333,0.3333,0.6667,0,0,16,0,0,0,0,25,10,500,2,3
496,L,6,6,7,7,2,1,0.3333,0.3333,0.3333,0.6667,0,0,16,0,0,0,0,25,10,500,2,3
497,L,6,6,7,7,2,1,0.3333,0.3333,0.3333,0.6667,0,0,16,0,0,0,0,25,10,500,2,3
498,L,6,6,7,6,2,1,0.3333,0.3333,0.3333,0.6667,0,0,16,0,0,0,0,25,10,500,2,3
499,L,6,6,7,6,2,1,0.3333,0.3333,0.3333,0.6667,0,0,16,0,0,0,0,25,10,500,2,3
500,L,6,6,7,8,2,1,0.3333,0.3333,0.3333,0.6667,0,0,16,0,0,0,0,25,10,500,2,3
501,L,6,6,7,8,2,1,0.3333,0.3333,0.3333,0.6667,0,0,16,0,0,0,0,25,10,500,2,3
502,L,6,6,7,9,2,1,0.3333,0.3333,0.3333,0.6667,0,0,16,0,0,0,0,25,10,500,2,3
503,L,6,6,7,8,2,1,0.3333,0.3333,0.3333,0.6667,0,0,16,0,0,0,0,25,10,500,2,3
504,L,6,6,7,6,2,1,0.3333,0.3333,0.3333,0.6667,0,0,16,0,0,0,0,25,10,500,2,3
505,L,6,6,7,6,2,1,0.3333,0.3333,0.3333,0.6667,0,0,16,0,0,0,0,25,10,500,2,3
506,L,6,6,7,7,2,1,0.3333,0.3333,0.3333,0.6667,0,0,16,0,0,0,0,25,10,500,2,3
507,L,6,6,7,6,2,1,0.3333,0.3333,0.3333,0.6667,0,0,16,0,0,0,0,25,10,500,2,3
508,L,6,6,7,5,2,1,0.3333,0.3333,0.3333,0.6667,0,0,16,0,0,0,0,25,10,500,2,3
509,L,6,6,7,7,2,1,0.3333,0.3333,0.3333,0.6667,0,0,16,0,0,0,0,25,10,500,2,3
510,L,6,6,7,8,2,1,0.3333,0.3333,0.3333,0.6667,0,0,16,0,0,0,0,25,10,500,2,3
511,L,6,6,7,7,2,2,0.3333,0.3333,0.3333,0.6667,1,0,17,0,0,0,0,25,11,500,2,3
512,L,6,6,7,7,2,2,0.3333,0.3333,0.3333,0.6667,0,0,17,0,0,0,0,25,11,500,2,3
513,L,6,6,7,5,2,2,0.3333,0.3333,0.3333,0.6667,0,0,17,0,0,0,0,25,11,500,2,3
514,L,6,6,7,6,2,2,0.3333,0.3333,0.3333,0.6667,0,0,17,0,0,0,0,25,11,500,2,3
515,L,6,6,7,3,2,2,0.3333,0.3333,0.3333,0.6667,0,0,17,0,0,0,0,25,11,500,2,3
516,L,6,6,7,2,2,2,0.3333,0.3333,0.3333,0.6667,0,0,17,0,0,0,0,25,11,500,2,3
517,L,6,6,7,3,2,2,0.3333,0.3333,0.3333,0.6667,0,0,17,0,0,0,0,25,11,500,2,3
518,L,6,6,7,2,2,2,0.3333,0.3333,0.3333,0.6667,0,0,17,0,0,0,0,25,11,500,2,3
519,L,6,6,7,2,2,2,0.3333,0.3333,0.3333,0.6667,0,0,17,0,0,0,0,25,11,500,2,3
520,L,6,6,7,3,2,2,0.3333,0.3333,0.3333,0.6667,0,0,17,0,0,0,0,25,11,500,2,3
521,L,6,6,7,5,2,2,0.3333,0.3333,0.3333,0.6667,0,0,17,0,0,0,0,25,11,500,2,3
522,L,6,6,7,7,2,2,0.3333,0.3333,0.3333,0.6667,0,0,17,0,0,0,0,25,11,500,2,3
523,L,6,6,7,7,2,2,0.3333,0.3333,0.3333,0.6667,0,0,17,0,0,0,0,25,11,500,2,3
524,L,6,6,7,5,2,2,0.3333,0.3333,0.3333,0.6667,0,0,17,0,0,0,0,25,11,500,2,3
525,L,6,6,7,3,2,2,0.3333,0.3333,0.3333,0.6667,0,0,17,0,0,0,0,25,11,500,2,3
526,L,6,6,7,4,2,2,0.3333,0.3333,0.3333,0.6667,0,0,17,0,0,0,0,25,11,500,2,3
527,L,6,6,7,3,2,2,0.3333,0.3333,0.3333,0.6667,0,0,17,0,0,0,0,25,11,500,2,3
528,L,6,6,7,3,2,2,0.3333,0.3333,0.3333,0.6667,0,0,17,0,0,0,0,25,11,500,2,3
529,L,6,6,7,3,2,2,0.3333,0.3333,0.3333,0.6667,0,0,17,0,0,0,0,25,11,500,2,3
530,L,6,6,7,3,2,2,0.3333,0.3333,0.3333,0.6667,0,0,17,0,0,0,0,25,11,500,2,3
531,L,6,6,7,3,2,2,0.3333,0.3333,0.3333,0.6667,0,0,17,0,0,0,0,25,11,500,2,3
532,L,6,6,7,3,2,2,0.3333,0.3333,0.3333,0.6667,0,0,17,0,0,0,0,25,11,500,2,3
533,L,6,6,7,3,2,2,0.3333,0.3333,0.3333,0.6667,0,0,17,0,0,0,0,25,11,500,2,3
534,L,6,6,7,3,2,2,0.3333,0.3333,0.3333,0.6667,0,0,17,0,0,0,0,25,11,500,2,3
535,L,6,6,7,3,2,2,0.3333,0.3333,0.3333,0.6667,0,0,17,0,0,0,0,25,11,500,2,3
536,L,6,6,7,3,2,2,0.3333,0.3333,0.3333,0.6667,0,0,17,0,0,0,0,25,11,500,2,3
537,L,6,6,7,2,2,2,0.3333,0.3333,0.3333,0.6667,0,0,17,0,0,0,0,25,11,500,2,3
538,L,6,6,7,2,2,2,0.3333,0.3333,0.3333,0.6667,0,0,17,0,0,0,0,25,11,500,2,3
539,L,6,6,7,4,2,2,0.3333,0.3333,0.3333,0.6667,0,0,17,0,0,0,0,25,11,500,2,3
540,L,6,6,7,4,2,2,0.3333,0.3333,0.3333,0.6667,0,0,17,0,0,0,0,25,11,500,2,3
541,L,6,6,7,4,2,2,0.3333,0.3333,0.3333,0.6667,0,0,17,0,0,0,0,25,11,500,2,3
542,L,6,6,7,5,2,2,0.3333,0.3333,0.3333,0.6667,0,0,17,0,0,0,0,25,11,500,2,3
543,L,6,6,7,4,2,2,0.3333,0.3333,0.3333,0.6667,0,0,17,0,0,0,0,25,11,500,2,3
544,L,6,6,7,4,2,2,0.3333,0.3333,0.3333,0.6667,0,0,17,0,0,0,0,25,11,500,2,3
545,L,6,6,7,3,2,2,0.3333,0.3333,0.3333,0.6667,0,0,17,0,0,0,0,25,11,500,2,3
546,L,6,6,7,4,2,2,0.3333,0.3333,0.3333,0.6667,0,0,17,0,0,0,0,25,11,500,2,3
547,L,6,6,7,3,2,2,0.3333,0.3333,0.3333,0.6667,0,0,17,0,0,0,0,25,11,500,2,3
548,L,6,6,7,4,2,2,0.3333,0.3333,0.3333,0.6667,0,0,17,0,0,0,0,25,11,500,2,3
549,L,6,6,7,4,2,2,0.3333,0.3333,0.3333,0.6667,0,0,17,0,0,0,0,25,11,500,2,3
550,L,6,6,7,4,2,2,0.3333,0.3333,0.3333,0.6667,0,0,17,0,0,0,0,25,11,500,2,3
551,L,6,6,7,4,2,2,0.3333,0.3333,0.3333,0.6667,0,0,17,0,0,0,0,25,11,500,2,3
552,L,6,6,7,6,2,2,0.3333,0.3333,0.3333,0.6667,0,0,17,0,0,0,0,25,11,500,2,3
553,L,6,6,7,5,2,2,0.3333,0.3333,0.3333,0.6667,0,0,17,0,0,0,0,25,11,500,2,3
554,L,6,6,7,8,2,2,0.3333,0.3333,0.3333,0.6667,0,0,17,0,0,0,0,25,11,500,2,3
555,L,6,6,7,7,2,2,0.3333,0.3333,0.3333,0.6667,0,0,17,0,0,0,0,25,11,500,2,3
556,L,6,6,7,6,2,2,0.3333,0.3333,0.3333,0.6667,0,0,17,0,0,0,0,25,11,500,2,3
557,L,6,6,7,5,2,2,0.3333,0.3333,0.3333,0.6667,0,0,17,0,0,0,0,25,11,500,2,3
558,L,6,6,7,6,2,2,0.3333,0.3333,0.3333,0.6667,0,0,17,0,0,0,0,25,11,500,2,3
559,L,6,6,7,8,2,2,0.3333,0.3333,0.3333,0.6667,0,0,17,0,0,0,0,25,11,500,2,3
560,L,6,6,7,10,2,2,0.3333,0.3333,0.3333,0.6667,0,0,17,0,0,0,0,25,11,500,2,3
561,L,6,6,7,8,2,2,0.3333,0.3333,0.3333,0.6667,0,0,17,0,0,0,0,25,11,500,2,3
562,L,6,6,7,6,2,2,0.3333,0.3333,0.3333,0.6667,0,0,17,0,0,0,0,25,11,500,2,3
563,L,6,6,7,8,2,2,0.3333,0.3333,0.3333,0.6667,0,0,17,0,0,0,0,25,11,500,2,3
564,L,6,6,7,6,2,2,0.3333,0.3333,0.3333,0.6667,0,0,17,0,0,0,0,25,11,500,2,3
565,L,6,6,7,6,2,2,0.3333,0.3333,0.3333,0.6667,0,0,17,0,0,0,0,25,11,500,2,3
566,L,6,6,7,8,2,2,0.3333,0.3333,0.3333,0.6667,0,0,17,0,0,0,0,25,11,500,2,3
567,L,6,6,7,6,2,2,0.3333,0.3333,0.3333,0.6667,0,0,17,0,0,0,0,25,11,500,2,3
568,L,6,6,7,6,2,2,0.3333,0.3333,0.3333,0.6667,0,0,17,0,0,0,0,25,11,500,2,3
569,L,6,6,7,7,2,2,0.3333,0.3333,0.3333,0.6667,0,0,17,0,0,0,0,25,11,500,2,3
570,L,6,6,7,6,2,2,0.3333,0.3333,0.3333,0.6667,0,0,17,0,0,0,0,25,11,500,2,3
571,L,6,6,7,7,2,2,0.3333,0.3333,0.3333,0.6667,0,0,17,0,0,0,0,25,11,500,2,3
572,L,6,6,7,6,2,2,0.3333,0.3333,0.3333,0.6667,0,0,17,0,0,0,0,25,11,500,2,3
573,L,6,6,7,6,2,2,0.3333,0.3333,0.3333,0.6667,0,0,17,0,0,0,0,25,11,500,2,3
574,L,6,6,7,6,2,2,0.3333,0.3333,0.3333,0.6667,0,0,17,0,0,0,0,25,11,500,2,3
575,L,6,6,7,6,2,2,0.3333,0.3333,0.3333,0.6667,0,0,17,0,0,0,0,25,11,500,2,3
576,L,7,7,7,8,3,2,0.2857,0.2857,0.1429,0.8571,0,0,17,0,0,0,0,25,11,500,1,3
577,L,7,7,7,8,3,2,0.2857,0.2857,0.1429,0.8571,0,0,17,0,0,0,0,25,11,500,1,3
578,L,7,7,7,8,3,2,0.2857,0.2857,0.1429,0.8571,0,0,17,0,0,0,0,25,11,500,1,3
579,L,7,7,7,9,3,2,0.2857,0.2857,0.1429,0.8571,0,0,17,0,0,0,0,25,11,500,1,3
580,L,7,7,7,9,5,2,0.5714,0.2857,0.1429,1.4286,1,0,18,0,0,0,0,27,11,500,1,3
581,L,7,7,7,7,5,2,0.5714,0.2857,0.1429,1.4286,0,0,18,0,0,0,0,27,11,500,1,3
582,L,7,7,7,10,5,2,0.5714,0.2857,0.1429,1.4286,0,0,18,0,0,0,0,27,11,500,1,3
583,L,7,7,7,7,5,2,0.5714,0.2857,0.1429,1.4286,0,0,18,0,0,0,0,27,11,500,1,3
584,L,7,7,7,7,5,2,0.5714,0.2857,0.1429,1.4286,0,0,18,0,0,0,0,27,11,500,1,3
585,L,7,7,7,10,5,2,0.5714,0.2857,0.1429,1.4286,0,0,18,0,0,0,0,27,11,500,1,3
586,L,7,7,7,7,5,2,0.5714,0.2857,0.1429,1.4286,0,0,18,0,0,0,0,27,11,500,1,3
587,L,7,7,7,7,5,3,0.5714,0.2857,0.1429,1.4286,0,0,18,0,0,0,0,27,12,500,1,3
588,L,7,7,7,7,5,3,0.5714,0.2857,0.1429,1.4286,0,0,18,0,0,0,0,27,12,500,1,3
589,L,7,7,7,9,5,4,0.5714,0.2857,0.1429,1.4286,0,0,18,0,0,0,0,27,13,500,1,3
590,L,7,7,7,7,5,4,0.5714,0.2857,0.1429,1.4286,0,0,18,0,0,0,0,27,13,500,1,3
591,L,7,7,7,7,5,4,0.5714,0.2857,0.1429,1.4286,0,0,18,0,0,0,0,27,13,500,1,3
592,L,8,8,7,11,6,4,0.5000,0.2500,0.0000,1.5000,0,0,18,0,0,0,0,27,13,500,0,3
593,L,8,8,7,11,6,4,0.5000,0.2500,0.0000,1.5000,0,0,18,0,0,0,0,27,13,500,0,3
594,L,8,8,7,14,6,4,0.5000,0.2500,0.0000,1.5000,0,0,18,0,0,0,0,27,13,500,0,3
595,L,8,8,7,15,6,4,0.5000,0.2500,0.0000,1.5000,0,0,18,0,0,0,0,27,13,500,0,3
596,L,8,8,7,14,9,4,0.7500,0.2500,0.0000,2.2500,1,0,19,0,0,0,0,30,13,500,0,3
597,L,8,8,7,14,9,4,0.7500,0.2500,0.0000,2.2500,0,0,19,0,0,0,0,30,13,500,0,3
598,L,8,8,7,12,9,4,0.7500,0.2500,0.0000,2.2500,0,0,19,0,0,0,0,30,13,500,0,3
599,L,8,8,7,14,9,4,0.7500,0.2500,0.0000,2.2500,0,0,19,0,0,0,0,30,13,500,0,3
600,L,8,8,7,13,9,4,0.7500,0.2500,0.0000,2.2500,0,0,19,0,0,0,0,30,13,500,0,3
601,L,8,8,7,12,9,5,0.7500,0.2500,0.0000,2.2500,0,0,19,0,0,0,0,30,14,500,0,3
602,L,8,8,7,12,9,6,0.7500,0.2500,0.0000,2.2500,0,0,19,0,0,0,0,30,15,500,0,3
603,L,8,8,7,10,9,7,0.7500,0.2500,0.0000,2.2500,0,0,19,0,0,0,0,30,16,500,0,3
604,L,8,8,7,10,9,7,0.7500,0.2500,0.0000,2.2500,0,0,19,0,0,0,0,30,16,500,0,3
605,L,8,8,7,10,9,7,0.7500,0.2500,0.0000,2.2500,0,0,19,0,0,0,0,30,16,500,0,3
606,L,8,8,7,13,9,7,0.7500,0.2500,0.0000,2.2500,0,0,19,0,0,0,0,30,16,500,0,3
607,L,8,8,7,14,9,7,0.7500,0.2500,0.0000,2.2500,0,0,19,0,0,0,0,30,16,500,0,3
608,L,8,8,7,14,9,7,0.7500,0.2500,0.0000,2.2500,0,0,19,0,0,0,0,30,16,500,0,3
609,L,8,8,7,14,9,7,0.7500,0.2500,0.0000,2.2500,0,0,19,0,0,0,0,30,16,500,0,3
610,L,8,8,7,14,9,7,0.7500,0.2500,0.0000,2.2500,0,0,19,0,0,0,0,30,16,500,0,3
611,L,8,8,7,14,9,7,0.8750,0.0000,0.1250,2.2500,0,0,19,0,0,0,0,31,16,500,1,3
612,L,8,8,7,14,9,7,0.8750,0.0000,0.1250,2.2500,0,0,19,0,0,0,0,31,16,500,1,3
613,L,8,8,7,14,11,7,0.7500,0.0000,0.2500,2.7500,0,0,19,0,0,0,0,34,16,500,2,3
614,L,8,8,7,14,11,7,0.7500,0.0000,0.2500,2.7500,0,0,19,0,0,0,0,34,16,500,2,3
615,L,8,8,7,14,11,7,0.7500,0.0000,0.2500,2.7500,0,0,19,0,0,0,0,34,16,500,2,3
616,L,8,8,7,15,11,7,0.7500,0.0000,0.2500,2.7500,0,0,19,0,0,0,0,34,16,500,2,3
617,L,8,8,7,15,11,7,0.7500,0.0000,0.2500,2.7500,0,0,19,0,0,0,0,34,16,500,2,3
618,L,8,8,7,15,11,7,0.7500,0.0000,0.2500,2.7500,0,0,19,0,0,0,0,34,16,500,2,3
619,L,8,8,7,15,11,7,0.7500,0.0000,0.2500,2.7500,0,0,19,0,0,0,0,34,16,500,2,3
620,L,8,8,7,15,11,7,0.7500,0.0000,0.2500,2.7500,0,0,19,0,0,0,0,34,16,500,2,3
621,L,8,8,7,15,11,7,0.7500,0.0000,0.2500,2.7500,0,0,19,0,0,0,0,34,16,500,2,3
622,L,8,8,7,14,11,7,0.7500,0.0000,0.2500,2.7500,0,0,19,0,0,0,0,34,16,500,2,3
623,L,8,8,7,15,11,7,0.7500,0.0000,0.2500,2.7500,0,0,19,0,0,0,0,34,16,500,2,3
624,L,8,8,7,15,11,7,0.7500,0.0000,0.2500,2.7500,0,0,19,0,0,0,0,34,16,500,2,3
625,L,8,8,7,17,11,7,0.7500,0.0000,0.2500,2.7500,0,0,19,0,0,0,0,34,16,500,2,3
626,L,8,8,7,13,11,7,0.7500,0.0000,0.2500,2.7500,0,0,19,0,0,0,0,34,16,500,2,3
627,L,6,8,9,6,3,3,0.5000,0.0000,0.5000,1.0000,0,4,19,0,0,0,0,34,16,500,2,2
628,L,5,8,10,4,1,1,0.4000,0.0000,0.6000,0.4000,0,2,19,0,0,0,0,34,16,500,2,2
629,L,4,8,11,3,1,1,0.5000,0.0000,0.5000,0.5000,0,0,19,0,0,0,0,34,16,500,1,1
630,L,4,8,11,3,1,1,0.5000,0.0000,0.5000,0.5000,0,0,19,0,0,0,0,34,16,500,1,1
631,L,1,8,14,0,0,0,1.0000,0.0000,1.0000,0.0000,0,1,19,0,0,0,0,34,16,500,0,0
632,L,0,8,15,0,0,0,0.0000,0.0000,0.0000,0.0000,0,0,19,0,0,0,0,34,16,500,0,0
633,L,0,8,15,0,0,0,0.0000,0.0000,0.0000,0.0000,0,0,19,0,0,0,0,34,16,500,0,0
634,L,0,8,15,0,0,0,0.0000,0.0000,0.0000,0.0000,0,0,19,0,0,0,0,34,16,500,0,0
635,L,0,8,15,0,0,0,0.0000,0.0000,0.0000,0.0000,0,0,19,0,0,0,0,34,16,500,0,0
636,L,0,8,15,0,0,0,0.0000,0.0000,0.0000,0.0000,0,0,19,0,0,0,0,34,16,500,0,0
637,L,0,8,15,0,0,0,0.0000,0.0000,0.0000,0.0000,0,0,19,0,0,0,0,34,16,500,0,0
638,L,0,8,15,0,0,0,0.0000,0.0000,0.0000,0.0000,0,0,19,0,0,0,0,34,16,500,0,0
639,L,0,8,15,0,0,0,0.0000,0.0000,0.0000,0.0000,0,0,19,0,0,0,0,34,16,500,0,0
640,L,0,8,15,0,0,0,0.0000,0.0000,0.0000,0.0000,0,0,19,0,0,0,0,34,16,500,0,0
641,L,0,8,15,0,0,0,0.0000,0.0000,0.0000,0.0000,0,0,19,0,0,0,0,34,16,500,0,0
642,L,0,8,15,0,0,0,0.0000,0.0000,0.0000,0.0000,0,0,19,0,0,0,0,34,16,500,0,0
643,L,0,8,15,0,0,0,0.0000,0.0000,0.0000,0.0000,0,0,19,0,0,0,0,34,16,500,0,0
644,L,0,8,15,0,0,0,0.0000,0.0000,0.0000,0.0000,0,0,19,0,0,0,0,34,16,500,0,0
645,L,0,8,15,0,0,0,0.0000,0.0000,0.0000,0.0000,0,0,19,0,0,0,0,34,16,500,0,0
646,L,0,8,15,0,0,0,0.0000,0.0000,0.0000,0.0000,0,0,19,0,0,0,0,34,16,500,0,0
647,L,0,8,15,0,0,0,0.0000,0.0000,0.0000,0.0000,0,0,19,0,0,0,0,34,16,500,0,0
648,L,0,8,15,0,0,0,0.0000,0.0000,0.0000,0.0000,0,0,19,0,0,0,0,34,16,500,0,0
649,L,0,8,15,0,0,0,0.0000,0.0000,0.0000,0.0000,0,0,19,0,0,0,0,34,16,500,0,0
650,L,0,8,15,0,0,0,0.0000,0.0000,0.0000,0.0000,0,0,19,0,0,0,0,34,16,500,0,0
651,L,0,8,15,0,0,0,0.0000,0.0000,0.0000,0.0000,0,0,19,0,0,0,0,34,16,500,0,0
652,L,0,8,15,0,0,0,0.0000,0.0000,0.0000,0.0000,0,0,19,0,0,0,0,34,16,500,0,0
653,L,0,8,15,0,0,0,0.0000,0.0000,0.0000,0.0000,0,0,19,0,0,0,0,34,16,500,0,0
654,L,0,8,15,0,0,0,0.0000,0.0000,0.0000,0.0000,0,0,19,0,0,0,0,34,16,500,0,0
655,L,0,8,15,0,0,0,0.0000,0.0000,0.0000,0.0000,0,0,19,0,0,0,0,34,16,500,0,0
656,L,0,8,15,0,0,0,0.0000,0.0000,0.0000,0.0000,0,0,19,0,0,0,0,34,16,500,0,0
657,L,0,8,15,0,0,0,0.0000,0.0000,0.0000,0.0000,0,0,19,0,0,0,0,34,16,500,0,0
658,L,0,8,15,0,0,0,0.0000,0.0000,0.0000,0.0000,0,0,19,0,0,0,0,34,16,500,0,0
659,L,0,8,15,0,0,0,0.0000,0.0000,0.0000,0.0000,0,0,19,0,0,0,0,34,16,500,0,0
660,L,0,8,15,0,0,0,0.0000,0.0000,0.0000,0.0000,0,0,19,0,0,0,0,34,16,500,0,0
661,L,0,8,15,0,0,0,0.0000,0.0000,0.0000,0.0000,0,0,19,0,0,0,0,34,16,500,0,0
662,L,0,8,15,0,0,0,0.0000,0.0000,0.0000,0.0000,0,0,19,0,0,0,0,34,16,500,0,0
663,L,0,8,15,0,0,0,0.0000,0.0000,0.0000,0.0000,0,0,19,0,0,0,0,34,16,500,0,0
664,L,0,8,15,0,0,0,0.0000,0.0000,0.0000,0.0000,0,0,19,0,0,0,0,34,16,500,0,0
665,L,0,8,15,0,0,0,0.0000,0.0000,0.0000,0.0000,0,0,19,0,0,0,0,34,16,500,0,0
666,L,0,8,15,0,0,0,0.0000,0.0000,0.0000,0.0000,0,0,19,0,0,0,0,34,16,500,0,0
667,L,0,8,15,0,0,0,0.0000,0.0000,0.0000,0.0000,0,0,19,0,0,0,0,34,16,500,0,0
668,L,0,8,15,0,0,0,0.0000,0.0000,0.0000,0.0000,0,0,19,0,0,0,0,34,16,500,0,0
669,L,0,8,15,0,0,0,0.0000,0.0000,0.0000,0.0000,0,0,19,0,0,0,0,34,16,500,0,0
670,L,0,8,15,0,0,0,0.0000,0.0000,0.0000,0.0000,0,0,19,0,0,0,0,34,16,500,0,0
671,L,0,8,15,0,0,0,0.0000,0.0000,0.0000,0.0000,0,0,19,0,0,0,0,34,16,500,0,0
672,L,0,8,15,0,0,0,0.0000,0.0000,0.0000,0.0000,0,0,19,0,0,0,0,34,16,500,0,0
673,L,0,8,15,0,0,0,0.0000,0.0000,0.0000,0.0000,0,0,19,0,0,0,0,34,16,500,0,0
674,L,0,8,15,0,0,0,0.0000,0.0000,0.0000,0.0000,0,0,19,0,0,0,0,34,16,500,0,0
675,L,0,8,15,0,0,0,0.0000,0.0000,0.0000,0.0000,0,0,19,0,0,0,0,34,16,500,0,0
676,L,0,8,15,0,0,0,0.0000,0.0000,0.0000,0.0000,0,0,19,0,0,0,0,34,16,500,0,0
677,L,0,8,15,0,0,0,0.0000,0.0000,0.0000,0.0000,0,0,19,0,0,0,0,34,16,500,0,0
678,L,0,8,15,0,0,0,0.0000,0.0000,0.0000,0.0000,0,0,19,0,0,0,0,34,16,500,0,0
679,L,0,8,15,0,0,0,0.0000,0.0000,0.0000,0.0000,0,0,19,0,0,0,0,34,16,500,0,0
680,L,0,8,15,0,0,0,0.0000,0.0000,0.0000,0.0000,0,0,19,0,0,0,0,34,16,500,0,0
681,L,0,8,15,0,0,0,0.0000,0.0000,0.0000,0.0000,0,0,19,0,0,0,0,34,16,500,0,0
682,L,0,8,15,0,0,0,0.0000,0.0000,0.0000,0.0000,0,0,19,0,0,0,0,34,16,500,0,0
683,L,0,8,15,0,0,0,0.0000,0.0000,0.0000,0.0000,0,0,19,0,0,0,0,34,16,500,0,0
684,L,0,8,15,0,0,0,0.0000,0.0000,0.0000,0.0000,0,0,19,0,0,0,0,34,16,500,0,0
685,L,0,8,15,0,0,0,0.0000,0.0000,0.0000,0.0000,0,0,19,0,0,0,0,34,16,500,0,0
686,L,0,8,15,0,0,0,0.0000,0.0000,0.0000,0.0000,0,0,19,0,0,0,0,34,16,500,0,0
687,L,0,8,15,0,0,0,0.0000,0.0000,0.0000,0.0000,0,0,19,0,0,0,0,34,16,500,0,0
688,L,0,8,15,0,0,0,0.0000,0.0000,0.0000,0.0000,0,0,19,0,0,0,0,34,16,500,0,0
689,L,0,8,15,0,0,0,0.0000,0.0000,0.0000,0.0000,0,0,19,0,0,0,0,34,16,500,0,0
690,L,0,8,15,0,0,0,0.0000,0.0000,0.0000,0.0000,0,0,19,0,0,0,0,34,16,500,0,0
691,L,0,8,15,0,0,0,0.0000,0.0000,0.0000,0.0000,0,0,19,0,0,0,0,34,16,500,0,0
692,L,0,8,15,0,0,0,0.0000,0.0000,0.0000,0.0000,0,0,19,0,0,0,0,34,16,500,0,0
693,L,0,8,15,0,0,0,0.0000,0.0000,0.0000,0.0000,0,0,19,0,0,0,0,34,16,500,0,0
694,L,0,8,15,0,0,0,0.0000,0.0000,0.0000,0.0000,0,0,19,0,0,0,0,34,16,500,0,0
695,L,0,8,15,0,0,0,0.0000,0.0000,0.0000,0.0000,0,0,19,0,0,0,0,34,16,500,0,0
696,L,0,8,15,0,0,0,0.0000,0.0000,0.0000,0.0000,0,0,19,0,0,0,0,34,16,500,0,0
697,L,0,8,15,0,0,0,0.0000,0.0000,0.0000,0.0000,0,0,19,0,0,0,0,34,16,500,0,0
698,L,0,8,15,0,0,0,0.0000,0.0000,0.0000,0.0000,0,0,19,0,0,0,0,34,16,500,0,0
699,L,0,8,15,0,0,0,0.0000,0.0000,0.0000,0.0000,0,0,19,0,0,0,0,34,16,500,0,0
700,L,0,8,15,0,0,0,0.0000,0.0000,0.0000,0.0000,0,0,19,0,0,0,0,34,16,500,0,0
701,L,0,8,15,0,0,0,0.0000,0.0000,0.0000,0.0000,0,0,19,0,0,0,0,34,16,500,0,0
702,L,0,8,15,0,0,0,0.0000,0.0000,0.0000,0.0000,0,0,19,0,0,0,0,34,16,500,0,0
703,L,0,8,15,0,0,0,0.0000,0.0000,0.0000,0.0000,0,0,19,0,0,0,0,34,16,500,0,0
704,L,0,8,15,0,0,0,0.0000,0.0000,0.0000,0.0000,0,0,19,0,0,0,0,34,16,500,0,0
705,L,0,8,15,0,0,0,0.0000,0.0000,0.0000,0.0000,0,0,19,0,0,0,0,34,16,500,0,0
706,L,0,8,15,0,0,0,0.0000,0.0000,0.0000,0.0000,0,0,19,0,0,0,0,34,16,500,0,0
707,L,0,8,15,0,0,0,0.0000,0.0000,0.0000,0.0000,0,0,19,0,0,0,0,34,16,500,0,0
708,L,0,8,15,0,0,0,0.0000,0.0000,0.0000,0.0000,0,0,19,0,0,0,0,34,16,500,0,0
709,L,0,8,15,0,0,0,0.0000,0.0000,0.0000,0.0000,0,0,19,0,0,0,0,34,16,500,0,0
710,L,0,8,15,0,0,0,0.0000,0.0000,0.0000,0.0000,0,0,19,0,0,0,0,34,16,500,0,0
711,L,0,8,15,0,0,0,0.0000,0.0000,0.0000,0.0000,0,0,19,0,0,0,0,34,16,500,0,0
712,L,0,8,15,0,0,0,0.0000,0.0000,0.0000,0.0000,0,0,19,0,0,0,0,34,16,500,0,0
713,L,0,8,15,0,0,0,0.0000,0.0000,0.0000,0.0000,0,0,19,0,0,0,0,34,16,500,0,0
714,L,0,8,15,0,0,0,0.0000,0.0000,0.0000,0.0000,0,0,19,0,0,0,0,34,16,500,0,0
715,L,0,8,15,0,0,0,0.0000,0.0000,0.0000,0.0000,0,0,19,0,0,0,0,34,16,500,0,0
716,L,0,8,15,0,0,0,0.0000,0.0000,0.0000,0.0000,0,0,19,0,0,0,0,34,16,500,0,0
717,L,0,8,15,0,0,0,0.0000,0.0000,0.0000,0.0000,0,0,19,0,0,0,0,34,16,500,0,0
718,L,0,8,15,0,0,0,0.0000,0.0000,0.0000,0.0000,0,0,19,0,0,0,0,34,16,500,0,0
719,L,0,8,15,0,0,0,0.0000,0.0000,0.0000,0.0000,0,0,19,0,0,0,0,34,16,500,0,0
720,L,0,8,15,0,0,0,0.0000,0.0000,0.0000,0.0000,0,0,19,0,0,0,0,34,16,500,0,0
721,L,0,8,15,0,0,0,0.0000,0.0000,0.0000,0.0000,0,0,19,0,0,0,0,34,16,500,0,0
722,L,0,8,15,0,0,0,0.0000,0.0000,0.0000,0.0000,0,0,19,0,0,0,0,34,16,500,0,0
723,L,0,8,15,0,0,0,0.0000,0.0000,0.0000,0.0000,0,0,19,0,0,0,0,34,16,500,0,0
724,L,0,8,15,0,0,0,0.0000,0.0000,0.0000,0.0000,0,0,19,0,0,0,0,34,16,500,0,0
725,L,0,8,15,0,0,0,0.0000,0.0000,0.0000,0.0000,0,0,19,0,0,0,0,34,16,500,0,0
726,L,0,8,15,0,0,0,0.0000,0.0000,0.0000,0.0000,0,0,19,0,0,0,0,34,16,500,0,0
727,L,0,8,15,0,0,0,0.0000,0.0000,0.0000,0.0000,0,0,19,0,0,0,0,34,16,500,0,0
728,L,0,8,15,0,0,0,0.0000,0.0000,0.0000,0.0000,0,0,19,0,0,0,0,34,16,500,0,0
729,L,0,8,15,0,0,0,0.0000,0.0000,0.0000,0.0000,0,0,19,0,0,0,0,34,16,500,0,0
730,L,0,8,15,0,0,0,0.0000,0.0000,0.0000,0.0000,0,0,19,0,0,0,0,34,16,500,0,0
731,L,0,8,15,0,0,0,0.0000,0.0000,0.0000,0.0000,0,0,19,0,0,0,0,34,16,500,0,0
732,L,0,8,15,0,0,0,0.0000,0.0000,0.0000,0.0000,0,0,19,0,0,0,0,34,16,500,0,0
733,L,0,8,15,0,0,0,0.0000,0.0000,0.0000,0.0000,0,0,19,0,0,0,0,34,16,500,0,0
734,L,0,8,15,0,0,0,0.0000,0.0000,0.0000,0.0000,0,0,19,0,0,0,0,34,16,500,0,0
735,L,0,8,15,0,0,0,0.0000,0.0000,0.0000,0.0000,0,0,19,0,0,0,0,34,16,500,0,0
736,L,0,8,15,0,0,0,0.0000,0.0000,0.0000,0.0000,0,0,19,0,0,0,0,34,16,500,0,0
737,L,0,8,15,0,0,0,0.0000,0.0000,0.0000,0.0000,0,0,19,0,0,0,0,34,16,500,0,0
738,L,0,8,15,0,0,0,0.0000,0.0000,0.0000,0.0000,0,0,19,0,0,0,0,34,16,500,0,0
739,L,0,8,15,0,0,0,0.0000,0.0000,0.0000,0.0000,0,0,19,0,0,0,0,34,16,500,0,0
740,L,0,8,15,0,0,0,0.0000,0.0000,0.0000,0.0000,0,0,19,0,0,0,0,34,16,500,0,0
741,L,0,8,15,0,0,0,0.0000,0.0000,0.0000,0.0000,0,0,19,0,0,0,0,34,16,500,0,0
742,L,0,8,15,0,0,0,0.0000,0.0000,0.0000,0.0000,0,0,19,0,0,0,0,34,16,500,0,0
743,L,0,8,15,0,0,0,0.0000,0.0000,0.0000,0.0000,0,0,19,0,0,0,0,34,16,500,0,0
744,L,0,8,15,0,0,0,0.0000,0.0000,0.0000,0.0000,0,0,19,0,0,0,0,34,16,500,0,0
745,L,0,8,15,0,0,0,0.0000,0.0000,0.0000,0.0000,0,0,19,0,0,0,0,34,16,500,0,0
746,L,0,8,15,0,0,0,0.0000,0.0000,0.0000,0.0000,0,0,19,0,0,0,0,34,16,500,0,0
747,L,0,8,15,0,0,0,0.0000,0.0000,0.0000,0.0000,0,0,19,0,0,0,0,34,16,500,0,0
748,L,0,8,15,0,0,0,0.0000,0.0000,0.0000,0.0000,0,0,19,0,0,0,0,34,16,500,0,0
749,L,0,8,15,0,0,0,0.0000,0.0000,0.0000,0.0000,0,0,19,0,0,0,0,34,16,500,0,0
750,L,0,8,15,0,0,0,0.0000,0.0000,0.0000,0.0000,0,0,19,0,0,0,0,34,16,500,0,0
751,L,0,8,15,0,0,0,0.0000,0.0000,0.0000,0.0000,0,0,19,0,0,0,0,34,16,500,0,0
752,L,0,8,15,0,0,0,0.0000,0.0000,0.0000,0.0000,0,0,19,0,0,0,0,34,16,500,0,0
753,L,0,8,15,0,0,0,0.0000,0.0000,0.0000,0.0000,0,0,19,0,0,0,0,34,16,500,0,0
754,L,0,8,15,0,0,0,0.0000,0.0000,0.0000,0.0000,0,0,19,0,0,0,0,34,16,500,0,0
755,L,0,8,15,0,0,0,0.0000,0.0000,0.0000,0.0000,0,0,19,0,0,0,0,34,16,500,0,0
756,L,0,8,15,0,0,0,0.0000,0.0000,0.0000,0.0000,0,0,19,0,0,0,0,34,16,500,0,0
757,L,0,8,15,0,0,0,0.0000,0.0000,0.0000,0.0000,0,0,19,0,0,0,0,34,16,500,0,0
758,L,0,8,15,0,0,0,0.0000,0.0000,0.0000,0.0000,0,0,19,0,0,0,0,34,16,500,0,0
759,L,0,8,15,0,0,0,0.0000,0.0000,0.0000,0.0000,0,0,19,0,0,0,0,34,16,500,0,0
760,L,0,8,15,0,0,0,0.0000,0.0000,0.0000,0.0000,0,0,19,0,0,0,0,34,16,500,0,0
761,L,0,8,15,0,0,0,0.0000,0.0000,0.0000,0.0000,0,0,19,0,0,0,0,34,16,500,0,0
762,L,0,8,15,0,0,0,0.0000,0.0000,0.0000,0.0000,0,0,19,0,0,0,0,34,16,500,0,0
763,L,0,8,15,0,0,0,0.0000,0.0000,0.0000,0.0000,0,0,19,0,0,0,0,34,16,500,0,0
764,L,0,8,15,0,0,0,0.0000,0.0000,0.0000,0.0000,0,0,19,0,0,0,0,34,16,500,0,0
765,L,0,8,15,0,0,0,0.0000,0.0000,0.0000,0.0000,0,0,19,0,0,0,0,34,16,500,0,0
766,L,0,8,15,0,0,0,0.0000,0.0000,0.0000,0.0000,0,0,19,0,0,0,0,34,16,500,0,0
767,L,0,8,15,0,0,0,0.0000,0.0000,0.0000,0.0000,0,0,19,0,0,0,0,34,16,500,0,0
768,L,0,8,15,0,0,0,0.0000,0.0000,0.0000,0.0000,0,0,19,0,0,0,0,34,16,500,0,0
769,L,0,8,15,0,0,0,0.0000,0.0000,0.0000,0.0000,0,0,19,0,0,0,0,34,16,500,0,0
770,L,0,8,15,0,0,0,0.0000,0.0000,0.0000,0.0000,0,0,19,0,0,0,0,34,16,500,0,0
771,L,0,8,15,0,0,0,0.0000,0.0000,0.0000,0.0000,0,0,19,0,0,0,0,34,16,500,0,0
772,L,0,8,15,0,0,0,0.0000,0.0000,0.0000,0.0000,0,0,19,0,0,0,0,34,16,500,0,0
773,L,0,8,15,0,0,0,0.0000,0.0000,0.0000,0.0000,0,0,19,0,0,0,0,34,16,500,0,0
774,L,0,8,15,0,0,0,0.0000,0.0000,0.0000,0.0000,0,0,19,0,0,0,0,34,16,500,0,0
775,L,0,8,15,0,0,0,0.0000,0.0000,0.0000,0.0000,0,0,19,0,0,0,0,34,16,500,0,0
776,L,0,8,15,0,0,0,0.0000,0.0000,0.0000,0.0000,0,0,19,0,0,0,0,34,16,500,0,0
777,L,0,8,15,0,0,0,0.0000,0.0000,0.0000,0.0000,0,0,19,0,0,0,0,34,16,500,0,0
778,L,0,8,15,0,0,0,0.0000,0.0000,0.0000,0.0000,0,0,19,0,0,0,0,34,16,500,0,0
779,L,0,8,15,0,0,0,0.0000,0.0000,0.0000,0.0000,0,0,19,0,0,0,0,34,16,500,0,0
780,L,0,8,15,0,0,0,0.0000,0.0000,0.0000,0.0000,0,0,19,0,0,0,0,34,16,500,0,0
781,L,0,8,15,0,0,0,0.0000,0.0000,0.0000,0.0000,0,0,19,0,0,0,0,34,16,500,0,0
782,L,0,8,15,0,0,0,0.0000,0.0000,0.0000,0.0000,0,0,19,0,0,0,0,34,16,500,0,0
783,L,0,8,15,0,0,0,0.0000,0.0000,0.0000,0.0000,0,0,19,0,0,0,0,34,16,500,0,0
784,L,0,8,15,0,0,0,0.0000,0.0000,0.0000,0.0000,0,0,19,0,0,0,0,34,16,500,0,0
785,L,0,8,15,0,0,0,0.0000,0.0000,0.0000,0.0000,0,0,19,0,0,0,0,34,16,500,0,0
786,L,0,8,15,0,0,0,0.0000,0.0000,0.0000,0.0000,0,0,19,0,0,0,0,34,16,500,0,0
787,L,0,8,15,0,0,0,0.0000,0.0000,0.0000,0.0000,0,0,19,0,0,0,0,34,16,500,0,0
788,L,0,8,15,0,0,0,0.0000,0.0000,0.0000,0.0000,0,0,19,0,0,0,0,34,16,500,0,0
789,L,0,8,15,0,0,0,0.0000,0.0000,0.0000,0.0000,0,0,19,0,0,0,0,34,16,500,0,0
790,L,0,8,15,0,0,0,0.0000,0.0000,0.0000,0.0000,0,0,19,0,0,0,0,34,16,500,0,0
791,L,0,8,15,0,0,0,0.0000,0.0000,0.0000,0.0000,0,0,19,0,0,0,0,34,16,500,0,0
792,L,0,8,15,0,0,0,0.0000,0.0000,0.0000,0.0000,0,0,19,0,0,0,0,34,16,500,0,0
793,L,0,8,15,0,0,0,0.0000,0.0000,0.0000,0.0000,0,0,19,0,0,0,0,34,16,500,0,0
794,L,0,8,15,0,0,0,0.0000,0.0000,0.0000,0.0000,0,0,19,0,0,0,0,34,16,500,0,0
795,L,0,8,15,0,0,0,0.0000,0.0000,0.0000,0.0000,0,0,19,0,0,0,0,34,16,500,0,0
796,L,0,8,15,0,0,0,0.0000,0.0000,0.0000,0.0000,0,0,19,0,0,0,0,34,16,500,0,0
797,L,0,8,15,0,0,0,0.0000,0.0000,0.0000,0.0000,0,0,19,0,0,0,0,34,16,500,0,0
798,L,0,8,15,0,0,0,0.0000,0.0000,0.0000,0.0000,0,0,19,0,0,0,0,34,16,500,0,0
799,L,0,8,15,0,0,0,0.0000,0.0000,0.0000,0.0000,0,0,19,0,0,0,0,34,16,500,0,0
800,L,0,8,15,0,0,0,0.0000,0.0000,0.0000,0.0000,0,0,19,0,0,0,0,34,16,500,0,0
801,L,0,8,15,0,0,0,0.0000,0.0000,0.0000,0.0000,0,0,19,0,0,0,0,34,16,500,0,0
802,L,0,8,15,0,0,0,0.0000,0.0000,0.0000,0.0000,0,0,19,0,0,0,0,34,16,500,0,0
803,L,0,8,15,0,0,0,0.0000,0.0000,0.0000,0.0000,0,0,19,0,0,0,0,34,16,500,0,0
804,L,0,8,15,0,0,0,0.0000,0.0000,0.0000,0.0000,0,0,19,0,0,0,0,34,16,500,0,0
805,L,0,8,15,0,0,0,0.0000,0.0000,0.0000,0.0000,0,0,19,0,0,0,0,34,16,500,0,0
806,L,0,8,15,0,0,0,0.0000,0.0000,0.0000,0.0000,0,0,19,0,0,0,0,34,16,500,0,0
807,L,0,8,15,0,0,0,0.0000,0.0000,0.0000,0.0000,0,0,19,0,0,0,0,34,16,500,0,0
808,L,0,8,15,0,0,0,0.0000,0.0000,0.0000,0.0000,0,0,19,0,0,0,0,34,16,500,0,0
809,L,0,8,15,0,0,0,0.0000,0.0000,0.0000,0.0000,0,0,19,0,0,0,0,34,16,500,0,0
810,L,0,8,15,0,0,0,0.0000,0.0000,0.0000,0.0000,0,0,19,0,0,0,0,34,16,500,0,0
811,L,0,8,15,0,0,0,0.0000,0.0000,0.0000,0.0000,0,0,19,0,0,0,0,34,16,500,0,0
812,L,0,8,15,0,0,0,0.0000,0.0000,0.0000,0.0000,0,0,19,0,0,0,0,34,16,500,0,0
813,L,0,8,15,0,0,0,0.0000,0.0000,0.0000,0.0000,0,0,19,0,0,0,0,34,16,500,0,0
814,L,0,8,15,0,0,0,0.0000,0.0000,0.0000,0.0000,0,0,19,0,0,0,0,34,16,500,0,0
815,L,0,8,15,0,0,0,0.0000,0.0000,0.0000,0.0000,0,0,19,0,0,0,0,34,16,500,0,0
816,L,0,8,15,0,0,0,0.0000,0.0000,0.0000,0.0000,0,0,19,0,0,0,0,34,16,500,0,0
817,L,0,8,15,0,0,0,0.0000,0.0000,0.0000,0.0000,0,0,19,0,0,0,0,34,16,500,0,0
818,L,0,8,15,0,0,0,0.0000,0.0000,0.0000,0.0000,0,0,19,0,0,0,0,34,16,500,0,0
819,L,0,8,15,0,0,0,0.0000,0.0000,0.0000,0.0000,0,0,19,0,0,0,0,34,16,500,0,0
820,L,0,8,15,0,0,0,0.0000,0.0000,0.0000,0.0000,0,0,19,0,0,0,0,34,16,500,0,0
821,L,0,8,15,0,0,0,0.0000,0.0000,0.0000,0.0000,0,0,19,0,0,0,0,34,16,500,0,0
822,L,0,8,15,0,0,0,0.0000,0.0000,0.0000,0.0000,0,0,19,0,0,0,0,34,16,500,0,0
823,L,0,8,15,0,0,0,0.0000,0.0000,0.0000,0.0000,0,0,19,0,0,0,0,34,16,500,0,0
824,L,0,8,15,0,0,0,0.0000,0.0000,0.0000,0.0000,0,0,19,0,0,0,0,34,16,500,0,0
825,L,0,8,15,0,0,0,0.0000,0.0000,0.0000,0.0000,0,0,19,0,0,0,0,34,16,500,0,0
826,L,0,8,15,0,0,0,0.0000,0.0000,0.0000,0.0000,0,0,19,0,0,0,0,34,16,500,0,0
827,L,0,8,15,0,0,0,0.0000,0.0000,0.0000,0.0000,0,0,19,0,0,0,0,34,16,500,0,0
828,L,0,8,15,0,0,0,0.0000,0.0000,0.0000,0.0000,0,0,19,0,0,0,0,34,16,500,0,0
829,L,0,8,15,0,0,0,0.0000,0.0000,0.0000,0.0000,0,0,19,0,0,0,0,34,16,500,0,0
830,L,0,8,15,0,0,0,0.0000,0.0000,0.0000,0.0000,0,0,19,0,0,0,0,34,16,500,0,0
831,L,0,8,15,0,0,0,0.0000,0.0000,0.0000,0.0000,0,0,19,0,0,0,0,34,16,500,0,0
832,L,0,8,15,0,0,0,0.0000,0.0000,0.0000,0.0000,0,0,19,0,0,0,0,34,16,500,0,0
833,L,0,8,15,0,0,0,0.0000,0.0000,0.0000,0.0000,0,0,19,0,0,0,0,34,16,500,0,0
834,L,0,8,15,0,0,0,0.0000,0.0000,0.0000,0.0000,0,0,19,0,0,0,0,34,16,500,0,0
835,L,0,8,15,0,0,0,0.0000,0.0000,0.0000,0.0000,0,0,19,0,0,0,0,34,16,500,0,0
836,L,0,8,15,0,0,0,0.0000,0.0000,0.0000,0.0000,0,0,19,0,0,0,0,34,16,500,0,0
837,L,0,8,15,0,0,0,0.0000,0.0000,0.0000,0.0000,0,0,19,0,0,0,0,34,16,500,0,0
838,L,0,8,15,0,0,0,0.0000,0.0000,0.0000,0.0000,0,0,19,0,0,0,0,34,16,500,0,0
839,L,0,8,15,0,0,0,0.0000,0.0000,0.0000,0.0000,0,0,19,0,0,0,0,34,16,500,0,0
840,L,0,8,15,0,0,0,0.0000,0.0000,0.0000,0.0000,0,0,19,0,0,0,0,34,16,500,0,0
841,L,0,8,15,0,0,0,0.0000,0.0000,0.0000,0.0000,0,0,19,0,0,0,0,34,16,500,0,0
842,L,0,8,15,0,0,0,0.0000,0.0000,0.0000,0.0000,0,0,19,0,0,0,0,34,16,500,0,0
843,L,0,8,15,0,0,0,0.0000,0.0000,0.0000,0.0000,0,0,19,0,0,0,0,34,16,500,0,0
844,L,0,8,15,0,0,0,0.0000,0.0000,0.0000,0.0000,0,0,19,0,0,0,0,34,16,500,0,0
845,L,0,8,15,0,0,0,0.0000,0.0000,0.0000,0.0000,0,0,19,0,0,0,0,34,16,500,0,0
846,L,0,8,15,0,0,0,0.0000,0.0000,0.0000,0.0000,0,0,19,0,0,0,0,34,16,500,0,0
847,L,0,8,15,0,0,0,0.0000,0.0000,0.0000,0.0000,0,0,19,0,0,0,0,34,16,500,0,0
848,L,0,8,15,0,0,0,0.0000,0.0000,0.0000,0.0000,0,0,19,0,0,0,0,34,16,500,0,0
849,L,0,8,15,0,0,0,0.0000,0.0000,0.0000,0.0000,0,0,19,0,0,0,0,34,16,500,0,0
850,L,0,8,15,0,0,0,0.0000,0.0000,0.0000,0.0000,0,0,19,0,0,0,0,34,16,500,0,0
851,L,0,8,15,0,0,0,0.0000,0.0000,0.0000,0.0000,0,0,19,0,0,0,0,34,16,500,0,0
852,L,0,8,15,0,0,0,0.0000,0.0000,0.0000,0.0000,0,0,19,0,0,0,0,34,16,500,0,0
853,L,0,8,15,0,0,0,0.0000,0.0000,0.0000,0.0000,0,0,19,0,0,0,0,34,16,500,0,0
854,L,0,8,15,0,0,0,0.0000,0.0000,0.0000,0.0000,0,0,19,0,0,0,0,34,16,500,0,0
855,L,0,8,15,0,0,0,0.0000,0.0000,0.0000,0.0000,0,0,19,0,0,0,0,34,16,500,0,0
856,L,0,8,15,0,0,0,0.0000,0.0000,0.0000,0.0000,0,0,19,0,0,0,0,34,16,500,0,0
857,L,0,8,15,0,0,0,0.0000,0.0000,0.0000,0.0000,0,0,19,0,0,0,0,34,16,500,0,0
858,L,0,8,15,0,0,0,0.0000,0.0000,0.0000,0.0000,0,0,19,0,0,0,0,34,16,500,0,0
859,L,0,8,15,0,0,0,0.0000,0.0000,0.0000,0.0000,0,0,19,0,0,0,0,34,16,500,0,0
860,L,0,8,15,0,0,0,0.0000,0.0000,0.0000,0.0000,0,0,19,0,0,0,0,34,16,500,0,0
861,L,0,8,15,0,0,0,0.0000,0.0000,0.0000,0.0000,0,0,19,0,0,0,0,34,16,500,0,0
862,L,0,8,15,0,0,0,0.0000,0.0000,0.0000,0.0000,0,0,19,0,0,0,0,34,16,500,0,0
863,L,0,8,15,0,0,0,0.0000,0.0000,0.0000,0.0000,0,0,19,0,0,0,0,34,16,500,0,0
864,L,0,8,15,0,0,0,0.0000,0.0000,0.0000,0.0000,0,0,19,0,0,0,0,34,16,500,0,0
865,L,0,8,15,0,0,0,0.0000,0.0000,0.0000,0.0000,0,0,19,0,0,0,0,34,16,500,0,0
866,L,0,8,15,0,0,0,0.0000,0.0000,0.0000,0.0000,0,0,19,0,0,0,0,34,16,500,0,0
867,L,0,8,15,0,0,0,0.0000,0.0000,0.0000,0.0000,0,0,19,0,0,0,0,34,16,500,0,0
868,L,0,8,15,0,0,0,0.0000,0.0000,0.0000,0.0000,0,0,19,0,0,0,0,34,16,500,0,0
869,L,0,8,15,0,0,0,0.0000,0.0000,0.0000,0.0000,0,0,19,0,0,0,0,34,16,500,0,0
870,L,0,8,15,0,0,0,0.0000,0.0000,0.0000,0.0000,0,0,19,0,0,0,0,34,16,500,0,0
871,L,0,8,15,0,0,0,0.0000,0.0000,0.0000,0.0000,0,0,19,0,0,0,0,34,16,500,0,0
872,L,0,8,15,0,0,0,0.0000,0.0000,0.0000,0.0000,0,0,19,0,0,0,0,34,16,500,0,0
873,L,0,8,15,0,0,0,0.0000,0.0000,0.0000,0.0000,0,0,19,0,0,0,0,34,16,500,0,0
874,L,0,8,15,0,0,0,0.0000,0.0000,0.0000,0.0000,0,0,19,0,0,0,0,34,16,500,0,0
875,L,0,8,15,0,0,0,0.0000,0.0000,0.0000,0.0000,0,0,19,0,0,0,0,34,16,500,0,0
876,L,0,8,15,0,0,0,0.0000,0.0000,0.0000,0.0000,0,0,19,0,0,0,0,34,16,500,0,0
877,L,0,8,15,0,0,0,0.0000,0.0000,0.0000,0.0000,0,0,19,0,0,0,0,34,16,500,0,0
878,L,0,8,15,0,0,0,0.0000,0.0000,0.0000,0.0000,0,0,19,0,0,0,0,34,16,500,0,0
879,L,0,8,15,0,0,0,0.0000,0.0000,0.0000,0.0000,0,0,19,0,0,0,0,34,16,500,0,0
880,L,0,8,15,0,0,0,0.0000,0.0000,0.0000,0.0000,0,0,19,0,0,0,0,34,16,500,0,0
881,L,0,8,15,0,0,0,0.0000,0.0000,0.0000,0.0000,0,0,19,0,0,0,0,34,16,500,0,0
882,L,0,8,15,0,0,0,0.0000,0.0000,0.0000,0.0000,0,0,19,0,0,0,0,34,16,500,0,0
883,L,0,8,15,0,0,0,0.0000,0.0000,0.0000,0.0000,0,0,19,0,0,0,0,34,16,500,0,0
884,L,0,8,15,0,0,0,0.0000,0.0000,0.0000,0.0000,0,0,19,0,0,0,0,34,16,500,0,0
885,L,0,8,15,0,0,0,0.0000,0.0000,0.0000,0.0000,0,0,19,0,0,0,0,34,16,500,0,0
886,L,0,8,15,0,0,0,0.0000,0.0000,0.0000,0.0000,0,0,19,0,0,0,0,34,16,500,0,0
887,L,0,8,15,0,0,0,0.0000,0.0000,0.0000,0.0000,0,0,19,0,0,0,0,34,16,500,0,0
888,L,0,8,15,0,0,0,0.0000,0.0000,0.0000,0.0000,0,0,19,0,0,0,0,34,16,500,0,0
889,L,0,8,15,0,0,0,0.0000,0.0000,0.0000,0.0000,0,0,19,0,0,0,0,34,16,500,0,0
890,L,0,8,15,0,0,0,0.0000,0.0000,0.0000,0.0000,0,0,19,0,0,0,0,34,16,500,0,0
891,L,0,8,15,0,0,0,0.0000,0.0000,0.0000,0.0000,0,0,19,0,0,0,0,34,16,500,0,0
892,L,0,8,15,0,0,0,0.0000,0.0000,0.0000,0.0000,0,0,19,0,0,0,0,34,16,500,0,0
893,L,0,8,15,0,0,0,0.0000,0.0000,0.0000,0.0000,0,0,19,0,0,0,0,34,16,500,0,0
894,L,0,8,15,0,0,0,0.0000,0.0000,0.0000,0.0000,0,0,19,0,0,0,0,34,16,500,0,0
895,L,0,8,15,0,0,0,0.0000,0.0000,0.0000,0.0000,0,0,19,0,0,0,0,34,16,500,0,0
896,L,0,8,15,0,0,0,0.0000,0.0000,0.0000,0.0000,0,0,19,0,0,0,0,34,16,500,0,0
897,L,0,8,15,0,0,0,0.0000,0.0000,0.0000,0.0000,0,0,19,0,0,0,0,34,16,500,0,0
898,L,0,8,15,0,0,0,0.0000,0.0000,0.0000,0.0000,0,0,19,0,0,0,0,34,16,500,0,0
899,L,0,8,15,0,0,0,0.0000,0.0000,0.0000,0.0000,0,0,19,0,0,0,0,34,16,500,0,0
900,L,0,8,15,0,0,0,0.0000,0.0000,0.0000,0.0000,0,0,19,0,0,0,0,34,16,500,0,0
901,L,0,8,15,0,0,0,0.0000,0.0000,0.0000,0.0000,0,0,19,0,0,0,0,34,16,500,0,0
902,L,0,8,15,0,0,0,0.0000,0.0000,0.0000,0.0000,0,0,19,0,0,0,0,34,16,500,0,0
903,L,0,8,15,0,0,0,0.0000,0.0000,0.0000,0.0000,0,0,19,0,0,0,0,34,16,500,0,0
904,L,0,8,15,0,0,0,0.0000,0.0000,0.0000,0.0000,0,0,19,0,0,0,0,34,16,500,0,0
905,L,0,8,15,0,0,0,0.0000,0.0000,0.0000,0.0000,0,0,19,0,0,0,0,34,16,500,0,0
906,L,0,8,15,0,0,0,0.0000,0.0000,0.0000,0.0000,0,0,19,0,0,0,0,34,16,500,0,0
907,L,0,8,15,0,0,0,0.0000,0.0000,0.0000,0.0000,0,0,19,0,0,0,0,34,16,500,0,0
908,L,0,8,15,0,0,0,0.0000,0.0000,0.0000,0.0000,0,0,19,0,0,0,0,34,16,500,0,0
909,L,0,8,15,0,0,0,0.0000,0.0000,0.0000,0.0000,0,0,19,0,0,0,0,34,16,500,0,0
910,L,0,8,15,0,0,0,0.0000,0.0000,0.0000,0.0000,0,0,19,0,0,0,0,34,16,500,0,0
911,L,0,8,15,0,0,0,0.0000,0.0000,0.0000,0.0000,0,0,19,0,0,0,0,34,16,500,0,0
912,L,0,8,15,0,0,0,0.0000,0.0000,0.0000,0.0000,0,0,19,0,0,0,0,34,16,500,0,0
913,L,0,8,15,0,0,0,0.0000,0.0000,0.0000,0.0000,0,0,19,0,0,0,0,34,16,500,0,0
914,L,0,8,15,0,0,0,0.0000,0.0000,0.0000,0.0000,0,0,19,0,0,0,0,34,16,500,0,0
915,L,0,8,15,0,0,0,0.0000,0.0000,0.0000,0.0000,0,0,19,0,0,0,0,34,16,500,0,0
916,L,0,8,15,0,0,0,0.0000,0.0000,0.0000,0.0000,0,0,19,0,0,0,0,34,16,500,0,0
917,L,0,8,15,0,0,0,0.0000,0.0000,0.0000,0.0000,0,0,19,0,0,0,0,34,16,500,0,0
918,L,0,8,15,0,0,0,0.0000,0.0000,0.0000,0.0000,0,0,19,0,0,0,0,34,16,500,0,0
919,L,0,8,15,0,0,0,0.0000,0.0000,0.0000,0.0000,0,0,19,0,0,0,0,34,16,500,0,0
920,L,0,8,15,0,0,0,0.0000,0.0000,0.0000,0.0000,0,0,19,0,0,0,0,34,16,500,0,0
921,L,0,8,15,0,0,0,0.0000,0.0000,0.0000,0.0000,0,0,19,0,0,0,0,34,16,500,0,0
922,L,0,8,15,0,0,0,0.0000,0.0000,0.0000,0.0000,0,0,19,0,0,0,0,34,16,500,0,0
923,L,0,8,15,0,0,0,0.0000,0.0000,0.0000,0.0000,0,0,19,0,0,0,0,34,16,500,0,0
924,L,0,8,15,0,0,0,0.0000,0.0000,0.0000,0.0000,0,0,19,0,0,0,0,34,16,500,0,0
925,L,0,8,15,0,0,0,0.0000,0.0000,0.0000,0.0000,0,0,19,0,0,0,0,34,16,500,0,0
926,L,0,8,15,0,0,0,0.0000,0.0000,0.0000,0.0000,0,0,19,0,0,0,0,34,16,500,0,0
927,L,0,8,15,0,0,0,0.0000,0.0000,0.0000,0.0000,0,0,19,0,0,0,0,34,16,500,0,0
928,L,0,8,15,0,0,0,0.0000,0.0000,0.0000,0.0000,0,0,19,0,0,0,0,34,16,500,0,0
929,L,0,8,15,0,0,0,0.0000,0.0000,0.0000,0.0000,0,0,19,0,0,0,0,34,16,500,0,0
930,L,0,8,15,0,0,0,0.0000,0.0000,0.0000,0.0000,0,0,19,0,0,0,0,34,16,500,0,0
931,L,0,8,15,0,0,0,0.0000,0.0000,0.0000,0.0000,0,0,19,0,0,0,0,34,16,500,0,0
932,L,0,8,15,0,0,0,0.0000,0.0000,0.0000,0.0000,0,0,19,0,0,0,0,34,16,500,0,0
933,L,0,8,15,0,0,0,0.0000,0.0000,0.0000,0.0000,0,0,19,0,0,0,0,34,16,500,0,0
934,L,0,8,15,0,0,0,0.0000,0.0000,0.0000,0.0000,0,0,19,0,0,0,0,34,16,500,0,0
935,L,0,8,15,0,0,0,0.0000,0.0000,0.0000,0.0000,0,0,19,0,0,0,0,34,16,500,0,0
936,L,0,8,15,0,0,0,0.0000,0.0000,0.0000,0.0000,0,0,19,0,0,0,0,34,16,500,0,0
937,L,0,8,15,0,0,0,0.0000,0.0000,0.0000,0.0000,0,0,19,0,0,0,0,34,16,500,0,0
938,L,0,8,15,0,0,0,0.0000,0.0000,0.0000,0.0000,0,0,19,0,0,0,0,34,16,500,0,0
939,L,0,8,15,0,0,0,0.0000,0.0000,0.0000,0.0000,0,0,19,0,0,0,0,34,16,500,0,0
940,L,0,8,15,0,0,0,0.0000,0.0000,0.0000,0.0000,0,0,19,0,0,0,0,34,16,500,0,0
941,L,0,8,15,0,0,0,0.0000,0.0000,0.0000,0.0000,0,0,19,0,0,0,0,34,16,500,0,0
942,L,0,8,15,0,0,0,0.0000,0.0000,0.0000,0.0000,0,0,19,0,0,0,0,34,16,500,0,0
943,L,0,8,15,0,0,0,0.0000,0.0000,0.0000,0.0000,0,0,19,0,0,0,0,34,16,500,0,0
944,L,0,8,15,0,0,0,0.0000,0.0000,0.0000,0.0000,0,0,19,0,0,0,0,34,16,500,0,0
945,L,0,8,15,0,0,0,0.0000,0.0000,0.0000,0.0000,0,0,19,0,0,0,0,34,16,500,0,0
946,L,0,8,15,0,0,0,0.0000,0.0000,0.0000,0.0000,0,0,19,0,0,0,0,34,16,500,0,0
947,L,0,8,15,0,0,0,0.0000,0.0000,0.0000,0.0000,0,0,19,0,0,0,0,34,16,500,0,0
948,L,0,8,15,0,0,0,0.0000,0.0000,0.0000,0.0000,0,0,19,0,0,0,0,34,16,500,0,0
949,L,0,8,15,0,0,0,0.0000,0.0000,0.0000,0.0000,0,0,19,0,0,0,0,34,16,500,0,0
950,L,0,8,15,0,0,0,0.0000,0.0000,0.0000,0.0000,0,0,19,0,0,0,0,34,16,500,0,0
951,L,0,8,15,0,0,0,0.0000,0.0000,0.0000,0.0000,0,0,19,0,0,0,0,34,16,500,0,0
952,L,0,8,15,0,0,0,0.0000,0.0000,0.0000,0.0000,0,0,19,0,0,0,0,34,16,500,0,0
953,L,0,8,15,0,0,0,0.0000,0.0000,0.0000,0.0000,0,0,19,0,0,0,0,34,16,500,0,0
954,L,0,8,15,0,0,0,0.0000,0.0000,0.0000,0.0000,0,0,19,0,0,0,0,34,16,500,0,0
955,L,0,8,15,0,0,0,0.0000,0.0000,0.0000,0.0000,0,0,19,0,0,0,0,34,16,500,0,0
956,L,0,8,15,0,0,0,0.0000,0.0000,0.0000,0.0000,0,0,19,0,0,0,0,34,16,500,0,0
957,L,0,8,15,0,0,0,0.0000,0.0000,0.0000,0.0000,0,0,19,0,0,0,0,34,16,500,0,0
958,L,0,8,15,0,0,0,0.0000,0.0000,0.0000,0.0000,0,0,19,0,0,0,0,34,16,500,0,0
959,L,0,8,15,0,0,0,0.0000,0.0000,0.0000,0.0000,0,0,19,0,0,0,0,34,16,500,0,0
960,L,0,8,15,0,0,0,0.0000,0.0000,0.0000,0.0000,0,0,19,0,0,0,0,34,16,500,0,0
961,L,0,8,15,0,0,0,0.0000,0.0000,0.0000,0.0000,0,0,19,0,0,0,0,34,16,500,0,0
962,L,0,8,15,0,0,0,0.0000,0.0000,0.0000,0.0000,0,0,19,0,0,0,0,34,16,500,0,0
963,L,0,8,15,0,0,0,0.0000,0.0000,0.0000,0.0000,0,0,19,0,0,0,0,34,16,500,0,0
964,L,0,8,15,0,0,0,0.0000,0.0000,0.0000,0.0000,0,0,19,0,0,0,0,34,16,500,0,0
965,L,0,8,15,0,0,0,0.0000,0.0000,0.0000,0.0000,0,0,19,0,0,0,0,34,16,500,0,0
966,L,0,8,15,0,0,0,0.0000,0.0000,0.0000,0.0000,0,0,19,0,0,0,0,34,16,500,0,0
967,L,0,8,15,0,0,0,0.0000,0.0000,0.0000,0.0000,0,0,19,0,0,0,0,34,16,500,0,0
968,L,0,8,15,0,0,0,0.0000,0.0000,0.0000,0.0000,0,0,19,0,0,0,0,34,16,500,0,0
969,L,0,8,15,0,0,0,0.0000,0.0000,0.0000,0.0000,0,0,19,0,0,0,0,34,16,500,0,0
970,L,0,8,15,0,0,0,0.0000,0.0000,0.0000,0.0000,0,0,19,0,0,0,0,34,16,500,0,0
971,L,0,8,15,0,0,0,0.0000,0.0000,0.0000,0.0000,0,0,19,0,0,0,0,34,16,500,0,0
972,L,0,8,15,0,0,0,0.0000,0.0000,0.0000,0.0000,0,0,19,0,0,0,0,34,16,500,0,0
973,L,0,8,15,0,0,0,0.0000,0.0000,0.0000,0.0000,0,0,19,0,0,0,0,34,16,500,0,0
974,L,0,8,15,0,0,0,0.0000,0.0000,0.0000,0.0000,0,0,19,0,0,0,0,34,16,500,0,0
975,L,0,8,15,0,0,0,0.0000,0.0000,0.0000,0.0000,0,0,19,0,0,0,0,34,16,500,0,0
976,L,0,8,15,0,0,0,0.0000,0.0000,0.0000,0.0000,0,0,19,0,0,0,0,34,16,500,0,0
977,L,0,8,15,0,0,0,0.0000,0.0000,0.0000,0.0000,0,0,19,0,0,0,0,34,16,500,0,0
978,L,0,8,15,0,0,0,0.0000,0.0000,0.0000,0.0000,0,0,19,0,0,0,0,34,16,500,0,0
979,L,0,8,15,0,0,0,0.0000,0.0000,0.0000,0.0000,0,0,19,0,0,0,0,34,16,500,0,0
980,L,0,8,15,0,0,0,0.0000,0.0000,0.0000,0.0000,0,0,19,0,0,0,0,34,16,500,0,0
981,L,0,8,15,0,0,0,0.0000,0.0000,0.0000,0.0000,0,0,19,0,0,0,0,34,16,500,0,0
982,L,0,8,15,0,0,0,0.0000,0.0000,0.0000,0.0000,0,0,19,0,0,0,0,34,16,500,0,0
983,L,0,8,15,0,0,0,0.0000,0.0000,0.0000,0.0000,0,0,19,0,0,0,0,34,16,500,0,0
984,L,0,8,15,0,0,0,0.0000,0.0000,0.0000,0.0000,0,0,19,0,0,0,0,34,16,500,0,0
985,L,0,8,15,0,0,0,0.0000,0.0000,0.0000,0.0000,0,0,19,0,0,0,0,34,16,500,0,0
986,L,0,8,15,0,0,0,0.0000,0.0000,0.0000,0.0000,0,0,19,0,0,0,0,34,16,500,0,0
987,L,0,8,15,0,0,0,0.0000,0.0000,0.0000,0.0000,0,0,19,0,0,0,0,34,16,500,0,0
988,L,0,8,15,0,0,0,0.0000,0.0000,0.0000,0.0000,0,0,19,0,0,0,0,34,16,500,0,0
989,L,0,8,15,0,0,0,0.0000,0.0000,0.0000,0.0000,0,0,19,0,0,0,0,34,16,500,0,0
990,L,0,8,15,0,0,0,0.0000,0.0000,0.0000,0.0000,0,0,19,0,0,0,0,34,16,500,0,0
991,L,0,8,15,0,0,0,0.0000,0.0000,0.0000,0.0000,0,0,19,0,0,0,0,34,16,500,0,0
992,L,0,8,15,0,0,0,0.0000,0.0000,0.0000,0.0000,0,0,19,0,0,0,0,34,16,500,0,0
993,L,0,8,15,0,0,0,0.0000,0.0000,0.0000,0.0000,0,0,19,0,0,0,0,34,16,500,0,0
994,L,0,8,15,0,0,0,0.0000,0.0000,0.0000,0.0000,0,0,19,0,0,0,0,34,16,500,0,0
995,L,0,8,15,0,0,0,0.0000,0.0000,0.0000,0.0000,0,0,19,0,0,0,0,34,16,500,0,0
996,L,0,8,15,0,0,0,0.0000,0.0000,0.0000,0.0000,0,0,19,0,0,0,0,34,16,500,0,0
997,L,0,8,15,0,0,0,0.0000,0.0000,0.0000,0.0000,0,0,19,0,0,0,0,34,16,500,0,0
998,L,0,8,15,0,0,0,0.0000,0.0000,0.0000,0.0000,0,0,19,0,0,0,0,34,16,500,0,0
999,L,0,8,15,0,0,0,0.0000,0.0000,0.0000,0.0000,0,0,19,0,0,0,0,34,16,500,0,0
1000,L,0,8,15,0,0,0,0.0000,0.0000,0.0000,0.0000,0,0,19,0,0,0,0,34,16,500,0,0
1001,L,0,8,15,0,0,0,0.0000,0.0000,0.0000,0.0000,0,0,19,0,0,0,0,34,16,500,0,0
1002,L,0,8,15,0,0,0,0.0000,0.0000,0.0000,0.0000,0,0,19,0,0,0,0,34,16,500,0,0
1003,L,0,8,15,0,0,0,0.0000,0.0000,0.0000,0.0000,0,0,19,0,0,0,0,34,16,500,0,0
1004,L,0,8,15,0,0,0,0.0000,0.0000,0.0000,0.0000,0,0,19,0,0,0,0,34,16,500,0,0
1005,L,0,8,15,0,0,0,0.0000,0.0000,0.0000,0.0000,0,0,19,0,0,0,0,34,16,500,0,0
1006,L,0,8,15,0,0,0,0.0000,0.0000,0.0000,0.0000,0,0,19,0,0,0,0,34,16,500,0,0
1007,L,0,8,15,0,0,0,0.0000,0.0000,0.0000,0.0000,0,0,19,0,0,0,0,34,16,500,0,0
1008,L,0,8,15,0,0,0,0.0000,0.0000,0.0000,0.0000,0,0,19,0,0,0,0,34,16,500,0,0
1009,L,0,8,15,0,0,0,0.0000,0.0000,0.0000,0.0000,0,0,19,0,0,0,0,34,16,500,0,0
1010,L,0,8,15,0,0,0,0.0000,0.0000,0.0000,0.0000,0,0,19,0,0,0,0,34,16,500,0,0
1011,L,0,8,15,0,0,0,0.0000,0.0000,0.0000,0.0000,0,0,19,0,0,0,0,34,16,500,0,0
1012,L,0,8,15,0,0,0,0.0000,0.0000,0.0000,0.0000,0,0,19,0,0,0,0,34,16,500,0,0
1013,L,0,8,15,0,0,0,0.0000,0.0000,0.0000,0.0000,0,0,19,0,0,0,0,34,16,500,0,0
1014,L,0,8,15,0,0,0,0.0000,0.0000,0.0000,0.0000,0,0,19,0,0,0,0,34,16,500,0,0
1015,L,0,8,15,0,0,0,0.0000,0.0000,0.0000,0.0000,0,0,19,0,0,0,0,34,16,500,0,0
1016,L,0,8,15,0,0,0,0.0000,0.0000,0.0000,0.0000,0,0,19,0,0,0,0,34,16,500,0,0
1017,L,0,8,15,0,0,0,0.0000,0.0000,0.0000,0.0000,0,0,19,0,0,0,0,34,16,500,0,0
1018,L,0,8,15,0,0,0,0.0000,0.0000,0.0000,0.0000,0,0,19,0,0,0,0,34,16,500,0,0
1019,L,0,8,15,0,0,0,0.0000,0.0000,0.0000,0.0000,0,0,19,0,0,0,0,34,16,500,0,0
1020,L,0,8,15,0,0,0,0.0000,0.0000,0.0000,0.0000,0,0,19,0,0,0,0,34,16,500,0,0
1021,L,0,8,15,0,0,0,0.0000,0.0000,0.0000,0.0000,0,0,19,0,0,0,0,34,16,500,0,0
1022,L,0,8,15,0,0,0,0.0000,0.0000,0.0000,0.0000,0,0,19,0,0,0,0,34,16,500,0,0
1023,L,0,8,15,0,0,0,0.0000,0.0000,0.0000,0.0000,0,0,19,0,0,0,0,34,16,500,0,0
1024,L,0,8,15,0,0,0,0.0000,0.0000,0.0000,0.0000,0,0,19,0,0,0,0,34,16,500,0,0
1025,L,0,8,15,0,0,0,0.0000,0.0000,0.0000,0.0000,0,0,19,0,0,0,0,34,16,500,0,0
1026,L,0,8,15,0,0,0,0.0000,0.0000,0.0000,0.0000,0,0,19,0,0,0,0,34,16,500,0,0
1027,L,0,8,15,0,0,0,0.0000,0.0000,0.0000,0.0000,0,0,19,0,0,0,0,34,16,500,0,0
1028,L,0,8,15,0,0,0,0.0000,0.0000,0.0000,0.0000,0,0,19,0,0,0,0,34,16,500,0,0
1029,L,0,8,15,0,0,0,0.0000,0.0000,0.0000,0.0000,0,0,19,0,0,0,0,34,16,500,0,0
1030,L,0,8,15,0,0,0,0.0000,0.0000,0.0000,0.0000,0,0,19,0,0,0,0,34,16,500,0,0
1031,L,0,8,15,0,0,0,0.0000,0.0000,0.0000,0.0000,0,0,19,0,0,0,0,34,16,500,0,0
1032,L,0,8,15,0,0,0,0.0000,0.0000,0.0000,0.0000,0,0,19,0,0,0,0,34,16,500,0,0
1033,L,0,8,15,0,0,0,0.0000,0.0000,0.0000,0.0000,0,0,19,0,0,0,0,34,16,500,0,0
1034,L,0,8,15,0,0,0,0.0000,0.0000,0.0000,0.0000,0,0,19,0,0,0,0,34,16,500,0,0
1035,L,0,8,15,0,0,0,0.0000,0.0000,0.0000,0.0000,0,0,19,0,0,0,0,34,16,500,0,0
1036,L,0,8,15,0,0,0,0.0000,0.0000,0.0000,0.0000,0,0,19,0,0,0,0,34,16,500,0,0
1037,L,0,8,15,0,0,0,0.0000,0.0000,0.0000,0.0000,0,0,19,0,0,0,0,34,16,500,0,0
1038,L,0,8,15,0,0,0,0.0000,0.0000,0.0000,0.0000,0,0,19,0,0,0,0,34,16,500,0,0
1039,L,0,8,15,0,0,0,0.0000,0.0000,0.0000,0.0000,0,0,19,0,0,0,0,34,16,500,0,0
1040,L,0,8,15,0,0,0,0.0000,0.0000,0.0000,0.0000,0,0,19,0,0,0,0,34,16,500,0,0
1041,L,0,8,15,0,0,0,0.0000,0.0000,0.0000,0.0000,0,0,19,0,0,0,0,34,16,500,0,0
1042,L,0,8,15,0,0,0,0.0000,0.0000,0.0000,0.0000,0,0,19,0,0,0,0,34,16,500,0,0
1043,L,0,8,15,0,0,0,0.0000,0.0000,0.0000,0.0000,0,0,19,0,0,0,0,34,16,500,0,0
1044,L,0,8,15,0,0,0,0.0000,0.0000,0.0000,0.0000,0,0,19,0,0,0,0,34,16,500,0,0
1045,L,0,8,15,0,0,0,0.0000,0.0000,0.0000,0.0000,0,0,19,0,0,0,0,34,16,500,0,0
1046,L,0,8,15,0,0,0,0.0000,0.0000,0.0000,0.0000,0,0,19,0,0,0,0,34,16,500,0,0
1047,L,0,8,15,0,0,0,0.0000,0.0000,0.0000,0.0000,0,0,19,0,0,0,0,34,16,500,0,0
1048,L,0,8,15,0,0,0,0.0000,0.0000,0.0000,0.0000,0,0,19,0,0,0,0,34,16,500,0,0
1049,L,0,8,15,0,0,0,0.0000,0.0000,0.0000,0.0000,0,0,19,0,0,0,0,34,16,500,0,0
1050,L,0,8,15,0,0,0,0.0000,0.0000,0.0000,0.0000,0,0,19,0,0,0,0,34,16,500,0,0
1051,L,0,8,15,0,0,0,0.0000,0.0000,0.0000,0.0000,0,0,19,0,0,0,0,34,16,500,0,0
1052,L,0,8,15,0,0,0,0.0000,0.0000,0.0000,0.0000,0,0,19,0,0,0,0,34,16,500,0,0
1053,L,0,8,15,0,0,0,0.0000,0.0000,0.0000,0.0000,0,0,19,0,0,0,0,34,16,500,0,0
1054,L,0,8,15,0,0,0,0.0000,0.0000,0.0000,0.0000,0,0,19,0,0,0,0,34,16,500,0,0
1055,L,0,8,15,0,0,0,0.0000,0.0000,0.0000,0.0000,0,0,19,0,0,0,0,34,16,500,0,0
1056,L,0,8,15,0,0,0,0.0000,0.0000,0.0000,0.0000,0,0,19,0,0,0,0,34,16,500,0,0
1057,L,0,8,15,0,0,0,0.0000,0.0000,0.0000,0.0000,0,0,19,0,0,0,0,34,16,500,0,0
1058,L,0,8,15,0,0,0,0.0000,0.0000,0.0000,0.0000,0,0,19,0,0,0,0,34,16,500,0,0
1059,L,0,8,15,0,0,0,0.0000,0.0000,0.0000,0.0000,0,0,19,0,0,0,0,34,16,500,0,0
1060,L,0,8,15,0,0,0,0.0000,0.0000,0.0000,0.0000,0,0,19,0,0,0,0,34,16,500,0,0
1061,L,0,8,15,0,0,0,0.0000,0.0000,0.0000,0.0000,0,0,19,0,0,0,0,34,16,500,0,0
1062,L,0,8,15,0,0,0,0.0000,0.0000,0.0000,0.0000,0,0,19,0,0,0,0,34,16,500,0,0
1063,L,0,8,15,0,0,0,0.0000,0.0000,0.0000,0.0000,0,0,19,0,0,0,0,34,16,500,0,0
1064,L,0,8,15,0,0,0,0.0000,0.0000,0.0000,0.0000,0,0,19,0,0,0,0,34,16,500,0,0
1065,L,0,8,15,0,0,0,0.0000,0.0000,0.0000,0.0000,0,0,19,0,0,0,0,34,16,500,0,0
1066,L,0,8,15,0,0,0,0.0000,0.0000,0.0000,0.0000,0,0,19,0,0,0,0,34,16,500,0,0
1067,L,0,8,15,0,0,0,0.0000,0.0000,0.0000,0.0000,0,0,19,0,0,0,0,34,16,500,0,0
1068,L,0,8,15,0,0,0,0.0000,0.0000,0.0000,0.0000,0,0,19,0,0,0,0,34,16,500,0,0
1069,L,0,8,15,0,0,0,0.0000,0.0000,0.0000,0.0000,0,0,19,0,0,0,0,34,16,500,0,0
1070,L,0,8,15,0,0,0,0.0000,0.0000,0.0000,0.0000,0,0,19,0,0,0,0,34,16,500,0,0
1071,L,0,8,15,0,0,0,0.0000,0.0000,0.0000,0.0000,0,0,19,0,0,0,0,34,16,500,0,0
1072,L,0,8,15,0,0,0,0.0000,0.0000,0.0000,0.0000,0,0,19,0,0,0,0,34,16,500,0,0
1073,L,0,8,15,0,0,0,0.0000,0.0000,0.0000,0.0000,0,0,19,0,0,0,0,34,16,500,0,0
1074,L,0,8,15,0,0,0,0.0000,0.0000,0.0000,0.0000,0,0,19,0,0,0,0,34,16,500,0,0
1075,L,0,8,15,0,0,0,0.0000,0.0000,0.0000,0.0000,0,0,19,0,0,0,0,34,16,500,0,0
1076,L,0,8,15,0,0,0,0.0000,0.0000,0.0000,0.0000,0,0,19,0,0,0,0,34,16,500,0,0
1077,L,0,8,15,0,0,0,0.0000,0.0000,0.0000,0.0000,0,0,19,0,0,0,0,34,16,500,0,0
1078,L,0,8,15,0,0,0,0.0000,0.0000,0.0000,0.0000,0,0,19,0,0,0,0,34,16,500,0,0
1079,L,0,8,15,0,0,0,0.0000,0.0000,0.0000,0.0000,0,0,19,0,0,0,0,34,16,500,0,0
1080,L,0,8,15,0,0,0,0.0000,0.0000,0.0000,0.0000,0,0,19,0,0,0,0,34,16,500,0,0
1081,L,0,8,15,0,0,0,0.0000,0.0000,0.0000,0.0000,0,0,19,0,0,0,0,34,16,500,0,0
1082,L,0,8,15,0,0,0,0.0000,0.0000,0.0000,0.0000,0,0,19,0,0,0,0,34,16,500,0,0
1083,L,0,8,15,0,0,0,0.0000,0.0000,0.0000,0.0000,0,0,19,0,0,0,0,34,16,500,0,0
1084,L,0,8,15,0,0,0,0.0000,0.0000,0.0000,0.0000,0,0,19,0,0,0,0,34,16,500,0,0
1085,L,0,8,15,0,0,0,0.0000,0.0000,0.0000,0.0000,0,0,19,0,0,0,0,34,16,500,0,0
1086,L,0,8,15,0,0,0,0.0000,0.0000,0.0000,0.0000,0,0,19,0,0,0,0,34,16,500,0,0
1087,L,0,8,15,0,0,0,0.0000,0.0000,0.0000,0.0000,0,0,19,0,0,0,0,34,16,500,0,0
1088,L,0,8,15,0,0,0,0.0000,0.0000,0.0000,0.0000,0,0,19,0,0,0,0,34,16,500,0,0
1089,L,0,8,15,0,0,0,0.0000,0.0000,0.0000,0.0000,0,0,19,0,0,0,0,34,16,500,0,0
1090,L,0,8,15,0,0,0,0.0000,0.0000,0.0000,0.0000,0,0,19,0,0,0,0,34,16,500,0,0
1091,L,0,8,15,0,0,0,0.0000,0.0000,0.0000,0.0000,0,0,19,0,0,0,0,34,16,500,0,0
1092,L,0,8,15,0,0,0,0.0000,0.0000,0.0000,0.0000,0,0,19,0,0,0,0,34,16,500,0,0
1093,L,0,8,15,0,0,0,0.0000,0.0000,0.0000,0.0000,0,0,19,0,0,0,0,34,16,500,0,0
1094,L,0,8,15,0,0,0,0.0000,0.0000,0.0000,0.0000,0,0,19,0,0,0,0,34,16,500,0,0
1095,L,0,8,15,0,0,0,0.0000,0.0000,0.0000,0.0000,0,0,19,0,0,0,0,34,16,500,0,0
1096,L,0,8,15,0,0,0,0.0000,0.0000,0.0000,0.0000,0,0,19,0,0,0,0,34,16,500,0,0
1097,L,0,8,15,0,0,0,0.0000,0.0000,0.0000,0.0000,0,0,19,0,0,0,0,34,16,500,0,0
1098,L,0,8,15,0,0,0,0.0000,0.0000,0.0000,0.0000,0,0,19,0,0,0,0,34,16,500,0,0
1099,L,0,8,15,0,0,0,0.0000,0.0000,0.0000,0.0000,0,0,19,0,0,0,0,34,16,500,0,0
1100,L,0,8,15,0,0,0,0.0000,0.0000,0.0000,0.0000,0,0,19,0,0,0,0,34,16,500,0,0
1101,L,0,8,15,0,0,0,0.0000,0.0000,0.0000,0.0000,0,0,19,0,0,0,0,34,16,500,0,0
1102,L,0,8,15,0,0,0,0.0000,0.0000,0.0000,0.0000,0,0,19,0,0,0,0,34,16,500,0,0
1103,L,0,8,15,0,0,0,0.0000,0.0000,0.0000,0.0000,0,0,19,0,0,0,0,34,16,500,0,0
1104,L,0,8,15,0,0,0,0.0000,0.0000,0.0000,0.0000,0,0,19,0,0,0,0,34,16,500,0,0
1105,L,0,8,15,0,0,0,0.0000,0.0000,0.0000,0.0000,0,0,19,0,0,0,0,34,16,500,0,0
1106,L,0,8,15,0,0,0,0.0000,0.0000,0.0000,0.0000,0,0,19,0,0,0,0,34,16,500,0,0
1107,L,0,8,15,0,0,0,0.0000,0.0000,0.0000,0.0000,0,0,19,0,0,0,0,34,16,500,0,0
1108,L,0,8,15,0,0,0,0.0000,0.0000,0.0000,0.0000,0,0,19,0,0,0,0,34,16,500,0,0
1109,L,0,8,15,0,0,0,0.0000,0.0000,0.0000,0.0000,0,0,19,0,0,0,0,34,16,500,0,0
1110,L,0,8,15,0,0,0,0.0000,0.0000,0.0000,0.0000,0,0,19,0,0,0,0,34,16,500,0,0
1111,L,0,8,15,0,0,0,0.0000,0.0000,0.0000,0.0000,0,0,19,0,0,0,0,34,16,500,0,0
1112,L,0,8,15,0,0,0,0.0000,0.0000,0.0000,0.0000,0,0,19,0,0,0,0,34,16,500,0,0
1113,L,0,8,15,0,0,0,0.0000,0.0000,0.0000,0.0000,0,0,19,0,0,0,0,34,16,500,0,0
1114,L,0,8,15,0,0,0,0.0000,0.0000,0.0000,0.0000,0,0,19,0,0,0,0,34,16,500,0,0
1115,L,0,8,15,0,0,0,0.0000,0.0000,0.0000,0.0000,0,0,19,0,0,0,0,34,16,500,0,0
1116,L,0,8,15,0,0,0,0.0000,0.0000,0.0000,0.0000,0,0,19,0,0,0,0,34,16,500,0,0
1117,L,0,8,15,0,0,0,0.0000,0.0000,0.0000,0.0000,0,0,19,0,0,0,0,34,16,500,0,0
1118,L,0,8,15,0,0,0,0.0000,0.0000,0.0000,0.0000,0,0,19,0,0,0,0,34,16,500,0,0
1119,L,0,8,15,0,0,0,0.0000,0.0000,0.0000,0.0000,0,0,19,0,0,0,0,34,16,500,0,0
1120,L,0,8,15,0,0,0,0.0000,0.0000,0.0000,0.0000,0,0,19,0,0,0,0,34,16,500,0,0
1121,L,0,8,15,0,0,0,0.0000,0.0000,0.0000,0.0000,0,0,19,0,0,0,0,34,16,500,0,0
1122,L,0,8,15,0,0,0,0.0000,0.0000,0.0000,0.0000,0,0,19,0,0,0,0,34,16,500,0,0
1123,L,0,8,15,0,0,0,0.0000,0.0000,0.0000,0.0000,0,0,19,0,0,0,0,34,16,500,0,0
1124,L,0,8,15,0,0,0,0.0000,0.0000,0.0000,0.0000,0,0,19,0,0,0,0,34,16,500,0,0
1125,L,0,8,15,0,0,0,0.0000,0.0000,0.0000,0.0000,0,0,19,0,0,0,0,34,16,500,0,0
1126,L,0,8,15,0,0,0,0.0000,0.0000,0.0000,0.0000,0,0,19,0,0,0,0,34,16,500,0,0
1127,L,0,8,15,0,0,0,0.0000,0.0000,0.0000,0.0000,0,0,19,0,0,0,0,34,16,500,0,0
1128,L,0,8,15,0,0,0,0.0000,0.0000,0.0000,0.0000,0,0,19,0,0,0,0,34,16,500,0,0
1129,L,0,8,15,0,0,0,0.0000,0.0000,0.0000,0.0000,0,0,19,0,0,0,0,34,16,500,0,0
1130,L,0,8,15,0,0,0,0.0000,0.0000,0.0000,0.0000,0,0,19,0,0,0,0,34,16,500,0,0
1131,L,0,8,15,0,0,0,0.0000,0.0000,0.0000,0.0000,0,0,19,0,0,0,0,34,16,500,0,0
1132,L,0,8,15,0,0,0,0.0000,0.0000,0.0000,0.0000,0,0,19,0,0,0,0,34,16,500,0,0
1133,L,0,8,15,0,0,0,0.0000,0.0000,0.0000,0.0000,0,0,19,0,0,0,0,34,16,500,0,0
1134,L,0,8,15,0,0,0,0.0000,0.0000,0.0000,0.0000,0,0,19,0,0,0,0,34,16,500,0,0
1135,L,0,8,15,0,0,0,0.0000,0.0000,0.0000,0.0000,0,0,19,0,0,0,0,34,16,500,0,0
1136,L,0,8,15,0,0,0,0.0000,0.0000,0.0000,0.0000,0,0,19,0,0,0,0,34,16,500,0,0
1137,L,0,8,15,0,0,0,0.0000,0.0000,0.0000,0.0000,0,0,19,0,0,0,0,34,16,500,0,0
1138,L,0,8,15,0,0,0,0.0000,0.0000,0.0000,0.0000,0,0,19,0,0,0,0,34,16,500,0,0
1139,L,0,8,15,0,0,0,0.0000,0.0000,0.0000,0.0000,0,0,19,0,0,0,0,34,16,500,0,0
1140,L,0,8,15,0,0,0,0.0000,0.0000,0.0000,0.0000,0,0,19,0,0,0,0,34,16,500,0,0
1141,L,0,8,15,0,0,0,0.0000,0.0000,0.0000,0.0000,0,0,19,0,0,0,0,34,16,500,0,0
1142,L,0,8,15,0,0,0,0.0000,0.0000,0.0000,0.0000,0,0,19,0,0,0,0,34,16,500,0,0
1143,L,0,8,15,0,0,0,0.0000,0.0000,0.0000,0.0000,0,0,19,0,0,0,0,34,16,500,0,0
1144,L,0,8,15,0,0,0,0.0000,0.0000,0.0000,0.0000,0,0,19,0,0,0,0,34,16,500,0,0
1145,L,0,8,15,0,0,0,0.0000,0.0000,0.0000,0.0000,0,0,19,0,0,0,0,34,16,500,0,0
1146,L,0,8,15,0,0,0,0.0000,0.0000,0.0000,0.0000,0,0,19,0,0,0,0,34,16,500,0,0
1147,L,0,8,15,0,0,0,0.0000,0.0000,0.0000,0.0000,0,0,19,0,0,0,0,34,16,500,0,0
1148,L,0,8,15,0,0,0,0.0000,0.0000,0.0000,0.0000,0,0,19,0,0,0,0,34,16,500,0,0
1149,L,0,8,15,0,0,0,0.0000,0.0000,0.0000,0.0000,0,0,19,0,0,0,0,34,16,500,0,0
1150,L,0,8,15,0,0,0,0.0000,0.0000,0.0000,0.0000,0,0,19,0,0,0,0,34,16,500,0,0
1151,L,0,8,15,0,0,0,0.0000,0.0000,0.0000,0.0000,0,0,19,0,0,0,0,34,16,500,0,0
1152,L,0,8,15,0,0,0,0.0000,0.0000,0.0000,0.0000,0,0,19,0,0,0,0,34,16,500,0,0
1153,L,0,8,15,0,0,0,0.0000,0.0000,0.0000,0.0000,0,0,19,0,0,0,0,34,16,500,0,0
1154,L,0,8,15,0,0,0,0.0000,0.0000,0.0000,0.0000,0,0,19,0,0,0,0,34,16,500,0,0
1155,L,0,8,15,0,0,0,0.0000,0.0000,0.0000,0.0000,0,0,19,0,0,0,0,34,16,500,0,0
1156,L,0,8,15,0,0,0,0.0000,0.0000,0.0000,0.0000,0,0,19,0,0,0,0,34,16,500,0,0
1157,L,0,8,15,0,0,0,0.0000,0.0000,0.0000,0.0000,0,0,19,0,0,0,0,34,16,500,0,0
1158,L,0,8,15,0,0,0,0.0000,0.0000,0.0000,0.0000,0,0,19,0,0,0,0,34,16,500,0,0
1159,L,0,8,15,0,0,0,0.0000,0.0000,0.0000,0.0000,0,0,19,0,0,0,0,34,16,500,0,0
1160,L,0,8,15,0,0,0,0.0000,0.0000,0.0000,0.0000,0,0,19,0,0,0,0,34,16,500,0,0
1161,L,0,8,15,0,0,0,0.0000,0.0000,0.0000,0.0000,0,0,19,0,0,0,0,34,16,500,0,0
1162,L,0,8,15,0,0,0,0.0000,0.0000,0.0000,0.0000,0,0,19,0,0,0,0,34,16,500,0,0
1163,L,0,8,15,0,0,0,0.0000,0.0000,0.0000,0.0000,0,0,19,0,0,0,0,34,16,500,0,0
1164,L,0,8,15,0,0,0,0.0000,0.0000,0.0000,0.0000,0,0,19,0,0,0,0,34,16,500,0,0
1165,L,0,8,15,0,0,0,0.0000,0.0000,0.0000,0.0000,0,0,19,0,0,0,0,34,16,500,0,0
1166,L,0,8,15,0,0,0,0.0000,0.0000,0.0000,0.0000,0,0,19,0,0,0,0,34,16,500,0,0
1167,L,0,8,15,0,0,0,0.0000,0.0000,0.0000,0.0000,0,0,19,0,0,0,0,34,16,500,0,0
1168,L,0,8,15,0,0,0,0.0000,0.0000,0.0000,0.0000,0,0,19,0,0,0,0,34,16,500,0,0
1169,L,0,8,15,0,0,0,0.0000,0.0000,0.0000,0.0000,0,0,19,0,0,0,0,34,16,500,0,0
1170,L,0,8,15,0,0,0,0.0000,0.0000,0.0000,0.0000,0,0,19,0,0,0,0,34,16,500,0,0
1171,L,0,8,15,0,0,0,0.0000,0.0000,0.0000,0.0000,0,0,19,0,0,0,0,34,16,500,0,0
1172,L,0,8,15,0,0,0,0.0000,0.0000,0.0000,0.0000,0,0,19,0,0,0,0,34,16,500,0,0
1173,L,0,8,15,0,0,0,0.0000,0.0000,0.0000,0.0000,0,0,19,0,0,0,0,34,16,500,0,0
1174,L,0,8,15,0,0,0,0.0000,0.0000,0.0000,0.0000,0,0,19,0,0,0,0,34,16,500,0,0
1175,L,0,8,15,0,0,0,0.0000,0.0000,0.0000,0.0000,0,0,19,0,0,0,0,34,16,500,0,0
1176,L,0,8,15,0,0,0,0.0000,0.0000,0.0000,0.0000,0,0,19,0,0,0,0,34,16,500,0,0
1177,L,0,8,15,0,0,0,0.0000,0.0000,0.0000,0.0000,0,0,19,0,0,0,0,34,16,500,0,0
1178,L,0,8,15,0,0,0,0.0000,0.0000,0.0000,0.0000,0,0,19,0,0,0,0,34,16,500,0,0
1179,L,0,8,15,0,0,0,0.0000,0.0000,0.0000,0.0000,0,0,19,0,0,0,0,34,16,500,0,0
1180,L,0,8,15,0,0,0,0.0000,0.0000,0.0000,0.0000,0,0,19,0,0,0,0,34,16,500,0,0
1181,L,0,8,15,0,0,0,0.0000,0.0000,0.0000,0.0000,0,0,19,0,0,0,0,34,16,500,0,0
1182,L,0,8,15,0,0,0,0.0000,0.0000,0.0000,0.0000,0,0,19,0,0,0,0,34,16,500,0,0
1183,L,0,8,15,0,0,0,0.0000,0.0000,0.0000,0.0000,0,0,19,0,0,0,0,34,16,500,0,0
1184,L,0,8,15,0,0,0,0.0000,0.0000,0.0000,0.0000,0,0,19,0,0,0,0,34,16,500,0,0
1185,L,0,8,15,0,0,0,0.0000,0.0000,0.0000,0.0000,0,0,19,0,0,0,0,34,16,500,0,0
1186,L,0,8,15,0,0,0,0.0000,0.0000,0.0000,0.0000,0,0,19,0,0,0,0,34,16,500,0,0
1187,L,0,8,15,0,0,0,0.0000,0.0000,0.0000,0.0000,0,0,19,0,0,0,0,34,16,500,0,0
1188,L,0,8,15,0,0,0,0.0000,0.0000,0.0000,0.0000,0,0,19,0,0,0,0,34,16,500,0,0
1189,L,0,8,15,0,0,0,0.0000,0.0000,0.0000,0.0000,0,0,19,0,0,0,0,34,16,500,0,0
1190,L,0,8,15,0,0,0,0.0000,0.0000,0.0000,0.0000,0,0,19,0,0,0,0,34,16,500,0,0
1191,L,0,8,15,0,0,0,0.0000,0.0000,0.0000,0.0000,0,0,19,0,0,0,0,34,16,500,0,0
1192,L,0,8,15,0,0,0,0.0000,0.0000,0.0000,0.0000,0,0,19,0,0,0,0,34,16,500,0,0
1193,L,0,8,15,0,0,0,0.0000,0.0000,0.0000,0.0000,0,0,19,0,0,0,0,34,16,500,0,0
1194,L,0,8,15,0,0,0,0.0000,0.0000,0.0000,0.0000,0,0,19,0,0,0,0,34,16,500,0,0
1195,L,0,8,15,0,0,0,0.0000,0.0000,0.0000,0.0000,0,0,19,0,0,0,0,34,16,500,0,0
1196,L,0,8,15,0,0,0,0.0000,0.0000,0.0000,0.0000,0,0,19,0,0,0,0,34,16,500,0,0
1197,L,0,8,15,0,0,0,0.0000,0.0000,0.0000,0.0000,0,0,19,0,0,0,0,34,16,500,0,0
1198,L,0,8,15,0,0,0,0.0000,0.0000,0.0000,0.0000,0,0,19,0,0,0,0,34,16,500,0,0
1199,L,0,8,15,0,0,0,0.0000,0.0000,0.0000,0.0000,0,0,19,0,0,0,0,34,16,500,0,0
1200,L,0,8,15,0,0,0,0.0000,0.0000,0.0000,0.0000,0,0,19,0,0,0,0,34,16,500,0,0
1201,L,0,8,15,0,0,0,0.0000,0.0000,0.0000,0.0000,0,0,19,0,0,0,0,34,16,500,0,0
1202,L,0,8,15,0,0,0,0.0000,0.0000,0.0000,0.0000,0,0,19,0,0,0,0,34,16,500,0,0
1203,L,0,8,15,0,0,0,0.0000,0.0000,0.0000,0.0000,0,0,19,0,0,0,0,34,16,500,0,0
1204,L,0,8,15,0,0,0,0.0000,0.0000,0.0000,0.0000,0,0,19,0,0,0,0,34,16,500,0,0
1205,L,0,8,15,0,0,0,0.0000,0.0000,0.0000,0.0000,0,0,19,0,0,0,0,34,16,500,0,0
1206,L,0,8,15,0,0,0,0.0000,0.0000,0.0000,0.0000,0,0,19,0,0,0,0,34,16,500,0,0
1207,L,0,8,15,0,0,0,0.0000,0.0000,0.0000,0.0000,0,0,19,0,0,0,0,34,16,500,0,0
1208,L,0,8,15,0,0,0,0.0000,0.0000,0.0000,0.0000,0,0,19,0,0,0,0,34,16,500,0,0
1209,L,0,8,15,0,0,0,0.0000,0.0000,0.0000,0.0000,0,0,19,0,0,0,0,34,16,500,0,0
1210,L,0,8,15,0,0,0,0.0000,0.0000,0.0000,0.0000,0,0,19,0,0,0,0,34,16,500,0,0
1211,L,0,8,15,0,0,0,0.0000,0.0000,0.0000,0.0000,0,0,19,0,0,0,0,34,16,500,0,0
1212,L,0,8,15,0,0,0,0.0000,0.0000,0.0000,0.0000,0,0,19,0,0,0,0,34,16,500,0,0
1213,L,0,8,15,0,0,0,0.0000,0.0000,0.0000,0.0000,0,0,19,0,0,0,0,34,16,500,0,0
1214,L,0,8,15,0,0,0,0.0000,0.0000,0.0000,0.0000,0,0,19,0,0,0,0,34,16,500,0,0
1215,L,0,8,15,0,0,0,0.0000,0.0000,0.0000,0.0000,0,0,19,0,0,0,0,34,16,500,0,0
1216,L,0,8,15,0,0,0,0.0000,0.0000,0.0000,0.0000,0,0,19,0,0,0,0,34,16,500,0,0
1217,L,0,8,15,0,0,0,0.0000,0.0000,0.0000,0.0000,0,0,19,0,0,0,0,34,16,500,0,0
1218,L,0,8,15,0,0,0,0.0000,0.0000,0.0000,0.0000,0,0,19,0,0,0,0,34,16,500,0,0
1219,L,0,8,15,0,0,0,0.0000,0.0000,0.0000,0.0000,0,0,19,0,0,0,0,34,16,500,0,0
1220,L,0,8,15,0,0,0,0.0000,0.0000,0.0000,0.0000,0,0,19,0,0,0,0,34,16,500,0,0
1221,L,0,8,15,0,0,0,0.0000,0.0000,0.0000,0.0000,0,0,19,0,0,0,0,34,16,500,0,0
1222,L,0,8,15,0,0,0,0.0000,0.0000,0.0000,0.0000,0,0,19,0,0,0,0,34,16,500,0,0
1223,L,0,8,15,0,0,0,0.0000,0.0000,0.0000,0.0000,0,0,19,0,0,0,0,34,16,500,0,0
1224,L,0,8,15,0,0,0,0.0000,0.0000,0.0000,0.0000,0,0,19,0,0,0,0,34,16,500,0,0
1225,L,0,8,15,0,0,0,0.0000,0.0000,0.0000,0.0000,0,0,19,0,0,0,0,34,16,500,0,0
1226,L,0,8,15,0,0,0,0.0000,0.0000,0.0000,0.0000,0,0,19,0,0,0,0,34,16,500,0,0
1227,L,0,8,15,0,0,0,0.0000,0.0000,0.0000,0.0000,0,0,19,0,0,0,0,34,16,500,0,0
1228,L,0,8,15,0,0,0,0.0000,0.0000,0.0000,0.0000,0,0,19,0,0,0,0,34,16,500,0,0
1229,L,0,8,15,0,0,0,0.0000,0.0000,0.0000,0.0000,0,0,19,0,0,0,0,34,16,500,0,0
1230,L,0,8,15,0,0,0,0.0000,0.0000,0.0000,0.0000,0,0,19,0,0,0,0,34,16,500,0,0
1231,L,0,8,15,0,0,0,0.0000,0.0000,0.0000,0.0000,0,0,19,0,0,0,0,34,16,500,0,0
1232,L,0,8,15,0,0,0,0.0000,0.0000,0.0000,0.0000,0,0,19,0,0,0,0,34,16,500,0,0
1233,L,0,8,15,0,0,0,0.0000,0.0000,0.0000,0.0000,0,0,19,0,0,0,0,34,16,500,0,0
1234,L,0,8,15,0,0,0,0.0000,0.0000,0.0000,0.0000,0,0,19,0,0,0,0,34,16,500,0,0
1235,L,0,8,15,0,0,0,0.0000,0.0000,0.0000,0.0000,0,0,19,0,0,0,0,34,16,500,0,0
1236,L,0,8,15,0,0,0,0.0000,0.0000,0.0000,0.0000,0,0,19,0,0,0,0,34,16,500,0,0
1237,L,0,8,15,0,0,0,0.0000,0.0000,0.0000,0.0000,0,0,19,0,0,0,0,34,16,500,0,0
1238,L,0,8,15,0,0,0,0.0000,0.0000,0.0000,0.0000,0,0,19,0,0,0,0,34,16,500,0,0
1239,L,0,8,15,0,0,0,0.0000,0.0000,0.0000,0.0000,0,0,19,0,0,0,0,34,16,500,0,0
1240,L,0,8,15,0,0,0,0.0000,0.0000,0.0000,0.0000,0,0,19,0,0,0,0,34,16,500,0,0
1241,L,0,8,15,0,0,0,0.0000,0.0000,0.0000,0.0000,0,0,19,0,0,0,0,34,16,500,0,0
1242,L,0,8,15,0,0,0,0.0000,0.0000,0.0000,0.0000,0,0,19,0,0,0,0,34,16,500,0,0
1243,L,0,8,15,0,0,0,0.0000,0.0000,0.0000,0.0000,0,0,19,0,0,0,0,34,16,500,0,0
1244,L,0,8,15,0,0,0,0.0000,0.0000,0.0000,0.0000,0,0,19,0,0,0,0,34,16,500,0,0
1245,L,0,8,15,0,0,0,0.0000,0.0000,0.0000,0.0000,0,0,19,0,0,0,0,34,16,500,0,0
1246,L,0,8,15,0,0,0,0.0000,0.0000,0.0000,0.0000,0,0,19,0,0,0,0,34,16,500,0,0
1247,L,0,8,15,0,0,0,0.0000,0.0000,0.0000,0.0000,0,0,19,0,0,0,0,34,16,500,0,0
1248,L,0,8,15,0,0,0,0.0000,0.0000,0.0000,0.0000,0,0,19,0,0,0,0,34,16,500,0,0
1249,L,0,8,15,0,0,0,0.0000,0.0000,0.0000,0.0000,0,0,19,0,0,0,0,34,16,500,0,0
1250,L,0,8,15,0,0,0,0.0000,0.0000,0.0000,0.0000,0,0,19,0,0,0,0,34,16,500,0,0
1251,L,0,8,15,0,0,0,0.0000,0.0000,0.0000,0.0000,0,0,19,0,0,0,0,34,16,500,0,0
1252,L,0,8,15,0,0,0,0.0000,0.0000,0.0000,0.0000,0,0,19,0,0,0,0,34,16,500,0,0
1253,L,0,8,15,0,0,0,0.0000,0.0000,0.0000,0.0000,0,0,19,0,0,0,0,34,16,500,0,0
1254,L,0,8,15,0,0,0,0.0000,0.0000,0.0000,0.0000,0,0,19,0,0,0,0,34,16,500,0,0
1255,L,0,8,15,0,0,0,0.0000,0.0000,0.0000,0.0000,0,0,19,0,0,0,0,34,16,500,0,0
1256,L,0,8,15,0,0,0,0.0000,0.0000,0.0000,0.0000,0,0,19,0,0,0,0,34,16,500,0,0
1257,L,0,8,15,0,0,0,0.0000,0.0000,0.0000,0.0000,0,0,19,0,0,0,0,34,16,500,0,0
1258,L,0,8,15,0,0,0,0.0000,0.0000,0.0000,0.0000,0,0,19,0,0,0,0,34,16,500,0,0
1259,L,0,8,15,0,0,0,0.0000,0.0000,0.0000,0.0000,0,0,19,0,0,0,0,34,16,500,0,0
1260,L,0,8,15,0,0,0,0.0000,0.0000,0.0000,0.0000,0,0,19,0,0,0,0,34,16,500,0,0
1261,L,0,8,15,0,0,0,0.0000,0.0000,0.0000,0.0000,0,0,19,0,0,0,0,34,16,500,0,0
1262,L,0,8,15,0,0,0,0.0000,0.0000,0.0000,0.0000,0,0,19,0,0,0,0,34,16,500,0,0
1263,L,0,8,15,0,0,0,0.0000,0.0000,0.0000,0.0000,0,0,19,0,0,0,0,34,16,500,0,0
1264,L,0,8,15,0,0,0,0.0000,0.0000,0.0000,0.0000,0,0,19,0,0,0,0,34,16,500,0,0
1265,L,0,8,15,0,0,0,0.0000,0.0000,0.0000,0.0000,0,0,19,0,0,0,0,34,16,500,0,0
1266,L,0,8,15,0,0,0,0.0000,0.0000,0.0000,0.0000,0,0,19,0,0,0,0,34,16,500,0,0
1267,L,0,8,15,0,0,0,0.0000,0.0000,0.0000,0.0000,0,0,19,0,0,0,0,34,16,500,0,0
1268,L,0,8,15,0,0,0,0.0000,0.0000,0.0000,0.0000,0,0,19,0,0,0,0,34,16,500,0,0
1269,L,0,8,15,0,0,0,0.0000,0.0000,0.0000,0.0000,0,0,19,0,0,0,0,34,16,500,0,0
1270,L,0,8,15,0,0,0,0.0000,0.0000,0.0000,0.0000,0,0,19,0,0,0,0,34,16,500,0,0
1271,L,0,8,15,0,0,0,0.0000,0.0000,0.0000,0.0000,0,0,19,0,0,0,0,34,16,500,0,0
1272,L,0,8,15,0,0,0,0.0000,0.0000,0.0000,0.0000,0,0,19,0,0,0,0,34,16,500,0,0
1273,L,0,8,15,0,0,0,0.0000,0.0000,0.0000,0.0000,0,0,19,0,0,0,0,34,16,500,0,0
1274,L,0,8,15,0,0,0,0.0000,0.0000,0.0000,0.0000,0,0,19,0,0,0,0,34,16,500,0,0
1275,L,0,8,15,0,0,0,0.0000,0.0000,0.0000,0.0000,0,0,19,0,0,0,0,34,16,500,0,0
1276,L,0,8,15,0,0,0,0.0000,0.0000,0.0000,0.0000,0,0,19,0,0,0,0,34,16,500,0,0
1277,L,0,8,15,0,0,0,0.0000,0.0000,0.0000,0.0000,0,0,19,0,0,0,0,34,16,500,0,0
1278,L,0,8,15,0,0,0,0.0000,0.0000,0.0000,0.0000,0,0,19,0,0,0,0,34,16,500,0,0
1279,L,0,8,15,0,0,0,0.0000,0.0000,0.0000,0.0000,0,0,19,0,0,0,0,34,16,500,0,0
1280,L,0,8,15,0,0,0,0.0000,0.0000,0.0000,0.0000,0,0,19,0,0,0,0,34,16,500,0,0
1281,L,0,8,15,0,0,0,0.0000,0.0000,0.0000,0.0000,0,0,19,0,0,0,0,34,16,500,0,0
1282,L,0,8,15,0,0,0,0.0000,0.0000,0.0000,0.0000,0,0,19,0,0,0,0,34,16,500,0,0
1283,L,0,8,15,0,0,0,0.0000,0.0000,0.0000,0.0000,0,0,19,0,0,0,0,34,16,500,0,0
1284,L,0,8,15,0,0,0,0.0000,0.0000,0.0000,0.0000,0,0,19,0,0,0,0,34,16,500,0,0
1285,L,0,8,15,0,0,0,0.0000,0.0000,0.0000,0.0000,0,0,19,0,0,0,0,34,16,500,0,0
1286,L,0,8,15,0,0,0,0.0000,0.0000,0.0000,0.0000,0,0,19,0,0,0,0,34,16,500,0,0
1287,L,0,8,15,0,0,0,0.0000,0.0000,0.0000,0.0000,0,0,19,0,0,0,0,34,16,500,0,0
1288,L,0,8,15,0,0,0,0.0000,0.0000,0.0000,0.0000,0,0,19,0,0,0,0,34,16,500,0,0
1289,L,0,8,15,0,0,0,0.0000,0.0000,0.0000,0.0000,0,0,19,0,0,0,0,34,16,500,0,0
1290,L,0,8,15,0,0,0,0.0000,0.0000,0.0000,0.0000,0,0,19,0,0,0,0,34,16,500,0,0
1291,L,0,8,15,0,0,0,0.0000,0.0000,0.0000,0.0000,0,0,19,0,0,0,0,34,16,500,0,0
1292,L,0,8,15,0,0,0,0.0000,0.0000,0.0000,0.0000,0,0,19,0,0,0,0,34,16,500,0,0
1293,L,0,8,15,0,0,0,0.0000,0.0000,0.0000,0.0000,0,0,19,0,0,0,0,34,16,500,0,0
1294,L,0,8,15,0,0,0,0.0000,0.0000,0.0000,0.0000,0,0,19,0,0,0,0,34,16,500,0,0
1295,L,0,8,15,0,0,0,0.0000,0.0000,0.0000,0.0000,0,0,19,0,0,0,0,34,16,500,0,0
1296,L,0,8,15,0,0,0,0.0000,0.0000,0.0000,0.0000,0,0,19,0,0,0,0,34,16,500,0,0
1297,L,0,8,15,0,0,0,0.0000,0.0000,0.0000,0.0000,0,0,19,0,0,0,0,34,16,500,0,0
1298,L,0,8,15,0,0,0,0.0000,0.0000,0.0000,0.0000,0,0,19,0,0,0,0,34,16,500,0,0
1299,L,0,8,15,0,0,0,0.0000,0.0000,0.0000,0.0000,0,0,19,0,0,0,0,34,16,500,0,0
1300,L,0,8,15,0,0,0,0.0000,0.0000,0.0000,0.0000,0,0,19,0,0,0,0,34,16,500,0,0
1301,L,0,8,15,0,0,0,0.0000,0.0000,0.0000,0.0000,0,0,19,0,0,0,0,34,16,500,0,0
1302,L,0,8,15,0,0,0,0.0000,0.0000,0.0000,0.0000,0,0,19,0,0,0,0,34,16,500,0,0
1303,L,0,8,15,0,0,0,0.0000,0.0000,0.0000,0.0000,0,0,19,0,0,0,0,34,16,500,0,0
1304,L,0,8,15,0,0,0,0.0000,0.0000,0.0000,0.0000,0,0,19,0,0,0,0,34,16,500,0,0
1305,L,0,8,15,0,0,0,0.0000,0.0000,0.0000,0.0000,0,0,19,0,0,0,0,34,16,500,0,0
1306,L,0,8,15,0,0,0,0.0000,0.0000,0.0000,0.0000,0,0,19,0,0,0,0,34,16,500,0,0
1307,L,0,8,15,0,0,0,0.0000,0.0000,0.0000,0.0000,0,0,19,0,0,0,0,34,16,500,0,0
1308,L,0,8,15,0,0,0,0.0000,0.0000,0.0000,0.0000,0,0,19,0,0,0,0,34,16,500,0,0
1309,L,0,8,15,0,0,0,0.0000,0.0000,0.0000,0.0000,0,0,19,0,0,0,0,34,16,500,0,0
1310,L,0,8,15,0,0,0,0.0000,0.0000,0.0000,0.0000,0,0,19,0,0,0,0,34,16,500,0,0
1311,L,0,8,15,0,0,0,0.0000,0.0000,0.0000,0.0000,0,0,19,0,0,0,0,34,16,500,0,0
1312,L,0,8,15,0,0,0,0.0000,0.0000,0.0000,0.0000,0,0,19,0,0,0,0,34,16,500,0,0
1313,L,0,8,15,0,0,0,0.0000,0.0000,0.0000,0.0000,0,0,19,0,0,0,0,34,16,500,0,0
1314,L,0,8,15,0,0,0,0.0000,0.0000,0.0000,0.0000,0,0,19,0,0,0,0,34,16,500,0,0
1315,L,0,8,15,0,0,0,0.0000,0.0000,0.0000,0.0000,0,0,19,0,0,0,0,34,16,500,0,0
1316,L,0,8,15,0,0,0,0.0000,0.0000,0.0000,0.0000,0,0,19,0,0,0,0,34,16,500,0,0
1317,L,0,8,15,0,0,0,0.0000,0.0000,0.0000,0.0000,0,0,19,0,0,0,0,34,16,500,0,0
1318,L,0,8,15,0,0,0,0.0000,0.0000,0.0000,0.0000,0,0,19,0,0,0,0,34,16,500,0,0
1319,L,0,8,15,0,0,0,0.0000,0.0000,0.0000,0.0000,0,0,19,0,0,0,0,34,16,500,0,0
1320,L,0,8,15,0,0,0,0.0000,0.0000,0.0000,0.0000,0,0,19,0,0,0,0,34,16,500,0,0
1321,L,0,8,15,0,0,0,0.0000,0.0000,0.0000,0.0000,0,0,19,0,0,0,0,34,16,500,0,0
1322,L,0,8,15,0,0,0,0.0000,0.0000,0.0000,0.0000,0,0,19,0,0,0,0,34,16,500,0,0
1323,L,0,8,15,0,0,0,0.0000,0.0000,0.0000,0.0000,0,0,19,0,0,0,0,34,16,500,0,0
1324,L,0,8,15,0,0,0,0.0000,0.0000,0.0000,0.0000,0,0,19,0,0,0,0,34,16,500,0,0
1325,L,0,8,15,0,0,0,0.0000,0.0000,0.0000,0.0000,0,0,19,0,0,0,0,34,16,500,0,0
1326,L,0,8,15,0,0,0,0.0000,0.0000,0.0000,0.0000,0,0,19,0,0,0,0,34,16,500,0,0
1327,L,0,8,15,0,0,0,0.0000,0.0000,0.0000,0.0000,0,0,19,0,0,0,0,34,16,500,0,0
1328,L,0,8,15,0,0,0,0.0000,0.0000,0.0000,0.0000,0,0,19,0,0,0,0,34,16,500,0,0
1329,L,0,8,15,0,0,0,0.0000,0.0000,0.0000,0.0000,0,0,19,0,0,0,0,34,16,500,0,0
1330,L,0,8,15,0,0,0,0.0000,0.0000,0.0000,0.0000,0,0,19,0,0,0,0,34,16,500,0,0
1331,L,0,8,15,0,0,0,0.0000,0.0000,0.0000,0.0000,0,0,19,0,0,0,0,34,16,500,0,0
1332,L,0,8,15,0,0,0,0.0000,0.0000,0.0000,0.0000,0,0,19,0,0,0,0,34,16,500,0,0
1333,L,0,8,15,0,0,0,0.0000,0.0000,0.0000,0.0000,0,0,19,0,0,0,0,34,16,500,0,0
1334,L,0,8,15,0,0,0,0.0000,0.0000,0.0000,0.0000,0,0,19,0,0,0,0,34,16,500,0,0
1335,L,0,8,15,0,0,0,0.0000,0.0000,0.0000,0.0000,0,0,19,0,0,0,0,34,16,500,0,0
1336,L,0,8,15,0,0,0,0.0000,0.0000,0.0000,0.0000,0,0,19,0,0,0,0,34,16,500,0,0
1337,L,0,8,15,0,0,0,0.0000,0.0000,0.0000,0.0000,0,0,19,0,0,0,0,34,16,500,0,0
1338,L,0,8,15,0,0,0,0.0000,0.0000,0.0000,0.0000,0,0,19,0,0,0,0,34,16,500,0,0
1339,L,0,8,15,0,0,0,0.0000,0.0000,0.0000,0.0000,0,0,19,0,0,0,0,34,16,500,0,0
1340,L,0,8,15,0,0,0,0.0000,0.0000,0.0000,0.0000,0,0,19,0,0,0,0,34,16,500,0,0
1341,L,0,8,15,0,0,0,0.0000,0.0000,0.0000,0.0000,0,0,19,0,0,0,0,34,16,500,0,0
1342,L,0,8,15,0,0,0,0.0000,0.0000,0.0000,0.0000,0,0,19,0,0,0,0,34,16,500,0,0
1343,L,0,8,15,0,0,0,0.0000,0.0000,0.0000,0.0000,0,0,19,0,0,0,0,34,16,500,0,0
1344,L,0,8,15,0,0,0,0.0000,0.0000,0.0000,0.0000,0,0,19,0,0,0,0,34,16,500,0,0
1345,L,0,8,15,0,0,0,0.0000,0.0000,0.0000,0.0000,0,0,19,0,0,0,0,34,16,500,0,0
1346,L,0,8,15,0,0,0,0.0000,0.0000,0.0000,0.0000,0,0,19,0,0,0,0,34,16,500,0,0
1347,L,0,8,15,0,0,0,0.0000,0.0000,0.0000,0.0000,0,0,19,0,0,0,0,34,16,500,0,0
1348,L,0,8,15,0,0,0,0.0000,0.0000,0.0000,0.0000,0,0,19,0,0,0,0,34,16,500,0,0
1349,L,0,8,15,0,0,0,0.0000,0.0000,0.0000,0.0000,0,0,19,0,0,0,0,34,16,500,0,0
1350,L,0,8,15,0,0,0,0.0000,0.0000,0.0000,0.0000,0,0,19,0,0,0,0,34,16,500,0,0
1351,L,0,8,15,0,0,0,0.0000,0.0000,0.0000,0.0000,0,0,19,0,0,0,0,34,16,500,0,0
1352,L,0,8,15,0,0,0,0.0000,0.0000,0.0000,0.0000,0,0,19,0,0,0,0,34,16,500,0,0
1353,L,0,8,15,0,0,0,0.0000,0.0000,0.0000,0.0000,0,0,19,0,0,0,0,34,16,500,0,0
1354,L,0,8,15,0,0,0,0.0000,0.0000,0.0000,0.0000,0,0,19,0,0,0,0,34,16,500,0,0
1355,L,0,8,15,0,0,0,0.0000,0.0000,0.0000,0.0000,0,0,19,0,0,0,0,34,16,500,0,0
1356,L,0,8,15,0,0,0,0.0000,0.0000,0.0000,0.0000,0,0,19,0,0,0,0,34,16,500,0,0
1357,L,0,8,15,0,0,0,0.0000,0.0000,0.0000,0.0000,0,0,19,0,0,0,0,34,16,500,0,0
1358,L,0,8,15,0,0,0,0.0000,0.0000,0.0000,0.0000,0,0,19,0,0,0,0,34,16,500,0,0
1359,L,0,8,15,0,0,0,0.0000,0.0000,0.0000,0.0000,0,0,19,0,0,0,0,34,16,500,0,0
1360,L,0,8,15,0,0,0,0.0000,0.0000,0.0000,0.0000,0,0,19,0,0,0,0,34,16,500,0,0
1361,L,0,8,15,0,0,0,0.0000,0.0000,0.0000,0.0000,0,0,19,0,0,0,0,34,16,500,0,0
1362,L,0,8,15,0,0,0,0.0000,0.0000,0.0000,0.0000,0,0,19,0,0,0,0,34,16,500,0,0
1363,L,0,8,15,0,0,0,0.0000,0.0000,0.0000,0.0000,0,0,19,0,0,0,0,34,16,500,0,0
1364,L,0,8,15,0,0,0,0.0000,0.0000,0.0000,0.0000,0,0,19,0,0,0,0,34,16,500,0,0
1365,L,0,8,15,0,0,0,0.0000,0.0000,0.0000,0.0000,0,0,19,0,0,0,0,34,16,500,0,0
1366,L,0,8,15,0,0,0,0.0000,0.0000,0.0000,0.0000,0,0,19,0,0,0,0,34,16,500,0,0
1367,L,0,8,15,0,0,0,0.0000,0.0000,0.0000,0.0000,0,0,19,0,0,0,0,34,16,500,0,0
1368,L,0,8,15,0,0,0,0.0000,0.0000,0.0000,0.0000,0,0,19,0,0,0,0,34,16,500,0,0
1369,L,0,8,15,0,0,0,0.0000,0.0000,0.0000,0.0000,0,0,19,0,0,0,0,34,16,500,0,0
1370,L,0,8,15,0,0,0,0.0000,0.0000,0.0000,0.0000,0,0,19,0,0,0,0,34,16,500,0,0
1371,L,0,8,15,0,0,0,0.0000,0.0000,0.0000,0.0000,0,0,19,0,0,0,0,34,16,500,0,0
1372,L,0,8,15,0,0,0,0.0000,0.0000,0.0000,0.0000,0,0,19,0,0,0,0,34,16,500,0,0
1373,L,0,8,15,0,0,0,0.0000,0.0000,0.0000,0.0000,0,0,19,0,0,0,0,34,16,500,0,0
1374,L,0,8,15,0,0,0,0.0000,0.0000,0.0000,0.0000,0,0,19,0,0,0,0,34,16,500,0,0
1375,L,0,8,15,0,0,0,0.0000,0.0000,0.0000,0.0000,0,0,19,0,0,0,0,34,16,500,0,0
1376,L,0,8,15,0,0,0,0.0000,0.0000,0.0000,0.0000,0,0,19,0,0,0,0,34,16,500,0,0
1377,L,0,8,15,0,0,0,0.0000,0.0000,0.0000,0.0000,0,0,19,0,0,0,0,34,16,500,0,0
1378,L,0,8,15,0,0,0,0.0000,0.0000,0.0000,0.0000,0,0,19,0,0,0,0,34,16,500,0,0
1379,L,0,8,15,0,0,0,0.0000,0.0000,0.0000,0.0000,0,0,19,0,0,0,0,34,16,500,0,0
1380,L,0,8,15,0,0,0,0.0000,0.0000,0.0000,0.0000,0,0,19,0,0,0,0,34,16,500,0,0
1381,L,0,8,15,0,0,0,0.0000,0.0000,0.0000,0.0000,0,0,19,0,0,0,0,34,16,500,0,0
1382,L,0,8,15,0,0,0,0.0000,0.0000,0.0000,0.0000,0,0,19,0,0,0,0,34,16,500,0,0
1383,L,0,8,15,0,0,0,0.0000,0.0000,0.0000,0.0000,0,0,19,0,0,0,0,34,16,500,0,0
1384,L,0,8,15,0,0,0,0.0000,0.0000,0.0000,0.0000,0,0,19,0,0,0,0,34,16,500,0,0
1385,L,0,8,15,0,0,0,0.0000,0.0000,0.0000,0.0000,0,0,19,0,0,0,0,34,16,500,0,0
1386,L,0,8,15,0,0,0,0.0000,0.0000,0.0000,0.0000,0,0,19,0,0,0,0,34,16,500,0,0
1387,L,0,8,15,0,0,0,0.0000,0.0000,0.0000,0.0000,0,0,19,0,0,0,0,34,16,500,0,0
1388,L,0,8,15,0,0,0,0.0000,0.0000,0.0000,0.0000,0,0,19,0,0,0,0,34,16,500,0,0
1389,L,0,8,15,0,0,0,0.0000,0.0000,0.0000,0.0000,0,0,19,0,0,0,0,34,16,500,0,0
1390,L,0,8,15,0,0,0,0.0000,0.0000,0.0000,0.0000,0,0,19,0,0,0,0,34,16,500,0,0
1391,L,0,8,15,0,0,0,0.0000,0.0000,0.0000,0.0000,0,0,19,0,0,0,0,34,16,500,0,0
1392,L,0,8,15,0,0,0,0.0000,0.0000,0.0000,0.0000,0,0,19,0,0,0,0,34,16,500,0,0
1393,L,0,8,15,0,0,0,0.0000,0.0000,0.0000,0.0000,0,0,19,0,0,0,0,34,16,500,0,0
1394,L,0,8,15,0,0,0,0.0000,0.0000,0.0000,0.0000,0,0,19,0,0,0,0,34,16,500,0,0
1395,L,0,8,15,0,0,0,0.0000,0.0000,0.0000,0.0000,0,0,19,0,0,0,0,34,16,500,0,0
1396,L,0,8,15,0,0,0,0.0000,0.0000,0.0000,0.0000,0,0,19,0,0,0,0,34,16,500,0,0
1397,L,0,8,15,0,0,0,0.0000,0.0000,0.0000,0.0000,0,0,19,0,0,0,0,34,16,500,0,0
1398,L,0,8,15,0,0,0,0.0000,0.0000,0.0000,0.0000,0,0,19,0,0,0,0,34,16,500,0,0
1399,L,0,8,15,0,0,0,0.0000,0.0000,0.0000,0.0000,0,0,19,0,0,0,0,34,16,500,0,0
1400,L,0,8,15,0,0,0,0.0000,0.0000,0.0000,0.0000,0,0,19,0,0,0,0,34,16,500,0,0
1401,L,0,8,15,0,0,0,0.0000,0.0000,0.0000,0.0000,0,0,19,0,0,0,0,34,16,500,0,0
1402,L,0,8,15,0,0,0,0.0000,0.0000,0.0000,0.0000,0,0,19,0,0,0,0,34,16,500,0,0
1403,L,0,8,15,0,0,0,0.0000,0.0000,0.0000,0.0000,0,0,19,0,0,0,0,34,16,500,0,0
1404,L,0,8,15,0,0,0,0.0000,0.0000,0.0000,0.0000,0,0,19,0,0,0,0,34,16,500,0,0
1405,L,0,8,15,0,0,0,0.0000,0.0000,0.0000,0.0000,0,0,19,0,0,0,0,34,16,500,0,0
1406,L,0,8,15,0,0,0,0.0000,0.0000,0.0000,0.0000,0,0,19,0,0,0,0,34,16,500,0,0
1407,L,0,8,15,0,0,0,0.0000,0.0000,0.0000,0.0000,0,0,19,0,0,0,0,34,16,500,0,0
1408,L,0,8,15,0,0,0,0.0000,0.0000,0.0000,0.0000,0,0,19,0,0,0,0,34,16,500,0,0
1409,L,0,8,15,0,0,0,0.0000,0.0000,0.0000,0.0000,0,0,19,0,0,0,0,34,16,500,0,0
1410,L,0,8,15,0,0,0,0.0000,0.0000,0.0000,0.0000,0,0,19,0,0,0,0,34,16,500,0,0
1411,L,0,8,15,0,0,0,0.0000,0.0000,0.0000,0.0000,0,0,19,0,0,0,0,34,16,500,0,0
1412,L,0,8,15,0,0,0,0.0000,0.0000,0.0000,0.0000,0,0,19,0,0,0,0,34,16,500,0,0
1413,L,0,8,15,0,0,0,0.0000,0.0000,0.0000,0.0000,0,0,19,0,0,0,0,34,16,500,0,0
1414,L,0,8,15,0,0,0,0.0000,0.0000,0.0000,0.0000,0,0,19,0,0,0,0,34,16,500,0,0
1415,L,0,8,15,0,0,0,0.0000,0.0000,0.0000,0.0000,0,0,19,0,0,0,0,34,16,500,0,0
1416,L,0,8,15,0,0,0,0.0000,0.0000,0.0000,0.0000,0,0,19,0,0,0,0,34,16,500,0,0
1417,L,0,8,15,0,0,0,0.0000,0.0000,0.0000,0.0000,0,0,19,0,0,0,0,34,16,500,0,0
1418,L,0,8,15,0,0,0,0.0000,0.0000,0.0000,0.0000,0,0,19,0,0,0,0,34,16,500,0,0
1419,L,0,8,15,0,0,0,0.0000,0.0000,0.0000,0.0000,0,0,19,0,0,0,0,34,16,500,0,0
1420,L,0,8,15,0,0,0,0.0000,0.0000,0.0000,0.0000,0,0,19,0,0,0,0,34,16,500,0,0
1421,L,0,8,15,0,0,0,0.0000,0.0000,0.0000,0.0000,0,0,19,0,0,0,0,34,16,500,0,0
1422,L,0,8,15,0,0,0,0.0000,0.0000,0.0000,0.0000,0,0,19,0,0,0,0,34,16,500,0,0
1423,L,0,8,15,0,0,0,0.0000,0.0000,0.0000,0.0000,0,0,19,0,0,0,0,34,16,500,0,0
1424,L,0,8,15,0,0,0,0.0000,0.0000,0.0000,0.0000,0,0,19,0,0,0,0,34,16,500,0,0
1425,L,0,8,15,0,0,0,0.0000,0.0000,0.0000,0.0000,0,0,19,0,0,0,0,34,16,500,0,0
1426,L,0,8,15,0,0,0,0.0000,0.0000,0.0000,0.0000,0,0,19,0,0,0,0,34,16,500,0,0
1427,L,0,8,15,0,0,0,0.0000,0.0000,0.0000,0.0000,0,0,19,0,0,0,0,34,16,500,0,0
1428,L,0,8,15,0,0,0,0.0000,0.0000,0.0000,0.0000,0,0,19,0,0,0,0,34,16,500,0,0
1429,L,0,8,15,0,0,0,0.0000,0.0000,0.0000,0.0000,0,0,19,0,0,0,0,34,16,500,0,0
1430,L,0,8,15,0,0,0,0.0000,0.0000,0.0000,0.0000,0,0,19,0,0,0,0,34,16,500,0,0
1431,L,0,8,15,0,0,0,0.0000,0.0000,0.0000,0.0000,0,0,19,0,0,0,0,34,16,500,0,0
1432,L,0,8,15,0,0,0,0.0000,0.0000,0.0000,0.0000,0,0,19,0,0,0,0,34,16,500,0,0
1433,L,0,8,15,0,0,0,0.0000,0.0000,0.0000,0.0000,0,0,19,0,0,0,0,34,16,500,0,0
1434,L,0,8,15,0,0,0,0.0000,0.0000,0.0000,0.0000,0,0,19,0,0,0,0,34,16,500,0,0
1435,L,0,8,15,0,0,0,0.0000,0.0000,0.0000,0.0000,0,0,19,0,0,0,0,34,16,500,0,0
1436,L,0,8,15,0,0,0,0.0000,0.0000,0.0000,0.0000,0,0,19,0,0,0,0,34,16,500,0,0
1437,L,0,8,15,0,0,0,0.0000,0.0000,0.0000,0.0000,0,0,19,0,0,0,0,34,16,500,0,0
1438,L,0,8,15,0,0,0,0.0000,0.0000,0.0000,0.0000,0,0,19,0,0,0,0,34,16,500,0,0
1439,L,0,8,15,0,0,0,0.0000,0.0000,0.0000,0.0000,0,0,19,0,0,0,0,34,16,500,0,0
1440,L,0,8,15,0,0,0,0.0000,0.0000,0.0000,0.0000,0,0,19,0,0,0,0,34,16,500,0,0
1441,L,0,8,15,0,0,0,0.0000,0.0000,0.0000,0.0000,0,0,19,0,0,0,0,34,16,500,0,0
1442,L,0,8,15,0,0,0,0.0000,0.0000,0.0000,0.0000,0,0,19,0,0,0,0,34,16,500,0,0
1443,L,0,8,15,0,0,0,0.0000,0.0000,0.0000,0.0000,0,0,19,0,0,0,0,34,16,500,0,0
1444,L,0,8,15,0,0,0,0.0000,0.0000,0.0000,0.0000,0,0,19,0,0,0,0,34,16,500,0,0
1445,L,0,8,15,0,0,0,0.0000,0.0000,0.0000,0.0000,0,0,19,0,0,0,0,34,16,500,0,0
1446,L,0,8,15,0,0,0,0.0000,0.0000,0.0000,0.0000,0,0,19,0,0,0,0,34,16,500,0,0
1447,L,0,8,15,0,0,0,0.0000,0.0000,0.0000,0.0000,0,0,19,0,0,0,0,34,16,500,0,0
1448,L,0,8,15,0,0,0,0.0000,0.0000,0.0000,0.0000,0,0,19,0,0,0,0,34,16,500,0,0
1449,L,0,8,15,0,0,0,0.0000,0.0000,0.0000,0.0000,0,0,19,0,0,0,0,34,16,500,0,0
1450,L,0,8,15,0,0,0,0.0000,0.0000,0.0000,0.0000,0,0,19,0,0,0,0,34,16,500,0,0
1451,L,0,8,15,0,0,0,0.0000,0.0000,0.0000,0.0000,0,0,19,0,0,0,0,34,16,500,0,0
1452,L,0,8,15,0,0,0,0.0000,0.0000,0.0000,0.0000,0,0,19,0,0,0,0,34,16,500,0,0
1453,L,0,8,15,0,0,0,0.0000,0.0000,0.0000,0.0000,0,0,19,0,0,0,0,34,16,500,0,0
1454,L,0,8,15,0,0,0,0.0000,0.0000,0.0000,0.0000,0,0,19,0,0,0,0,34,16,500,0,0
1455,L,0,8,15,0,0,0,0.0000,0.0000,0.0000,0.0000,0,0,19,0,0,0,0,34,16,500,0,0
1456,L,0,8,15,0,0,0,0.0000,0.0000,0.0000,0.0000,0,0,19,0,0,0,0,34,16,500,0,0
1457,L,0,8,15,0,0,0,0.0000,0.0000,0.0000,0.0000,0,0,19,0,0,0,0,34,16,500,0,0
1458,L,0,8,15,0,0,0,0.0000,0.0000,0.0000,0.0000,0,0,19,0,0,0,0,34,16,500,0,0
1459,L,0,8,15,0,0,0,0.0000,0.0000,0.0000,0.0000,0,0,19,0,0,0,0,34,16,500,0,0
1460,L,0,8,15,0,0,0,0.0000,0.0000,0.0000,0.0000,0,0,19,0,0,0,0,34,16,500,0,0
1461,L,0,8,15,0,0,0,0.0000,0.0000,0.0000,0.0000,0,0,19,0,0,0,0,34,16,500,0,0
1462,L,0,8,15,0,0,0,0.0000,0.0000,0.0000,0.0000,0,0,19,0,0,0,0,34,16,500,0,0
1463,L,0,8,15,0,0,0,0.0000,0.0000,0.0000,0.0000,0,0,19,0,0,0,0,34,16,500,0,0
1464,L,0,8,15,0,0,0,0.0000,0.0000,0.0000,0.0000,0,0,19,0,0,0,0,34,16,500,0,0
1465,L,0,8,15,0,0,0,0.0000,0.0000,0.0000,0.0000,0,0,19,0,0,0,0,34,16,500,0,0
1466,L,0,8,15,0,0,0,0.0000,0.0000,0.0000,0.0000,0,0,19,0,0,0,0,34,16,500,0,0
1467,L,0,8,15,0,0,0,0.0000,0.0000,0.0000,0.0000,0,0,19,0,0,0,0,34,16,500,0,0
1468,L,0,8,15,0,0,0,0.0000,0.0000,0.0000,0.0000,0,0,19,0,0,0,0,34,16,500,0,0
1469,L,0,8,15,0,0,0,0.0000,0.0000,0.0000,0.0000,0,0,19,0,0,0,0,34,16,500,0,0
1470,L,0,8,15,0,0,0,0.0000,0.0000,0.0000,0.0000,0,0,19,0,0,0,0,34,16,500,0,0
1471,L,0,8,15,0,0,0,0.0000,0.0000,0.0000,0.0000,0,0,19,0,0,0,0,34,16,500,0,0
1472,L,0,8,15,0,0,0,0.0000,0.0000,0.0000,0.0000,0,0,19,0,0,0,0,34,16,500,0,0
1473,L,0,8,15,0,0,0,0.0000,0.0000,0.0000,0.0000,0,0,19,0,0,0,0,34,16,500,0,0
1474,L,0,8,15,0,0,0,0.0000,0.0000,0.0000,0.0000,0,0,19,0,0,0,0,34,16,500,0,0
1475,L,0,8,15,0,0,0,0.0000,0.0000,0.0000,0.0000,0,0,19,0,0,0,0,34,16,500,0,0
1476,L,0,8,15,0,0,0,0.0000,0.0000,0.0000,0.0000,0,0,19,0,0,0,0,34,16,500,0,0
1477,L,0,8,15,0,0,0,0.0000,0.0000,0.0000,0.0000,0,0,19,0,0,0,0,34,16,500,0,0
1478,L,0,8,15,0,0,0,0.0000,0.0000,0.0000,0.0000,0,0,19,0,0,0,0,34,16,500,0,0
1479,L,0,8,15,0,0,0,0.0000,0.0000,0.0000,0.0000,0,0,19,0,0,0,0,34,16,500,0,0
1480,L,0,8,15,0,0,0,0.0000,0.0000,0.0000,0.0000,0,0,19,0,0,0,0,34,16,500,0,0
1481,L,0,8,15,0,0,0,0.0000,0.0000,0.0000,0.0000,0,0,19,0,0,0,0,34,16,500,0,0
1482,L,0,8,15,0,0,0,0.0000,0.0000,0.0000,0.0000,0,0,19,0,0,0,0,34,16,500,0,0
1483,L,0,8,15,0,0,0,0.0000,0.0000,0.0000,0.0000,0,0,19,0,0,0,0,34,16,500,0,0
1484,L,0,8,15,0,0,0,0.0000,0.0000,0.0000,0.0000,0,0,19,0,0,0,0,34,16,500,0,0
1485,L,0,8,15,0,0,0,0.0000,0.0000,0.0000,0.0000,0,0,19,0,0,0,0,34,16,500,0,0
1486,L,0,8,15,0,0,0,0.0000,0.0000,0.0000,0.0000,0,0,19,0,0,0,0,34,16,500,0,0
1487,L,0,8,15,0,0,0,0.0000,0.0000,0.0000,0.0000,0,0,19,0,0,0,0,34,16,500,0,0
1488,L,0,8,15,0,0,0,0.0000,0.0000,0.0000,0.0000,0,0,19,0,0,0,0,34,16,500,0,0
1489,L,0,8,15,0,0,0,0.0000,0.0000,0.0000,0.0000,0,0,19,0,0,0,0,34,16,500,0,0
1490,L,0,8,15,0,0,0,0.0000,0.0000,0.0000,0.0000,0,0,19,0,0,0,0,34,16,500,0,0
1491,L,0,8,15,0,0,0,0.0000,0.0000,0.0000,0.0000,0,0,19,0,0,0,0,34,16,500,0,0
1492,L,0,8,15,0,0,0,0.0000,0.0000,0.0000,0.0000,0,0,19,0,0,0,0,34,16,500,0,0
1493,L,0,8,15,0,0,0,0.0000,0.0000,0.0000,0.0000,0,0,19,0,0,0,0,34,16,500,0,0
1494,L,0,8,15,0,0,0,0.0000,0.0000,0.0000,0.0000,0,0,19,0,0,0,0,34,16,500,0,0
1495,L,0,8,15,0,0,0,0.0000,0.0000,0.0000,0.0000,0,0,19,0,0,0,0,34,16,500,0,0
1496,L,0,8,15,0,0,0,0.0000,0.0000,0.0000,0.0000,0,0,19,0,0,0,0,34,16,500,0,0
1497,L,0,8,15,0,0,0,0.0000,0.0000,0.0000,0.0000,0,0,19,0,0,0,0,34,16,500,0,0
1498,L,0,8,15,0,0,0,0.0000,0.0000,0.0000,0.0000,0,0,19,0,0,0,0,34,16,500,0,0
1499,L,0,8,15,0,0,0,0.0000,0.0000,0.0000,0.0000,0,0,19,0,0,0,0,34,16,500,0,0
1500,L,0,8,15,0,0,0,0.0000,0.0000,0.0000,0.0000,0,0,19,0,0,0,0,34,16,500,0,0
