sol,age,pop,births,deaths,pairs,friend_pairs,close_pairs,web,second,lonely,friends_mean,lines,grief,lines_cum,capped_cum,dropped_cum,stale_cum,pending,formed_cum,close_cum,log_size,zero_adults,adults
1,L,7,0,0,21,21,0,1.0000,0.0000,0.0000,6.0000,0,0,0,0,0,0,0,0,0,3,0,7
2,L,7,0,0,21,21,0,1.0000,0.0000,0.0000,6.0000,0,0,0,0,0,0,0,0,0,4,0,7
3,L,7,0,0,21,21,0,1.0000,0.0000,0.0000,6.0000,0,0,0,0,0,0,0,0,0,5,0,7
4,L,7,0,0,21,21,0,1.0000,0.0000,0.0000,6.0000,0,0,0,0,0,0,0,0,0,6,0,7
5,L,7,0,0,21,21,0,1.0000,0.0000,0.0000,6.0000,0,0,0,0,0,0,0,0,0,7,0,7
6,L,7,0,0,21,21,0,1.0000,0.0000,0.0000,6.0000,0,0,0,0,0,0,0,0,0,8,0,7
7,L,7,0,0,21,21,0,1.0000,0.0000,0.0000,6.0000,0,0,0,0,0,0,0,0,0,9,0,7
8,L,7,0,0,21,21,0,1.0000,0.0000,0.0000,6.0000,0,0,0,0,0,0,0,0,0,10,0,7
9,L,7,0,0,21,21,0,1.0000,0.0000,0.0000,6.0000,0,0,0,0,0,0,0,0,0,10,0,7
10,L,7,0,0,21,21,0,1.0000,0.0000,0.0000,6.0000,0,0,0,0,0,0,0,0,0,11,0,7
11,L,7,0,0,21,21,0,1.0000,0.0000,0.0000,6.0000,0,0,0,0,0,0,0,0,0,12,0,7
12,L,7,0,0,21,21,0,1.0000,0.0000,0.0000,6.0000,0,0,0,0,0,0,0,0,0,12,0,7
13,L,7,0,0,21,21,0,1.0000,0.0000,0.0000,6.0000,0,0,0,0,0,0,0,0,0,13,0,7
14,L,7,0,0,21,21,0,1.0000,0.0000,0.0000,6.0000,0,0,0,0,0,0,0,0,0,13,0,7
15,L,7,0,0,21,21,0,1.0000,0.0000,0.0000,6.0000,0,0,0,0,0,0,0,0,0,14,0,7
16,L,7,0,0,21,21,0,1.0000,0.0000,0.0000,6.0000,0,0,0,0,0,0,0,0,0,14,0,7
17,L,7,0,0,21,21,1,1.0000,0.0000,0.0000,6.0000,1,0,1,0,0,0,0,0,1,16,0,7
18,L,7,0,0,21,21,1,1.0000,0.0000,0.0000,6.0000,0,0,1,0,0,0,0,0,1,17,0,7
19,L,7,0,0,21,21,1,1.0000,0.0000,0.0000,6.0000,0,0,1,0,0,0,0,0,1,17,0,7
20,L,7,0,0,21,21,1,1.0000,0.0000,0.0000,6.0000,0,0,1,0,0,0,0,0,1,19,0,7
21,L,7,0,0,21,21,1,1.0000,0.0000,0.0000,6.0000,0,0,1,0,0,0,0,0,1,20,0,7
22,L,7,0,0,21,21,1,1.0000,0.0000,0.0000,6.0000,0,0,1,0,0,0,0,0,1,20,0,7
23,L,7,0,0,21,21,2,1.0000,0.0000,0.0000,6.0000,0,0,1,0,0,0,0,0,2,22,0,7
24,L,7,0,0,21,20,2,1.0000,0.0000,0.0000,5.7143,1,0,2,0,0,0,0,0,2,24,0,7
25,L,7,0,0,21,20,2,1.0000,0.0000,0.0000,5.7143,0,0,2,0,0,0,0,0,2,25,0,7
26,L,7,0,0,21,20,2,1.0000,0.0000,0.0000,5.7143,0,0,2,0,0,0,0,0,2,28,0,7
27,L,7,0,0,21,20,2,1.0000,0.0000,0.0000,5.7143,0,0,2,0,0,0,0,0,2,31,0,7
28,L,7,0,0,21,20,2,1.0000,0.0000,0.0000,5.7143,0,0,2,0,0,0,0,0,2,34,0,7
29,L,7,0,0,21,20,2,1.0000,0.0000,0.0000,5.7143,0,0,2,0,0,0,0,0,2,34,0,7
30,L,7,0,0,21,20,2,1.0000,0.0000,0.0000,5.7143,0,0,2,0,0,0,0,0,2,34,0,7
31,L,7,0,0,21,20,2,1.0000,0.0000,0.0000,5.7143,0,0,2,0,0,0,0,0,2,34,0,7
32,L,7,0,0,21,20,2,1.0000,0.0000,0.0000,5.7143,0,0,2,0,0,0,0,0,2,34,0,7
33,L,7,0,0,21,20,2,1.0000,0.0000,0.0000,5.7143,0,0,2,0,0,0,0,0,2,36,0,7
34,L,7,0,0,21,20,2,1.0000,0.0000,0.0000,5.7143,0,0,2,0,0,0,0,0,2,37,0,7
35,L,7,0,0,21,20,2,1.0000,0.0000,0.0000,5.7143,0,0,2,0,0,0,0,0,2,38,0,7
36,L,7,0,0,21,20,2,1.0000,0.0000,0.0000,5.7143,0,0,2,0,0,0,0,0,2,39,0,7
37,L,7,0,0,21,20,2,1.0000,0.0000,0.0000,5.7143,0,0,2,0,0,0,0,0,2,39,0,7
38,L,7,0,0,21,20,2,1.0000,0.0000,0.0000,5.7143,0,0,2,0,0,0,0,0,2,41,0,7
39,L,7,0,0,21,20,2,1.0000,0.0000,0.0000,5.7143,0,0,2,0,0,0,0,0,2,43,0,7
40,L,7,0,0,21,20,2,1.0000,0.0000,0.0000,5.7143,0,0,2,0,0,0,0,0,2,44,0,7
41,L,7,0,0,21,20,2,1.0000,0.0000,0.0000,5.7143,0,0,2,0,0,0,0,0,2,45,0,7
42,L,7,0,0,21,20,2,1.0000,0.0000,0.0000,5.7143,0,0,2,0,0,0,0,0,2,46,0,7
43,L,7,0,0,21,20,2,1.0000,0.0000,0.0000,5.7143,0,0,2,0,0,0,0,0,2,48,0,7
44,L,7,0,0,21,20,3,1.0000,0.0000,0.0000,5.7143,0,0,2,0,0,0,0,0,3,48,0,7
45,L,7,0,0,21,20,3,1.0000,0.0000,0.0000,5.7143,0,0,2,0,0,0,0,0,3,48,0,7
46,L,7,0,0,21,20,3,1.0000,0.0000,0.0000,5.7143,0,0,2,0,0,0,0,0,3,48,0,7
47,L,7,0,0,21,19,3,1.0000,0.0000,0.0000,5.4286,1,0,3,0,0,0,0,0,3,49,0,7
48,L,7,0,0,21,19,3,1.0000,0.0000,0.0000,5.4286,0,0,3,0,0,0,0,0,3,49,0,7
49,L,7,0,0,21,20,3,1.0000,0.0000,0.0000,5.7143,0,0,3,0,0,0,0,0,3,51,0,7
50,L,7,0,0,21,20,3,1.0000,0.0000,0.0000,5.7143,0,0,3,0,0,0,0,0,3,52,0,7
51,L,7,0,0,21,20,3,1.0000,0.0000,0.0000,5.7143,0,0,3,0,0,0,0,0,3,54,0,7
52,L,7,0,0,21,20,3,1.0000,0.0000,0.0000,5.7143,0,0,3,0,0,0,0,0,3,54,0,7
53,L,7,0,0,21,20,3,1.0000,0.0000,0.0000,5.7143,0,0,3,0,0,0,0,0,3,55,0,7
54,L,7,0,0,21,20,3,1.0000,0.0000,0.0000,5.7143,0,0,3,0,0,0,0,0,3,57,0,7
55,L,7,0,0,21,20,3,1.0000,0.0000,0.0000,5.7143,0,0,3,0,0,0,0,0,3,57,0,7
56,L,7,0,0,21,20,3,1.0000,0.0000,0.0000,5.7143,0,0,3,0,0,0,0,0,3,57,0,7
57,L,7,0,0,21,19,3,1.0000,0.0000,0.0000,5.4286,0,0,3,0,0,0,0,0,3,57,0,7
58,L,7,0,0,21,19,3,1.0000,0.0000,0.0000,5.4286,0,0,3,0,0,0,0,0,3,57,0,7
59,L,7,0,0,21,18,3,1.0000,0.0000,0.0000,5.1429,0,0,3,0,0,0,0,0,3,57,0,7
60,L,7,0,0,21,18,3,1.0000,0.0000,0.0000,5.1429,0,0,3,0,0,0,0,0,3,58,0,7
61,L,7,0,0,21,17,3,1.0000,0.0000,0.0000,4.8571,0,0,3,0,0,0,0,0,3,59,0,7
62,L,7,0,0,21,17,3,1.0000,0.0000,0.0000,4.8571,0,0,3,0,0,0,0,0,3,60,0,7
63,L,7,0,0,21,17,3,1.0000,0.0000,0.0000,4.8571,0,0,3,0,0,0,0,0,3,61,0,7
64,L,7,0,0,21,17,3,1.0000,0.0000,0.0000,4.8571,0,0,3,0,0,0,0,0,3,62,0,7
65,L,7,0,0,21,17,3,1.0000,0.0000,0.0000,4.8571,0,0,3,0,0,0,0,0,3,64,0,7
66,L,7,0,0,21,17,3,1.0000,0.0000,0.0000,4.8571,0,0,3,0,0,0,0,0,3,66,0,7
67,L,7,0,0,21,17,3,1.0000,0.0000,0.0000,4.8571,0,0,3,0,0,0,0,0,3,67,0,7
68,L,7,0,0,21,17,3,1.0000,0.0000,0.0000,4.8571,0,0,3,0,0,0,0,0,3,68,0,7
69,L,7,0,0,21,17,3,1.0000,0.0000,0.0000,4.8571,0,0,3,0,0,0,0,0,3,69,0,7
70,L,7,0,0,21,17,3,1.0000,0.0000,0.0000,4.8571,0,0,3,0,0,0,0,0,3,70,0,7
71,L,7,0,0,21,17,3,1.0000,0.0000,0.0000,4.8571,0,0,3,0,0,0,0,0,3,70,0,7
72,L,7,0,0,20,16,3,1.0000,0.0000,0.0000,4.5714,0,0,3,0,0,0,0,0,3,72,0,7
73,L,7,0,0,20,15,3,1.0000,0.0000,0.0000,4.2857,0,0,3,0,0,0,0,0,3,73,0,7
74,L,7,0,0,20,14,3,1.0000,0.0000,0.0000,4.0000,0,0,3,0,0,0,0,0,3,74,0,7
75,L,7,0,0,20,14,3,1.0000,0.0000,0.0000,4.0000,0,0,3,0,0,0,0,0,3,75,0,7
76,L,7,0,0,19,14,3,1.0000,0.0000,0.0000,4.0000,0,0,3,0,0,0,0,0,3,76,0,7
77,L,7,0,0,20,14,3,1.0000,0.0000,0.0000,4.0000,0,0,3,0,0,0,0,0,3,77,0,7
78,L,7,0,0,19,14,3,1.0000,0.0000,0.0000,4.0000,0,0,3,0,0,0,0,0,3,78,0,7
79,L,7,0,0,19,14,3,1.0000,0.0000,0.0000,4.0000,0,0,3,0,0,0,0,0,3,79,0,7
80,L,7,0,0,19,14,3,1.0000,0.0000,0.0000,4.0000,0,0,3,0,0,0,0,0,3,80,0,7
81,L,7,0,0,19,14,3,1.0000,0.0000,0.0000,4.0000,0,0,3,0,0,0,0,0,3,81,0,7
82,L,7,0,0,19,14,3,1.0000,0.0000,0.0000,4.0000,0,0,3,0,0,0,0,0,3,83,0,7
83,L,7,0,0,19,14,3,1.0000,0.0000,0.0000,4.0000,0,0,3,0,0,0,0,0,3,84,0,7
84,L,7,0,0,20,14,3,1.0000,0.0000,0.0000,4.0000,0,0,3,0,0,0,0,0,3,85,0,7
85,L,7,0,0,20,14,3,1.0000,0.0000,0.0000,4.0000,0,0,3,0,0,0,0,0,3,86,0,7
86,L,7,0,0,20,14,3,1.0000,0.0000,0.0000,4.0000,0,0,3,0,0,0,0,0,3,87,0,7
87,L,7,0,0,20,14,3,1.0000,0.0000,0.0000,4.0000,0,0,3,0,0,0,0,0,3,88,0,7
88,L,7,0,0,20,14,3,1.0000,0.0000,0.0000,4.0000,0,0,3,0,0,0,0,0,3,89,0,7
89,L,7,0,0,20,13,3,1.0000,0.0000,0.0000,3.7143,0,0,3,0,0,0,0,0,3,90,0,7
90,L,7,0,0,20,11,3,1.0000,0.0000,0.0000,3.1429,0,0,3,0,0,0,0,0,3,91,0,7
91,L,7,0,0,20,11,3,1.0000,0.0000,0.0000,3.1429,0,0,3,0,0,0,0,0,3,93,0,7
92,L,7,0,0,20,11,3,1.0000,0.0000,0.0000,3.1429,0,0,3,0,0,0,0,0,3,94,0,7
93,L,7,0,0,20,11,3,1.0000,0.0000,0.0000,3.1429,0,0,3,0,0,0,0,0,3,95,0,7
94,L,7,0,0,18,11,3,1.0000,0.0000,0.0000,3.1429,0,0,3,0,0,0,0,0,3,96,0,7
95,L,7,0,0,19,11,3,1.0000,0.0000,0.0000,3.1429,0,0,3,0,0,0,0,0,3,97,0,7
96,L,7,0,0,20,11,3,1.0000,0.0000,0.0000,3.1429,0,0,3,0,0,0,0,0,3,98,0,7
97,L,7,0,0,18,10,3,0.8571,0.0000,0.1429,2.8571,0,0,3,0,0,0,0,0,3,101,1,7
98,L,7,0,0,19,10,3,0.8571,0.0000,0.1429,2.8571,0,0,3,0,0,0,0,0,3,102,1,7
99,L,7,0,0,20,9,3,0.8571,0.0000,0.1429,2.5714,0,0,3,0,0,0,0,0,3,103,1,7
100,L,7,0,0,19,9,3,1.0000,0.0000,0.0000,2.5714,1,0,4,0,0,0,0,1,3,107,0,7
101,L,7,0,0,19,9,3,1.0000,0.0000,0.0000,2.5714,0,0,4,0,0,0,0,1,3,108,0,7
102,L,7,0,0,19,9,3,1.0000,0.0000,0.0000,2.5714,0,0,4,0,0,0,0,1,3,108,0,7
103,L,7,0,0,19,9,3,1.0000,0.0000,0.0000,2.5714,0,0,4,0,0,0,0,1,3,108,0,7
104,L,7,0,0,19,8,3,1.0000,0.0000,0.0000,2.2857,0,0,4,0,0,0,0,1,3,109,0,7
105,L,7,0,0,19,8,3,1.0000,0.0000,0.0000,2.2857,0,0,4,0,0,0,0,1,3,109,0,7
106,L,7,0,0,19,9,3,1.0000,0.0000,0.0000,2.5714,0,0,4,0,0,0,0,1,3,110,0,7
107,L,7,0,0,19,9,3,1.0000,0.0000,0.0000,2.5714,0,0,4,0,0,0,0,1,3,110,0,7
108,L,7,0,0,20,9,3,1.0000,0.0000,0.0000,2.5714,0,0,4,0,0,0,0,1,3,111,0,7
109,L,7,0,0,20,8,3,1.0000,0.0000,0.0000,2.2857,0,0,4,0,0,0,0,1,3,111,0,7
110,L,7,0,0,20,8,3,1.0000,0.0000,0.0000,2.2857,0,0,4,0,0,0,0,1,3,112,0,7
111,L,7,0,0,19,8,3,1.0000,0.0000,0.0000,2.2857,0,0,4,0,0,0,0,1,3,112,0,7
112,L,7,0,0,19,8,3,1.0000,0.0000,0.0000,2.2857,0,0,4,0,0,0,0,1,3,114,0,7
113,L,7,0,0,21,8,3,1.0000,0.0000,0.0000,2.2857,0,0,4,0,0,0,0,1,3,114,0,7
114,L,7,0,0,21,8,3,1.0000,0.0000,0.0000,2.2857,0,0,4,0,0,0,0,1,3,115,0,7
115,L,7,0,0,19,8,3,1.0000,0.0000,0.0000,2.2857,0,0,4,0,0,0,0,1,3,118,0,7
116,L,7,0,0,19,8,3,1.0000,0.0000,0.0000,2.2857,0,0,4,0,0,0,0,1,3,118,0,7
117,L,7,0,0,20,8,3,1.0000,0.0000,0.0000,2.2857,0,0,4,0,0,0,0,1,3,118,0,7
118,L,7,0,0,21,9,3,1.0000,0.0000,0.0000,2.5714,1,0,5,0,0,0,0,2,3,120,0,7
119,L,7,0,0,20,9,3,1.0000,0.0000,0.0000,2.5714,0,0,5,0,0,0,0,2,3,120,0,7
120,L,7,0,0,19,9,3,1.0000,0.0000,0.0000,2.5714,0,0,5,0,0,0,0,2,3,122,0,7
121,L,7,0,0,19,9,3,1.0000,0.0000,0.0000,2.5714,0,0,5,0,0,0,0,2,3,122,0,7
122,L,7,0,0,18,8,3,1.0000,0.0000,0.0000,2.2857,0,0,5,0,0,0,0,2,3,123,0,7
123,L,7,0,0,18,8,3,1.0000,0.0000,0.0000,2.2857,0,0,5,0,0,0,0,2,3,123,0,7
124,L,7,0,0,18,8,3,1.0000,0.0000,0.0000,2.2857,0,0,5,0,0,0,0,2,3,123,0,7
125,L,7,0,0,16,8,3,1.0000,0.0000,0.0000,2.2857,0,0,5,0,0,0,0,2,3,123,0,7
126,L,7,0,0,15,8,3,1.0000,0.0000,0.0000,2.2857,0,0,5,0,0,0,0,2,3,123,0,7
127,L,7,0,0,15,8,3,1.0000,0.0000,0.0000,2.2857,0,0,5,0,0,0,0,2,3,126,0,7
128,L,7,0,0,15,8,3,1.0000,0.0000,0.0000,2.2857,0,0,5,0,0,0,0,2,3,127,0,7
129,L,7,0,0,16,8,3,1.0000,0.0000,0.0000,2.2857,0,0,5,0,0,0,0,2,3,128,0,7
130,L,7,0,0,16,8,3,1.0000,0.0000,0.0000,2.2857,0,0,5,0,0,0,0,2,3,129,0,7
131,L,7,0,0,17,8,3,1.0000,0.0000,0.0000,2.2857,0,0,5,0,0,0,0,2,3,132,0,7
132,L,7,0,0,18,8,3,1.0000,0.0000,0.0000,2.2857,0,0,5,0,0,0,0,2,3,133,0,7
133,L,7,0,0,17,8,3,1.0000,0.0000,0.0000,2.2857,0,0,5,0,0,0,0,2,3,134,0,7
134,L,7,0,0,16,8,3,1.0000,0.0000,0.0000,2.2857,0,0,5,0,0,0,0,2,3,136,0,7
135,L,7,0,0,15,8,3,1.0000,0.0000,0.0000,2.2857,0,0,5,0,0,0,0,2,3,137,0,7
136,L,7,0,0,16,7,3,0.8571,0.0000,0.1429,2.0000,0,0,5,0,0,0,0,2,3,137,1,7
137,L,7,0,0,16,7,3,0.8571,0.0000,0.1429,2.0000,0,0,5,0,0,0,0,2,3,137,1,7
138,L,7,0,0,14,7,3,0.8571,0.0000,0.1429,2.0000,0,0,5,0,0,0,0,2,3,139,1,7
139,L,7,0,0,14,7,3,0.8571,0.0000,0.1429,2.0000,0,0,5,0,0,0,0,2,3,139,1,7
140,L,7,0,0,16,7,3,0.8571,0.0000,0.1429,2.0000,0,0,5,0,0,0,0,2,3,141,1,7
141,L,7,0,0,18,7,3,0.8571,0.0000,0.1429,2.0000,0,0,5,0,0,0,0,2,3,141,1,7
142,L,7,0,0,16,7,3,0.8571,0.0000,0.1429,2.0000,0,0,5,0,0,0,0,2,3,142,1,7
143,L,7,0,0,15,7,3,0.8571,0.0000,0.1429,2.0000,0,0,5,0,0,0,0,2,3,143,1,7
144,L,7,0,0,15,7,3,0.8571,0.0000,0.1429,2.0000,0,0,5,0,0,0,0,2,3,144,1,7
145,L,7,0,0,16,7,3,0.8571,0.0000,0.1429,2.0000,0,0,5,0,0,0,0,2,3,146,1,7
146,L,7,0,0,15,8,3,0.8571,0.0000,0.1429,2.2857,1,0,6,0,0,0,0,3,3,148,1,7
147,L,7,0,0,16,8,3,0.8571,0.0000,0.1429,2.2857,0,0,6,0,0,0,0,3,3,149,1,7
148,L,7,0,0,16,7,3,0.8571,0.0000,0.1429,2.0000,0,0,6,0,0,0,0,3,3,150,1,7
149,L,7,0,0,14,7,3,0.8571,0.0000,0.1429,2.0000,0,0,6,0,0,0,0,3,3,151,1,7
150,L,7,0,0,15,7,3,0.8571,0.0000,0.1429,2.0000,0,0,6,0,0,0,0,3,3,153,1,7
151,L,7,0,0,15,7,3,0.8571,0.0000,0.1429,2.0000,0,0,6,0,0,0,0,3,3,154,1,7
152,L,7,0,0,16,7,3,0.8571,0.0000,0.1429,2.0000,0,0,6,0,0,0,0,3,3,155,1,7
153,L,7,0,0,14,7,3,0.8571,0.0000,0.1429,2.0000,0,0,6,0,0,0,0,3,3,157,1,7
154,L,7,0,0,13,7,3,0.8571,0.0000,0.1429,2.0000,0,0,6,0,0,0,0,3,3,158,1,7
155,L,7,0,0,13,7,3,0.8571,0.0000,0.1429,2.0000,0,0,6,0,0,0,0,3,3,159,1,7
156,L,7,0,0,13,7,3,0.8571,0.0000,0.1429,2.0000,0,0,6,0,0,0,0,3,3,160,1,7
157,L,7,0,0,14,7,3,0.8571,0.0000,0.1429,2.0000,0,0,6,0,0,0,0,3,3,161,1,7
158,L,7,0,0,12,7,3,0.8571,0.0000,0.1429,2.0000,0,0,6,0,0,0,0,3,3,164,1,7
159,L,7,0,0,13,7,3,0.8571,0.0000,0.1429,2.0000,0,0,6,0,0,0,0,3,3,165,1,7
160,L,7,0,0,13,7,3,0.8571,0.0000,0.1429,2.0000,0,0,6,0,0,0,0,3,3,169,1,7
161,L,7,0,0,14,7,3,0.8571,0.0000,0.1429,2.0000,0,0,6,0,0,0,0,3,3,169,1,7
162,L,7,0,0,14,7,3,0.8571,0.0000,0.1429,2.0000,0,0,6,0,0,0,0,3,3,169,1,7
163,L,7,0,0,14,7,3,0.8571,0.0000,0.1429,2.0000,0,0,6,0,0,0,0,3,3,170,1,7
164,L,7,0,0,13,7,3,0.8571,0.0000,0.1429,2.0000,0,0,6,0,0,0,0,3,3,172,1,7
165,L,7,0,0,13,7,3,0.8571,0.0000,0.1429,2.0000,0,0,6,0,0,0,0,3,3,172,1,7
166,L,7,0,0,15,7,3,0.8571,0.0000,0.1429,2.0000,0,0,6,0,0,0,0,3,3,172,1,7
167,L,7,0,0,16,7,3,0.8571,0.0000,0.1429,2.0000,0,0,6,0,0,0,0,3,3,174,1,7
168,L,7,0,0,13,6,3,0.8571,0.0000,0.1429,1.7143,0,0,6,0,0,0,0,3,3,175,1,7
169,L,7,0,0,15,6,3,0.8571,0.0000,0.1429,1.7143,0,0,6,0,0,0,0,3,3,175,1,7
170,L,7,0,0,14,5,3,0.7143,0.0000,0.2857,1.4286,0,0,6,0,0,0,0,3,3,175,2,7
171,L,7,0,0,17,5,3,0.7143,0.0000,0.2857,1.4286,0,0,6,0,0,0,0,3,3,175,2,7
172,L,7,0,0,17,5,3,0.7143,0.0000,0.2857,1.4286,0,0,6,0,0,0,0,3,3,175,2,7
173,L,7,0,0,17,5,3,0.7143,0.0000,0.2857,1.4286,0,0,6,0,0,0,0,3,3,175,2,7
174,L,7,0,0,16,5,3,0.7143,0.0000,0.2857,1.4286,0,0,6,0,0,0,0,3,3,175,2,7
175,L,7,0,0,18,5,3,0.7143,0.0000,0.2857,1.4286,0,0,6,0,0,0,0,3,3,175,2,7
176,L,7,0,0,17,5,3,0.7143,0.0000,0.2857,1.4286,0,0,6,0,0,0,0,3,3,176,2,7
177,L,7,0,0,18,5,3,0.7143,0.0000,0.2857,1.4286,0,0,6,0,0,0,0,3,3,177,2,7
178,L,7,0,0,16,5,3,0.7143,0.0000,0.2857,1.4286,0,0,6,0,0,0,0,3,3,178,2,7
179,L,7,0,0,17,5,3,0.7143,0.0000,0.2857,1.4286,0,0,6,0,0,0,0,3,3,178,2,7
180,L,7,0,0,15,5,3,0.7143,0.0000,0.2857,1.4286,0,0,6,0,0,0,0,3,3,178,2,7
181,L,7,0,0,17,5,3,0.7143,0.0000,0.2857,1.4286,0,0,6,0,0,0,0,3,3,180,2,7
182,L,7,0,0,15,5,3,0.7143,0.0000,0.2857,1.4286,0,0,6,0,0,0,0,3,3,181,2,7
183,L,7,0,0,15,5,3,0.7143,0.0000,0.2857,1.4286,0,0,6,0,0,0,0,3,3,182,2,7
184,L,7,0,0,17,5,3,0.7143,0.0000,0.2857,1.4286,0,0,6,0,0,0,0,3,3,183,2,7
185,L,7,0,0,17,5,3,0.7143,0.0000,0.2857,1.4286,0,0,6,0,0,0,0,3,3,186,2,7
186,L,7,0,0,17,5,3,0.7143,0.0000,0.2857,1.4286,0,0,6,0,0,0,0,3,3,186,2,7
187,L,7,0,0,15,5,3,0.7143,0.0000,0.2857,1.4286,0,0,6,0,0,0,0,3,3,187,2,7
188,L,7,0,0,13,5,3,0.7143,0.0000,0.2857,1.4286,0,0,6,0,0,0,0,3,3,188,2,7
189,L,7,0,0,14,5,3,0.7143,0.0000,0.2857,1.4286,0,0,6,0,0,0,0,3,3,189,2,7
190,L,7,0,0,15,5,3,0.7143,0.0000,0.2857,1.4286,0,0,6,0,0,0,0,3,3,190,2,7
191,L,7,0,0,16,5,3,0.7143,0.0000,0.2857,1.4286,0,0,6,0,0,0,0,3,3,191,2,7
192,L,7,0,0,19,5,3,0.7143,0.0000,0.2857,1.4286,0,0,6,0,0,0,0,3,3,191,2,7
193,L,7,0,0,18,5,3,0.7143,0.0000,0.2857,1.4286,0,0,6,0,0,0,0,3,3,191,2,7
194,L,7,0,0,18,5,3,0.7143,0.0000,0.2857,1.4286,0,0,6,0,0,0,0,3,3,193,2,7
195,L,7,0,0,13,5,3,0.7143,0.0000,0.2857,1.4286,0,0,6,0,0,0,0,3,3,194,2,7
196,L,7,0,0,17,5,3,0.7143,0.0000,0.2857,1.4286,0,0,6,0,0,0,0,3,3,195,2,7
197,L,7,0,0,14,5,3,0.7143,0.0000,0.2857,1.4286,0,0,6,0,0,0,0,3,3,196,2,7
198,L,7,0,0,15,5,3,0.7143,0.0000,0.2857,1.4286,0,0,6,0,0,0,0,3,3,196,2,7
199,L,7,0,0,15,5,3,0.7143,0.0000,0.2857,1.4286,0,0,6,0,0,0,0,3,3,197,2,7
200,L,7,0,0,14,5,3,0.7143,0.0000,0.2857,1.4286,0,0,6,0,0,0,0,3,3,197,2,7
201,L,7,0,0,13,5,3,0.7143,0.0000,0.2857,1.4286,0,0,6,0,0,0,0,3,3,199,2,7
202,L,7,0,0,11,5,3,0.7143,0.0000,0.2857,1.4286,0,0,6,0,0,0,0,3,3,200,2,7
203,L,7,0,0,11,5,3,0.7143,0.0000,0.2857,1.4286,0,0,6,0,0,0,0,3,3,200,2,7
204,L,7,0,0,11,5,3,0.7143,0.0000,0.2857,1.4286,0,0,6,0,0,0,0,3,3,200,2,7
205,L,7,0,0,14,5,3,0.7143,0.0000,0.2857,1.4286,0,0,6,0,0,0,0,3,3,200,2,7
206,L,7,0,0,14,5,3,0.7143,0.0000,0.2857,1.4286,0,0,6,0,0,0,0,3,3,201,2,7
207,L,7,0,0,14,5,3,0.7143,0.0000,0.2857,1.4286,0,0,6,0,0,0,0,3,3,202,2,7
208,L,7,0,0,14,5,3,0.7143,0.0000,0.2857,1.4286,0,0,6,0,0,0,0,3,3,202,2,7
209,L,7,0,0,13,5,3,0.7143,0.0000,0.2857,1.4286,0,0,6,0,0,0,0,3,3,203,2,7
210,L,7,0,0,15,5,3,0.7143,0.0000,0.2857,1.4286,0,0,6,0,0,0,0,3,3,204,2,7
211,L,7,0,0,13,5,3,0.7143,0.0000,0.2857,1.4286,0,0,6,0,0,0,0,3,3,205,2,7
212,L,7,0,0,13,5,3,0.7143,0.0000,0.2857,1.4286,0,0,6,0,0,0,0,3,3,206,2,7
213,L,7,0,0,15,4,3,0.5714,0.0000,0.4286,1.1429,0,0,6,0,0,0,0,3,3,207,3,7
214,L,7,0,0,13,4,3,0.5714,0.0000,0.4286,1.1429,0,0,6,0,0,0,0,3,3,208,3,7
215,L,7,0,0,17,4,3,0.5714,0.0000,0.4286,1.1429,0,0,6,0,0,0,0,3,3,208,3,7
216,L,7,0,0,15,4,3,0.5714,0.0000,0.4286,1.1429,0,0,6,0,0,0,0,3,3,208,3,7
217,L,7,0,0,15,4,3,0.5714,0.0000,0.4286,1.1429,0,0,6,0,0,0,0,3,3,208,3,7
218,L,7,0,0,16,4,3,0.5714,0.0000,0.4286,1.1429,0,0,6,0,0,0,0,3,3,208,3,7
219,L,7,0,0,14,4,3,0.5714,0.0000,0.4286,1.1429,0,0,6,0,0,0,0,3,3,211,3,7
220,L,7,0,0,12,4,3,0.5714,0.0000,0.4286,1.1429,0,0,6,0,0,0,0,3,3,211,3,7
221,L,7,0,0,14,4,3,0.5714,0.0000,0.4286,1.1429,0,0,6,0,0,0,0,3,3,211,3,7
222,L,7,0,0,17,4,3,0.5714,0.0000,0.4286,1.1429,0,0,6,0,0,0,0,3,3,211,3,7
223,L,7,0,0,19,4,3,0.5714,0.0000,0.4286,1.1429,0,0,6,0,0,0,0,3,3,212,3,7
224,L,7,0,0,18,4,3,0.5714,0.0000,0.4286,1.1429,0,0,6,0,0,0,0,3,3,212,3,7
225,L,7,0,0,16,4,3,0.5714,0.0000,0.4286,1.1429,0,0,6,0,0,0,0,3,3,212,3,7
226,L,7,0,0,16,4,3,0.5714,0.0000,0.4286,1.1429,0,0,6,0,0,0,0,3,3,213,3,7
227,L,7,0,0,15,4,3,0.5714,0.0000,0.4286,1.1429,0,0,6,0,0,0,0,3,3,214,3,7
228,L,7,0,0,15,4,3,0.5714,0.0000,0.4286,1.1429,0,0,6,0,0,0,0,3,3,214,3,7
229,L,7,0,0,16,4,3,0.5714,0.0000,0.4286,1.1429,0,0,6,0,0,0,0,3,3,214,3,7
230,L,7,0,0,17,4,3,0.5714,0.0000,0.4286,1.1429,0,0,6,0,0,0,0,3,3,214,3,7
231,L,7,0,0,16,4,3,0.5714,0.0000,0.4286,1.1429,0,0,6,0,0,0,0,3,3,214,3,7
232,L,7,0,0,16,4,3,0.5714,0.0000,0.4286,1.1429,0,0,6,0,0,0,0,3,3,216,3,7
233,L,7,0,0,16,4,3,0.5714,0.0000,0.4286,1.1429,0,0,6,0,0,0,0,3,3,216,3,7
234,L,7,0,0,15,4,3,0.5714,0.0000,0.4286,1.1429,0,0,6,0,0,0,0,3,3,217,3,7
235,L,7,0,0,14,4,3,0.5714,0.0000,0.4286,1.1429,0,0,6,0,0,0,0,3,3,217,3,7
236,L,7,0,0,18,4,3,0.5714,0.0000,0.4286,1.1429,0,0,6,0,0,0,0,3,3,217,3,7
237,L,7,0,0,16,4,3,0.5714,0.0000,0.4286,1.1429,0,0,6,0,0,0,0,3,3,217,3,7
238,L,7,0,0,14,4,3,0.5714,0.0000,0.4286,1.1429,0,0,6,0,0,0,0,3,3,220,3,7
239,L,7,0,0,14,4,3,0.5714,0.0000,0.4286,1.1429,0,0,6,0,0,0,0,3,3,221,3,7
240,L,7,0,0,16,4,3,0.5714,0.0000,0.4286,1.1429,0,0,6,0,0,0,0,3,3,222,3,7
241,L,7,0,0,15,4,3,0.5714,0.0000,0.4286,1.1429,0,0,6,0,0,0,0,3,3,223,3,7
242,L,7,0,0,16,4,3,0.5714,0.0000,0.4286,1.1429,0,0,6,0,0,0,0,3,3,224,3,7
243,L,7,0,0,17,4,3,0.5714,0.0000,0.4286,1.1429,0,0,6,0,0,0,0,3,3,225,3,7
244,L,7,0,0,16,4,3,0.5714,0.0000,0.4286,1.1429,0,0,6,0,0,0,0,3,3,227,3,7
245,L,7,0,0,13,4,3,0.5714,0.0000,0.4286,1.1429,0,0,6,0,0,0,0,3,3,228,3,7
246,L,7,0,0,16,4,3,0.5714,0.0000,0.4286,1.1429,0,0,6,0,0,0,0,3,3,230,3,7
247,L,7,0,0,15,4,3,0.5714,0.0000,0.4286,1.1429,0,0,6,0,0,0,0,3,3,231,3,7
248,L,7,0,0,16,4,3,0.5714,0.0000,0.4286,1.1429,0,0,6,0,0,0,0,3,3,232,3,7
249,L,7,0,0,19,4,3,0.5714,0.0000,0.4286,1.1429,0,0,6,0,0,0,0,3,3,233,3,7
250,L,7,0,0,15,4,3,0.5714,0.0000,0.4286,1.1429,0,0,6,0,0,0,0,3,3,234,3,7
251,L,7,0,0,15,4,3,0.5714,0.0000,0.4286,1.1429,0,0,6,0,0,0,0,3,3,235,3,7
252,L,7,0,0,14,4,3,0.5714,0.0000,0.4286,1.1429,0,0,6,0,0,0,0,3,3,236,3,7
253,L,7,0,0,15,4,3,0.5714,0.0000,0.4286,1.1429,0,0,6,0,0,0,0,3,3,237,3,7
254,L,7,0,0,15,4,3,0.5714,0.0000,0.4286,1.1429,0,0,6,0,0,0,0,3,3,238,3,7
255,L,7,0,0,14,4,3,0.5714,0.0000,0.4286,1.1429,0,0,6,0,0,0,0,3,3,239,3,7
256,L,7,0,0,17,4,3,0.5714,0.0000,0.4286,1.1429,0,0,6,0,0,0,0,3,3,240,3,7
257,L,7,0,0,14,4,3,0.5714,0.0000,0.4286,1.1429,0,0,6,0,0,0,0,3,3,241,3,7
258,L,7,0,0,14,4,3,0.5714,0.0000,0.4286,1.1429,0,0,6,0,0,0,0,3,3,242,3,7
259,L,7,0,0,15,4,3,0.5714,0.0000,0.4286,1.1429,0,0,6,0,0,0,0,3,3,243,3,7
260,L,7,0,0,15,4,3,0.5714,0.0000,0.4286,1.1429,0,0,6,0,0,0,0,3,3,244,3,7
261,L,7,0,0,14,4,3,0.5714,0.0000,0.4286,1.1429,0,0,6,0,0,0,0,3,3,245,3,7
262,L,7,0,0,13,4,3,0.5714,0.0000,0.4286,1.1429,0,0,6,0,0,0,0,3,3,246,3,7
263,L,7,0,0,12,4,3,0.5714,0.0000,0.4286,1.1429,0,0,6,0,0,0,0,3,3,249,3,7
264,L,7,0,0,12,4,3,0.5714,0.0000,0.4286,1.1429,0,0,6,0,0,0,0,3,3,250,3,7
265,L,7,0,0,12,4,3,0.5714,0.0000,0.4286,1.1429,0,0,6,0,0,0,0,3,3,251,3,7
266,L,7,0,0,13,4,3,0.5714,0.0000,0.4286,1.1429,0,0,6,0,0,0,0,3,3,252,3,7
267,L,7,0,0,11,4,3,0.5714,0.0000,0.4286,1.1429,0,0,6,0,0,0,0,3,3,254,3,7
268,L,7,0,0,13,4,3,0.5714,0.0000,0.4286,1.1429,0,0,6,0,0,0,0,3,3,255,3,7
269,L,7,0,0,11,4,3,0.5714,0.0000,0.4286,1.1429,0,0,6,0,0,0,0,3,3,257,3,7
270,L,7,0,0,11,4,3,0.5714,0.0000,0.4286,1.1429,0,0,6,0,0,0,0,3,3,260,3,7
271,L,7,0,0,11,4,3,0.5714,0.0000,0.4286,1.1429,0,0,6,0,0,0,0,3,3,261,3,7
272,L,7,0,0,11,4,3,0.5714,0.0000,0.4286,1.1429,0,0,6,0,0,0,0,3,3,262,3,7
273,L,7,0,0,11,4,3,0.5714,0.0000,0.4286,1.1429,0,0,6,0,0,0,0,3,3,263,3,7
274,L,7,0,0,10,4,3,0.5714,0.0000,0.4286,1.1429,0,0,6,0,0,0,0,3,3,265,3,7
275,L,7,0,0,11,4,3,0.5714,0.0000,0.4286,1.1429,0,0,6,0,0,0,0,3,3,266,3,7
276,L,7,0,0,10,4,3,0.5714,0.0000,0.4286,1.1429,0,0,6,0,0,0,0,3,3,267,3,7
277,L,7,0,0,9,4,3,0.5714,0.0000,0.4286,1.1429,0,0,6,0,0,0,0,3,3,268,3,7
278,L,7,0,0,12,4,3,0.5714,0.0000,0.4286,1.1429,0,0,6,0,0,0,0,3,3,269,3,7
279,L,7,0,0,12,4,3,0.5714,0.0000,0.4286,1.1429,0,0,6,0,0,0,0,3,3,270,3,7
280,L,7,0,0,12,4,3,0.5714,0.0000,0.4286,1.1429,0,0,6,0,0,0,0,3,3,271,3,7
281,L,7,0,0,15,4,3,0.5714,0.0000,0.4286,1.1429,0,0,6,0,0,0,0,3,3,272,3,7
282,L,7,0,0,14,4,3,0.5714,0.0000,0.4286,1.1429,0,0,6,0,0,0,0,3,3,273,3,7
283,L,7,0,0,17,4,3,0.5714,0.0000,0.4286,1.1429,0,0,6,0,0,0,0,3,3,274,3,7
284,L,7,0,0,15,4,3,0.5714,0.0000,0.4286,1.1429,0,0,6,0,0,0,0,3,3,275,3,7
285,L,7,0,0,15,4,3,0.5714,0.0000,0.4286,1.1429,0,0,6,0,0,0,0,3,3,276,3,7
286,L,7,0,0,14,4,3,0.5714,0.0000,0.4286,1.1429,0,0,6,0,0,0,0,3,3,279,3,7
287,L,8,1,0,16,5,3,0.6250,0.0000,0.3750,1.2500,0,0,6,0,0,0,0,3,3,281,3,7
288,L,8,1,0,19,5,3,0.6250,0.0000,0.3750,1.2500,0,0,6,0,0,0,0,3,3,282,3,7
289,L,9,2,0,25,6,3,0.6667,0.0000,0.3333,1.3333,0,0,6,0,0,0,0,3,3,284,3,7
290,L,9,2,0,28,6,3,0.6667,0.0000,0.3333,1.3333,0,0,6,0,0,0,0,3,3,285,3,7
291,L,10,3,0,30,7,3,0.6000,0.2000,0.2000,1.4000,0,0,6,0,0,0,0,3,3,288,2,7
292,L,10,3,0,30,7,3,0.6000,0.2000,0.2000,1.4000,0,0,6,0,0,0,0,3,3,289,2,7
293,L,11,4,0,35,9,3,0.6364,0.1818,0.1818,1.6364,1,0,7,0,0,0,0,4,3,294,2,7
294,L,11,4,0,36,9,3,0.6364,0.1818,0.1818,1.6364,0,0,7,0,0,0,0,4,3,295,2,7
295,L,12,5,0,48,12,3,0.7500,0.1667,0.0833,2.0000,1,0,8,0,0,0,0,6,3,298,1,7
296,L,12,5,0,54,12,3,0.7500,0.1667,0.0833,2.0000,0,0,8,0,0,0,0,6,3,299,1,7
297,L,12,5,0,41,15,3,0.7500,0.1667,0.0833,2.5000,1,0,9,0,0,0,0,9,3,301,1,7
298,L,12,5,0,44,15,3,0.7500,0.1667,0.0833,2.5000,0,0,9,0,0,0,0,9,3,302,1,7
299,L,10,5,2,35,12,2,0.9000,0.0000,0.1000,2.4000,1,3,10,0,0,0,0,11,3,310,1,6
300,L,9,5,3,24,9,2,0.7778,0.0000,0.2222,2.0000,0,2,10,0,0,0,0,12,3,314,2,6
301,L,9,5,3,25,9,2,0.7778,0.0000,0.2222,2.0000,0,0,10,0,0,0,0,12,3,317,2,6
302,L,9,5,3,23,9,3,0.7778,0.0000,0.2222,2.0000,1,0,11,0,0,0,0,12,4,319,2,6
303,L,7,5,5,14,6,4,0.7143,0.0000,0.2857,1.7143,0,2,11,0,0,0,0,12,6,325,2,4
304,L,6,5,6,18,7,4,0.6667,0.0000,0.3333,2.3333,0,0,11,0,0,0,0,13,6,327,2,4
305,L,6,5,6,9,4,2,0.6667,0.0000,0.3333,1.3333,0,2,11,0,0,0,0,13,6,331,2,4
306,L,3,5,9,1,0,0,0.3333,0.0000,1.0000,0.0000,0,3,11,0,0,0,0,13,6,338,2,2
307,L,0,5,12,0,0,0,0.0000,0.0000,0.0000,0.0000,0,0,11,0,0,0,0,13,6,344,0,0
308,L,0,5,12,0,0,0,0.0000,0.0000,0.0000,0.0000,0,0,11,0,0,0,0,13,6,345,0,0
309,L,0,5,12,0,0,0,0.0000,0.0000,0.0000,0.0000,0,0,11,0,0,0,0,13,6,347,0,0
310,L,0,5,12,0,0,0,0.0000,0.0000,0.0000,0.0000,0,0,11,0,0,0,0,13,6,348,0,0
311,L,0,5,12,0,0,0,0.0000,0.0000,0.0000,0.0000,0,0,11,0,0,0,0,13,6,350,0,0
312,L,0,5,12,0,0,0,0.0000,0.0000,0.0000,0.0000,0,0,11,0,0,0,0,13,6,351,0,0
313,L,0,5,12,0,0,0,0.0000,0.0000,0.0000,0.0000,0,0,11,0,0,0,0,13,6,353,0,0
314,L,0,5,12,0,0,0,0.0000,0.0000,0.0000,0.0000,0,0,11,0,0,0,0,13,6,354,0,0
315,L,0,5,12,0,0,0,0.0000,0.0000,0.0000,0.0000,0,0,11,0,0,0,0,13,6,356,0,0
316,L,0,5,12,0,0,0,0.0000,0.0000,0.0000,0.0000,0,0,11,0,0,0,0,13,6,357,0,0
317,L,0,5,12,0,0,0,0.0000,0.0000,0.0000,0.0000,0,0,11,0,0,0,0,13,6,359,0,0
318,L,0,5,12,0,0,0,0.0000,0.0000,0.0000,0.0000,0,0,11,0,0,0,0,13,6,360,0,0
319,L,0,5,12,0,0,0,0.0000,0.0000,0.0000,0.0000,0,0,11,0,0,0,0,13,6,362,0,0
320,L,0,5,12,0,0,0,0.0000,0.0000,0.0000,0.0000,0,0,11,0,0,0,0,13,6,363,0,0
321,L,0,5,12,0,0,0,0.0000,0.0000,0.0000,0.0000,0,0,11,0,0,0,0,13,6,365,0,0
322,L,0,5,12,0,0,0,0.0000,0.0000,0.0000,0.0000,0,0,11,0,0,0,0,13,6,366,0,0
323,L,0,5,12,0,0,0,0.0000,0.0000,0.0000,0.0000,0,0,11,0,0,0,0,13,6,368,0,0
324,L,0,5,12,0,0,0,0.0000,0.0000,0.0000,0.0000,0,0,11,0,0,0,0,13,6,369,0,0
325,L,0,5,12,0,0,0,0.0000,0.0000,0.0000,0.0000,0,0,11,0,0,0,0,13,6,371,0,0
326,L,0,5,12,0,0,0,0.0000,0.0000,0.0000,0.0000,0,0,11,0,0,0,0,13,6,372,0,0
327,L,0,5,12,0,0,0,0.0000,0.0000,0.0000,0.0000,0,0,11,0,0,0,0,13,6,374,0,0
328,L,0,5,12,0,0,0,0.0000,0.0000,0.0000,0.0000,0,0,11,0,0,0,0,13,6,375,0,0
329,L,0,5,12,0,0,0,0.0000,0.0000,0.0000,0.0000,0,0,11,0,0,0,0,13,6,377,0,0
330,L,0,5,12,0,0,0,0.0000,0.0000,0.0000,0.0000,0,0,11,0,0,0,0,13,6,378,0,0
331,L,0,5,12,0,0,0,0.0000,0.0000,0.0000,0.0000,0,0,11,0,0,0,0,13,6,380,0,0
332,L,0,5,12,0,0,0,0.0000,0.0000,0.0000,0.0000,0,0,11,0,0,0,0,13,6,381,0,0
333,L,0,5,12,0,0,0,0.0000,0.0000,0.0000,0.0000,0,0,11,0,0,0,0,13,6,383,0,0
334,L,0,5,12,0,0,0,0.0000,0.0000,0.0000,0.0000,0,0,11,0,0,0,0,13,6,384,0,0
335,L,0,5,12,0,0,0,0.0000,0.0000,0.0000,0.0000,0,0,11,0,0,0,0,13,6,386,0,0
336,L,0,5,12,0,0,0,0.0000,0.0000,0.0000,0.0000,0,0,11,0,0,0,0,13,6,387,0,0
337,L,0,5,12,0,0,0,0.0000,0.0000,0.0000,0.0000,0,0,11,0,0,0,0,13,6,389,0,0
338,L,0,5,12,0,0,0,0.0000,0.0000,0.0000,0.0000,0,0,11,0,0,0,0,13,6,390,0,0
339,L,0,5,12,0,0,0,0.0000,0.0000,0.0000,0.0000,0,0,11,0,0,0,0,13,6,392,0,0
340,L,0,5,12,0,0,0,0.0000,0.0000,0.0000,0.0000,0,0,11,0,0,0,0,13,6,393,0,0
341,L,0,5,12,0,0,0,0.0000,0.0000,0.0000,0.0000,0,0,11,0,0,0,0,13,6,395,0,0
342,L,0,5,12,0,0,0,0.0000,0.0000,0.0000,0.0000,0,0,11,0,0,0,0,13,6,396,0,0
343,L,0,5,12,0,0,0,0.0000,0.0000,0.0000,0.0000,0,0,11,0,0,0,0,13,6,398,0,0
344,L,0,5,12,0,0,0,0.0000,0.0000,0.0000,0.0000,0,0,11,0,0,0,0,13,6,399,0,0
345,L,0,5,12,0,0,0,0.0000,0.0000,0.0000,0.0000,0,0,11,0,0,0,0,13,6,401,0,0
346,L,0,5,12,0,0,0,0.0000,0.0000,0.0000,0.0000,0,0,11,0,0,0,0,13,6,402,0,0
347,L,0,5,12,0,0,0,0.0000,0.0000,0.0000,0.0000,0,0,11,0,0,0,0,13,6,404,0,0
348,L,0,5,12,0,0,0,0.0000,0.0000,0.0000,0.0000,0,0,11,0,0,0,0,13,6,405,0,0
349,L,0,5,12,0,0,0,0.0000,0.0000,0.0000,0.0000,0,0,11,0,0,0,0,13,6,407,0,0
350,L,0,5,12,0,0,0,0.0000,0.0000,0.0000,0.0000,0,0,11,0,0,0,0,13,6,408,0,0
351,L,0,5,12,0,0,0,0.0000,0.0000,0.0000,0.0000,0,0,11,0,0,0,0,13,6,410,0,0
352,L,0,5,12,0,0,0,0.0000,0.0000,0.0000,0.0000,0,0,11,0,0,0,0,13,6,411,0,0
353,L,0,5,12,0,0,0,0.0000,0.0000,0.0000,0.0000,0,0,11,0,0,0,0,13,6,413,0,0
354,L,0,5,12,0,0,0,0.0000,0.0000,0.0000,0.0000,0,0,11,0,0,0,0,13,6,414,0,0
355,L,0,5,12,0,0,0,0.0000,0.0000,0.0000,0.0000,0,0,11,0,0,0,0,13,6,416,0,0
356,L,0,5,12,0,0,0,0.0000,0.0000,0.0000,0.0000,0,0,11,0,0,0,0,13,6,417,0,0
357,L,0,5,12,0,0,0,0.0000,0.0000,0.0000,0.0000,0,0,11,0,0,0,0,13,6,419,0,0
358,L,0,5,12,0,0,0,0.0000,0.0000,0.0000,0.0000,0,0,11,0,0,0,0,13,6,420,0,0
359,L,0,5,12,0,0,0,0.0000,0.0000,0.0000,0.0000,0,0,11,0,0,0,0,13,6,422,0,0
360,L,0,5,12,0,0,0,0.0000,0.0000,0.0000,0.0000,0,0,11,0,0,0,0,13,6,423,0,0
361,L,0,5,12,0,0,0,0.0000,0.0000,0.0000,0.0000,0,0,11,0,0,0,0,13,6,425,0,0
362,L,0,5,12,0,0,0,0.0000,0.0000,0.0000,0.0000,0,0,11,0,0,0,0,13,6,426,0,0
363,L,0,5,12,0,0,0,0.0000,0.0000,0.0000,0.0000,0,0,11,0,0,0,0,13,6,428,0,0
364,L,0,5,12,0,0,0,0.0000,0.0000,0.0000,0.0000,0,0,11,0,0,0,0,13,6,429,0,0
365,L,0,5,12,0,0,0,0.0000,0.0000,0.0000,0.0000,0,0,11,0,0,0,0,13,6,431,0,0
366,L,0,5,12,0,0,0,0.0000,0.0000,0.0000,0.0000,0,0,11,0,0,0,0,13,6,432,0,0
367,L,0,5,12,0,0,0,0.0000,0.0000,0.0000,0.0000,0,0,11,0,0,0,0,13,6,434,0,0
368,L,0,5,12,0,0,0,0.0000,0.0000,0.0000,0.0000,0,0,11,0,0,0,0,13,6,435,0,0
369,L,0,5,12,0,0,0,0.0000,0.0000,0.0000,0.0000,0,0,11,0,0,0,0,13,6,437,0,0
370,L,0,5,12,0,0,0,0.0000,0.0000,0.0000,0.0000,0,0,11,0,0,0,0,13,6,438,0,0
371,L,0,5,12,0,0,0,0.0000,0.0000,0.0000,0.0000,0,0,11,0,0,0,0,13,6,440,0,0
372,L,0,5,12,0,0,0,0.0000,0.0000,0.0000,0.0000,0,0,11,0,0,0,0,13,6,441,0,0
373,L,0,5,12,0,0,0,0.0000,0.0000,0.0000,0.0000,0,0,11,0,0,0,0,13,6,443,0,0
374,L,0,5,12,0,0,0,0.0000,0.0000,0.0000,0.0000,0,0,11,0,0,0,0,13,6,444,0,0
375,L,0,5,12,0,0,0,0.0000,0.0000,0.0000,0.0000,0,0,11,0,0,0,0,13,6,446,0,0
376,L,0,5,12,0,0,0,0.0000,0.0000,0.0000,0.0000,0,0,11,0,0,0,0,13,6,447,0,0
377,L,0,5,12,0,0,0,0.0000,0.0000,0.0000,0.0000,0,0,11,0,0,0,0,13,6,449,0,0
378,L,0,5,12,0,0,0,0.0000,0.0000,0.0000,0.0000,0,0,11,0,0,0,0,13,6,450,0,0
379,L,0,5,12,0,0,0,0.0000,0.0000,0.0000,0.0000,0,0,11,0,0,0,0,13,6,452,0,0
380,L,0,5,12,0,0,0,0.0000,0.0000,0.0000,0.0000,0,0,11,0,0,0,0,13,6,453,0,0
381,L,0,5,12,0,0,0,0.0000,0.0000,0.0000,0.0000,0,0,11,0,0,0,0,13,6,455,0,0
382,L,0,5,12,0,0,0,0.0000,0.0000,0.0000,0.0000,0,0,11,0,0,0,0,13,6,456,0,0
383,L,0,5,12,0,0,0,0.0000,0.0000,0.0000,0.0000,0,0,11,0,0,0,0,13,6,458,0,0
384,L,0,5,12,0,0,0,0.0000,0.0000,0.0000,0.0000,0,0,11,0,0,0,0,13,6,459,0,0
385,L,0,5,12,0,0,0,0.0000,0.0000,0.0000,0.0000,0,0,11,0,0,0,0,13,6,461,0,0
386,L,0,5,12,0,0,0,0.0000,0.0000,0.0000,0.0000,0,0,11,0,0,0,0,13,6,462,0,0
387,L,0,5,12,0,0,0,0.0000,0.0000,0.0000,0.0000,0,0,11,0,0,0,0,13,6,464,0,0
388,L,0,5,12,0,0,0,0.0000,0.0000,0.0000,0.0000,0,0,11,0,0,0,0,13,6,465,0,0
389,L,0,5,12,0,0,0,0.0000,0.0000,0.0000,0.0000,0,0,11,0,0,0,0,13,6,467,0,0
390,L,0,5,12,0,0,0,0.0000,0.0000,0.0000,0.0000,0,0,11,0,0,0,0,13,6,468,0,0
391,L,0,5,12,0,0,0,0.0000,0.0000,0.0000,0.0000,0,0,11,0,0,0,0,13,6,470,0,0
392,L,0,5,12,0,0,0,0.0000,0.0000,0.0000,0.0000,0,0,11,0,0,0,0,13,6,471,0,0
393,L,0,5,12,0,0,0,0.0000,0.0000,0.0000,0.0000,0,0,11,0,0,0,0,13,6,473,0,0
394,L,0,5,12,0,0,0,0.0000,0.0000,0.0000,0.0000,0,0,11,0,0,0,0,13,6,474,0,0
395,L,0,5,12,0,0,0,0.0000,0.0000,0.0000,0.0000,0,0,11,0,0,0,0,13,6,476,0,0
396,L,0,5,12,0,0,0,0.0000,0.0000,0.0000,0.0000,0,0,11,0,0,0,0,13,6,477,0,0
397,L,0,5,12,0,0,0,0.0000,0.0000,0.0000,0.0000,0,0,11,0,0,0,0,13,6,479,0,0
398,L,0,5,12,0,0,0,0.0000,0.0000,0.0000,0.0000,0,0,11,0,0,0,0,13,6,480,0,0
399,L,0,5,12,0,0,0,0.0000,0.0000,0.0000,0.0000,0,0,11,0,0,0,0,13,6,482,0,0
400,L,0,5,12,0,0,0,0.0000,0.0000,0.0000,0.0000,0,0,11,0,0,0,0,13,6,483,0,0
401,L,0,5,12,0,0,0,0.0000,0.0000,0.0000,0.0000,0,0,11,0,0,0,0,13,6,485,0,0
402,L,0,5,12,0,0,0,0.0000,0.0000,0.0000,0.0000,0,0,11,0,0,0,0,13,6,486,0,0
403,L,0,5,12,0,0,0,0.0000,0.0000,0.0000,0.0000,0,0,11,0,0,0,0,13,6,488,0,0
404,L,0,5,12,0,0,0,0.0000,0.0000,0.0000,0.0000,0,0,11,0,0,0,0,13,6,489,0,0
405,L,0,5,12,0,0,0,0.0000,0.0000,0.0000,0.0000,0,0,11,0,0,0,0,13,6,491,0,0
406,L,0,5,12,0,0,0,0.0000,0.0000,0.0000,0.0000,0,0,11,0,0,0,0,13,6,492,0,0
407,L,0,5,12,0,0,0,0.0000,0.0000,0.0000,0.0000,0,0,11,0,0,0,0,13,6,494,0,0
408,L,0,5,12,0,0,0,0.0000,0.0000,0.0000,0.0000,0,0,11,0,0,0,0,13,6,495,0,0
409,L,0,5,12,0,0,0,0.0000,0.0000,0.0000,0.0000,0,0,11,0,0,0,0,13,6,497,0,0
410,L,0,5,12,0,0,0,0.0000,0.0000,0.0000,0.0000,0,0,11,0,0,0,0,13,6,498,0,0
411,L,0,5,12,0,0,0,0.0000,0.0000,0.0000,0.0000,0,0,11,0,0,0,0,13,6,500,0,0
412,L,0,5,12,0,0,0,0.0000,0.0000,0.0000,0.0000,0,0,11,0,0,0,0,13,6,500,0,0
413,L,0,5,12,0,0,0,0.0000,0.0000,0.0000,0.0000,0,0,11,0,0,0,0,13,6,500,0,0
414,L,0,5,12,0,0,0,0.0000,0.0000,0.0000,0.0000,0,0,11,0,0,0,0,13,6,500,0,0
415,L,0,5,12,0,0,0,0.0000,0.0000,0.0000,0.0000,0,0,11,0,0,0,0,13,6,500,0,0
416,L,0,5,12,0,0,0,0.0000,0.0000,0.0000,0.0000,0,0,11,0,0,0,0,13,6,500,0,0
417,L,0,5,12,0,0,0,0.0000,0.0000,0.0000,0.0000,0,0,11,0,0,0,0,13,6,500,0,0
418,L,0,5,12,0,0,0,0.0000,0.0000,0.0000,0.0000,0,0,11,0,0,0,0,13,6,500,0,0
419,L,0,5,12,0,0,0,0.0000,0.0000,0.0000,0.0000,0,0,11,0,0,0,0,13,6,500,0,0
420,L,0,5,12,0,0,0,0.0000,0.0000,0.0000,0.0000,0,0,11,0,0,0,0,13,6,500,0,0
421,L,0,5,12,0,0,0,0.0000,0.0000,0.0000,0.0000,0,0,11,0,0,0,0,13,6,500,0,0
422,L,0,5,12,0,0,0,0.0000,0.0000,0.0000,0.0000,0,0,11,0,0,0,0,13,6,500,0,0
423,L,0,5,12,0,0,0,0.0000,0.0000,0.0000,0.0000,0,0,11,0,0,0,0,13,6,500,0,0
424,L,0,5,12,0,0,0,0.0000,0.0000,0.0000,0.0000,0,0,11,0,0,0,0,13,6,500,0,0
425,L,0,5,12,0,0,0,0.0000,0.0000,0.0000,0.0000,0,0,11,0,0,0,0,13,6,500,0,0
426,L,0,5,12,0,0,0,0.0000,0.0000,0.0000,0.0000,0,0,11,0,0,0,0,13,6,500,0,0
427,L,0,5,12,0,0,0,0.0000,0.0000,0.0000,0.0000,0,0,11,0,0,0,0,13,6,500,0,0
428,L,0,5,12,0,0,0,0.0000,0.0000,0.0000,0.0000,0,0,11,0,0,0,0,13,6,500,0,0
429,L,0,5,12,0,0,0,0.0000,0.0000,0.0000,0.0000,0,0,11,0,0,0,0,13,6,500,0,0
430,L,0,5,12,0,0,0,0.0000,0.0000,0.0000,0.0000,0,0,11,0,0,0,0,13,6,500,0,0
431,L,0,5,12,0,0,0,0.0000,0.0000,0.0000,0.0000,0,0,11,0,0,0,0,13,6,500,0,0
432,L,0,5,12,0,0,0,0.0000,0.0000,0.0000,0.0000,0,0,11,0,0,0,0,13,6,500,0,0
433,L,0,5,12,0,0,0,0.0000,0.0000,0.0000,0.0000,0,0,11,0,0,0,0,13,6,500,0,0
434,L,0,5,12,0,0,0,0.0000,0.0000,0.0000,0.0000,0,0,11,0,0,0,0,13,6,500,0,0
435,L,0,5,12,0,0,0,0.0000,0.0000,0.0000,0.0000,0,0,11,0,0,0,0,13,6,500,0,0
436,L,0,5,12,0,0,0,0.0000,0.0000,0.0000,0.0000,0,0,11,0,0,0,0,13,6,500,0,0
437,L,0,5,12,0,0,0,0.0000,0.0000,0.0000,0.0000,0,0,11,0,0,0,0,13,6,500,0,0
438,L,0,5,12,0,0,0,0.0000,0.0000,0.0000,0.0000,0,0,11,0,0,0,0,13,6,500,0,0
439,L,0,5,12,0,0,0,0.0000,0.0000,0.0000,0.0000,0,0,11,0,0,0,0,13,6,500,0,0
440,L,0,5,12,0,0,0,0.0000,0.0000,0.0000,0.0000,0,0,11,0,0,0,0,13,6,500,0,0
441,L,0,5,12,0,0,0,0.0000,0.0000,0.0000,0.0000,0,0,11,0,0,0,0,13,6,500,0,0
442,L,0,5,12,0,0,0,0.0000,0.0000,0.0000,0.0000,0,0,11,0,0,0,0,13,6,500,0,0
443,L,0,5,12,0,0,0,0.0000,0.0000,0.0000,0.0000,0,0,11,0,0,0,0,13,6,500,0,0
444,L,0,5,12,0,0,0,0.0000,0.0000,0.0000,0.0000,0,0,11,0,0,0,0,13,6,500,0,0
445,L,0,5,12,0,0,0,0.0000,0.0000,0.0000,0.0000,0,0,11,0,0,0,0,13,6,500,0,0
446,L,0,5,12,0,0,0,0.0000,0.0000,0.0000,0.0000,0,0,11,0,0,0,0,13,6,500,0,0
447,L,0,5,12,0,0,0,0.0000,0.0000,0.0000,0.0000,0,0,11,0,0,0,0,13,6,500,0,0
448,L,0,5,12,0,0,0,0.0000,0.0000,0.0000,0.0000,0,0,11,0,0,0,0,13,6,500,0,0
449,L,0,5,12,0,0,0,0.0000,0.0000,0.0000,0.0000,0,0,11,0,0,0,0,13,6,500,0,0
450,L,0,5,12,0,0,0,0.0000,0.0000,0.0000,0.0000,0,0,11,0,0,0,0,13,6,500,0,0
451,L,0,5,12,0,0,0,0.0000,0.0000,0.0000,0.0000,0,0,11,0,0,0,0,13,6,500,0,0
452,L,0,5,12,0,0,0,0.0000,0.0000,0.0000,0.0000,0,0,11,0,0,0,0,13,6,500,0,0
453,L,0,5,12,0,0,0,0.0000,0.0000,0.0000,0.0000,0,0,11,0,0,0,0,13,6,500,0,0
454,L,0,5,12,0,0,0,0.0000,0.0000,0.0000,0.0000,0,0,11,0,0,0,0,13,6,500,0,0
455,L,0,5,12,0,0,0,0.0000,0.0000,0.0000,0.0000,0,0,11,0,0,0,0,13,6,500,0,0
456,L,0,5,12,0,0,0,0.0000,0.0000,0.0000,0.0000,0,0,11,0,0,0,0,13,6,500,0,0
457,L,0,5,12,0,0,0,0.0000,0.0000,0.0000,0.0000,0,0,11,0,0,0,0,13,6,500,0,0
458,L,0,5,12,0,0,0,0.0000,0.0000,0.0000,0.0000,0,0,11,0,0,0,0,13,6,500,0,0
459,L,0,5,12,0,0,0,0.0000,0.0000,0.0000,0.0000,0,0,11,0,0,0,0,13,6,500,0,0
460,L,0,5,12,0,0,0,0.0000,0.0000,0.0000,0.0000,0,0,11,0,0,0,0,13,6,500,0,0
461,L,0,5,12,0,0,0,0.0000,0.0000,0.0000,0.0000,0,0,11,0,0,0,0,13,6,500,0,0
462,L,0,5,12,0,0,0,0.0000,0.0000,0.0000,0.0000,0,0,11,0,0,0,0,13,6,500,0,0
463,L,0,5,12,0,0,0,0.0000,0.0000,0.0000,0.0000,0,0,11,0,0,0,0,13,6,500,0,0
464,L,0,5,12,0,0,0,0.0000,0.0000,0.0000,0.0000,0,0,11,0,0,0,0,13,6,500,0,0
465,L,0,5,12,0,0,0,0.0000,0.0000,0.0000,0.0000,0,0,11,0,0,0,0,13,6,500,0,0
466,L,0,5,12,0,0,0,0.0000,0.0000,0.0000,0.0000,0,0,11,0,0,0,0,13,6,500,0,0
467,L,0,5,12,0,0,0,0.0000,0.0000,0.0000,0.0000,0,0,11,0,0,0,0,13,6,500,0,0
468,L,0,5,12,0,0,0,0.0000,0.0000,0.0000,0.0000,0,0,11,0,0,0,0,13,6,500,0,0
469,L,0,5,12,0,0,0,0.0000,0.0000,0.0000,0.0000,0,0,11,0,0,0,0,13,6,500,0,0
470,L,0,5,12,0,0,0,0.0000,0.0000,0.0000,0.0000,0,0,11,0,0,0,0,13,6,500,0,0
471,L,0,5,12,0,0,0,0.0000,0.0000,0.0000,0.0000,0,0,11,0,0,0,0,13,6,500,0,0
472,L,0,5,12,0,0,0,0.0000,0.0000,0.0000,0.0000,0,0,11,0,0,0,0,13,6,500,0,0
473,L,0,5,12,0,0,0,0.0000,0.0000,0.0000,0.0000,0,0,11,0,0,0,0,13,6,500,0,0
474,L,0,5,12,0,0,0,0.0000,0.0000,0.0000,0.0000,0,0,11,0,0,0,0,13,6,500,0,0
475,L,0,5,12,0,0,0,0.0000,0.0000,0.0000,0.0000,0,0,11,0,0,0,0,13,6,500,0,0
476,L,0,5,12,0,0,0,0.0000,0.0000,0.0000,0.0000,0,0,11,0,0,0,0,13,6,500,0,0
477,L,0,5,12,0,0,0,0.0000,0.0000,0.0000,0.0000,0,0,11,0,0,0,0,13,6,500,0,0
478,L,0,5,12,0,0,0,0.0000,0.0000,0.0000,0.0000,0,0,11,0,0,0,0,13,6,500,0,0
479,L,0,5,12,0,0,0,0.0000,0.0000,0.0000,0.0000,0,0,11,0,0,0,0,13,6,500,0,0
480,L,0,5,12,0,0,0,0.0000,0.0000,0.0000,0.0000,0,0,11,0,0,0,0,13,6,500,0,0
481,L,0,5,12,0,0,0,0.0000,0.0000,0.0000,0.0000,0,0,11,0,0,0,0,13,6,500,0,0
482,L,0,5,12,0,0,0,0.0000,0.0000,0.0000,0.0000,0,0,11,0,0,0,0,13,6,500,0,0
483,L,0,5,12,0,0,0,0.0000,0.0000,0.0000,0.0000,0,0,11,0,0,0,0,13,6,500,0,0
484,L,0,5,12,0,0,0,0.0000,0.0000,0.0000,0.0000,0,0,11,0,0,0,0,13,6,500,0,0
485,L,0,5,12,0,0,0,0.0000,0.0000,0.0000,0.0000,0,0,11,0,0,0,0,13,6,500,0,0
486,L,0,5,12,0,0,0,0.0000,0.0000,0.0000,0.0000,0,0,11,0,0,0,0,13,6,500,0,0
487,L,0,5,12,0,0,0,0.0000,0.0000,0.0000,0.0000,0,0,11,0,0,0,0,13,6,500,0,0
488,L,0,5,12,0,0,0,0.0000,0.0000,0.0000,0.0000,0,0,11,0,0,0,0,13,6,500,0,0
489,L,0,5,12,0,0,0,0.0000,0.0000,0.0000,0.0000,0,0,11,0,0,0,0,13,6,500,0,0
490,L,0,5,12,0,0,0,0.0000,0.0000,0.0000,0.0000,0,0,11,0,0,0,0,13,6,500,0,0
491,L,0,5,12,0,0,0,0.0000,0.0000,0.0000,0.0000,0,0,11,0,0,0,0,13,6,500,0,0
492,L,0,5,12,0,0,0,0.0000,0.0000,0.0000,0.0000,0,0,11,0,0,0,0,13,6,500,0,0
493,L,0,5,12,0,0,0,0.0000,0.0000,0.0000,0.0000,0,0,11,0,0,0,0,13,6,500,0,0
494,L,0,5,12,0,0,0,0.0000,0.0000,0.0000,0.0000,0,0,11,0,0,0,0,13,6,500,0,0
495,L,0,5,12,0,0,0,0.0000,0.0000,0.0000,0.0000,0,0,11,0,0,0,0,13,6,500,0,0
496,L,0,5,12,0,0,0,0.0000,0.0000,0.0000,0.0000,0,0,11,0,0,0,0,13,6,500,0,0
497,L,0,5,12,0,0,0,0.0000,0.0000,0.0000,0.0000,0,0,11,0,0,0,0,13,6,500,0,0
498,L,0,5,12,0,0,0,0.0000,0.0000,0.0000,0.0000,0,0,11,0,0,0,0,13,6,500,0,0
499,L,0,5,12,0,0,0,0.0000,0.0000,0.0000,0.0000,0,0,11,0,0,0,0,13,6,500,0,0
500,L,0,5,12,0,0,0,0.0000,0.0000,0.0000,0.0000,0,0,11,0,0,0,0,13,6,500,0,0
501,L,0,5,12,0,0,0,0.0000,0.0000,0.0000,0.0000,0,0,11,0,0,0,0,13,6,500,0,0
502,L,0,5,12,0,0,0,0.0000,0.0000,0.0000,0.0000,0,0,11,0,0,0,0,13,6,500,0,0
503,L,0,5,12,0,0,0,0.0000,0.0000,0.0000,0.0000,0,0,11,0,0,0,0,13,6,500,0,0
504,L,0,5,12,0,0,0,0.0000,0.0000,0.0000,0.0000,0,0,11,0,0,0,0,13,6,500,0,0
505,L,0,5,12,0,0,0,0.0000,0.0000,0.0000,0.0000,0,0,11,0,0,0,0,13,6,500,0,0
506,L,0,5,12,0,0,0,0.0000,0.0000,0.0000,0.0000,0,0,11,0,0,0,0,13,6,500,0,0
507,L,0,5,12,0,0,0,0.0000,0.0000,0.0000,0.0000,0,0,11,0,0,0,0,13,6,500,0,0
508,L,0,5,12,0,0,0,0.0000,0.0000,0.0000,0.0000,0,0,11,0,0,0,0,13,6,500,0,0
509,L,0,5,12,0,0,0,0.0000,0.0000,0.0000,0.0000,0,0,11,0,0,0,0,13,6,500,0,0
510,L,0,5,12,0,0,0,0.0000,0.0000,0.0000,0.0000,0,0,11,0,0,0,0,13,6,500,0,0
511,L,0,5,12,0,0,0,0.0000,0.0000,0.0000,0.0000,0,0,11,0,0,0,0,13,6,500,0,0
512,L,0,5,12,0,0,0,0.0000,0.0000,0.0000,0.0000,0,0,11,0,0,0,0,13,6,500,0,0
513,L,0,5,12,0,0,0,0.0000,0.0000,0.0000,0.0000,0,0,11,0,0,0,0,13,6,500,0,0
514,L,0,5,12,0,0,0,0.0000,0.0000,0.0000,0.0000,0,0,11,0,0,0,0,13,6,500,0,0
515,L,0,5,12,0,0,0,0.0000,0.0000,0.0000,0.0000,0,0,11,0,0,0,0,13,6,500,0,0
516,L,0,5,12,0,0,0,0.0000,0.0000,0.0000,0.0000,0,0,11,0,0,0,0,13,6,500,0,0
517,L,0,5,12,0,0,0,0.0000,0.0000,0.0000,0.0000,0,0,11,0,0,0,0,13,6,500,0,0
518,L,0,5,12,0,0,0,0.0000,0.0000,0.0000,0.0000,0,0,11,0,0,0,0,13,6,500,0,0
519,L,0,5,12,0,0,0,0.0000,0.0000,0.0000,0.0000,0,0,11,0,0,0,0,13,6,500,0,0
520,L,0,5,12,0,0,0,0.0000,0.0000,0.0000,0.0000,0,0,11,0,0,0,0,13,6,500,0,0
521,L,0,5,12,0,0,0,0.0000,0.0000,0.0000,0.0000,0,0,11,0,0,0,0,13,6,500,0,0
522,L,0,5,12,0,0,0,0.0000,0.0000,0.0000,0.0000,0,0,11,0,0,0,0,13,6,500,0,0
523,L,0,5,12,0,0,0,0.0000,0.0000,0.0000,0.0000,0,0,11,0,0,0,0,13,6,500,0,0
524,L,0,5,12,0,0,0,0.0000,0.0000,0.0000,0.0000,0,0,11,0,0,0,0,13,6,500,0,0
525,L,0,5,12,0,0,0,0.0000,0.0000,0.0000,0.0000,0,0,11,0,0,0,0,13,6,500,0,0
526,L,0,5,12,0,0,0,0.0000,0.0000,0.0000,0.0000,0,0,11,0,0,0,0,13,6,500,0,0
527,L,0,5,12,0,0,0,0.0000,0.0000,0.0000,0.0000,0,0,11,0,0,0,0,13,6,500,0,0
528,L,0,5,12,0,0,0,0.0000,0.0000,0.0000,0.0000,0,0,11,0,0,0,0,13,6,500,0,0
529,L,0,5,12,0,0,0,0.0000,0.0000,0.0000,0.0000,0,0,11,0,0,0,0,13,6,500,0,0
530,L,0,5,12,0,0,0,0.0000,0.0000,0.0000,0.0000,0,0,11,0,0,0,0,13,6,500,0,0
531,L,0,5,12,0,0,0,0.0000,0.0000,0.0000,0.0000,0,0,11,0,0,0,0,13,6,500,0,0
532,L,0,5,12,0,0,0,0.0000,0.0000,0.0000,0.0000,0,0,11,0,0,0,0,13,6,500,0,0
533,L,0,5,12,0,0,0,0.0000,0.0000,0.0000,0.0000,0,0,11,0,0,0,0,13,6,500,0,0
534,L,0,5,12,0,0,0,0.0000,0.0000,0.0000,0.0000,0,0,11,0,0,0,0,13,6,500,0,0
535,L,0,5,12,0,0,0,0.0000,0.0000,0.0000,0.0000,0,0,11,0,0,0,0,13,6,500,0,0
536,L,0,5,12,0,0,0,0.0000,0.0000,0.0000,0.0000,0,0,11,0,0,0,0,13,6,500,0,0
537,L,0,5,12,0,0,0,0.0000,0.0000,0.0000,0.0000,0,0,11,0,0,0,0,13,6,500,0,0
538,L,0,5,12,0,0,0,0.0000,0.0000,0.0000,0.0000,0,0,11,0,0,0,0,13,6,500,0,0
539,L,0,5,12,0,0,0,0.0000,0.0000,0.0000,0.0000,0,0,11,0,0,0,0,13,6,500,0,0
540,L,0,5,12,0,0,0,0.0000,0.0000,0.0000,0.0000,0,0,11,0,0,0,0,13,6,500,0,0
541,L,0,5,12,0,0,0,0.0000,0.0000,0.0000,0.0000,0,0,11,0,0,0,0,13,6,500,0,0
542,L,0,5,12,0,0,0,0.0000,0.0000,0.0000,0.0000,0,0,11,0,0,0,0,13,6,500,0,0
543,L,0,5,12,0,0,0,0.0000,0.0000,0.0000,0.0000,0,0,11,0,0,0,0,13,6,500,0,0
544,L,0,5,12,0,0,0,0.0000,0.0000,0.0000,0.0000,0,0,11,0,0,0,0,13,6,500,0,0
545,L,0,5,12,0,0,0,0.0000,0.0000,0.0000,0.0000,0,0,11,0,0,0,0,13,6,500,0,0
546,L,0,5,12,0,0,0,0.0000,0.0000,0.0000,0.0000,0,0,11,0,0,0,0,13,6,500,0,0
547,L,0,5,12,0,0,0,0.0000,0.0000,0.0000,0.0000,0,0,11,0,0,0,0,13,6,500,0,0
548,L,0,5,12,0,0,0,0.0000,0.0000,0.0000,0.0000,0,0,11,0,0,0,0,13,6,500,0,0
549,L,0,5,12,0,0,0,0.0000,0.0000,0.0000,0.0000,0,0,11,0,0,0,0,13,6,500,0,0
550,L,0,5,12,0,0,0,0.0000,0.0000,0.0000,0.0000,0,0,11,0,0,0,0,13,6,500,0,0
551,L,0,5,12,0,0,0,0.0000,0.0000,0.0000,0.0000,0,0,11,0,0,0,0,13,6,500,0,0
552,L,0,5,12,0,0,0,0.0000,0.0000,0.0000,0.0000,0,0,11,0,0,0,0,13,6,500,0,0
553,L,0,5,12,0,0,0,0.0000,0.0000,0.0000,0.0000,0,0,11,0,0,0,0,13,6,500,0,0
554,L,0,5,12,0,0,0,0.0000,0.0000,0.0000,0.0000,0,0,11,0,0,0,0,13,6,500,0,0
555,L,0,5,12,0,0,0,0.0000,0.0000,0.0000,0.0000,0,0,11,0,0,0,0,13,6,500,0,0
556,L,0,5,12,0,0,0,0.0000,0.0000,0.0000,0.0000,0,0,11,0,0,0,0,13,6,500,0,0
557,L,0,5,12,0,0,0,0.0000,0.0000,0.0000,0.0000,0,0,11,0,0,0,0,13,6,500,0,0
558,L,0,5,12,0,0,0,0.0000,0.0000,0.0000,0.0000,0,0,11,0,0,0,0,13,6,500,0,0
559,L,0,5,12,0,0,0,0.0000,0.0000,0.0000,0.0000,0,0,11,0,0,0,0,13,6,500,0,0
560,L,0,5,12,0,0,0,0.0000,0.0000,0.0000,0.0000,0,0,11,0,0,0,0,13,6,500,0,0
561,L,0,5,12,0,0,0,0.0000,0.0000,0.0000,0.0000,0,0,11,0,0,0,0,13,6,500,0,0
562,L,0,5,12,0,0,0,0.0000,0.0000,0.0000,0.0000,0,0,11,0,0,0,0,13,6,500,0,0
563,L,0,5,12,0,0,0,0.0000,0.0000,0.0000,0.0000,0,0,11,0,0,0,0,13,6,500,0,0
564,L,0,5,12,0,0,0,0.0000,0.0000,0.0000,0.0000,0,0,11,0,0,0,0,13,6,500,0,0
565,L,0,5,12,0,0,0,0.0000,0.0000,0.0000,0.0000,0,0,11,0,0,0,0,13,6,500,0,0
566,L,0,5,12,0,0,0,0.0000,0.0000,0.0000,0.0000,0,0,11,0,0,0,0,13,6,500,0,0
567,L,0,5,12,0,0,0,0.0000,0.0000,0.0000,0.0000,0,0,11,0,0,0,0,13,6,500,0,0
568,L,0,5,12,0,0,0,0.0000,0.0000,0.0000,0.0000,0,0,11,0,0,0,0,13,6,500,0,0
569,L,0,5,12,0,0,0,0.0000,0.0000,0.0000,0.0000,0,0,11,0,0,0,0,13,6,500,0,0
570,L,0,5,12,0,0,0,0.0000,0.0000,0.0000,0.0000,0,0,11,0,0,0,0,13,6,500,0,0
571,L,0,5,12,0,0,0,0.0000,0.0000,0.0000,0.0000,0,0,11,0,0,0,0,13,6,500,0,0
572,L,0,5,12,0,0,0,0.0000,0.0000,0.0000,0.0000,0,0,11,0,0,0,0,13,6,500,0,0
573,L,0,5,12,0,0,0,0.0000,0.0000,0.0000,0.0000,0,0,11,0,0,0,0,13,6,500,0,0
574,L,0,5,12,0,0,0,0.0000,0.0000,0.0000,0.0000,0,0,11,0,0,0,0,13,6,500,0,0
575,L,0,5,12,0,0,0,0.0000,0.0000,0.0000,0.0000,0,0,11,0,0,0,0,13,6,500,0,0
576,L,0,5,12,0,0,0,0.0000,0.0000,0.0000,0.0000,0,0,11,0,0,0,0,13,6,500,0,0
577,L,0,5,12,0,0,0,0.0000,0.0000,0.0000,0.0000,0,0,11,0,0,0,0,13,6,500,0,0
578,L,0,5,12,0,0,0,0.0000,0.0000,0.0000,0.0000,0,0,11,0,0,0,0,13,6,500,0,0
579,L,0,5,12,0,0,0,0.0000,0.0000,0.0000,0.0000,0,0,11,0,0,0,0,13,6,500,0,0
580,L,0,5,12,0,0,0,0.0000,0.0000,0.0000,0.0000,0,0,11,0,0,0,0,13,6,500,0,0
581,L,0,5,12,0,0,0,0.0000,0.0000,0.0000,0.0000,0,0,11,0,0,0,0,13,6,500,0,0
582,L,0,5,12,0,0,0,0.0000,0.0000,0.0000,0.0000,0,0,11,0,0,0,0,13,6,500,0,0
583,L,0,5,12,0,0,0,0.0000,0.0000,0.0000,0.0000,0,0,11,0,0,0,0,13,6,500,0,0
584,L,0,5,12,0,0,0,0.0000,0.0000,0.0000,0.0000,0,0,11,0,0,0,0,13,6,500,0,0
585,L,0,5,12,0,0,0,0.0000,0.0000,0.0000,0.0000,0,0,11,0,0,0,0,13,6,500,0,0
586,L,0,5,12,0,0,0,0.0000,0.0000,0.0000,0.0000,0,0,11,0,0,0,0,13,6,500,0,0
587,L,0,5,12,0,0,0,0.0000,0.0000,0.0000,0.0000,0,0,11,0,0,0,0,13,6,500,0,0
588,L,0,5,12,0,0,0,0.0000,0.0000,0.0000,0.0000,0,0,11,0,0,0,0,13,6,500,0,0
589,L,0,5,12,0,0,0,0.0000,0.0000,0.0000,0.0000,0,0,11,0,0,0,0,13,6,500,0,0
590,L,0,5,12,0,0,0,0.0000,0.0000,0.0000,0.0000,0,0,11,0,0,0,0,13,6,500,0,0
591,L,0,5,12,0,0,0,0.0000,0.0000,0.0000,0.0000,0,0,11,0,0,0,0,13,6,500,0,0
592,L,0,5,12,0,0,0,0.0000,0.0000,0.0000,0.0000,0,0,11,0,0,0,0,13,6,500,0,0
593,L,0,5,12,0,0,0,0.0000,0.0000,0.0000,0.0000,0,0,11,0,0,0,0,13,6,500,0,0
594,L,0,5,12,0,0,0,0.0000,0.0000,0.0000,0.0000,0,0,11,0,0,0,0,13,6,500,0,0
595,L,0,5,12,0,0,0,0.0000,0.0000,0.0000,0.0000,0,0,11,0,0,0,0,13,6,500,0,0
596,L,0,5,12,0,0,0,0.0000,0.0000,0.0000,0.0000,0,0,11,0,0,0,0,13,6,500,0,0
597,L,0,5,12,0,0,0,0.0000,0.0000,0.0000,0.0000,0,0,11,0,0,0,0,13,6,500,0,0
598,L,0,5,12,0,0,0,0.0000,0.0000,0.0000,0.0000,0,0,11,0,0,0,0,13,6,500,0,0
599,L,0,5,12,0,0,0,0.0000,0.0000,0.0000,0.0000,0,0,11,0,0,0,0,13,6,500,0,0
600,L,0,5,12,0,0,0,0.0000,0.0000,0.0000,0.0000,0,0,11,0,0,0,0,13,6,500,0,0
601,L,0,5,12,0,0,0,0.0000,0.0000,0.0000,0.0000,0,0,11,0,0,0,0,13,6,500,0,0
602,L,0,5,12,0,0,0,0.0000,0.0000,0.0000,0.0000,0,0,11,0,0,0,0,13,6,500,0,0
603,L,0,5,12,0,0,0,0.0000,0.0000,0.0000,0.0000,0,0,11,0,0,0,0,13,6,500,0,0
604,L,0,5,12,0,0,0,0.0000,0.0000,0.0000,0.0000,0,0,11,0,0,0,0,13,6,500,0,0
605,L,0,5,12,0,0,0,0.0000,0.0000,0.0000,0.0000,0,0,11,0,0,0,0,13,6,500,0,0
606,L,0,5,12,0,0,0,0.0000,0.0000,0.0000,0.0000,0,0,11,0,0,0,0,13,6,500,0,0
607,L,0,5,12,0,0,0,0.0000,0.0000,0.0000,0.0000,0,0,11,0,0,0,0,13,6,500,0,0
608,L,0,5,12,0,0,0,0.0000,0.0000,0.0000,0.0000,0,0,11,0,0,0,0,13,6,500,0,0
609,L,0,5,12,0,0,0,0.0000,0.0000,0.0000,0.0000,0,0,11,0,0,0,0,13,6,500,0,0
610,L,0,5,12,0,0,0,0.0000,0.0000,0.0000,0.0000,0,0,11,0,0,0,0,13,6,500,0,0
611,L,0,5,12,0,0,0,0.0000,0.0000,0.0000,0.0000,0,0,11,0,0,0,0,13,6,500,0,0
612,L,0,5,12,0,0,0,0.0000,0.0000,0.0000,0.0000,0,0,11,0,0,0,0,13,6,500,0,0
613,L,0,5,12,0,0,0,0.0000,0.0000,0.0000,0.0000,0,0,11,0,0,0,0,13,6,500,0,0
614,L,0,5,12,0,0,0,0.0000,0.0000,0.0000,0.0000,0,0,11,0,0,0,0,13,6,500,0,0
615,L,0,5,12,0,0,0,0.0000,0.0000,0.0000,0.0000,0,0,11,0,0,0,0,13,6,500,0,0
616,L,0,5,12,0,0,0,0.0000,0.0000,0.0000,0.0000,0,0,11,0,0,0,0,13,6,500,0,0
617,L,0,5,12,0,0,0,0.0000,0.0000,0.0000,0.0000,0,0,11,0,0,0,0,13,6,500,0,0
618,L,0,5,12,0,0,0,0.0000,0.0000,0.0000,0.0000,0,0,11,0,0,0,0,13,6,500,0,0
619,L,0,5,12,0,0,0,0.0000,0.0000,0.0000,0.0000,0,0,11,0,0,0,0,13,6,500,0,0
620,L,0,5,12,0,0,0,0.0000,0.0000,0.0000,0.0000,0,0,11,0,0,0,0,13,6,500,0,0
621,L,0,5,12,0,0,0,0.0000,0.0000,0.0000,0.0000,0,0,11,0,0,0,0,13,6,500,0,0
622,L,0,5,12,0,0,0,0.0000,0.0000,0.0000,0.0000,0,0,11,0,0,0,0,13,6,500,0,0
623,L,0,5,12,0,0,0,0.0000,0.0000,0.0000,0.0000,0,0,11,0,0,0,0,13,6,500,0,0
624,L,0,5,12,0,0,0,0.0000,0.0000,0.0000,0.0000,0,0,11,0,0,0,0,13,6,500,0,0
625,L,0,5,12,0,0,0,0.0000,0.0000,0.0000,0.0000,0,0,11,0,0,0,0,13,6,500,0,0
626,L,0,5,12,0,0,0,0.0000,0.0000,0.0000,0.0000,0,0,11,0,0,0,0,13,6,500,0,0
627,L,0,5,12,0,0,0,0.0000,0.0000,0.0000,0.0000,0,0,11,0,0,0,0,13,6,500,0,0
628,L,0,5,12,0,0,0,0.0000,0.0000,0.0000,0.0000,0,0,11,0,0,0,0,13,6,500,0,0
629,L,0,5,12,0,0,0,0.0000,0.0000,0.0000,0.0000,0,0,11,0,0,0,0,13,6,500,0,0
630,L,0,5,12,0,0,0,0.0000,0.0000,0.0000,0.0000,0,0,11,0,0,0,0,13,6,500,0,0
631,L,0,5,12,0,0,0,0.0000,0.0000,0.0000,0.0000,0,0,11,0,0,0,0,13,6,500,0,0
632,L,0,5,12,0,0,0,0.0000,0.0000,0.0000,0.0000,0,0,11,0,0,0,0,13,6,500,0,0
633,L,0,5,12,0,0,0,0.0000,0.0000,0.0000,0.0000,0,0,11,0,0,0,0,13,6,500,0,0
634,L,0,5,12,0,0,0,0.0000,0.0000,0.0000,0.0000,0,0,11,0,0,0,0,13,6,500,0,0
635,L,0,5,12,0,0,0,0.0000,0.0000,0.0000,0.0000,0,0,11,0,0,0,0,13,6,500,0,0
636,L,0,5,12,0,0,0,0.0000,0.0000,0.0000,0.0000,0,0,11,0,0,0,0,13,6,500,0,0
637,L,0,5,12,0,0,0,0.0000,0.0000,0.0000,0.0000,0,0,11,0,0,0,0,13,6,500,0,0
638,L,0,5,12,0,0,0,0.0000,0.0000,0.0000,0.0000,0,0,11,0,0,0,0,13,6,500,0,0
639,L,0,5,12,0,0,0,0.0000,0.0000,0.0000,0.0000,0,0,11,0,0,0,0,13,6,500,0,0
640,L,0,5,12,0,0,0,0.0000,0.0000,0.0000,0.0000,0,0,11,0,0,0,0,13,6,500,0,0
641,L,0,5,12,0,0,0,0.0000,0.0000,0.0000,0.0000,0,0,11,0,0,0,0,13,6,500,0,0
642,L,0,5,12,0,0,0,0.0000,0.0000,0.0000,0.0000,0,0,11,0,0,0,0,13,6,500,0,0
643,L,0,5,12,0,0,0,0.0000,0.0000,0.0000,0.0000,0,0,11,0,0,0,0,13,6,500,0,0
644,L,0,5,12,0,0,0,0.0000,0.0000,0.0000,0.0000,0,0,11,0,0,0,0,13,6,500,0,0
645,L,0,5,12,0,0,0,0.0000,0.0000,0.0000,0.0000,0,0,11,0,0,0,0,13,6,500,0,0
646,L,0,5,12,0,0,0,0.0000,0.0000,0.0000,0.0000,0,0,11,0,0,0,0,13,6,500,0,0
647,L,0,5,12,0,0,0,0.0000,0.0000,0.0000,0.0000,0,0,11,0,0,0,0,13,6,500,0,0
648,L,0,5,12,0,0,0,0.0000,0.0000,0.0000,0.0000,0,0,11,0,0,0,0,13,6,500,0,0
649,L,0,5,12,0,0,0,0.0000,0.0000,0.0000,0.0000,0,0,11,0,0,0,0,13,6,500,0,0
650,L,0,5,12,0,0,0,0.0000,0.0000,0.0000,0.0000,0,0,11,0,0,0,0,13,6,500,0,0
651,L,0,5,12,0,0,0,0.0000,0.0000,0.0000,0.0000,0,0,11,0,0,0,0,13,6,500,0,0
652,L,0,5,12,0,0,0,0.0000,0.0000,0.0000,0.0000,0,0,11,0,0,0,0,13,6,500,0,0
653,L,0,5,12,0,0,0,0.0000,0.0000,0.0000,0.0000,0,0,11,0,0,0,0,13,6,500,0,0
654,L,0,5,12,0,0,0,0.0000,0.0000,0.0000,0.0000,0,0,11,0,0,0,0,13,6,500,0,0
655,L,0,5,12,0,0,0,0.0000,0.0000,0.0000,0.0000,0,0,11,0,0,0,0,13,6,500,0,0
656,L,0,5,12,0,0,0,0.0000,0.0000,0.0000,0.0000,0,0,11,0,0,0,0,13,6,500,0,0
657,L,0,5,12,0,0,0,0.0000,0.0000,0.0000,0.0000,0,0,11,0,0,0,0,13,6,500,0,0
658,L,0,5,12,0,0,0,0.0000,0.0000,0.0000,0.0000,0,0,11,0,0,0,0,13,6,500,0,0
659,L,0,5,12,0,0,0,0.0000,0.0000,0.0000,0.0000,0,0,11,0,0,0,0,13,6,500,0,0
660,L,0,5,12,0,0,0,0.0000,0.0000,0.0000,0.0000,0,0,11,0,0,0,0,13,6,500,0,0
661,L,0,5,12,0,0,0,0.0000,0.0000,0.0000,0.0000,0,0,11,0,0,0,0,13,6,500,0,0
662,L,0,5,12,0,0,0,0.0000,0.0000,0.0000,0.0000,0,0,11,0,0,0,0,13,6,500,0,0
663,L,0,5,12,0,0,0,0.0000,0.0000,0.0000,0.0000,0,0,11,0,0,0,0,13,6,500,0,0
664,L,0,5,12,0,0,0,0.0000,0.0000,0.0000,0.0000,0,0,11,0,0,0,0,13,6,500,0,0
665,L,0,5,12,0,0,0,0.0000,0.0000,0.0000,0.0000,0,0,11,0,0,0,0,13,6,500,0,0
666,L,0,5,12,0,0,0,0.0000,0.0000,0.0000,0.0000,0,0,11,0,0,0,0,13,6,500,0,0
667,L,0,5,12,0,0,0,0.0000,0.0000,0.0000,0.0000,0,0,11,0,0,0,0,13,6,500,0,0
668,L,0,5,12,0,0,0,0.0000,0.0000,0.0000,0.0000,0,0,11,0,0,0,0,13,6,500,0,0
669,L,0,5,12,0,0,0,0.0000,0.0000,0.0000,0.0000,0,0,11,0,0,0,0,13,6,500,0,0
670,L,0,5,12,0,0,0,0.0000,0.0000,0.0000,0.0000,0,0,11,0,0,0,0,13,6,500,0,0
671,L,0,5,12,0,0,0,0.0000,0.0000,0.0000,0.0000,0,0,11,0,0,0,0,13,6,500,0,0
672,L,0,5,12,0,0,0,0.0000,0.0000,0.0000,0.0000,0,0,11,0,0,0,0,13,6,500,0,0
673,L,0,5,12,0,0,0,0.0000,0.0000,0.0000,0.0000,0,0,11,0,0,0,0,13,6,500,0,0
674,L,0,5,12,0,0,0,0.0000,0.0000,0.0000,0.0000,0,0,11,0,0,0,0,13,6,500,0,0
675,L,0,5,12,0,0,0,0.0000,0.0000,0.0000,0.0000,0,0,11,0,0,0,0,13,6,500,0,0
676,L,0,5,12,0,0,0,0.0000,0.0000,0.0000,0.0000,0,0,11,0,0,0,0,13,6,500,0,0
677,L,0,5,12,0,0,0,0.0000,0.0000,0.0000,0.0000,0,0,11,0,0,0,0,13,6,500,0,0
678,L,0,5,12,0,0,0,0.0000,0.0000,0.0000,0.0000,0,0,11,0,0,0,0,13,6,500,0,0
679,L,0,5,12,0,0,0,0.0000,0.0000,0.0000,0.0000,0,0,11,0,0,0,0,13,6,500,0,0
680,L,0,5,12,0,0,0,0.0000,0.0000,0.0000,0.0000,0,0,11,0,0,0,0,13,6,500,0,0
681,L,0,5,12,0,0,0,0.0000,0.0000,0.0000,0.0000,0,0,11,0,0,0,0,13,6,500,0,0
682,L,0,5,12,0,0,0,0.0000,0.0000,0.0000,0.0000,0,0,11,0,0,0,0,13,6,500,0,0
683,L,0,5,12,0,0,0,0.0000,0.0000,0.0000,0.0000,0,0,11,0,0,0,0,13,6,500,0,0
684,L,0,5,12,0,0,0,0.0000,0.0000,0.0000,0.0000,0,0,11,0,0,0,0,13,6,500,0,0
685,L,0,5,12,0,0,0,0.0000,0.0000,0.0000,0.0000,0,0,11,0,0,0,0,13,6,500,0,0
686,L,0,5,12,0,0,0,0.0000,0.0000,0.0000,0.0000,0,0,11,0,0,0,0,13,6,500,0,0
687,L,0,5,12,0,0,0,0.0000,0.0000,0.0000,0.0000,0,0,11,0,0,0,0,13,6,500,0,0
688,L,0,5,12,0,0,0,0.0000,0.0000,0.0000,0.0000,0,0,11,0,0,0,0,13,6,500,0,0
689,L,0,5,12,0,0,0,0.0000,0.0000,0.0000,0.0000,0,0,11,0,0,0,0,13,6,500,0,0
690,L,0,5,12,0,0,0,0.0000,0.0000,0.0000,0.0000,0,0,11,0,0,0,0,13,6,500,0,0
691,L,0,5,12,0,0,0,0.0000,0.0000,0.0000,0.0000,0,0,11,0,0,0,0,13,6,500,0,0
692,L,0,5,12,0,0,0,0.0000,0.0000,0.0000,0.0000,0,0,11,0,0,0,0,13,6,500,0,0
693,L,0,5,12,0,0,0,0.0000,0.0000,0.0000,0.0000,0,0,11,0,0,0,0,13,6,500,0,0
694,L,0,5,12,0,0,0,0.0000,0.0000,0.0000,0.0000,0,0,11,0,0,0,0,13,6,500,0,0
695,L,0,5,12,0,0,0,0.0000,0.0000,0.0000,0.0000,0,0,11,0,0,0,0,13,6,500,0,0
696,L,0,5,12,0,0,0,0.0000,0.0000,0.0000,0.0000,0,0,11,0,0,0,0,13,6,500,0,0
697,L,0,5,12,0,0,0,0.0000,0.0000,0.0000,0.0000,0,0,11,0,0,0,0,13,6,500,0,0
698,L,0,5,12,0,0,0,0.0000,0.0000,0.0000,0.0000,0,0,11,0,0,0,0,13,6,500,0,0
699,L,0,5,12,0,0,0,0.0000,0.0000,0.0000,0.0000,0,0,11,0,0,0,0,13,6,500,0,0
700,L,0,5,12,0,0,0,0.0000,0.0000,0.0000,0.0000,0,0,11,0,0,0,0,13,6,500,0,0
701,L,0,5,12,0,0,0,0.0000,0.0000,0.0000,0.0000,0,0,11,0,0,0,0,13,6,500,0,0
702,L,0,5,12,0,0,0,0.0000,0.0000,0.0000,0.0000,0,0,11,0,0,0,0,13,6,500,0,0
703,L,0,5,12,0,0,0,0.0000,0.0000,0.0000,0.0000,0,0,11,0,0,0,0,13,6,500,0,0
704,L,0,5,12,0,0,0,0.0000,0.0000,0.0000,0.0000,0,0,11,0,0,0,0,13,6,500,0,0
705,L,0,5,12,0,0,0,0.0000,0.0000,0.0000,0.0000,0,0,11,0,0,0,0,13,6,500,0,0
706,L,0,5,12,0,0,0,0.0000,0.0000,0.0000,0.0000,0,0,11,0,0,0,0,13,6,500,0,0
707,L,0,5,12,0,0,0,0.0000,0.0000,0.0000,0.0000,0,0,11,0,0,0,0,13,6,500,0,0
708,L,0,5,12,0,0,0,0.0000,0.0000,0.0000,0.0000,0,0,11,0,0,0,0,13,6,500,0,0
709,L,0,5,12,0,0,0,0.0000,0.0000,0.0000,0.0000,0,0,11,0,0,0,0,13,6,500,0,0
710,L,0,5,12,0,0,0,0.0000,0.0000,0.0000,0.0000,0,0,11,0,0,0,0,13,6,500,0,0
711,L,0,5,12,0,0,0,0.0000,0.0000,0.0000,0.0000,0,0,11,0,0,0,0,13,6,500,0,0
712,L,0,5,12,0,0,0,0.0000,0.0000,0.0000,0.0000,0,0,11,0,0,0,0,13,6,500,0,0
713,L,0,5,12,0,0,0,0.0000,0.0000,0.0000,0.0000,0,0,11,0,0,0,0,13,6,500,0,0
714,L,0,5,12,0,0,0,0.0000,0.0000,0.0000,0.0000,0,0,11,0,0,0,0,13,6,500,0,0
715,L,0,5,12,0,0,0,0.0000,0.0000,0.0000,0.0000,0,0,11,0,0,0,0,13,6,500,0,0
716,L,0,5,12,0,0,0,0.0000,0.0000,0.0000,0.0000,0,0,11,0,0,0,0,13,6,500,0,0
717,L,0,5,12,0,0,0,0.0000,0.0000,0.0000,0.0000,0,0,11,0,0,0,0,13,6,500,0,0
718,L,0,5,12,0,0,0,0.0000,0.0000,0.0000,0.0000,0,0,11,0,0,0,0,13,6,500,0,0
719,L,0,5,12,0,0,0,0.0000,0.0000,0.0000,0.0000,0,0,11,0,0,0,0,13,6,500,0,0
720,L,0,5,12,0,0,0,0.0000,0.0000,0.0000,0.0000,0,0,11,0,0,0,0,13,6,500,0,0
721,L,0,5,12,0,0,0,0.0000,0.0000,0.0000,0.0000,0,0,11,0,0,0,0,13,6,500,0,0
722,L,0,5,12,0,0,0,0.0000,0.0000,0.0000,0.0000,0,0,11,0,0,0,0,13,6,500,0,0
723,L,0,5,12,0,0,0,0.0000,0.0000,0.0000,0.0000,0,0,11,0,0,0,0,13,6,500,0,0
724,L,0,5,12,0,0,0,0.0000,0.0000,0.0000,0.0000,0,0,11,0,0,0,0,13,6,500,0,0
725,L,0,5,12,0,0,0,0.0000,0.0000,0.0000,0.0000,0,0,11,0,0,0,0,13,6,500,0,0
726,L,0,5,12,0,0,0,0.0000,0.0000,0.0000,0.0000,0,0,11,0,0,0,0,13,6,500,0,0
727,L,0,5,12,0,0,0,0.0000,0.0000,0.0000,0.0000,0,0,11,0,0,0,0,13,6,500,0,0
728,L,0,5,12,0,0,0,0.0000,0.0000,0.0000,0.0000,0,0,11,0,0,0,0,13,6,500,0,0
729,L,0,5,12,0,0,0,0.0000,0.0000,0.0000,0.0000,0,0,11,0,0,0,0,13,6,500,0,0
730,L,0,5,12,0,0,0,0.0000,0.0000,0.0000,0.0000,0,0,11,0,0,0,0,13,6,500,0,0
731,L,0,5,12,0,0,0,0.0000,0.0000,0.0000,0.0000,0,0,11,0,0,0,0,13,6,500,0,0
732,L,0,5,12,0,0,0,0.0000,0.0000,0.0000,0.0000,0,0,11,0,0,0,0,13,6,500,0,0
733,L,0,5,12,0,0,0,0.0000,0.0000,0.0000,0.0000,0,0,11,0,0,0,0,13,6,500,0,0
734,L,0,5,12,0,0,0,0.0000,0.0000,0.0000,0.0000,0,0,11,0,0,0,0,13,6,500,0,0
735,L,0,5,12,0,0,0,0.0000,0.0000,0.0000,0.0000,0,0,11,0,0,0,0,13,6,500,0,0
736,L,0,5,12,0,0,0,0.0000,0.0000,0.0000,0.0000,0,0,11,0,0,0,0,13,6,500,0,0
737,L,0,5,12,0,0,0,0.0000,0.0000,0.0000,0.0000,0,0,11,0,0,0,0,13,6,500,0,0
738,L,0,5,12,0,0,0,0.0000,0.0000,0.0000,0.0000,0,0,11,0,0,0,0,13,6,500,0,0
739,L,0,5,12,0,0,0,0.0000,0.0000,0.0000,0.0000,0,0,11,0,0,0,0,13,6,500,0,0
740,L,0,5,12,0,0,0,0.0000,0.0000,0.0000,0.0000,0,0,11,0,0,0,0,13,6,500,0,0
741,L,0,5,12,0,0,0,0.0000,0.0000,0.0000,0.0000,0,0,11,0,0,0,0,13,6,500,0,0
742,L,0,5,12,0,0,0,0.0000,0.0000,0.0000,0.0000,0,0,11,0,0,0,0,13,6,500,0,0
743,L,0,5,12,0,0,0,0.0000,0.0000,0.0000,0.0000,0,0,11,0,0,0,0,13,6,500,0,0
744,L,0,5,12,0,0,0,0.0000,0.0000,0.0000,0.0000,0,0,11,0,0,0,0,13,6,500,0,0
745,L,0,5,12,0,0,0,0.0000,0.0000,0.0000,0.0000,0,0,11,0,0,0,0,13,6,500,0,0
746,L,0,5,12,0,0,0,0.0000,0.0000,0.0000,0.0000,0,0,11,0,0,0,0,13,6,500,0,0
747,L,0,5,12,0,0,0,0.0000,0.0000,0.0000,0.0000,0,0,11,0,0,0,0,13,6,500,0,0
748,L,0,5,12,0,0,0,0.0000,0.0000,0.0000,0.0000,0,0,11,0,0,0,0,13,6,500,0,0
749,L,0,5,12,0,0,0,0.0000,0.0000,0.0000,0.0000,0,0,11,0,0,0,0,13,6,500,0,0
750,L,0,5,12,0,0,0,0.0000,0.0000,0.0000,0.0000,0,0,11,0,0,0,0,13,6,500,0,0
751,L,0,5,12,0,0,0,0.0000,0.0000,0.0000,0.0000,0,0,11,0,0,0,0,13,6,500,0,0
752,L,0,5,12,0,0,0,0.0000,0.0000,0.0000,0.0000,0,0,11,0,0,0,0,13,6,500,0,0
753,L,0,5,12,0,0,0,0.0000,0.0000,0.0000,0.0000,0,0,11,0,0,0,0,13,6,500,0,0
754,L,0,5,12,0,0,0,0.0000,0.0000,0.0000,0.0000,0,0,11,0,0,0,0,13,6,500,0,0
755,L,0,5,12,0,0,0,0.0000,0.0000,0.0000,0.0000,0,0,11,0,0,0,0,13,6,500,0,0
756,L,0,5,12,0,0,0,0.0000,0.0000,0.0000,0.0000,0,0,11,0,0,0,0,13,6,500,0,0
757,L,0,5,12,0,0,0,0.0000,0.0000,0.0000,0.0000,0,0,11,0,0,0,0,13,6,500,0,0
758,L,0,5,12,0,0,0,0.0000,0.0000,0.0000,0.0000,0,0,11,0,0,0,0,13,6,500,0,0
759,L,0,5,12,0,0,0,0.0000,0.0000,0.0000,0.0000,0,0,11,0,0,0,0,13,6,500,0,0
760,L,0,5,12,0,0,0,0.0000,0.0000,0.0000,0.0000,0,0,11,0,0,0,0,13,6,500,0,0
761,L,0,5,12,0,0,0,0.0000,0.0000,0.0000,0.0000,0,0,11,0,0,0,0,13,6,500,0,0
762,L,0,5,12,0,0,0,0.0000,0.0000,0.0000,0.0000,0,0,11,0,0,0,0,13,6,500,0,0
763,L,0,5,12,0,0,0,0.0000,0.0000,0.0000,0.0000,0,0,11,0,0,0,0,13,6,500,0,0
764,L,0,5,12,0,0,0,0.0000,0.0000,0.0000,0.0000,0,0,11,0,0,0,0,13,6,500,0,0
765,L,0,5,12,0,0,0,0.0000,0.0000,0.0000,0.0000,0,0,11,0,0,0,0,13,6,500,0,0
766,L,0,5,12,0,0,0,0.0000,0.0000,0.0000,0.0000,0,0,11,0,0,0,0,13,6,500,0,0
767,L,0,5,12,0,0,0,0.0000,0.0000,0.0000,0.0000,0,0,11,0,0,0,0,13,6,500,0,0
768,L,0,5,12,0,0,0,0.0000,0.0000,0.0000,0.0000,0,0,11,0,0,0,0,13,6,500,0,0
769,L,0,5,12,0,0,0,0.0000,0.0000,0.0000,0.0000,0,0,11,0,0,0,0,13,6,500,0,0
770,L,0,5,12,0,0,0,0.0000,0.0000,0.0000,0.0000,0,0,11,0,0,0,0,13,6,500,0,0
771,L,0,5,12,0,0,0,0.0000,0.0000,0.0000,0.0000,0,0,11,0,0,0,0,13,6,500,0,0
772,L,0,5,12,0,0,0,0.0000,0.0000,0.0000,0.0000,0,0,11,0,0,0,0,13,6,500,0,0
773,L,0,5,12,0,0,0,0.0000,0.0000,0.0000,0.0000,0,0,11,0,0,0,0,13,6,500,0,0
774,L,0,5,12,0,0,0,0.0000,0.0000,0.0000,0.0000,0,0,11,0,0,0,0,13,6,500,0,0
775,L,0,5,12,0,0,0,0.0000,0.0000,0.0000,0.0000,0,0,11,0,0,0,0,13,6,500,0,0
776,L,0,5,12,0,0,0,0.0000,0.0000,0.0000,0.0000,0,0,11,0,0,0,0,13,6,500,0,0
777,L,0,5,12,0,0,0,0.0000,0.0000,0.0000,0.0000,0,0,11,0,0,0,0,13,6,500,0,0
778,L,0,5,12,0,0,0,0.0000,0.0000,0.0000,0.0000,0,0,11,0,0,0,0,13,6,500,0,0
779,L,0,5,12,0,0,0,0.0000,0.0000,0.0000,0.0000,0,0,11,0,0,0,0,13,6,500,0,0
780,L,0,5,12,0,0,0,0.0000,0.0000,0.0000,0.0000,0,0,11,0,0,0,0,13,6,500,0,0
781,L,0,5,12,0,0,0,0.0000,0.0000,0.0000,0.0000,0,0,11,0,0,0,0,13,6,500,0,0
782,L,0,5,12,0,0,0,0.0000,0.0000,0.0000,0.0000,0,0,11,0,0,0,0,13,6,500,0,0
783,L,0,5,12,0,0,0,0.0000,0.0000,0.0000,0.0000,0,0,11,0,0,0,0,13,6,500,0,0
784,L,0,5,12,0,0,0,0.0000,0.0000,0.0000,0.0000,0,0,11,0,0,0,0,13,6,500,0,0
785,L,0,5,12,0,0,0,0.0000,0.0000,0.0000,0.0000,0,0,11,0,0,0,0,13,6,500,0,0
786,L,0,5,12,0,0,0,0.0000,0.0000,0.0000,0.0000,0,0,11,0,0,0,0,13,6,500,0,0
787,L,0,5,12,0,0,0,0.0000,0.0000,0.0000,0.0000,0,0,11,0,0,0,0,13,6,500,0,0
788,L,0,5,12,0,0,0,0.0000,0.0000,0.0000,0.0000,0,0,11,0,0,0,0,13,6,500,0,0
789,L,0,5,12,0,0,0,0.0000,0.0000,0.0000,0.0000,0,0,11,0,0,0,0,13,6,500,0,0
790,L,0,5,12,0,0,0,0.0000,0.0000,0.0000,0.0000,0,0,11,0,0,0,0,13,6,500,0,0
791,L,0,5,12,0,0,0,0.0000,0.0000,0.0000,0.0000,0,0,11,0,0,0,0,13,6,500,0,0
792,L,0,5,12,0,0,0,0.0000,0.0000,0.0000,0.0000,0,0,11,0,0,0,0,13,6,500,0,0
793,L,0,5,12,0,0,0,0.0000,0.0000,0.0000,0.0000,0,0,11,0,0,0,0,13,6,500,0,0
794,L,0,5,12,0,0,0,0.0000,0.0000,0.0000,0.0000,0,0,11,0,0,0,0,13,6,500,0,0
795,L,0,5,12,0,0,0,0.0000,0.0000,0.0000,0.0000,0,0,11,0,0,0,0,13,6,500,0,0
796,L,0,5,12,0,0,0,0.0000,0.0000,0.0000,0.0000,0,0,11,0,0,0,0,13,6,500,0,0
797,L,0,5,12,0,0,0,0.0000,0.0000,0.0000,0.0000,0,0,11,0,0,0,0,13,6,500,0,0
798,L,0,5,12,0,0,0,0.0000,0.0000,0.0000,0.0000,0,0,11,0,0,0,0,13,6,500,0,0
799,L,0,5,12,0,0,0,0.0000,0.0000,0.0000,0.0000,0,0,11,0,0,0,0,13,6,500,0,0
800,L,0,5,12,0,0,0,0.0000,0.0000,0.0000,0.0000,0,0,11,0,0,0,0,13,6,500,0,0
801,L,0,5,12,0,0,0,0.0000,0.0000,0.0000,0.0000,0,0,11,0,0,0,0,13,6,500,0,0
802,L,0,5,12,0,0,0,0.0000,0.0000,0.0000,0.0000,0,0,11,0,0,0,0,13,6,500,0,0
803,L,0,5,12,0,0,0,0.0000,0.0000,0.0000,0.0000,0,0,11,0,0,0,0,13,6,500,0,0
804,L,0,5,12,0,0,0,0.0000,0.0000,0.0000,0.0000,0,0,11,0,0,0,0,13,6,500,0,0
805,L,0,5,12,0,0,0,0.0000,0.0000,0.0000,0.0000,0,0,11,0,0,0,0,13,6,500,0,0
806,L,0,5,12,0,0,0,0.0000,0.0000,0.0000,0.0000,0,0,11,0,0,0,0,13,6,500,0,0
807,L,0,5,12,0,0,0,0.0000,0.0000,0.0000,0.0000,0,0,11,0,0,0,0,13,6,500,0,0
808,L,0,5,12,0,0,0,0.0000,0.0000,0.0000,0.0000,0,0,11,0,0,0,0,13,6,500,0,0
809,L,0,5,12,0,0,0,0.0000,0.0000,0.0000,0.0000,0,0,11,0,0,0,0,13,6,500,0,0
810,L,0,5,12,0,0,0,0.0000,0.0000,0.0000,0.0000,0,0,11,0,0,0,0,13,6,500,0,0
811,L,0,5,12,0,0,0,0.0000,0.0000,0.0000,0.0000,0,0,11,0,0,0,0,13,6,500,0,0
812,L,0,5,12,0,0,0,0.0000,0.0000,0.0000,0.0000,0,0,11,0,0,0,0,13,6,500,0,0
813,L,0,5,12,0,0,0,0.0000,0.0000,0.0000,0.0000,0,0,11,0,0,0,0,13,6,500,0,0
814,L,0,5,12,0,0,0,0.0000,0.0000,0.0000,0.0000,0,0,11,0,0,0,0,13,6,500,0,0
815,L,0,5,12,0,0,0,0.0000,0.0000,0.0000,0.0000,0,0,11,0,0,0,0,13,6,500,0,0
816,L,0,5,12,0,0,0,0.0000,0.0000,0.0000,0.0000,0,0,11,0,0,0,0,13,6,500,0,0
817,L,0,5,12,0,0,0,0.0000,0.0000,0.0000,0.0000,0,0,11,0,0,0,0,13,6,500,0,0
818,L,0,5,12,0,0,0,0.0000,0.0000,0.0000,0.0000,0,0,11,0,0,0,0,13,6,500,0,0
819,L,0,5,12,0,0,0,0.0000,0.0000,0.0000,0.0000,0,0,11,0,0,0,0,13,6,500,0,0
820,L,0,5,12,0,0,0,0.0000,0.0000,0.0000,0.0000,0,0,11,0,0,0,0,13,6,500,0,0
821,L,0,5,12,0,0,0,0.0000,0.0000,0.0000,0.0000,0,0,11,0,0,0,0,13,6,500,0,0
822,L,0,5,12,0,0,0,0.0000,0.0000,0.0000,0.0000,0,0,11,0,0,0,0,13,6,500,0,0
823,L,0,5,12,0,0,0,0.0000,0.0000,0.0000,0.0000,0,0,11,0,0,0,0,13,6,500,0,0
824,L,0,5,12,0,0,0,0.0000,0.0000,0.0000,0.0000,0,0,11,0,0,0,0,13,6,500,0,0
825,L,0,5,12,0,0,0,0.0000,0.0000,0.0000,0.0000,0,0,11,0,0,0,0,13,6,500,0,0
826,L,0,5,12,0,0,0,0.0000,0.0000,0.0000,0.0000,0,0,11,0,0,0,0,13,6,500,0,0
827,L,0,5,12,0,0,0,0.0000,0.0000,0.0000,0.0000,0,0,11,0,0,0,0,13,6,500,0,0
828,L,0,5,12,0,0,0,0.0000,0.0000,0.0000,0.0000,0,0,11,0,0,0,0,13,6,500,0,0
829,L,0,5,12,0,0,0,0.0000,0.0000,0.0000,0.0000,0,0,11,0,0,0,0,13,6,500,0,0
830,L,0,5,12,0,0,0,0.0000,0.0000,0.0000,0.0000,0,0,11,0,0,0,0,13,6,500,0,0
831,L,0,5,12,0,0,0,0.0000,0.0000,0.0000,0.0000,0,0,11,0,0,0,0,13,6,500,0,0
832,L,0,5,12,0,0,0,0.0000,0.0000,0.0000,0.0000,0,0,11,0,0,0,0,13,6,500,0,0
833,L,0,5,12,0,0,0,0.0000,0.0000,0.0000,0.0000,0,0,11,0,0,0,0,13,6,500,0,0
834,L,0,5,12,0,0,0,0.0000,0.0000,0.0000,0.0000,0,0,11,0,0,0,0,13,6,500,0,0
835,L,0,5,12,0,0,0,0.0000,0.0000,0.0000,0.0000,0,0,11,0,0,0,0,13,6,500,0,0
836,L,0,5,12,0,0,0,0.0000,0.0000,0.0000,0.0000,0,0,11,0,0,0,0,13,6,500,0,0
837,L,0,5,12,0,0,0,0.0000,0.0000,0.0000,0.0000,0,0,11,0,0,0,0,13,6,500,0,0
838,L,0,5,12,0,0,0,0.0000,0.0000,0.0000,0.0000,0,0,11,0,0,0,0,13,6,500,0,0
839,L,0,5,12,0,0,0,0.0000,0.0000,0.0000,0.0000,0,0,11,0,0,0,0,13,6,500,0,0
840,L,0,5,12,0,0,0,0.0000,0.0000,0.0000,0.0000,0,0,11,0,0,0,0,13,6,500,0,0
841,L,0,5,12,0,0,0,0.0000,0.0000,0.0000,0.0000,0,0,11,0,0,0,0,13,6,500,0,0
842,L,0,5,12,0,0,0,0.0000,0.0000,0.0000,0.0000,0,0,11,0,0,0,0,13,6,500,0,0
843,L,0,5,12,0,0,0,0.0000,0.0000,0.0000,0.0000,0,0,11,0,0,0,0,13,6,500,0,0
844,L,0,5,12,0,0,0,0.0000,0.0000,0.0000,0.0000,0,0,11,0,0,0,0,13,6,500,0,0
845,L,0,5,12,0,0,0,0.0000,0.0000,0.0000,0.0000,0,0,11,0,0,0,0,13,6,500,0,0
846,L,0,5,12,0,0,0,0.0000,0.0000,0.0000,0.0000,0,0,11,0,0,0,0,13,6,500,0,0
847,L,0,5,12,0,0,0,0.0000,0.0000,0.0000,0.0000,0,0,11,0,0,0,0,13,6,500,0,0
848,L,0,5,12,0,0,0,0.0000,0.0000,0.0000,0.0000,0,0,11,0,0,0,0,13,6,500,0,0
849,L,0,5,12,0,0,0,0.0000,0.0000,0.0000,0.0000,0,0,11,0,0,0,0,13,6,500,0,0
850,L,0,5,12,0,0,0,0.0000,0.0000,0.0000,0.0000,0,0,11,0,0,0,0,13,6,500,0,0
851,L,0,5,12,0,0,0,0.0000,0.0000,0.0000,0.0000,0,0,11,0,0,0,0,13,6,500,0,0
852,L,0,5,12,0,0,0,0.0000,0.0000,0.0000,0.0000,0,0,11,0,0,0,0,13,6,500,0,0
853,L,0,5,12,0,0,0,0.0000,0.0000,0.0000,0.0000,0,0,11,0,0,0,0,13,6,500,0,0
854,L,0,5,12,0,0,0,0.0000,0.0000,0.0000,0.0000,0,0,11,0,0,0,0,13,6,500,0,0
855,L,0,5,12,0,0,0,0.0000,0.0000,0.0000,0.0000,0,0,11,0,0,0,0,13,6,500,0,0
856,L,0,5,12,0,0,0,0.0000,0.0000,0.0000,0.0000,0,0,11,0,0,0,0,13,6,500,0,0
857,L,0,5,12,0,0,0,0.0000,0.0000,0.0000,0.0000,0,0,11,0,0,0,0,13,6,500,0,0
858,L,0,5,12,0,0,0,0.0000,0.0000,0.0000,0.0000,0,0,11,0,0,0,0,13,6,500,0,0
859,L,0,5,12,0,0,0,0.0000,0.0000,0.0000,0.0000,0,0,11,0,0,0,0,13,6,500,0,0
860,L,0,5,12,0,0,0,0.0000,0.0000,0.0000,0.0000,0,0,11,0,0,0,0,13,6,500,0,0
861,L,0,5,12,0,0,0,0.0000,0.0000,0.0000,0.0000,0,0,11,0,0,0,0,13,6,500,0,0
862,L,0,5,12,0,0,0,0.0000,0.0000,0.0000,0.0000,0,0,11,0,0,0,0,13,6,500,0,0
863,L,0,5,12,0,0,0,0.0000,0.0000,0.0000,0.0000,0,0,11,0,0,0,0,13,6,500,0,0
864,L,0,5,12,0,0,0,0.0000,0.0000,0.0000,0.0000,0,0,11,0,0,0,0,13,6,500,0,0
865,L,0,5,12,0,0,0,0.0000,0.0000,0.0000,0.0000,0,0,11,0,0,0,0,13,6,500,0,0
866,L,0,5,12,0,0,0,0.0000,0.0000,0.0000,0.0000,0,0,11,0,0,0,0,13,6,500,0,0
867,L,0,5,12,0,0,0,0.0000,0.0000,0.0000,0.0000,0,0,11,0,0,0,0,13,6,500,0,0
868,L,0,5,12,0,0,0,0.0000,0.0000,0.0000,0.0000,0,0,11,0,0,0,0,13,6,500,0,0
869,L,0,5,12,0,0,0,0.0000,0.0000,0.0000,0.0000,0,0,11,0,0,0,0,13,6,500,0,0
870,L,0,5,12,0,0,0,0.0000,0.0000,0.0000,0.0000,0,0,11,0,0,0,0,13,6,500,0,0
871,L,0,5,12,0,0,0,0.0000,0.0000,0.0000,0.0000,0,0,11,0,0,0,0,13,6,500,0,0
872,L,0,5,12,0,0,0,0.0000,0.0000,0.0000,0.0000,0,0,11,0,0,0,0,13,6,500,0,0
873,L,0,5,12,0,0,0,0.0000,0.0000,0.0000,0.0000,0,0,11,0,0,0,0,13,6,500,0,0
874,L,0,5,12,0,0,0,0.0000,0.0000,0.0000,0.0000,0,0,11,0,0,0,0,13,6,500,0,0
875,L,0,5,12,0,0,0,0.0000,0.0000,0.0000,0.0000,0,0,11,0,0,0,0,13,6,500,0,0
876,L,0,5,12,0,0,0,0.0000,0.0000,0.0000,0.0000,0,0,11,0,0,0,0,13,6,500,0,0
877,L,0,5,12,0,0,0,0.0000,0.0000,0.0000,0.0000,0,0,11,0,0,0,0,13,6,500,0,0
878,L,0,5,12,0,0,0,0.0000,0.0000,0.0000,0.0000,0,0,11,0,0,0,0,13,6,500,0,0
879,L,0,5,12,0,0,0,0.0000,0.0000,0.0000,0.0000,0,0,11,0,0,0,0,13,6,500,0,0
880,L,0,5,12,0,0,0,0.0000,0.0000,0.0000,0.0000,0,0,11,0,0,0,0,13,6,500,0,0
881,L,0,5,12,0,0,0,0.0000,0.0000,0.0000,0.0000,0,0,11,0,0,0,0,13,6,500,0,0
882,L,0,5,12,0,0,0,0.0000,0.0000,0.0000,0.0000,0,0,11,0,0,0,0,13,6,500,0,0
883,L,0,5,12,0,0,0,0.0000,0.0000,0.0000,0.0000,0,0,11,0,0,0,0,13,6,500,0,0
884,L,0,5,12,0,0,0,0.0000,0.0000,0.0000,0.0000,0,0,11,0,0,0,0,13,6,500,0,0
885,L,0,5,12,0,0,0,0.0000,0.0000,0.0000,0.0000,0,0,11,0,0,0,0,13,6,500,0,0
886,L,0,5,12,0,0,0,0.0000,0.0000,0.0000,0.0000,0,0,11,0,0,0,0,13,6,500,0,0
887,L,0,5,12,0,0,0,0.0000,0.0000,0.0000,0.0000,0,0,11,0,0,0,0,13,6,500,0,0
888,L,0,5,12,0,0,0,0.0000,0.0000,0.0000,0.0000,0,0,11,0,0,0,0,13,6,500,0,0
889,L,0,5,12,0,0,0,0.0000,0.0000,0.0000,0.0000,0,0,11,0,0,0,0,13,6,500,0,0
890,L,0,5,12,0,0,0,0.0000,0.0000,0.0000,0.0000,0,0,11,0,0,0,0,13,6,500,0,0
891,L,0,5,12,0,0,0,0.0000,0.0000,0.0000,0.0000,0,0,11,0,0,0,0,13,6,500,0,0
892,L,0,5,12,0,0,0,0.0000,0.0000,0.0000,0.0000,0,0,11,0,0,0,0,13,6,500,0,0
893,L,0,5,12,0,0,0,0.0000,0.0000,0.0000,0.0000,0,0,11,0,0,0,0,13,6,500,0,0
894,L,0,5,12,0,0,0,0.0000,0.0000,0.0000,0.0000,0,0,11,0,0,0,0,13,6,500,0,0
895,L,0,5,12,0,0,0,0.0000,0.0000,0.0000,0.0000,0,0,11,0,0,0,0,13,6,500,0,0
896,L,0,5,12,0,0,0,0.0000,0.0000,0.0000,0.0000,0,0,11,0,0,0,0,13,6,500,0,0
897,L,0,5,12,0,0,0,0.0000,0.0000,0.0000,0.0000,0,0,11,0,0,0,0,13,6,500,0,0
898,L,0,5,12,0,0,0,0.0000,0.0000,0.0000,0.0000,0,0,11,0,0,0,0,13,6,500,0,0
899,L,0,5,12,0,0,0,0.0000,0.0000,0.0000,0.0000,0,0,11,0,0,0,0,13,6,500,0,0
900,L,0,5,12,0,0,0,0.0000,0.0000,0.0000,0.0000,0,0,11,0,0,0,0,13,6,500,0,0
901,L,0,5,12,0,0,0,0.0000,0.0000,0.0000,0.0000,0,0,11,0,0,0,0,13,6,500,0,0
902,L,0,5,12,0,0,0,0.0000,0.0000,0.0000,0.0000,0,0,11,0,0,0,0,13,6,500,0,0
903,L,0,5,12,0,0,0,0.0000,0.0000,0.0000,0.0000,0,0,11,0,0,0,0,13,6,500,0,0
904,L,0,5,12,0,0,0,0.0000,0.0000,0.0000,0.0000,0,0,11,0,0,0,0,13,6,500,0,0
905,L,0,5,12,0,0,0,0.0000,0.0000,0.0000,0.0000,0,0,11,0,0,0,0,13,6,500,0,0
906,L,0,5,12,0,0,0,0.0000,0.0000,0.0000,0.0000,0,0,11,0,0,0,0,13,6,500,0,0
907,L,0,5,12,0,0,0,0.0000,0.0000,0.0000,0.0000,0,0,11,0,0,0,0,13,6,500,0,0
908,L,0,5,12,0,0,0,0.0000,0.0000,0.0000,0.0000,0,0,11,0,0,0,0,13,6,500,0,0
909,L,0,5,12,0,0,0,0.0000,0.0000,0.0000,0.0000,0,0,11,0,0,0,0,13,6,500,0,0
910,L,0,5,12,0,0,0,0.0000,0.0000,0.0000,0.0000,0,0,11,0,0,0,0,13,6,500,0,0
911,L,0,5,12,0,0,0,0.0000,0.0000,0.0000,0.0000,0,0,11,0,0,0,0,13,6,500,0,0
912,L,0,5,12,0,0,0,0.0000,0.0000,0.0000,0.0000,0,0,11,0,0,0,0,13,6,500,0,0
913,L,0,5,12,0,0,0,0.0000,0.0000,0.0000,0.0000,0,0,11,0,0,0,0,13,6,500,0,0
914,L,0,5,12,0,0,0,0.0000,0.0000,0.0000,0.0000,0,0,11,0,0,0,0,13,6,500,0,0
915,L,0,5,12,0,0,0,0.0000,0.0000,0.0000,0.0000,0,0,11,0,0,0,0,13,6,500,0,0
916,L,0,5,12,0,0,0,0.0000,0.0000,0.0000,0.0000,0,0,11,0,0,0,0,13,6,500,0,0
917,L,0,5,12,0,0,0,0.0000,0.0000,0.0000,0.0000,0,0,11,0,0,0,0,13,6,500,0,0
918,L,0,5,12,0,0,0,0.0000,0.0000,0.0000,0.0000,0,0,11,0,0,0,0,13,6,500,0,0
919,L,0,5,12,0,0,0,0.0000,0.0000,0.0000,0.0000,0,0,11,0,0,0,0,13,6,500,0,0
920,L,0,5,12,0,0,0,0.0000,0.0000,0.0000,0.0000,0,0,11,0,0,0,0,13,6,500,0,0
921,L,0,5,12,0,0,0,0.0000,0.0000,0.0000,0.0000,0,0,11,0,0,0,0,13,6,500,0,0
922,L,0,5,12,0,0,0,0.0000,0.0000,0.0000,0.0000,0,0,11,0,0,0,0,13,6,500,0,0
923,L,0,5,12,0,0,0,0.0000,0.0000,0.0000,0.0000,0,0,11,0,0,0,0,13,6,500,0,0
924,L,0,5,12,0,0,0,0.0000,0.0000,0.0000,0.0000,0,0,11,0,0,0,0,13,6,500,0,0
925,L,0,5,12,0,0,0,0.0000,0.0000,0.0000,0.0000,0,0,11,0,0,0,0,13,6,500,0,0
926,L,0,5,12,0,0,0,0.0000,0.0000,0.0000,0.0000,0,0,11,0,0,0,0,13,6,500,0,0
927,L,0,5,12,0,0,0,0.0000,0.0000,0.0000,0.0000,0,0,11,0,0,0,0,13,6,500,0,0
928,L,0,5,12,0,0,0,0.0000,0.0000,0.0000,0.0000,0,0,11,0,0,0,0,13,6,500,0,0
929,L,0,5,12,0,0,0,0.0000,0.0000,0.0000,0.0000,0,0,11,0,0,0,0,13,6,500,0,0
930,L,0,5,12,0,0,0,0.0000,0.0000,0.0000,0.0000,0,0,11,0,0,0,0,13,6,500,0,0
931,L,0,5,12,0,0,0,0.0000,0.0000,0.0000,0.0000,0,0,11,0,0,0,0,13,6,500,0,0
932,L,0,5,12,0,0,0,0.0000,0.0000,0.0000,0.0000,0,0,11,0,0,0,0,13,6,500,0,0
933,L,0,5,12,0,0,0,0.0000,0.0000,0.0000,0.0000,0,0,11,0,0,0,0,13,6,500,0,0
934,L,0,5,12,0,0,0,0.0000,0.0000,0.0000,0.0000,0,0,11,0,0,0,0,13,6,500,0,0
935,L,0,5,12,0,0,0,0.0000,0.0000,0.0000,0.0000,0,0,11,0,0,0,0,13,6,500,0,0
936,L,0,5,12,0,0,0,0.0000,0.0000,0.0000,0.0000,0,0,11,0,0,0,0,13,6,500,0,0
937,L,0,5,12,0,0,0,0.0000,0.0000,0.0000,0.0000,0,0,11,0,0,0,0,13,6,500,0,0
938,L,0,5,12,0,0,0,0.0000,0.0000,0.0000,0.0000,0,0,11,0,0,0,0,13,6,500,0,0
939,L,0,5,12,0,0,0,0.0000,0.0000,0.0000,0.0000,0,0,11,0,0,0,0,13,6,500,0,0
940,L,0,5,12,0,0,0,0.0000,0.0000,0.0000,0.0000,0,0,11,0,0,0,0,13,6,500,0,0
941,L,0,5,12,0,0,0,0.0000,0.0000,0.0000,0.0000,0,0,11,0,0,0,0,13,6,500,0,0
942,L,0,5,12,0,0,0,0.0000,0.0000,0.0000,0.0000,0,0,11,0,0,0,0,13,6,500,0,0
943,L,0,5,12,0,0,0,0.0000,0.0000,0.0000,0.0000,0,0,11,0,0,0,0,13,6,500,0,0
944,L,0,5,12,0,0,0,0.0000,0.0000,0.0000,0.0000,0,0,11,0,0,0,0,13,6,500,0,0
945,L,0,5,12,0,0,0,0.0000,0.0000,0.0000,0.0000,0,0,11,0,0,0,0,13,6,500,0,0
946,L,0,5,12,0,0,0,0.0000,0.0000,0.0000,0.0000,0,0,11,0,0,0,0,13,6,500,0,0
947,L,0,5,12,0,0,0,0.0000,0.0000,0.0000,0.0000,0,0,11,0,0,0,0,13,6,500,0,0
948,L,0,5,12,0,0,0,0.0000,0.0000,0.0000,0.0000,0,0,11,0,0,0,0,13,6,500,0,0
949,L,0,5,12,0,0,0,0.0000,0.0000,0.0000,0.0000,0,0,11,0,0,0,0,13,6,500,0,0
950,L,0,5,12,0,0,0,0.0000,0.0000,0.0000,0.0000,0,0,11,0,0,0,0,13,6,500,0,0
951,L,0,5,12,0,0,0,0.0000,0.0000,0.0000,0.0000,0,0,11,0,0,0,0,13,6,500,0,0
952,L,0,5,12,0,0,0,0.0000,0.0000,0.0000,0.0000,0,0,11,0,0,0,0,13,6,500,0,0
953,L,0,5,12,0,0,0,0.0000,0.0000,0.0000,0.0000,0,0,11,0,0,0,0,13,6,500,0,0
954,L,0,5,12,0,0,0,0.0000,0.0000,0.0000,0.0000,0,0,11,0,0,0,0,13,6,500,0,0
955,L,0,5,12,0,0,0,0.0000,0.0000,0.0000,0.0000,0,0,11,0,0,0,0,13,6,500,0,0
956,L,0,5,12,0,0,0,0.0000,0.0000,0.0000,0.0000,0,0,11,0,0,0,0,13,6,500,0,0
957,L,0,5,12,0,0,0,0.0000,0.0000,0.0000,0.0000,0,0,11,0,0,0,0,13,6,500,0,0
958,L,0,5,12,0,0,0,0.0000,0.0000,0.0000,0.0000,0,0,11,0,0,0,0,13,6,500,0,0
959,L,0,5,12,0,0,0,0.0000,0.0000,0.0000,0.0000,0,0,11,0,0,0,0,13,6,500,0,0
960,L,0,5,12,0,0,0,0.0000,0.0000,0.0000,0.0000,0,0,11,0,0,0,0,13,6,500,0,0
961,L,0,5,12,0,0,0,0.0000,0.0000,0.0000,0.0000,0,0,11,0,0,0,0,13,6,500,0,0
962,L,0,5,12,0,0,0,0.0000,0.0000,0.0000,0.0000,0,0,11,0,0,0,0,13,6,500,0,0
963,L,0,5,12,0,0,0,0.0000,0.0000,0.0000,0.0000,0,0,11,0,0,0,0,13,6,500,0,0
964,L,0,5,12,0,0,0,0.0000,0.0000,0.0000,0.0000,0,0,11,0,0,0,0,13,6,500,0,0
965,L,0,5,12,0,0,0,0.0000,0.0000,0.0000,0.0000,0,0,11,0,0,0,0,13,6,500,0,0
966,L,0,5,12,0,0,0,0.0000,0.0000,0.0000,0.0000,0,0,11,0,0,0,0,13,6,500,0,0
967,L,0,5,12,0,0,0,0.0000,0.0000,0.0000,0.0000,0,0,11,0,0,0,0,13,6,500,0,0
968,L,0,5,12,0,0,0,0.0000,0.0000,0.0000,0.0000,0,0,11,0,0,0,0,13,6,500,0,0
969,L,0,5,12,0,0,0,0.0000,0.0000,0.0000,0.0000,0,0,11,0,0,0,0,13,6,500,0,0
970,L,0,5,12,0,0,0,0.0000,0.0000,0.0000,0.0000,0,0,11,0,0,0,0,13,6,500,0,0
971,L,0,5,12,0,0,0,0.0000,0.0000,0.0000,0.0000,0,0,11,0,0,0,0,13,6,500,0,0
972,L,0,5,12,0,0,0,0.0000,0.0000,0.0000,0.0000,0,0,11,0,0,0,0,13,6,500,0,0
973,L,0,5,12,0,0,0,0.0000,0.0000,0.0000,0.0000,0,0,11,0,0,0,0,13,6,500,0,0
974,L,0,5,12,0,0,0,0.0000,0.0000,0.0000,0.0000,0,0,11,0,0,0,0,13,6,500,0,0
975,L,0,5,12,0,0,0,0.0000,0.0000,0.0000,0.0000,0,0,11,0,0,0,0,13,6,500,0,0
976,L,0,5,12,0,0,0,0.0000,0.0000,0.0000,0.0000,0,0,11,0,0,0,0,13,6,500,0,0
977,L,0,5,12,0,0,0,0.0000,0.0000,0.0000,0.0000,0,0,11,0,0,0,0,13,6,500,0,0
978,L,0,5,12,0,0,0,0.0000,0.0000,0.0000,0.0000,0,0,11,0,0,0,0,13,6,500,0,0
979,L,0,5,12,0,0,0,0.0000,0.0000,0.0000,0.0000,0,0,11,0,0,0,0,13,6,500,0,0
980,L,0,5,12,0,0,0,0.0000,0.0000,0.0000,0.0000,0,0,11,0,0,0,0,13,6,500,0,0
981,L,0,5,12,0,0,0,0.0000,0.0000,0.0000,0.0000,0,0,11,0,0,0,0,13,6,500,0,0
982,L,0,5,12,0,0,0,0.0000,0.0000,0.0000,0.0000,0,0,11,0,0,0,0,13,6,500,0,0
983,L,0,5,12,0,0,0,0.0000,0.0000,0.0000,0.0000,0,0,11,0,0,0,0,13,6,500,0,0
984,L,0,5,12,0,0,0,0.0000,0.0000,0.0000,0.0000,0,0,11,0,0,0,0,13,6,500,0,0
985,L,0,5,12,0,0,0,0.0000,0.0000,0.0000,0.0000,0,0,11,0,0,0,0,13,6,500,0,0
986,L,0,5,12,0,0,0,0.0000,0.0000,0.0000,0.0000,0,0,11,0,0,0,0,13,6,500,0,0
987,L,0,5,12,0,0,0,0.0000,0.0000,0.0000,0.0000,0,0,11,0,0,0,0,13,6,500,0,0
988,L,0,5,12,0,0,0,0.0000,0.0000,0.0000,0.0000,0,0,11,0,0,0,0,13,6,500,0,0
989,L,0,5,12,0,0,0,0.0000,0.0000,0.0000,0.0000,0,0,11,0,0,0,0,13,6,500,0,0
990,L,0,5,12,0,0,0,0.0000,0.0000,0.0000,0.0000,0,0,11,0,0,0,0,13,6,500,0,0
991,L,0,5,12,0,0,0,0.0000,0.0000,0.0000,0.0000,0,0,11,0,0,0,0,13,6,500,0,0
992,L,0,5,12,0,0,0,0.0000,0.0000,0.0000,0.0000,0,0,11,0,0,0,0,13,6,500,0,0
993,L,0,5,12,0,0,0,0.0000,0.0000,0.0000,0.0000,0,0,11,0,0,0,0,13,6,500,0,0
994,L,0,5,12,0,0,0,0.0000,0.0000,0.0000,0.0000,0,0,11,0,0,0,0,13,6,500,0,0
995,L,0,5,12,0,0,0,0.0000,0.0000,0.0000,0.0000,0,0,11,0,0,0,0,13,6,500,0,0
996,L,0,5,12,0,0,0,0.0000,0.0000,0.0000,0.0000,0,0,11,0,0,0,0,13,6,500,0,0
997,L,0,5,12,0,0,0,0.0000,0.0000,0.0000,0.0000,0,0,11,0,0,0,0,13,6,500,0,0
998,L,0,5,12,0,0,0,0.0000,0.0000,0.0000,0.0000,0,0,11,0,0,0,0,13,6,500,0,0
999,L,0,5,12,0,0,0,0.0000,0.0000,0.0000,0.0000,0,0,11,0,0,0,0,13,6,500,0,0
1000,L,0,5,12,0,0,0,0.0000,0.0000,0.0000,0.0000,0,0,11,0,0,0,0,13,6,500,0,0
1001,L,0,5,12,0,0,0,0.0000,0.0000,0.0000,0.0000,0,0,11,0,0,0,0,13,6,500,0,0
1002,L,0,5,12,0,0,0,0.0000,0.0000,0.0000,0.0000,0,0,11,0,0,0,0,13,6,500,0,0
1003,L,0,5,12,0,0,0,0.0000,0.0000,0.0000,0.0000,0,0,11,0,0,0,0,13,6,500,0,0
1004,L,0,5,12,0,0,0,0.0000,0.0000,0.0000,0.0000,0,0,11,0,0,0,0,13,6,500,0,0
1005,L,0,5,12,0,0,0,0.0000,0.0000,0.0000,0.0000,0,0,11,0,0,0,0,13,6,500,0,0
1006,L,0,5,12,0,0,0,0.0000,0.0000,0.0000,0.0000,0,0,11,0,0,0,0,13,6,500,0,0
1007,L,0,5,12,0,0,0,0.0000,0.0000,0.0000,0.0000,0,0,11,0,0,0,0,13,6,500,0,0
1008,L,0,5,12,0,0,0,0.0000,0.0000,0.0000,0.0000,0,0,11,0,0,0,0,13,6,500,0,0
1009,L,0,5,12,0,0,0,0.0000,0.0000,0.0000,0.0000,0,0,11,0,0,0,0,13,6,500,0,0
1010,L,0,5,12,0,0,0,0.0000,0.0000,0.0000,0.0000,0,0,11,0,0,0,0,13,6,500,0,0
1011,L,0,5,12,0,0,0,0.0000,0.0000,0.0000,0.0000,0,0,11,0,0,0,0,13,6,500,0,0
1012,L,0,5,12,0,0,0,0.0000,0.0000,0.0000,0.0000,0,0,11,0,0,0,0,13,6,500,0,0
1013,L,0,5,12,0,0,0,0.0000,0.0000,0.0000,0.0000,0,0,11,0,0,0,0,13,6,500,0,0
1014,L,0,5,12,0,0,0,0.0000,0.0000,0.0000,0.0000,0,0,11,0,0,0,0,13,6,500,0,0
1015,L,0,5,12,0,0,0,0.0000,0.0000,0.0000,0.0000,0,0,11,0,0,0,0,13,6,500,0,0
1016,L,0,5,12,0,0,0,0.0000,0.0000,0.0000,0.0000,0,0,11,0,0,0,0,13,6,500,0,0
1017,L,0,5,12,0,0,0,0.0000,0.0000,0.0000,0.0000,0,0,11,0,0,0,0,13,6,500,0,0
1018,L,0,5,12,0,0,0,0.0000,0.0000,0.0000,0.0000,0,0,11,0,0,0,0,13,6,500,0,0
1019,L,0,5,12,0,0,0,0.0000,0.0000,0.0000,0.0000,0,0,11,0,0,0,0,13,6,500,0,0
1020,L,0,5,12,0,0,0,0.0000,0.0000,0.0000,0.0000,0,0,11,0,0,0,0,13,6,500,0,0
1021,L,0,5,12,0,0,0,0.0000,0.0000,0.0000,0.0000,0,0,11,0,0,0,0,13,6,500,0,0
1022,L,0,5,12,0,0,0,0.0000,0.0000,0.0000,0.0000,0,0,11,0,0,0,0,13,6,500,0,0
1023,L,0,5,12,0,0,0,0.0000,0.0000,0.0000,0.0000,0,0,11,0,0,0,0,13,6,500,0,0
1024,L,0,5,12,0,0,0,0.0000,0.0000,0.0000,0.0000,0,0,11,0,0,0,0,13,6,500,0,0
1025,L,0,5,12,0,0,0,0.0000,0.0000,0.0000,0.0000,0,0,11,0,0,0,0,13,6,500,0,0
1026,L,0,5,12,0,0,0,0.0000,0.0000,0.0000,0.0000,0,0,11,0,0,0,0,13,6,500,0,0
1027,L,0,5,12,0,0,0,0.0000,0.0000,0.0000,0.0000,0,0,11,0,0,0,0,13,6,500,0,0
1028,L,0,5,12,0,0,0,0.0000,0.0000,0.0000,0.0000,0,0,11,0,0,0,0,13,6,500,0,0
1029,L,0,5,12,0,0,0,0.0000,0.0000,0.0000,0.0000,0,0,11,0,0,0,0,13,6,500,0,0
1030,L,0,5,12,0,0,0,0.0000,0.0000,0.0000,0.0000,0,0,11,0,0,0,0,13,6,500,0,0
1031,L,0,5,12,0,0,0,0.0000,0.0000,0.0000,0.0000,0,0,11,0,0,0,0,13,6,500,0,0
1032,L,0,5,12,0,0,0,0.0000,0.0000,0.0000,0.0000,0,0,11,0,0,0,0,13,6,500,0,0
1033,L,0,5,12,0,0,0,0.0000,0.0000,0.0000,0.0000,0,0,11,0,0,0,0,13,6,500,0,0
1034,L,0,5,12,0,0,0,0.0000,0.0000,0.0000,0.0000,0,0,11,0,0,0,0,13,6,500,0,0
1035,L,0,5,12,0,0,0,0.0000,0.0000,0.0000,0.0000,0,0,11,0,0,0,0,13,6,500,0,0
1036,L,0,5,12,0,0,0,0.0000,0.0000,0.0000,0.0000,0,0,11,0,0,0,0,13,6,500,0,0
1037,L,0,5,12,0,0,0,0.0000,0.0000,0.0000,0.0000,0,0,11,0,0,0,0,13,6,500,0,0
1038,L,0,5,12,0,0,0,0.0000,0.0000,0.0000,0.0000,0,0,11,0,0,0,0,13,6,500,0,0
1039,L,0,5,12,0,0,0,0.0000,0.0000,0.0000,0.0000,0,0,11,0,0,0,0,13,6,500,0,0
1040,L,0,5,12,0,0,0,0.0000,0.0000,0.0000,0.0000,0,0,11,0,0,0,0,13,6,500,0,0
1041,L,0,5,12,0,0,0,0.0000,0.0000,0.0000,0.0000,0,0,11,0,0,0,0,13,6,500,0,0
1042,L,0,5,12,0,0,0,0.0000,0.0000,0.0000,0.0000,0,0,11,0,0,0,0,13,6,500,0,0
1043,L,0,5,12,0,0,0,0.0000,0.0000,0.0000,0.0000,0,0,11,0,0,0,0,13,6,500,0,0
1044,L,0,5,12,0,0,0,0.0000,0.0000,0.0000,0.0000,0,0,11,0,0,0,0,13,6,500,0,0
1045,L,0,5,12,0,0,0,0.0000,0.0000,0.0000,0.0000,0,0,11,0,0,0,0,13,6,500,0,0
1046,L,0,5,12,0,0,0,0.0000,0.0000,0.0000,0.0000,0,0,11,0,0,0,0,13,6,500,0,0
1047,L,0,5,12,0,0,0,0.0000,0.0000,0.0000,0.0000,0,0,11,0,0,0,0,13,6,500,0,0
1048,L,0,5,12,0,0,0,0.0000,0.0000,0.0000,0.0000,0,0,11,0,0,0,0,13,6,500,0,0
1049,L,0,5,12,0,0,0,0.0000,0.0000,0.0000,0.0000,0,0,11,0,0,0,0,13,6,500,0,0
1050,L,0,5,12,0,0,0,0.0000,0.0000,0.0000,0.0000,0,0,11,0,0,0,0,13,6,500,0,0
1051,L,0,5,12,0,0,0,0.0000,0.0000,0.0000,0.0000,0,0,11,0,0,0,0,13,6,500,0,0
1052,L,0,5,12,0,0,0,0.0000,0.0000,0.0000,0.0000,0,0,11,0,0,0,0,13,6,500,0,0
1053,L,0,5,12,0,0,0,0.0000,0.0000,0.0000,0.0000,0,0,11,0,0,0,0,13,6,500,0,0
1054,L,0,5,12,0,0,0,0.0000,0.0000,0.0000,0.0000,0,0,11,0,0,0,0,13,6,500,0,0
1055,L,0,5,12,0,0,0,0.0000,0.0000,0.0000,0.0000,0,0,11,0,0,0,0,13,6,500,0,0
1056,L,0,5,12,0,0,0,0.0000,0.0000,0.0000,0.0000,0,0,11,0,0,0,0,13,6,500,0,0
1057,L,0,5,12,0,0,0,0.0000,0.0000,0.0000,0.0000,0,0,11,0,0,0,0,13,6,500,0,0
1058,L,0,5,12,0,0,0,0.0000,0.0000,0.0000,0.0000,0,0,11,0,0,0,0,13,6,500,0,0
1059,L,0,5,12,0,0,0,0.0000,0.0000,0.0000,0.0000,0,0,11,0,0,0,0,13,6,500,0,0
1060,L,0,5,12,0,0,0,0.0000,0.0000,0.0000,0.0000,0,0,11,0,0,0,0,13,6,500,0,0
1061,L,0,5,12,0,0,0,0.0000,0.0000,0.0000,0.0000,0,0,11,0,0,0,0,13,6,500,0,0
1062,L,0,5,12,0,0,0,0.0000,0.0000,0.0000,0.0000,0,0,11,0,0,0,0,13,6,500,0,0
1063,L,0,5,12,0,0,0,0.0000,0.0000,0.0000,0.0000,0,0,11,0,0,0,0,13,6,500,0,0
1064,L,0,5,12,0,0,0,0.0000,0.0000,0.0000,0.0000,0,0,11,0,0,0,0,13,6,500,0,0
1065,L,0,5,12,0,0,0,0.0000,0.0000,0.0000,0.0000,0,0,11,0,0,0,0,13,6,500,0,0
1066,L,0,5,12,0,0,0,0.0000,0.0000,0.0000,0.0000,0,0,11,0,0,0,0,13,6,500,0,0
1067,L,0,5,12,0,0,0,0.0000,0.0000,0.0000,0.0000,0,0,11,0,0,0,0,13,6,500,0,0
1068,L,0,5,12,0,0,0,0.0000,0.0000,0.0000,0.0000,0,0,11,0,0,0,0,13,6,500,0,0
1069,L,0,5,12,0,0,0,0.0000,0.0000,0.0000,0.0000,0,0,11,0,0,0,0,13,6,500,0,0
1070,L,0,5,12,0,0,0,0.0000,0.0000,0.0000,0.0000,0,0,11,0,0,0,0,13,6,500,0,0
1071,L,0,5,12,0,0,0,0.0000,0.0000,0.0000,0.0000,0,0,11,0,0,0,0,13,6,500,0,0
1072,L,0,5,12,0,0,0,0.0000,0.0000,0.0000,0.0000,0,0,11,0,0,0,0,13,6,500,0,0
1073,L,0,5,12,0,0,0,0.0000,0.0000,0.0000,0.0000,0,0,11,0,0,0,0,13,6,500,0,0
1074,L,0,5,12,0,0,0,0.0000,0.0000,0.0000,0.0000,0,0,11,0,0,0,0,13,6,500,0,0
1075,L,0,5,12,0,0,0,0.0000,0.0000,0.0000,0.0000,0,0,11,0,0,0,0,13,6,500,0,0
1076,L,0,5,12,0,0,0,0.0000,0.0000,0.0000,0.0000,0,0,11,0,0,0,0,13,6,500,0,0
1077,L,0,5,12,0,0,0,0.0000,0.0000,0.0000,0.0000,0,0,11,0,0,0,0,13,6,500,0,0
1078,L,0,5,12,0,0,0,0.0000,0.0000,0.0000,0.0000,0,0,11,0,0,0,0,13,6,500,0,0
1079,L,0,5,12,0,0,0,0.0000,0.0000,0.0000,0.0000,0,0,11,0,0,0,0,13,6,500,0,0
1080,L,0,5,12,0,0,0,0.0000,0.0000,0.0000,0.0000,0,0,11,0,0,0,0,13,6,500,0,0
1081,L,0,5,12,0,0,0,0.0000,0.0000,0.0000,0.0000,0,0,11,0,0,0,0,13,6,500,0,0
1082,L,0,5,12,0,0,0,0.0000,0.0000,0.0000,0.0000,0,0,11,0,0,0,0,13,6,500,0,0
1083,L,0,5,12,0,0,0,0.0000,0.0000,0.0000,0.0000,0,0,11,0,0,0,0,13,6,500,0,0
1084,L,0,5,12,0,0,0,0.0000,0.0000,0.0000,0.0000,0,0,11,0,0,0,0,13,6,500,0,0
1085,L,0,5,12,0,0,0,0.0000,0.0000,0.0000,0.0000,0,0,11,0,0,0,0,13,6,500,0,0
1086,L,0,5,12,0,0,0,0.0000,0.0000,0.0000,0.0000,0,0,11,0,0,0,0,13,6,500,0,0
1087,L,0,5,12,0,0,0,0.0000,0.0000,0.0000,0.0000,0,0,11,0,0,0,0,13,6,500,0,0
1088,L,0,5,12,0,0,0,0.0000,0.0000,0.0000,0.0000,0,0,11,0,0,0,0,13,6,500,0,0
1089,L,0,5,12,0,0,0,0.0000,0.0000,0.0000,0.0000,0,0,11,0,0,0,0,13,6,500,0,0
1090,L,0,5,12,0,0,0,0.0000,0.0000,0.0000,0.0000,0,0,11,0,0,0,0,13,6,500,0,0
1091,L,0,5,12,0,0,0,0.0000,0.0000,0.0000,0.0000,0,0,11,0,0,0,0,13,6,500,0,0
1092,L,0,5,12,0,0,0,0.0000,0.0000,0.0000,0.0000,0,0,11,0,0,0,0,13,6,500,0,0
1093,L,0,5,12,0,0,0,0.0000,0.0000,0.0000,0.0000,0,0,11,0,0,0,0,13,6,500,0,0
1094,L,0,5,12,0,0,0,0.0000,0.0000,0.0000,0.0000,0,0,11,0,0,0,0,13,6,500,0,0
1095,L,0,5,12,0,0,0,0.0000,0.0000,0.0000,0.0000,0,0,11,0,0,0,0,13,6,500,0,0
1096,L,0,5,12,0,0,0,0.0000,0.0000,0.0000,0.0000,0,0,11,0,0,0,0,13,6,500,0,0
1097,L,0,5,12,0,0,0,0.0000,0.0000,0.0000,0.0000,0,0,11,0,0,0,0,13,6,500,0,0
1098,L,0,5,12,0,0,0,0.0000,0.0000,0.0000,0.0000,0,0,11,0,0,0,0,13,6,500,0,0
1099,L,0,5,12,0,0,0,0.0000,0.0000,0.0000,0.0000,0,0,11,0,0,0,0,13,6,500,0,0
1100,L,0,5,12,0,0,0,0.0000,0.0000,0.0000,0.0000,0,0,11,0,0,0,0,13,6,500,0,0
1101,L,0,5,12,0,0,0,0.0000,0.0000,0.0000,0.0000,0,0,11,0,0,0,0,13,6,500,0,0
1102,L,0,5,12,0,0,0,0.0000,0.0000,0.0000,0.0000,0,0,11,0,0,0,0,13,6,500,0,0
1103,L,0,5,12,0,0,0,0.0000,0.0000,0.0000,0.0000,0,0,11,0,0,0,0,13,6,500,0,0
1104,L,0,5,12,0,0,0,0.0000,0.0000,0.0000,0.0000,0,0,11,0,0,0,0,13,6,500,0,0
1105,L,0,5,12,0,0,0,0.0000,0.0000,0.0000,0.0000,0,0,11,0,0,0,0,13,6,500,0,0
1106,L,0,5,12,0,0,0,0.0000,0.0000,0.0000,0.0000,0,0,11,0,0,0,0,13,6,500,0,0
1107,L,0,5,12,0,0,0,0.0000,0.0000,0.0000,0.0000,0,0,11,0,0,0,0,13,6,500,0,0
1108,L,0,5,12,0,0,0,0.0000,0.0000,0.0000,0.0000,0,0,11,0,0,0,0,13,6,500,0,0
1109,L,0,5,12,0,0,0,0.0000,0.0000,0.0000,0.0000,0,0,11,0,0,0,0,13,6,500,0,0
1110,L,0,5,12,0,0,0,0.0000,0.0000,0.0000,0.0000,0,0,11,0,0,0,0,13,6,500,0,0
1111,L,0,5,12,0,0,0,0.0000,0.0000,0.0000,0.0000,0,0,11,0,0,0,0,13,6,500,0,0
1112,L,0,5,12,0,0,0,0.0000,0.0000,0.0000,0.0000,0,0,11,0,0,0,0,13,6,500,0,0
1113,L,0,5,12,0,0,0,0.0000,0.0000,0.0000,0.0000,0,0,11,0,0,0,0,13,6,500,0,0
1114,L,0,5,12,0,0,0,0.0000,0.0000,0.0000,0.0000,0,0,11,0,0,0,0,13,6,500,0,0
1115,L,0,5,12,0,0,0,0.0000,0.0000,0.0000,0.0000,0,0,11,0,0,0,0,13,6,500,0,0
1116,L,0,5,12,0,0,0,0.0000,0.0000,0.0000,0.0000,0,0,11,0,0,0,0,13,6,500,0,0
1117,L,0,5,12,0,0,0,0.0000,0.0000,0.0000,0.0000,0,0,11,0,0,0,0,13,6,500,0,0
1118,L,0,5,12,0,0,0,0.0000,0.0000,0.0000,0.0000,0,0,11,0,0,0,0,13,6,500,0,0
1119,L,0,5,12,0,0,0,0.0000,0.0000,0.0000,0.0000,0,0,11,0,0,0,0,13,6,500,0,0
1120,L,0,5,12,0,0,0,0.0000,0.0000,0.0000,0.0000,0,0,11,0,0,0,0,13,6,500,0,0
1121,L,0,5,12,0,0,0,0.0000,0.0000,0.0000,0.0000,0,0,11,0,0,0,0,13,6,500,0,0
1122,L,0,5,12,0,0,0,0.0000,0.0000,0.0000,0.0000,0,0,11,0,0,0,0,13,6,500,0,0
1123,L,0,5,12,0,0,0,0.0000,0.0000,0.0000,0.0000,0,0,11,0,0,0,0,13,6,500,0,0
1124,L,0,5,12,0,0,0,0.0000,0.0000,0.0000,0.0000,0,0,11,0,0,0,0,13,6,500,0,0
1125,L,0,5,12,0,0,0,0.0000,0.0000,0.0000,0.0000,0,0,11,0,0,0,0,13,6,500,0,0
1126,L,0,5,12,0,0,0,0.0000,0.0000,0.0000,0.0000,0,0,11,0,0,0,0,13,6,500,0,0
1127,L,0,5,12,0,0,0,0.0000,0.0000,0.0000,0.0000,0,0,11,0,0,0,0,13,6,500,0,0
1128,L,0,5,12,0,0,0,0.0000,0.0000,0.0000,0.0000,0,0,11,0,0,0,0,13,6,500,0,0
1129,L,0,5,12,0,0,0,0.0000,0.0000,0.0000,0.0000,0,0,11,0,0,0,0,13,6,500,0,0
1130,L,0,5,12,0,0,0,0.0000,0.0000,0.0000,0.0000,0,0,11,0,0,0,0,13,6,500,0,0
1131,L,0,5,12,0,0,0,0.0000,0.0000,0.0000,0.0000,0,0,11,0,0,0,0,13,6,500,0,0
1132,L,0,5,12,0,0,0,0.0000,0.0000,0.0000,0.0000,0,0,11,0,0,0,0,13,6,500,0,0
1133,L,0,5,12,0,0,0,0.0000,0.0000,0.0000,0.0000,0,0,11,0,0,0,0,13,6,500,0,0
1134,L,0,5,12,0,0,0,0.0000,0.0000,0.0000,0.0000,0,0,11,0,0,0,0,13,6,500,0,0
1135,L,0,5,12,0,0,0,0.0000,0.0000,0.0000,0.0000,0,0,11,0,0,0,0,13,6,500,0,0
1136,L,0,5,12,0,0,0,0.0000,0.0000,0.0000,0.0000,0,0,11,0,0,0,0,13,6,500,0,0
1137,L,0,5,12,0,0,0,0.0000,0.0000,0.0000,0.0000,0,0,11,0,0,0,0,13,6,500,0,0
1138,L,0,5,12,0,0,0,0.0000,0.0000,0.0000,0.0000,0,0,11,0,0,0,0,13,6,500,0,0
1139,L,0,5,12,0,0,0,0.0000,0.0000,0.0000,0.0000,0,0,11,0,0,0,0,13,6,500,0,0
1140,L,0,5,12,0,0,0,0.0000,0.0000,0.0000,0.0000,0,0,11,0,0,0,0,13,6,500,0,0
1141,L,0,5,12,0,0,0,0.0000,0.0000,0.0000,0.0000,0,0,11,0,0,0,0,13,6,500,0,0
1142,L,0,5,12,0,0,0,0.0000,0.0000,0.0000,0.0000,0,0,11,0,0,0,0,13,6,500,0,0
1143,L,0,5,12,0,0,0,0.0000,0.0000,0.0000,0.0000,0,0,11,0,0,0,0,13,6,500,0,0
1144,L,0,5,12,0,0,0,0.0000,0.0000,0.0000,0.0000,0,0,11,0,0,0,0,13,6,500,0,0
1145,L,0,5,12,0,0,0,0.0000,0.0000,0.0000,0.0000,0,0,11,0,0,0,0,13,6,500,0,0
1146,L,0,5,12,0,0,0,0.0000,0.0000,0.0000,0.0000,0,0,11,0,0,0,0,13,6,500,0,0
1147,L,0,5,12,0,0,0,0.0000,0.0000,0.0000,0.0000,0,0,11,0,0,0,0,13,6,500,0,0
1148,L,0,5,12,0,0,0,0.0000,0.0000,0.0000,0.0000,0,0,11,0,0,0,0,13,6,500,0,0
1149,L,0,5,12,0,0,0,0.0000,0.0000,0.0000,0.0000,0,0,11,0,0,0,0,13,6,500,0,0
1150,L,0,5,12,0,0,0,0.0000,0.0000,0.0000,0.0000,0,0,11,0,0,0,0,13,6,500,0,0
1151,L,0,5,12,0,0,0,0.0000,0.0000,0.0000,0.0000,0,0,11,0,0,0,0,13,6,500,0,0
1152,L,0,5,12,0,0,0,0.0000,0.0000,0.0000,0.0000,0,0,11,0,0,0,0,13,6,500,0,0
1153,L,0,5,12,0,0,0,0.0000,0.0000,0.0000,0.0000,0,0,11,0,0,0,0,13,6,500,0,0
1154,L,0,5,12,0,0,0,0.0000,0.0000,0.0000,0.0000,0,0,11,0,0,0,0,13,6,500,0,0
1155,L,0,5,12,0,0,0,0.0000,0.0000,0.0000,0.0000,0,0,11,0,0,0,0,13,6,500,0,0
1156,L,0,5,12,0,0,0,0.0000,0.0000,0.0000,0.0000,0,0,11,0,0,0,0,13,6,500,0,0
1157,L,0,5,12,0,0,0,0.0000,0.0000,0.0000,0.0000,0,0,11,0,0,0,0,13,6,500,0,0
1158,L,0,5,12,0,0,0,0.0000,0.0000,0.0000,0.0000,0,0,11,0,0,0,0,13,6,500,0,0
1159,L,0,5,12,0,0,0,0.0000,0.0000,0.0000,0.0000,0,0,11,0,0,0,0,13,6,500,0,0
1160,L,0,5,12,0,0,0,0.0000,0.0000,0.0000,0.0000,0,0,11,0,0,0,0,13,6,500,0,0
1161,L,0,5,12,0,0,0,0.0000,0.0000,0.0000,0.0000,0,0,11,0,0,0,0,13,6,500,0,0
1162,L,0,5,12,0,0,0,0.0000,0.0000,0.0000,0.0000,0,0,11,0,0,0,0,13,6,500,0,0
1163,L,0,5,12,0,0,0,0.0000,0.0000,0.0000,0.0000,0,0,11,0,0,0,0,13,6,500,0,0
1164,L,0,5,12,0,0,0,0.0000,0.0000,0.0000,0.0000,0,0,11,0,0,0,0,13,6,500,0,0
1165,L,0,5,12,0,0,0,0.0000,0.0000,0.0000,0.0000,0,0,11,0,0,0,0,13,6,500,0,0
1166,L,0,5,12,0,0,0,0.0000,0.0000,0.0000,0.0000,0,0,11,0,0,0,0,13,6,500,0,0
1167,L,0,5,12,0,0,0,0.0000,0.0000,0.0000,0.0000,0,0,11,0,0,0,0,13,6,500,0,0
1168,L,0,5,12,0,0,0,0.0000,0.0000,0.0000,0.0000,0,0,11,0,0,0,0,13,6,500,0,0
1169,L,0,5,12,0,0,0,0.0000,0.0000,0.0000,0.0000,0,0,11,0,0,0,0,13,6,500,0,0
1170,L,0,5,12,0,0,0,0.0000,0.0000,0.0000,0.0000,0,0,11,0,0,0,0,13,6,500,0,0
1171,L,0,5,12,0,0,0,0.0000,0.0000,0.0000,0.0000,0,0,11,0,0,0,0,13,6,500,0,0
1172,L,0,5,12,0,0,0,0.0000,0.0000,0.0000,0.0000,0,0,11,0,0,0,0,13,6,500,0,0
1173,L,0,5,12,0,0,0,0.0000,0.0000,0.0000,0.0000,0,0,11,0,0,0,0,13,6,500,0,0
1174,L,0,5,12,0,0,0,0.0000,0.0000,0.0000,0.0000,0,0,11,0,0,0,0,13,6,500,0,0
1175,L,0,5,12,0,0,0,0.0000,0.0000,0.0000,0.0000,0,0,11,0,0,0,0,13,6,500,0,0
1176,L,0,5,12,0,0,0,0.0000,0.0000,0.0000,0.0000,0,0,11,0,0,0,0,13,6,500,0,0
1177,L,0,5,12,0,0,0,0.0000,0.0000,0.0000,0.0000,0,0,11,0,0,0,0,13,6,500,0,0
1178,L,0,5,12,0,0,0,0.0000,0.0000,0.0000,0.0000,0,0,11,0,0,0,0,13,6,500,0,0
1179,L,0,5,12,0,0,0,0.0000,0.0000,0.0000,0.0000,0,0,11,0,0,0,0,13,6,500,0,0
1180,L,0,5,12,0,0,0,0.0000,0.0000,0.0000,0.0000,0,0,11,0,0,0,0,13,6,500,0,0
1181,L,0,5,12,0,0,0,0.0000,0.0000,0.0000,0.0000,0,0,11,0,0,0,0,13,6,500,0,0
1182,L,0,5,12,0,0,0,0.0000,0.0000,0.0000,0.0000,0,0,11,0,0,0,0,13,6,500,0,0
1183,L,0,5,12,0,0,0,0.0000,0.0000,0.0000,0.0000,0,0,11,0,0,0,0,13,6,500,0,0
1184,L,0,5,12,0,0,0,0.0000,0.0000,0.0000,0.0000,0,0,11,0,0,0,0,13,6,500,0,0
1185,L,0,5,12,0,0,0,0.0000,0.0000,0.0000,0.0000,0,0,11,0,0,0,0,13,6,500,0,0
1186,L,0,5,12,0,0,0,0.0000,0.0000,0.0000,0.0000,0,0,11,0,0,0,0,13,6,500,0,0
1187,L,0,5,12,0,0,0,0.0000,0.0000,0.0000,0.0000,0,0,11,0,0,0,0,13,6,500,0,0
1188,L,0,5,12,0,0,0,0.0000,0.0000,0.0000,0.0000,0,0,11,0,0,0,0,13,6,500,0,0
1189,L,0,5,12,0,0,0,0.0000,0.0000,0.0000,0.0000,0,0,11,0,0,0,0,13,6,500,0,0
1190,L,0,5,12,0,0,0,0.0000,0.0000,0.0000,0.0000,0,0,11,0,0,0,0,13,6,500,0,0
1191,L,0,5,12,0,0,0,0.0000,0.0000,0.0000,0.0000,0,0,11,0,0,0,0,13,6,500,0,0
1192,L,0,5,12,0,0,0,0.0000,0.0000,0.0000,0.0000,0,0,11,0,0,0,0,13,6,500,0,0
1193,L,0,5,12,0,0,0,0.0000,0.0000,0.0000,0.0000,0,0,11,0,0,0,0,13,6,500,0,0
1194,L,0,5,12,0,0,0,0.0000,0.0000,0.0000,0.0000,0,0,11,0,0,0,0,13,6,500,0,0
1195,L,0,5,12,0,0,0,0.0000,0.0000,0.0000,0.0000,0,0,11,0,0,0,0,13,6,500,0,0
1196,L,0,5,12,0,0,0,0.0000,0.0000,0.0000,0.0000,0,0,11,0,0,0,0,13,6,500,0,0
1197,L,0,5,12,0,0,0,0.0000,0.0000,0.0000,0.0000,0,0,11,0,0,0,0,13,6,500,0,0
1198,L,0,5,12,0,0,0,0.0000,0.0000,0.0000,0.0000,0,0,11,0,0,0,0,13,6,500,0,0
1199,L,0,5,12,0,0,0,0.0000,0.0000,0.0000,0.0000,0,0,11,0,0,0,0,13,6,500,0,0
1200,L,0,5,12,0,0,0,0.0000,0.0000,0.0000,0.0000,0,0,11,0,0,0,0,13,6,500,0,0
1201,L,0,5,12,0,0,0,0.0000,0.0000,0.0000,0.0000,0,0,11,0,0,0,0,13,6,500,0,0
1202,L,0,5,12,0,0,0,0.0000,0.0000,0.0000,0.0000,0,0,11,0,0,0,0,13,6,500,0,0
1203,L,0,5,12,0,0,0,0.0000,0.0000,0.0000,0.0000,0,0,11,0,0,0,0,13,6,500,0,0
1204,L,0,5,12,0,0,0,0.0000,0.0000,0.0000,0.0000,0,0,11,0,0,0,0,13,6,500,0,0
1205,L,0,5,12,0,0,0,0.0000,0.0000,0.0000,0.0000,0,0,11,0,0,0,0,13,6,500,0,0
1206,L,0,5,12,0,0,0,0.0000,0.0000,0.0000,0.0000,0,0,11,0,0,0,0,13,6,500,0,0
1207,L,0,5,12,0,0,0,0.0000,0.0000,0.0000,0.0000,0,0,11,0,0,0,0,13,6,500,0,0
1208,L,0,5,12,0,0,0,0.0000,0.0000,0.0000,0.0000,0,0,11,0,0,0,0,13,6,500,0,0
1209,L,0,5,12,0,0,0,0.0000,0.0000,0.0000,0.0000,0,0,11,0,0,0,0,13,6,500,0,0
1210,L,0,5,12,0,0,0,0.0000,0.0000,0.0000,0.0000,0,0,11,0,0,0,0,13,6,500,0,0
1211,L,0,5,12,0,0,0,0.0000,0.0000,0.0000,0.0000,0,0,11,0,0,0,0,13,6,500,0,0
1212,L,0,5,12,0,0,0,0.0000,0.0000,0.0000,0.0000,0,0,11,0,0,0,0,13,6,500,0,0
1213,L,0,5,12,0,0,0,0.0000,0.0000,0.0000,0.0000,0,0,11,0,0,0,0,13,6,500,0,0
1214,L,0,5,12,0,0,0,0.0000,0.0000,0.0000,0.0000,0,0,11,0,0,0,0,13,6,500,0,0
1215,L,0,5,12,0,0,0,0.0000,0.0000,0.0000,0.0000,0,0,11,0,0,0,0,13,6,500,0,0
1216,L,0,5,12,0,0,0,0.0000,0.0000,0.0000,0.0000,0,0,11,0,0,0,0,13,6,500,0,0
1217,L,0,5,12,0,0,0,0.0000,0.0000,0.0000,0.0000,0,0,11,0,0,0,0,13,6,500,0,0
1218,L,0,5,12,0,0,0,0.0000,0.0000,0.0000,0.0000,0,0,11,0,0,0,0,13,6,500,0,0
1219,L,0,5,12,0,0,0,0.0000,0.0000,0.0000,0.0000,0,0,11,0,0,0,0,13,6,500,0,0
1220,L,0,5,12,0,0,0,0.0000,0.0000,0.0000,0.0000,0,0,11,0,0,0,0,13,6,500,0,0
1221,L,0,5,12,0,0,0,0.0000,0.0000,0.0000,0.0000,0,0,11,0,0,0,0,13,6,500,0,0
1222,L,0,5,12,0,0,0,0.0000,0.0000,0.0000,0.0000,0,0,11,0,0,0,0,13,6,500,0,0
1223,L,0,5,12,0,0,0,0.0000,0.0000,0.0000,0.0000,0,0,11,0,0,0,0,13,6,500,0,0
1224,L,0,5,12,0,0,0,0.0000,0.0000,0.0000,0.0000,0,0,11,0,0,0,0,13,6,500,0,0
1225,L,0,5,12,0,0,0,0.0000,0.0000,0.0000,0.0000,0,0,11,0,0,0,0,13,6,500,0,0
1226,L,0,5,12,0,0,0,0.0000,0.0000,0.0000,0.0000,0,0,11,0,0,0,0,13,6,500,0,0
1227,L,0,5,12,0,0,0,0.0000,0.0000,0.0000,0.0000,0,0,11,0,0,0,0,13,6,500,0,0
1228,L,0,5,12,0,0,0,0.0000,0.0000,0.0000,0.0000,0,0,11,0,0,0,0,13,6,500,0,0
1229,L,0,5,12,0,0,0,0.0000,0.0000,0.0000,0.0000,0,0,11,0,0,0,0,13,6,500,0,0
1230,L,0,5,12,0,0,0,0.0000,0.0000,0.0000,0.0000,0,0,11,0,0,0,0,13,6,500,0,0
1231,L,0,5,12,0,0,0,0.0000,0.0000,0.0000,0.0000,0,0,11,0,0,0,0,13,6,500,0,0
1232,L,0,5,12,0,0,0,0.0000,0.0000,0.0000,0.0000,0,0,11,0,0,0,0,13,6,500,0,0
1233,L,0,5,12,0,0,0,0.0000,0.0000,0.0000,0.0000,0,0,11,0,0,0,0,13,6,500,0,0
1234,L,0,5,12,0,0,0,0.0000,0.0000,0.0000,0.0000,0,0,11,0,0,0,0,13,6,500,0,0
1235,L,0,5,12,0,0,0,0.0000,0.0000,0.0000,0.0000,0,0,11,0,0,0,0,13,6,500,0,0
1236,L,0,5,12,0,0,0,0.0000,0.0000,0.0000,0.0000,0,0,11,0,0,0,0,13,6,500,0,0
1237,L,0,5,12,0,0,0,0.0000,0.0000,0.0000,0.0000,0,0,11,0,0,0,0,13,6,500,0,0
1238,L,0,5,12,0,0,0,0.0000,0.0000,0.0000,0.0000,0,0,11,0,0,0,0,13,6,500,0,0
1239,L,0,5,12,0,0,0,0.0000,0.0000,0.0000,0.0000,0,0,11,0,0,0,0,13,6,500,0,0
1240,L,0,5,12,0,0,0,0.0000,0.0000,0.0000,0.0000,0,0,11,0,0,0,0,13,6,500,0,0
1241,L,0,5,12,0,0,0,0.0000,0.0000,0.0000,0.0000,0,0,11,0,0,0,0,13,6,500,0,0
1242,L,0,5,12,0,0,0,0.0000,0.0000,0.0000,0.0000,0,0,11,0,0,0,0,13,6,500,0,0
1243,L,0,5,12,0,0,0,0.0000,0.0000,0.0000,0.0000,0,0,11,0,0,0,0,13,6,500,0,0
1244,L,0,5,12,0,0,0,0.0000,0.0000,0.0000,0.0000,0,0,11,0,0,0,0,13,6,500,0,0
1245,L,0,5,12,0,0,0,0.0000,0.0000,0.0000,0.0000,0,0,11,0,0,0,0,13,6,500,0,0
1246,L,0,5,12,0,0,0,0.0000,0.0000,0.0000,0.0000,0,0,11,0,0,0,0,13,6,500,0,0
1247,L,0,5,12,0,0,0,0.0000,0.0000,0.0000,0.0000,0,0,11,0,0,0,0,13,6,500,0,0
1248,L,0,5,12,0,0,0,0.0000,0.0000,0.0000,0.0000,0,0,11,0,0,0,0,13,6,500,0,0
1249,L,0,5,12,0,0,0,0.0000,0.0000,0.0000,0.0000,0,0,11,0,0,0,0,13,6,500,0,0
1250,L,0,5,12,0,0,0,0.0000,0.0000,0.0000,0.0000,0,0,11,0,0,0,0,13,6,500,0,0
1251,L,0,5,12,0,0,0,0.0000,0.0000,0.0000,0.0000,0,0,11,0,0,0,0,13,6,500,0,0
1252,L,0,5,12,0,0,0,0.0000,0.0000,0.0000,0.0000,0,0,11,0,0,0,0,13,6,500,0,0
1253,L,0,5,12,0,0,0,0.0000,0.0000,0.0000,0.0000,0,0,11,0,0,0,0,13,6,500,0,0
1254,L,0,5,12,0,0,0,0.0000,0.0000,0.0000,0.0000,0,0,11,0,0,0,0,13,6,500,0,0
1255,L,0,5,12,0,0,0,0.0000,0.0000,0.0000,0.0000,0,0,11,0,0,0,0,13,6,500,0,0
1256,L,0,5,12,0,0,0,0.0000,0.0000,0.0000,0.0000,0,0,11,0,0,0,0,13,6,500,0,0
1257,L,0,5,12,0,0,0,0.0000,0.0000,0.0000,0.0000,0,0,11,0,0,0,0,13,6,500,0,0
1258,L,0,5,12,0,0,0,0.0000,0.0000,0.0000,0.0000,0,0,11,0,0,0,0,13,6,500,0,0
1259,L,0,5,12,0,0,0,0.0000,0.0000,0.0000,0.0000,0,0,11,0,0,0,0,13,6,500,0,0
1260,L,0,5,12,0,0,0,0.0000,0.0000,0.0000,0.0000,0,0,11,0,0,0,0,13,6,500,0,0
1261,L,0,5,12,0,0,0,0.0000,0.0000,0.0000,0.0000,0,0,11,0,0,0,0,13,6,500,0,0
1262,L,0,5,12,0,0,0,0.0000,0.0000,0.0000,0.0000,0,0,11,0,0,0,0,13,6,500,0,0
1263,L,0,5,12,0,0,0,0.0000,0.0000,0.0000,0.0000,0,0,11,0,0,0,0,13,6,500,0,0
1264,L,0,5,12,0,0,0,0.0000,0.0000,0.0000,0.0000,0,0,11,0,0,0,0,13,6,500,0,0
1265,L,0,5,12,0,0,0,0.0000,0.0000,0.0000,0.0000,0,0,11,0,0,0,0,13,6,500,0,0
1266,L,0,5,12,0,0,0,0.0000,0.0000,0.0000,0.0000,0,0,11,0,0,0,0,13,6,500,0,0
1267,L,0,5,12,0,0,0,0.0000,0.0000,0.0000,0.0000,0,0,11,0,0,0,0,13,6,500,0,0
1268,L,0,5,12,0,0,0,0.0000,0.0000,0.0000,0.0000,0,0,11,0,0,0,0,13,6,500,0,0
1269,L,0,5,12,0,0,0,0.0000,0.0000,0.0000,0.0000,0,0,11,0,0,0,0,13,6,500,0,0
1270,L,0,5,12,0,0,0,0.0000,0.0000,0.0000,0.0000,0,0,11,0,0,0,0,13,6,500,0,0
1271,L,0,5,12,0,0,0,0.0000,0.0000,0.0000,0.0000,0,0,11,0,0,0,0,13,6,500,0,0
1272,L,0,5,12,0,0,0,0.0000,0.0000,0.0000,0.0000,0,0,11,0,0,0,0,13,6,500,0,0
1273,L,0,5,12,0,0,0,0.0000,0.0000,0.0000,0.0000,0,0,11,0,0,0,0,13,6,500,0,0
1274,L,0,5,12,0,0,0,0.0000,0.0000,0.0000,0.0000,0,0,11,0,0,0,0,13,6,500,0,0
1275,L,0,5,12,0,0,0,0.0000,0.0000,0.0000,0.0000,0,0,11,0,0,0,0,13,6,500,0,0
1276,L,0,5,12,0,0,0,0.0000,0.0000,0.0000,0.0000,0,0,11,0,0,0,0,13,6,500,0,0
1277,L,0,5,12,0,0,0,0.0000,0.0000,0.0000,0.0000,0,0,11,0,0,0,0,13,6,500,0,0
1278,L,0,5,12,0,0,0,0.0000,0.0000,0.0000,0.0000,0,0,11,0,0,0,0,13,6,500,0,0
1279,L,0,5,12,0,0,0,0.0000,0.0000,0.0000,0.0000,0,0,11,0,0,0,0,13,6,500,0,0
1280,L,0,5,12,0,0,0,0.0000,0.0000,0.0000,0.0000,0,0,11,0,0,0,0,13,6,500,0,0
1281,L,0,5,12,0,0,0,0.0000,0.0000,0.0000,0.0000,0,0,11,0,0,0,0,13,6,500,0,0
1282,L,0,5,12,0,0,0,0.0000,0.0000,0.0000,0.0000,0,0,11,0,0,0,0,13,6,500,0,0
1283,L,0,5,12,0,0,0,0.0000,0.0000,0.0000,0.0000,0,0,11,0,0,0,0,13,6,500,0,0
1284,L,0,5,12,0,0,0,0.0000,0.0000,0.0000,0.0000,0,0,11,0,0,0,0,13,6,500,0,0
1285,L,0,5,12,0,0,0,0.0000,0.0000,0.0000,0.0000,0,0,11,0,0,0,0,13,6,500,0,0
1286,L,0,5,12,0,0,0,0.0000,0.0000,0.0000,0.0000,0,0,11,0,0,0,0,13,6,500,0,0
1287,L,0,5,12,0,0,0,0.0000,0.0000,0.0000,0.0000,0,0,11,0,0,0,0,13,6,500,0,0
1288,L,0,5,12,0,0,0,0.0000,0.0000,0.0000,0.0000,0,0,11,0,0,0,0,13,6,500,0,0
1289,L,0,5,12,0,0,0,0.0000,0.0000,0.0000,0.0000,0,0,11,0,0,0,0,13,6,500,0,0
1290,L,0,5,12,0,0,0,0.0000,0.0000,0.0000,0.0000,0,0,11,0,0,0,0,13,6,500,0,0
1291,L,0,5,12,0,0,0,0.0000,0.0000,0.0000,0.0000,0,0,11,0,0,0,0,13,6,500,0,0
1292,L,0,5,12,0,0,0,0.0000,0.0000,0.0000,0.0000,0,0,11,0,0,0,0,13,6,500,0,0
1293,L,0,5,12,0,0,0,0.0000,0.0000,0.0000,0.0000,0,0,11,0,0,0,0,13,6,500,0,0
1294,L,0,5,12,0,0,0,0.0000,0.0000,0.0000,0.0000,0,0,11,0,0,0,0,13,6,500,0,0
1295,L,0,5,12,0,0,0,0.0000,0.0000,0.0000,0.0000,0,0,11,0,0,0,0,13,6,500,0,0
1296,L,0,5,12,0,0,0,0.0000,0.0000,0.0000,0.0000,0,0,11,0,0,0,0,13,6,500,0,0
1297,L,0,5,12,0,0,0,0.0000,0.0000,0.0000,0.0000,0,0,11,0,0,0,0,13,6,500,0,0
1298,L,0,5,12,0,0,0,0.0000,0.0000,0.0000,0.0000,0,0,11,0,0,0,0,13,6,500,0,0
1299,L,0,5,12,0,0,0,0.0000,0.0000,0.0000,0.0000,0,0,11,0,0,0,0,13,6,500,0,0
1300,L,0,5,12,0,0,0,0.0000,0.0000,0.0000,0.0000,0,0,11,0,0,0,0,13,6,500,0,0
1301,L,0,5,12,0,0,0,0.0000,0.0000,0.0000,0.0000,0,0,11,0,0,0,0,13,6,500,0,0
1302,L,0,5,12,0,0,0,0.0000,0.0000,0.0000,0.0000,0,0,11,0,0,0,0,13,6,500,0,0
1303,L,0,5,12,0,0,0,0.0000,0.0000,0.0000,0.0000,0,0,11,0,0,0,0,13,6,500,0,0
1304,L,0,5,12,0,0,0,0.0000,0.0000,0.0000,0.0000,0,0,11,0,0,0,0,13,6,500,0,0
1305,L,0,5,12,0,0,0,0.0000,0.0000,0.0000,0.0000,0,0,11,0,0,0,0,13,6,500,0,0
1306,L,0,5,12,0,0,0,0.0000,0.0000,0.0000,0.0000,0,0,11,0,0,0,0,13,6,500,0,0
1307,L,0,5,12,0,0,0,0.0000,0.0000,0.0000,0.0000,0,0,11,0,0,0,0,13,6,500,0,0
1308,L,0,5,12,0,0,0,0.0000,0.0000,0.0000,0.0000,0,0,11,0,0,0,0,13,6,500,0,0
1309,L,0,5,12,0,0,0,0.0000,0.0000,0.0000,0.0000,0,0,11,0,0,0,0,13,6,500,0,0
1310,L,0,5,12,0,0,0,0.0000,0.0000,0.0000,0.0000,0,0,11,0,0,0,0,13,6,500,0,0
1311,L,0,5,12,0,0,0,0.0000,0.0000,0.0000,0.0000,0,0,11,0,0,0,0,13,6,500,0,0
1312,L,0,5,12,0,0,0,0.0000,0.0000,0.0000,0.0000,0,0,11,0,0,0,0,13,6,500,0,0
1313,L,0,5,12,0,0,0,0.0000,0.0000,0.0000,0.0000,0,0,11,0,0,0,0,13,6,500,0,0
1314,L,0,5,12,0,0,0,0.0000,0.0000,0.0000,0.0000,0,0,11,0,0,0,0,13,6,500,0,0
1315,L,0,5,12,0,0,0,0.0000,0.0000,0.0000,0.0000,0,0,11,0,0,0,0,13,6,500,0,0
1316,L,0,5,12,0,0,0,0.0000,0.0000,0.0000,0.0000,0,0,11,0,0,0,0,13,6,500,0,0
1317,L,0,5,12,0,0,0,0.0000,0.0000,0.0000,0.0000,0,0,11,0,0,0,0,13,6,500,0,0
1318,L,0,5,12,0,0,0,0.0000,0.0000,0.0000,0.0000,0,0,11,0,0,0,0,13,6,500,0,0
1319,L,0,5,12,0,0,0,0.0000,0.0000,0.0000,0.0000,0,0,11,0,0,0,0,13,6,500,0,0
1320,L,0,5,12,0,0,0,0.0000,0.0000,0.0000,0.0000,0,0,11,0,0,0,0,13,6,500,0,0
1321,L,0,5,12,0,0,0,0.0000,0.0000,0.0000,0.0000,0,0,11,0,0,0,0,13,6,500,0,0
1322,L,0,5,12,0,0,0,0.0000,0.0000,0.0000,0.0000,0,0,11,0,0,0,0,13,6,500,0,0
1323,L,0,5,12,0,0,0,0.0000,0.0000,0.0000,0.0000,0,0,11,0,0,0,0,13,6,500,0,0
1324,L,0,5,12,0,0,0,0.0000,0.0000,0.0000,0.0000,0,0,11,0,0,0,0,13,6,500,0,0
1325,L,0,5,12,0,0,0,0.0000,0.0000,0.0000,0.0000,0,0,11,0,0,0,0,13,6,500,0,0
1326,L,0,5,12,0,0,0,0.0000,0.0000,0.0000,0.0000,0,0,11,0,0,0,0,13,6,500,0,0
1327,L,0,5,12,0,0,0,0.0000,0.0000,0.0000,0.0000,0,0,11,0,0,0,0,13,6,500,0,0
1328,L,0,5,12,0,0,0,0.0000,0.0000,0.0000,0.0000,0,0,11,0,0,0,0,13,6,500,0,0
1329,L,0,5,12,0,0,0,0.0000,0.0000,0.0000,0.0000,0,0,11,0,0,0,0,13,6,500,0,0
1330,L,0,5,12,0,0,0,0.0000,0.0000,0.0000,0.0000,0,0,11,0,0,0,0,13,6,500,0,0
1331,L,0,5,12,0,0,0,0.0000,0.0000,0.0000,0.0000,0,0,11,0,0,0,0,13,6,500,0,0
1332,L,0,5,12,0,0,0,0.0000,0.0000,0.0000,0.0000,0,0,11,0,0,0,0,13,6,500,0,0
1333,L,0,5,12,0,0,0,0.0000,0.0000,0.0000,0.0000,0,0,11,0,0,0,0,13,6,500,0,0
1334,L,0,5,12,0,0,0,0.0000,0.0000,0.0000,0.0000,0,0,11,0,0,0,0,13,6,500,0,0
1335,L,0,5,12,0,0,0,0.0000,0.0000,0.0000,0.0000,0,0,11,0,0,0,0,13,6,500,0,0
1336,L,0,5,12,0,0,0,0.0000,0.0000,0.0000,0.0000,0,0,11,0,0,0,0,13,6,500,0,0
1337,L,0,5,12,0,0,0,0.0000,0.0000,0.0000,0.0000,0,0,11,0,0,0,0,13,6,500,0,0
1338,L,0,5,12,0,0,0,0.0000,0.0000,0.0000,0.0000,0,0,11,0,0,0,0,13,6,500,0,0
1339,L,0,5,12,0,0,0,0.0000,0.0000,0.0000,0.0000,0,0,11,0,0,0,0,13,6,500,0,0
1340,L,0,5,12,0,0,0,0.0000,0.0000,0.0000,0.0000,0,0,11,0,0,0,0,13,6,500,0,0
1341,L,0,5,12,0,0,0,0.0000,0.0000,0.0000,0.0000,0,0,11,0,0,0,0,13,6,500,0,0
1342,L,0,5,12,0,0,0,0.0000,0.0000,0.0000,0.0000,0,0,11,0,0,0,0,13,6,500,0,0
1343,L,0,5,12,0,0,0,0.0000,0.0000,0.0000,0.0000,0,0,11,0,0,0,0,13,6,500,0,0
1344,L,0,5,12,0,0,0,0.0000,0.0000,0.0000,0.0000,0,0,11,0,0,0,0,13,6,500,0,0
1345,L,0,5,12,0,0,0,0.0000,0.0000,0.0000,0.0000,0,0,11,0,0,0,0,13,6,500,0,0
1346,L,0,5,12,0,0,0,0.0000,0.0000,0.0000,0.0000,0,0,11,0,0,0,0,13,6,500,0,0
1347,L,0,5,12,0,0,0,0.0000,0.0000,0.0000,0.0000,0,0,11,0,0,0,0,13,6,500,0,0
1348,L,0,5,12,0,0,0,0.0000,0.0000,0.0000,0.0000,0,0,11,0,0,0,0,13,6,500,0,0
1349,L,0,5,12,0,0,0,0.0000,0.0000,0.0000,0.0000,0,0,11,0,0,0,0,13,6,500,0,0
1350,L,0,5,12,0,0,0,0.0000,0.0000,0.0000,0.0000,0,0,11,0,0,0,0,13,6,500,0,0
1351,L,0,5,12,0,0,0,0.0000,0.0000,0.0000,0.0000,0,0,11,0,0,0,0,13,6,500,0,0
1352,L,0,5,12,0,0,0,0.0000,0.0000,0.0000,0.0000,0,0,11,0,0,0,0,13,6,500,0,0
1353,L,0,5,12,0,0,0,0.0000,0.0000,0.0000,0.0000,0,0,11,0,0,0,0,13,6,500,0,0
1354,L,0,5,12,0,0,0,0.0000,0.0000,0.0000,0.0000,0,0,11,0,0,0,0,13,6,500,0,0
1355,L,0,5,12,0,0,0,0.0000,0.0000,0.0000,0.0000,0,0,11,0,0,0,0,13,6,500,0,0
1356,L,0,5,12,0,0,0,0.0000,0.0000,0.0000,0.0000,0,0,11,0,0,0,0,13,6,500,0,0
1357,L,0,5,12,0,0,0,0.0000,0.0000,0.0000,0.0000,0,0,11,0,0,0,0,13,6,500,0,0
1358,L,0,5,12,0,0,0,0.0000,0.0000,0.0000,0.0000,0,0,11,0,0,0,0,13,6,500,0,0
1359,L,0,5,12,0,0,0,0.0000,0.0000,0.0000,0.0000,0,0,11,0,0,0,0,13,6,500,0,0
1360,L,0,5,12,0,0,0,0.0000,0.0000,0.0000,0.0000,0,0,11,0,0,0,0,13,6,500,0,0
1361,L,0,5,12,0,0,0,0.0000,0.0000,0.0000,0.0000,0,0,11,0,0,0,0,13,6,500,0,0
1362,L,0,5,12,0,0,0,0.0000,0.0000,0.0000,0.0000,0,0,11,0,0,0,0,13,6,500,0,0
1363,L,0,5,12,0,0,0,0.0000,0.0000,0.0000,0.0000,0,0,11,0,0,0,0,13,6,500,0,0
1364,L,0,5,12,0,0,0,0.0000,0.0000,0.0000,0.0000,0,0,11,0,0,0,0,13,6,500,0,0
1365,L,0,5,12,0,0,0,0.0000,0.0000,0.0000,0.0000,0,0,11,0,0,0,0,13,6,500,0,0
1366,L,0,5,12,0,0,0,0.0000,0.0000,0.0000,0.0000,0,0,11,0,0,0,0,13,6,500,0,0
1367,L,0,5,12,0,0,0,0.0000,0.0000,0.0000,0.0000,0,0,11,0,0,0,0,13,6,500,0,0
1368,L,0,5,12,0,0,0,0.0000,0.0000,0.0000,0.0000,0,0,11,0,0,0,0,13,6,500,0,0
1369,L,0,5,12,0,0,0,0.0000,0.0000,0.0000,0.0000,0,0,11,0,0,0,0,13,6,500,0,0
1370,L,0,5,12,0,0,0,0.0000,0.0000,0.0000,0.0000,0,0,11,0,0,0,0,13,6,500,0,0
1371,L,0,5,12,0,0,0,0.0000,0.0000,0.0000,0.0000,0,0,11,0,0,0,0,13,6,500,0,0
1372,L,0,5,12,0,0,0,0.0000,0.0000,0.0000,0.0000,0,0,11,0,0,0,0,13,6,500,0,0
1373,L,0,5,12,0,0,0,0.0000,0.0000,0.0000,0.0000,0,0,11,0,0,0,0,13,6,500,0,0
1374,L,0,5,12,0,0,0,0.0000,0.0000,0.0000,0.0000,0,0,11,0,0,0,0,13,6,500,0,0
1375,L,0,5,12,0,0,0,0.0000,0.0000,0.0000,0.0000,0,0,11,0,0,0,0,13,6,500,0,0
1376,L,0,5,12,0,0,0,0.0000,0.0000,0.0000,0.0000,0,0,11,0,0,0,0,13,6,500,0,0
1377,L,0,5,12,0,0,0,0.0000,0.0000,0.0000,0.0000,0,0,11,0,0,0,0,13,6,500,0,0
1378,L,0,5,12,0,0,0,0.0000,0.0000,0.0000,0.0000,0,0,11,0,0,0,0,13,6,500,0,0
1379,L,0,5,12,0,0,0,0.0000,0.0000,0.0000,0.0000,0,0,11,0,0,0,0,13,6,500,0,0
1380,L,0,5,12,0,0,0,0.0000,0.0000,0.0000,0.0000,0,0,11,0,0,0,0,13,6,500,0,0
1381,L,0,5,12,0,0,0,0.0000,0.0000,0.0000,0.0000,0,0,11,0,0,0,0,13,6,500,0,0
1382,L,0,5,12,0,0,0,0.0000,0.0000,0.0000,0.0000,0,0,11,0,0,0,0,13,6,500,0,0
1383,L,0,5,12,0,0,0,0.0000,0.0000,0.0000,0.0000,0,0,11,0,0,0,0,13,6,500,0,0
1384,L,0,5,12,0,0,0,0.0000,0.0000,0.0000,0.0000,0,0,11,0,0,0,0,13,6,500,0,0
1385,L,0,5,12,0,0,0,0.0000,0.0000,0.0000,0.0000,0,0,11,0,0,0,0,13,6,500,0,0
1386,L,0,5,12,0,0,0,0.0000,0.0000,0.0000,0.0000,0,0,11,0,0,0,0,13,6,500,0,0
1387,L,0,5,12,0,0,0,0.0000,0.0000,0.0000,0.0000,0,0,11,0,0,0,0,13,6,500,0,0
1388,L,0,5,12,0,0,0,0.0000,0.0000,0.0000,0.0000,0,0,11,0,0,0,0,13,6,500,0,0
1389,L,0,5,12,0,0,0,0.0000,0.0000,0.0000,0.0000,0,0,11,0,0,0,0,13,6,500,0,0
1390,L,0,5,12,0,0,0,0.0000,0.0000,0.0000,0.0000,0,0,11,0,0,0,0,13,6,500,0,0
1391,L,0,5,12,0,0,0,0.0000,0.0000,0.0000,0.0000,0,0,11,0,0,0,0,13,6,500,0,0
1392,L,0,5,12,0,0,0,0.0000,0.0000,0.0000,0.0000,0,0,11,0,0,0,0,13,6,500,0,0
1393,L,0,5,12,0,0,0,0.0000,0.0000,0.0000,0.0000,0,0,11,0,0,0,0,13,6,500,0,0
1394,L,0,5,12,0,0,0,0.0000,0.0000,0.0000,0.0000,0,0,11,0,0,0,0,13,6,500,0,0
1395,L,0,5,12,0,0,0,0.0000,0.0000,0.0000,0.0000,0,0,11,0,0,0,0,13,6,500,0,0
1396,L,0,5,12,0,0,0,0.0000,0.0000,0.0000,0.0000,0,0,11,0,0,0,0,13,6,500,0,0
1397,L,0,5,12,0,0,0,0.0000,0.0000,0.0000,0.0000,0,0,11,0,0,0,0,13,6,500,0,0
1398,L,0,5,12,0,0,0,0.0000,0.0000,0.0000,0.0000,0,0,11,0,0,0,0,13,6,500,0,0
1399,L,0,5,12,0,0,0,0.0000,0.0000,0.0000,0.0000,0,0,11,0,0,0,0,13,6,500,0,0
1400,L,0,5,12,0,0,0,0.0000,0.0000,0.0000,0.0000,0,0,11,0,0,0,0,13,6,500,0,0
1401,L,0,5,12,0,0,0,0.0000,0.0000,0.0000,0.0000,0,0,11,0,0,0,0,13,6,500,0,0
1402,L,0,5,12,0,0,0,0.0000,0.0000,0.0000,0.0000,0,0,11,0,0,0,0,13,6,500,0,0
1403,L,0,5,12,0,0,0,0.0000,0.0000,0.0000,0.0000,0,0,11,0,0,0,0,13,6,500,0,0
1404,L,0,5,12,0,0,0,0.0000,0.0000,0.0000,0.0000,0,0,11,0,0,0,0,13,6,500,0,0
1405,L,0,5,12,0,0,0,0.0000,0.0000,0.0000,0.0000,0,0,11,0,0,0,0,13,6,500,0,0
1406,L,0,5,12,0,0,0,0.0000,0.0000,0.0000,0.0000,0,0,11,0,0,0,0,13,6,500,0,0
1407,L,0,5,12,0,0,0,0.0000,0.0000,0.0000,0.0000,0,0,11,0,0,0,0,13,6,500,0,0
1408,L,0,5,12,0,0,0,0.0000,0.0000,0.0000,0.0000,0,0,11,0,0,0,0,13,6,500,0,0
1409,L,0,5,12,0,0,0,0.0000,0.0000,0.0000,0.0000,0,0,11,0,0,0,0,13,6,500,0,0
1410,L,0,5,12,0,0,0,0.0000,0.0000,0.0000,0.0000,0,0,11,0,0,0,0,13,6,500,0,0
1411,L,0,5,12,0,0,0,0.0000,0.0000,0.0000,0.0000,0,0,11,0,0,0,0,13,6,500,0,0
1412,L,0,5,12,0,0,0,0.0000,0.0000,0.0000,0.0000,0,0,11,0,0,0,0,13,6,500,0,0
1413,L,0,5,12,0,0,0,0.0000,0.0000,0.0000,0.0000,0,0,11,0,0,0,0,13,6,500,0,0
1414,L,0,5,12,0,0,0,0.0000,0.0000,0.0000,0.0000,0,0,11,0,0,0,0,13,6,500,0,0
1415,L,0,5,12,0,0,0,0.0000,0.0000,0.0000,0.0000,0,0,11,0,0,0,0,13,6,500,0,0
1416,L,0,5,12,0,0,0,0.0000,0.0000,0.0000,0.0000,0,0,11,0,0,0,0,13,6,500,0,0
1417,L,0,5,12,0,0,0,0.0000,0.0000,0.0000,0.0000,0,0,11,0,0,0,0,13,6,500,0,0
1418,L,0,5,12,0,0,0,0.0000,0.0000,0.0000,0.0000,0,0,11,0,0,0,0,13,6,500,0,0
1419,L,0,5,12,0,0,0,0.0000,0.0000,0.0000,0.0000,0,0,11,0,0,0,0,13,6,500,0,0
1420,L,0,5,12,0,0,0,0.0000,0.0000,0.0000,0.0000,0,0,11,0,0,0,0,13,6,500,0,0
1421,L,0,5,12,0,0,0,0.0000,0.0000,0.0000,0.0000,0,0,11,0,0,0,0,13,6,500,0,0
1422,L,0,5,12,0,0,0,0.0000,0.0000,0.0000,0.0000,0,0,11,0,0,0,0,13,6,500,0,0
1423,L,0,5,12,0,0,0,0.0000,0.0000,0.0000,0.0000,0,0,11,0,0,0,0,13,6,500,0,0
1424,L,0,5,12,0,0,0,0.0000,0.0000,0.0000,0.0000,0,0,11,0,0,0,0,13,6,500,0,0
1425,L,0,5,12,0,0,0,0.0000,0.0000,0.0000,0.0000,0,0,11,0,0,0,0,13,6,500,0,0
1426,L,0,5,12,0,0,0,0.0000,0.0000,0.0000,0.0000,0,0,11,0,0,0,0,13,6,500,0,0
1427,L,0,5,12,0,0,0,0.0000,0.0000,0.0000,0.0000,0,0,11,0,0,0,0,13,6,500,0,0
1428,L,0,5,12,0,0,0,0.0000,0.0000,0.0000,0.0000,0,0,11,0,0,0,0,13,6,500,0,0
1429,L,0,5,12,0,0,0,0.0000,0.0000,0.0000,0.0000,0,0,11,0,0,0,0,13,6,500,0,0
1430,L,0,5,12,0,0,0,0.0000,0.0000,0.0000,0.0000,0,0,11,0,0,0,0,13,6,500,0,0
1431,L,0,5,12,0,0,0,0.0000,0.0000,0.0000,0.0000,0,0,11,0,0,0,0,13,6,500,0,0
1432,L,0,5,12,0,0,0,0.0000,0.0000,0.0000,0.0000,0,0,11,0,0,0,0,13,6,500,0,0
1433,L,0,5,12,0,0,0,0.0000,0.0000,0.0000,0.0000,0,0,11,0,0,0,0,13,6,500,0,0
1434,L,0,5,12,0,0,0,0.0000,0.0000,0.0000,0.0000,0,0,11,0,0,0,0,13,6,500,0,0
1435,L,0,5,12,0,0,0,0.0000,0.0000,0.0000,0.0000,0,0,11,0,0,0,0,13,6,500,0,0
1436,L,0,5,12,0,0,0,0.0000,0.0000,0.0000,0.0000,0,0,11,0,0,0,0,13,6,500,0,0
1437,L,0,5,12,0,0,0,0.0000,0.0000,0.0000,0.0000,0,0,11,0,0,0,0,13,6,500,0,0
1438,L,0,5,12,0,0,0,0.0000,0.0000,0.0000,0.0000,0,0,11,0,0,0,0,13,6,500,0,0
1439,L,0,5,12,0,0,0,0.0000,0.0000,0.0000,0.0000,0,0,11,0,0,0,0,13,6,500,0,0
1440,L,0,5,12,0,0,0,0.0000,0.0000,0.0000,0.0000,0,0,11,0,0,0,0,13,6,500,0,0
1441,L,0,5,12,0,0,0,0.0000,0.0000,0.0000,0.0000,0,0,11,0,0,0,0,13,6,500,0,0
1442,L,0,5,12,0,0,0,0.0000,0.0000,0.0000,0.0000,0,0,11,0,0,0,0,13,6,500,0,0
1443,L,0,5,12,0,0,0,0.0000,0.0000,0.0000,0.0000,0,0,11,0,0,0,0,13,6,500,0,0
1444,L,0,5,12,0,0,0,0.0000,0.0000,0.0000,0.0000,0,0,11,0,0,0,0,13,6,500,0,0
1445,L,0,5,12,0,0,0,0.0000,0.0000,0.0000,0.0000,0,0,11,0,0,0,0,13,6,500,0,0
1446,L,0,5,12,0,0,0,0.0000,0.0000,0.0000,0.0000,0,0,11,0,0,0,0,13,6,500,0,0
1447,L,0,5,12,0,0,0,0.0000,0.0000,0.0000,0.0000,0,0,11,0,0,0,0,13,6,500,0,0
1448,L,0,5,12,0,0,0,0.0000,0.0000,0.0000,0.0000,0,0,11,0,0,0,0,13,6,500,0,0
1449,L,0,5,12,0,0,0,0.0000,0.0000,0.0000,0.0000,0,0,11,0,0,0,0,13,6,500,0,0
1450,L,0,5,12,0,0,0,0.0000,0.0000,0.0000,0.0000,0,0,11,0,0,0,0,13,6,500,0,0
1451,L,0,5,12,0,0,0,0.0000,0.0000,0.0000,0.0000,0,0,11,0,0,0,0,13,6,500,0,0
1452,L,0,5,12,0,0,0,0.0000,0.0000,0.0000,0.0000,0,0,11,0,0,0,0,13,6,500,0,0
1453,L,0,5,12,0,0,0,0.0000,0.0000,0.0000,0.0000,0,0,11,0,0,0,0,13,6,500,0,0
1454,L,0,5,12,0,0,0,0.0000,0.0000,0.0000,0.0000,0,0,11,0,0,0,0,13,6,500,0,0
1455,L,0,5,12,0,0,0,0.0000,0.0000,0.0000,0.0000,0,0,11,0,0,0,0,13,6,500,0,0
1456,L,0,5,12,0,0,0,0.0000,0.0000,0.0000,0.0000,0,0,11,0,0,0,0,13,6,500,0,0
1457,L,0,5,12,0,0,0,0.0000,0.0000,0.0000,0.0000,0,0,11,0,0,0,0,13,6,500,0,0
1458,L,0,5,12,0,0,0,0.0000,0.0000,0.0000,0.0000,0,0,11,0,0,0,0,13,6,500,0,0
1459,L,0,5,12,0,0,0,0.0000,0.0000,0.0000,0.0000,0,0,11,0,0,0,0,13,6,500,0,0
1460,L,0,5,12,0,0,0,0.0000,0.0000,0.0000,0.0000,0,0,11,0,0,0,0,13,6,500,0,0
1461,L,0,5,12,0,0,0,0.0000,0.0000,0.0000,0.0000,0,0,11,0,0,0,0,13,6,500,0,0
1462,L,0,5,12,0,0,0,0.0000,0.0000,0.0000,0.0000,0,0,11,0,0,0,0,13,6,500,0,0
1463,L,0,5,12,0,0,0,0.0000,0.0000,0.0000,0.0000,0,0,11,0,0,0,0,13,6,500,0,0
1464,L,0,5,12,0,0,0,0.0000,0.0000,0.0000,0.0000,0,0,11,0,0,0,0,13,6,500,0,0
1465,L,0,5,12,0,0,0,0.0000,0.0000,0.0000,0.0000,0,0,11,0,0,0,0,13,6,500,0,0
1466,L,0,5,12,0,0,0,0.0000,0.0000,0.0000,0.0000,0,0,11,0,0,0,0,13,6,500,0,0
1467,L,0,5,12,0,0,0,0.0000,0.0000,0.0000,0.0000,0,0,11,0,0,0,0,13,6,500,0,0
1468,L,0,5,12,0,0,0,0.0000,0.0000,0.0000,0.0000,0,0,11,0,0,0,0,13,6,500,0,0
1469,L,0,5,12,0,0,0,0.0000,0.0000,0.0000,0.0000,0,0,11,0,0,0,0,13,6,500,0,0
1470,L,0,5,12,0,0,0,0.0000,0.0000,0.0000,0.0000,0,0,11,0,0,0,0,13,6,500,0,0
1471,L,0,5,12,0,0,0,0.0000,0.0000,0.0000,0.0000,0,0,11,0,0,0,0,13,6,500,0,0
1472,L,0,5,12,0,0,0,0.0000,0.0000,0.0000,0.0000,0,0,11,0,0,0,0,13,6,500,0,0
1473,L,0,5,12,0,0,0,0.0000,0.0000,0.0000,0.0000,0,0,11,0,0,0,0,13,6,500,0,0
1474,L,0,5,12,0,0,0,0.0000,0.0000,0.0000,0.0000,0,0,11,0,0,0,0,13,6,500,0,0
1475,L,0,5,12,0,0,0,0.0000,0.0000,0.0000,0.0000,0,0,11,0,0,0,0,13,6,500,0,0
1476,L,0,5,12,0,0,0,0.0000,0.0000,0.0000,0.0000,0,0,11,0,0,0,0,13,6,500,0,0
1477,L,0,5,12,0,0,0,0.0000,0.0000,0.0000,0.0000,0,0,11,0,0,0,0,13,6,500,0,0
1478,L,0,5,12,0,0,0,0.0000,0.0000,0.0000,0.0000,0,0,11,0,0,0,0,13,6,500,0,0
1479,L,0,5,12,0,0,0,0.0000,0.0000,0.0000,0.0000,0,0,11,0,0,0,0,13,6,500,0,0
1480,L,0,5,12,0,0,0,0.0000,0.0000,0.0000,0.0000,0,0,11,0,0,0,0,13,6,500,0,0
1481,L,0,5,12,0,0,0,0.0000,0.0000,0.0000,0.0000,0,0,11,0,0,0,0,13,6,500,0,0
1482,L,0,5,12,0,0,0,0.0000,0.0000,0.0000,0.0000,0,0,11,0,0,0,0,13,6,500,0,0
1483,L,0,5,12,0,0,0,0.0000,0.0000,0.0000,0.0000,0,0,11,0,0,0,0,13,6,500,0,0
1484,L,0,5,12,0,0,0,0.0000,0.0000,0.0000,0.0000,0,0,11,0,0,0,0,13,6,500,0,0
1485,L,0,5,12,0,0,0,0.0000,0.0000,0.0000,0.0000,0,0,11,0,0,0,0,13,6,500,0,0
1486,L,0,5,12,0,0,0,0.0000,0.0000,0.0000,0.0000,0,0,11,0,0,0,0,13,6,500,0,0
1487,L,0,5,12,0,0,0,0.0000,0.0000,0.0000,0.0000,0,0,11,0,0,0,0,13,6,500,0,0
1488,L,0,5,12,0,0,0,0.0000,0.0000,0.0000,0.0000,0,0,11,0,0,0,0,13,6,500,0,0
1489,L,0,5,12,0,0,0,0.0000,0.0000,0.0000,0.0000,0,0,11,0,0,0,0,13,6,500,0,0
1490,L,0,5,12,0,0,0,0.0000,0.0000,0.0000,0.0000,0,0,11,0,0,0,0,13,6,500,0,0
1491,L,0,5,12,0,0,0,0.0000,0.0000,0.0000,0.0000,0,0,11,0,0,0,0,13,6,500,0,0
1492,L,0,5,12,0,0,0,0.0000,0.0000,0.0000,0.0000,0,0,11,0,0,0,0,13,6,500,0,0
1493,L,0,5,12,0,0,0,0.0000,0.0000,0.0000,0.0000,0,0,11,0,0,0,0,13,6,500,0,0
1494,L,0,5,12,0,0,0,0.0000,0.0000,0.0000,0.0000,0,0,11,0,0,0,0,13,6,500,0,0
1495,L,0,5,12,0,0,0,0.0000,0.0000,0.0000,0.0000,0,0,11,0,0,0,0,13,6,500,0,0
1496,L,0,5,12,0,0,0,0.0000,0.0000,0.0000,0.0000,0,0,11,0,0,0,0,13,6,500,0,0
1497,L,0,5,12,0,0,0,0.0000,0.0000,0.0000,0.0000,0,0,11,0,0,0,0,13,6,500,0,0
1498,L,0,5,12,0,0,0,0.0000,0.0000,0.0000,0.0000,0,0,11,0,0,0,0,13,6,500,0,0
1499,L,0,5,12,0,0,0,0.0000,0.0000,0.0000,0.0000,0,0,11,0,0,0,0,13,6,500,0,0
1500,L,0,5,12,0,0,0,0.0000,0.0000,0.0000,0.0000,0,0,11,0,0,0,0,13,6,500,0,0
