sol,age,pop,births,deaths,pairs,friend_pairs,close_pairs,web,second,lonely,friends_mean,lines,grief,lines_cum,capped_cum,dropped_cum,stale_cum,pending,formed_cum,close_cum,log_size,zero_adults,adults
1,L,7,0,0,21,21,0,1.0000,0.0000,0.0000,6.0000,0,0,0,0,0,0,0,0,0,3,0,7
2,L,7,0,0,21,21,0,1.0000,0.0000,0.0000,6.0000,0,0,0,0,0,0,0,0,0,6,0,7
3,L,7,0,0,21,21,0,1.0000,0.0000,0.0000,6.0000,0,0,0,0,0,0,0,0,0,7,0,7
4,L,7,0,0,21,21,0,1.0000,0.0000,0.0000,6.0000,0,0,0,0,0,0,0,0,0,8,0,7
5,L,7,0,0,21,21,0,1.0000,0.0000,0.0000,6.0000,0,0,0,0,0,0,0,0,0,9,0,7
6,L,7,0,0,21,21,0,1.0000,0.0000,0.0000,6.0000,0,0,0,0,0,0,0,0,0,11,0,7
7,L,7,0,0,21,21,0,1.0000,0.0000,0.0000,6.0000,0,0,0,0,0,0,0,0,0,13,0,7
8,L,7,0,0,21,21,0,1.0000,0.0000,0.0000,6.0000,0,0,0,0,0,0,0,0,0,14,0,7
9,L,7,0,0,21,21,0,1.0000,0.0000,0.0000,6.0000,0,0,0,0,0,0,0,0,0,15,0,7
10,L,7,0,0,21,21,0,1.0000,0.0000,0.0000,6.0000,0,0,0,0,0,0,0,0,0,16,0,7
11,L,7,0,0,21,21,0,1.0000,0.0000,0.0000,6.0000,0,0,0,0,0,0,0,0,0,17,0,7
12,L,7,0,0,21,21,0,1.0000,0.0000,0.0000,6.0000,0,0,0,0,0,0,0,0,0,19,0,7
13,L,7,0,0,21,21,0,1.0000,0.0000,0.0000,6.0000,0,0,0,0,0,0,0,0,0,21,0,7
14,L,7,0,0,21,21,0,1.0000,0.0000,0.0000,6.0000,0,0,0,0,0,0,0,0,0,22,0,7
15,L,7,0,0,21,21,0,1.0000,0.0000,0.0000,6.0000,0,0,0,0,0,0,0,0,0,24,0,7
16,L,7,0,0,21,21,0,1.0000,0.0000,0.0000,6.0000,0,0,0,0,0,0,0,0,0,25,0,7
17,L,7,0,0,21,21,0,1.0000,0.0000,0.0000,6.0000,0,0,0,0,0,0,0,0,0,25,0,7
18,L,7,0,0,21,21,0,1.0000,0.0000,0.0000,6.0000,0,0,0,0,0,0,0,0,0,27,0,7
19,L,7,0,0,21,21,0,1.0000,0.0000,0.0000,6.0000,0,0,0,0,0,0,0,0,0,29,0,7
20,L,7,0,0,21,21,0,1.0000,0.0000,0.0000,6.0000,0,0,0,0,0,0,0,0,0,30,0,7
21,L,7,0,0,21,21,0,1.0000,0.0000,0.0000,6.0000,0,0,0,0,0,0,0,0,0,30,0,7
22,L,7,0,0,21,20,0,1.0000,0.0000,0.0000,5.7143,1,0,1,0,0,0,0,0,0,33,0,7
23,L,7,0,0,21,20,0,1.0000,0.0000,0.0000,5.7143,0,0,1,0,0,0,0,0,0,34,0,7
24,L,7,0,0,21,20,0,1.0000,0.0000,0.0000,5.7143,0,0,1,0,0,0,0,0,0,36,0,7
25,L,7,0,0,21,20,0,1.0000,0.0000,0.0000,5.7143,0,0,1,0,0,0,0,0,0,36,0,7
26,L,7,0,0,21,20,0,1.0000,0.0000,0.0000,5.7143,0,0,1,0,0,0,0,0,0,37,0,7
27,L,7,0,0,21,19,0,1.0000,0.0000,0.0000,5.4286,1,0,2,0,0,0,0,0,0,40,0,7
28,L,7,0,0,21,19,0,1.0000,0.0000,0.0000,5.4286,0,0,2,0,0,0,0,0,0,41,0,7
29,L,7,0,0,21,19,0,1.0000,0.0000,0.0000,5.4286,0,0,2,0,0,0,0,0,0,41,0,7
30,L,7,0,0,21,18,0,1.0000,0.0000,0.0000,5.1429,0,0,2,0,0,0,0,0,0,41,0,7
31,L,7,0,0,21,17,0,1.0000,0.0000,0.0000,4.8571,1,0,3,0,0,0,0,0,0,43,0,7
32,L,7,0,0,21,13,0,1.0000,0.0000,0.0000,3.7143,0,0,3,0,0,0,0,0,0,44,0,7
33,L,7,0,0,21,13,0,1.0000,0.0000,0.0000,3.7143,0,0,3,0,0,0,0,0,0,45,0,7
34,L,7,0,0,21,12,1,1.0000,0.0000,0.0000,3.4286,1,0,4,0,0,0,0,0,1,46,0,7
35,L,7,0,0,21,12,1,1.0000,0.0000,0.0000,3.4286,0,0,4,0,0,0,0,0,1,47,0,7
36,L,7,0,0,21,12,1,1.0000,0.0000,0.0000,3.4286,0,0,4,0,0,0,0,0,1,48,0,7
37,L,7,0,0,21,11,1,1.0000,0.0000,0.0000,3.1429,0,0,4,0,0,0,0,0,1,49,0,7
38,L,7,0,0,21,11,1,1.0000,0.0000,0.0000,3.1429,0,0,4,0,0,0,0,0,1,50,0,7
39,L,7,0,0,21,11,1,1.0000,0.0000,0.0000,3.1429,0,0,4,0,0,0,0,0,1,51,0,7
40,L,7,0,0,21,11,1,1.0000,0.0000,0.0000,3.1429,0,0,4,0,0,0,0,0,1,52,0,7
41,L,7,0,0,21,11,1,1.0000,0.0000,0.0000,3.1429,0,0,4,0,0,0,0,0,1,52,0,7
42,L,7,0,0,21,10,1,0.8571,0.0000,0.1429,2.8571,0,0,4,0,0,0,0,0,1,53,1,7
43,L,7,0,0,21,10,1,0.8571,0.0000,0.1429,2.8571,0,0,4,0,0,0,0,0,1,54,1,7
44,L,7,0,0,21,10,1,0.8571,0.0000,0.1429,2.8571,0,0,4,0,0,0,0,0,1,54,1,7
45,L,7,0,0,19,10,1,0.8571,0.0000,0.1429,2.8571,0,0,4,0,0,0,0,0,1,54,1,7
46,L,7,0,0,18,10,1,0.8571,0.0000,0.1429,2.8571,0,0,4,0,0,0,0,0,1,57,1,7
47,L,7,0,0,18,9,1,0.8571,0.0000,0.1429,2.5714,0,0,4,0,0,0,0,0,1,60,1,7
48,L,7,0,0,19,9,1,0.8571,0.0000,0.1429,2.5714,0,0,4,0,0,0,0,0,1,61,1,7
49,L,7,0,0,19,9,1,0.8571,0.0000,0.1429,2.5714,0,0,4,0,0,0,0,0,1,62,1,7
50,L,7,0,0,19,9,1,0.8571,0.0000,0.1429,2.5714,0,0,4,0,0,0,0,0,1,63,1,7
51,L,7,0,0,19,8,1,0.8571,0.0000,0.1429,2.2857,0,0,4,0,0,0,0,0,1,64,1,7
52,L,7,0,0,19,8,1,0.8571,0.0000,0.1429,2.2857,0,0,4,0,0,0,0,0,1,65,1,7
53,L,7,0,0,18,8,1,0.8571,0.0000,0.1429,2.2857,0,0,4,0,0,0,0,0,1,66,1,7
54,L,7,0,0,18,8,1,0.8571,0.0000,0.1429,2.2857,0,0,4,0,0,0,0,0,1,67,1,7
55,L,7,0,0,18,8,1,0.8571,0.0000,0.1429,2.2857,0,0,4,0,0,0,0,0,1,69,1,7
56,L,7,0,0,18,8,1,0.8571,0.0000,0.1429,2.2857,0,0,4,0,0,0,0,0,1,70,1,7
57,L,7,0,0,19,8,1,0.8571,0.0000,0.1429,2.2857,0,0,4,0,0,0,0,0,1,71,1,7
58,L,7,0,0,19,8,1,0.8571,0.0000,0.1429,2.2857,0,0,4,0,0,0,0,0,1,73,1,7
59,L,7,0,0,19,8,1,0.8571,0.0000,0.1429,2.2857,0,0,4,0,0,0,0,0,1,76,1,7
60,L,7,0,0,19,8,1,0.8571,0.0000,0.1429,2.2857,0,0,4,0,0,0,0,0,1,77,1,7
61,L,7,0,0,19,8,1,0.8571,0.0000,0.1429,2.2857,0,0,4,0,0,0,0,0,1,78,1,7
62,L,7,0,0,19,8,1,0.8571,0.0000,0.1429,2.2857,0,0,4,0,0,0,0,0,1,79,1,7
63,L,7,0,0,19,8,1,0.8571,0.0000,0.1429,2.2857,0,0,4,0,0,0,0,0,1,81,1,7
64,L,7,0,0,21,8,1,0.8571,0.0000,0.1429,2.2857,0,0,4,0,0,0,0,0,1,82,1,7
65,L,7,0,0,20,8,1,0.8571,0.0000,0.1429,2.2857,0,0,4,0,0,0,0,0,1,83,1,7
66,L,7,0,0,20,8,1,0.8571,0.0000,0.1429,2.2857,0,0,4,0,0,0,0,0,1,84,1,7
67,L,7,0,0,19,8,1,0.8571,0.0000,0.1429,2.2857,0,0,4,0,0,0,0,0,1,85,1,7
68,L,7,0,0,20,8,1,0.8571,0.0000,0.1429,2.2857,0,0,4,0,0,0,0,0,1,86,1,7
69,L,7,0,0,18,8,1,0.8571,0.0000,0.1429,2.2857,0,0,4,0,0,0,0,0,1,87,1,7
70,L,7,0,0,17,8,1,0.8571,0.0000,0.1429,2.2857,0,0,4,0,0,0,0,0,1,88,1,7
71,L,7,0,0,17,8,1,0.8571,0.0000,0.1429,2.2857,0,0,4,0,0,0,0,0,1,89,1,7
72,L,7,0,0,18,8,1,0.8571,0.0000,0.1429,2.2857,0,0,4,0,0,0,0,0,1,90,1,7
73,L,7,0,0,16,8,1,0.8571,0.0000,0.1429,2.2857,0,0,4,0,0,0,0,0,1,91,1,7
74,L,7,0,0,16,8,1,0.8571,0.0000,0.1429,2.2857,0,0,4,0,0,0,0,0,1,92,1,7
75,L,7,0,0,16,7,1,0.7143,0.0000,0.2857,2.0000,0,0,4,0,0,0,0,0,1,94,2,7
76,L,7,0,0,17,7,1,0.7143,0.0000,0.2857,2.0000,0,0,4,0,0,0,0,0,1,95,2,7
77,L,7,0,0,15,7,1,0.7143,0.0000,0.2857,2.0000,0,0,4,0,0,0,0,0,1,96,2,7
78,L,7,0,0,16,6,1,0.7143,0.0000,0.2857,1.7143,0,0,4,0,0,0,0,0,1,97,2,7
79,L,7,0,0,18,6,1,0.7143,0.0000,0.2857,1.7143,0,0,4,0,0,0,0,0,1,98,2,7
80,L,7,0,0,19,6,1,0.7143,0.0000,0.2857,1.7143,0,0,4,0,0,0,0,0,1,100,2,7
81,L,7,0,0,16,6,1,0.7143,0.0000,0.2857,1.7143,0,0,4,0,0,0,0,0,1,101,2,7
82,L,7,0,0,17,6,1,0.7143,0.0000,0.2857,1.7143,0,0,4,0,0,0,0,0,1,101,2,7
83,L,7,0,0,12,6,1,0.7143,0.0000,0.2857,1.7143,0,0,4,0,0,0,0,0,1,102,2,7
84,L,7,0,0,13,6,1,0.7143,0.0000,0.2857,1.7143,0,0,4,0,0,0,0,0,1,103,2,7
85,L,7,0,0,15,6,1,0.7143,0.0000,0.2857,1.7143,0,0,4,0,0,0,0,0,1,105,2,7
86,L,7,0,0,14,6,1,0.7143,0.0000,0.2857,1.7143,0,0,4,0,0,0,0,0,1,106,2,7
87,L,7,0,0,13,6,1,0.7143,0.0000,0.2857,1.7143,0,0,4,0,0,0,0,0,1,106,2,7
88,L,7,0,0,12,6,1,0.7143,0.0000,0.2857,1.7143,0,0,4,0,0,0,0,0,1,107,2,7
89,L,7,0,0,13,6,1,0.7143,0.0000,0.2857,1.7143,0,0,4,0,0,0,0,0,1,109,2,7
90,L,7,0,0,15,6,1,0.7143,0.0000,0.2857,1.7143,0,0,4,0,0,0,0,0,1,111,2,7
91,L,7,0,0,14,6,1,0.7143,0.0000,0.2857,1.7143,0,0,4,0,0,0,0,0,1,113,2,7
92,L,7,0,0,13,6,1,0.7143,0.0000,0.2857,1.7143,0,0,4,0,0,0,0,0,1,116,2,7
93,L,7,0,0,12,6,1,0.7143,0.0000,0.2857,1.7143,0,0,4,0,0,0,0,0,1,117,2,7
94,L,7,0,0,14,6,1,0.7143,0.0000,0.2857,1.7143,0,0,4,0,0,0,0,0,1,118,2,7
95,L,7,0,0,13,6,1,0.7143,0.0000,0.2857,1.7143,0,0,4,0,0,0,0,0,1,119,2,7
96,L,7,0,0,15,6,1,0.7143,0.0000,0.2857,1.7143,0,0,4,0,0,0,0,0,1,120,2,7
97,L,7,0,0,12,6,1,0.7143,0.0000,0.2857,1.7143,0,0,4,0,0,0,0,0,1,121,2,7
98,L,7,0,0,12,6,1,0.7143,0.0000,0.2857,1.7143,0,0,4,0,0,0,0,0,1,122,2,7
99,L,7,0,0,14,6,1,0.7143,0.0000,0.2857,1.7143,0,0,4,0,0,0,0,0,1,123,2,7
100,L,7,0,0,13,5,1,0.7143,0.0000,0.2857,1.4286,0,0,4,0,0,0,0,0,1,124,2,7
101,L,7,0,0,14,5,1,0.7143,0.0000,0.2857,1.4286,0,0,4,0,0,0,0,0,1,125,2,7
102,L,7,0,0,13,5,1,0.7143,0.0000,0.2857,1.4286,0,0,4,0,0,0,0,0,1,126,2,7
103,L,7,0,0,10,5,1,0.7143,0.0000,0.2857,1.4286,0,0,4,0,0,0,0,0,1,128,2,7
104,L,7,0,0,9,5,1,0.7143,0.0000,0.2857,1.4286,0,0,4,0,0,0,0,0,1,129,2,7
105,L,7,0,0,10,5,1,0.7143,0.0000,0.2857,1.4286,0,0,4,0,0,0,0,0,1,130,2,7
106,L,7,0,0,10,5,1,0.7143,0.0000,0.2857,1.4286,0,0,4,0,0,0,0,0,1,131,2,7
107,L,7,0,0,8,5,1,0.7143,0.0000,0.2857,1.4286,0,0,4,0,0,0,0,0,1,132,2,7
108,L,7,0,0,10,5,1,0.7143,0.0000,0.2857,1.4286,0,0,4,0,0,0,0,0,1,133,2,7
109,L,7,0,0,12,5,1,0.7143,0.0000,0.2857,1.4286,0,0,4,0,0,0,0,0,1,134,2,7
110,L,7,0,0,13,5,1,0.7143,0.0000,0.2857,1.4286,0,0,4,0,0,0,0,0,1,135,2,7
111,L,7,0,0,12,5,1,0.7143,0.0000,0.2857,1.4286,0,0,4,0,0,0,0,0,1,137,2,7
112,L,7,0,0,12,5,1,0.7143,0.0000,0.2857,1.4286,0,0,4,0,0,0,0,0,1,139,2,7
113,L,7,0,0,14,5,1,0.7143,0.0000,0.2857,1.4286,0,0,4,0,0,0,0,0,1,140,2,7
114,L,7,0,0,16,5,1,0.7143,0.0000,0.2857,1.4286,0,0,4,0,0,0,0,0,1,141,2,7
115,L,7,0,0,15,5,1,0.7143,0.0000,0.2857,1.4286,0,0,4,0,0,0,0,0,1,142,2,7
116,L,7,0,0,14,5,1,0.7143,0.0000,0.2857,1.4286,0,0,4,0,0,0,0,0,1,142,2,7
117,L,7,0,0,12,5,1,0.7143,0.0000,0.2857,1.4286,0,0,4,0,0,0,0,0,1,144,2,7
118,L,7,0,0,11,5,1,0.7143,0.0000,0.2857,1.4286,0,0,4,0,0,0,0,0,1,146,2,7
119,L,7,0,0,12,5,1,0.7143,0.0000,0.2857,1.4286,0,0,4,0,0,0,0,0,1,148,2,7
120,L,7,0,0,11,4,1,0.5714,0.0000,0.4286,1.1429,0,0,4,0,0,0,0,0,1,148,3,7
121,L,7,0,0,10,4,1,0.5714,0.0000,0.4286,1.1429,0,0,4,0,0,0,0,0,1,148,3,7
122,L,7,0,0,10,4,1,0.5714,0.0000,0.4286,1.1429,0,0,4,0,0,0,0,0,1,149,3,7
123,L,7,0,0,12,4,1,0.5714,0.0000,0.4286,1.1429,0,0,4,0,0,0,0,0,1,149,3,7
124,L,7,0,0,14,4,1,0.5714,0.0000,0.4286,1.1429,0,0,4,0,0,0,0,0,1,150,3,7
125,L,7,0,0,11,3,1,0.4286,0.0000,0.5714,0.8571,0,0,4,0,0,0,0,0,1,151,4,7
126,L,7,0,0,16,3,1,0.4286,0.0000,0.5714,0.8571,0,0,4,0,0,0,0,0,1,152,4,7
127,L,7,0,0,14,3,1,0.4286,0.0000,0.5714,0.8571,0,0,4,0,0,0,0,0,1,152,4,7
128,L,7,0,0,11,3,1,0.4286,0.0000,0.5714,0.8571,0,0,4,0,0,0,0,0,1,154,4,7
129,L,7,0,0,13,3,1,0.4286,0.0000,0.5714,0.8571,0,0,4,0,0,0,0,0,1,155,4,7
130,L,7,0,0,13,3,1,0.4286,0.0000,0.5714,0.8571,0,0,4,0,0,0,0,0,1,156,4,7
131,L,7,0,0,12,3,1,0.4286,0.0000,0.5714,0.8571,0,0,4,0,0,0,0,0,1,157,4,7
132,L,7,0,0,10,3,1,0.4286,0.0000,0.5714,0.8571,0,0,4,0,0,0,0,0,1,158,4,7
133,L,7,0,0,9,3,1,0.4286,0.0000,0.5714,0.8571,0,0,4,0,0,0,0,0,1,160,4,7
134,L,7,0,0,8,3,1,0.4286,0.0000,0.5714,0.8571,0,0,4,0,0,0,0,0,1,161,4,7
135,L,7,0,0,7,4,1,0.5714,0.0000,0.4286,1.1429,0,0,4,0,0,0,0,0,1,163,3,7
136,L,7,0,0,8,4,1,0.5714,0.0000,0.4286,1.1429,0,0,4,0,0,0,0,0,1,164,3,7
137,L,7,0,0,8,3,1,0.5714,0.0000,0.4286,0.8571,0,0,4,0,0,0,0,0,1,165,3,7
138,L,7,0,0,6,3,1,0.5714,0.0000,0.4286,0.8571,0,0,4,0,0,0,0,0,1,167,3,7
139,L,7,0,0,12,3,1,0.5714,0.0000,0.4286,0.8571,0,0,4,0,0,0,0,0,1,168,3,7
140,L,7,0,0,13,3,1,0.5714,0.0000,0.4286,0.8571,0,0,4,0,0,0,0,0,1,169,3,7
141,L,7,0,0,12,3,1,0.5714,0.0000,0.4286,0.8571,0,0,4,0,0,0,0,0,1,170,3,7
142,L,7,0,0,12,3,1,0.5714,0.0000,0.4286,0.8571,0,0,4,0,0,0,0,0,1,172,3,7
143,L,7,0,0,10,3,1,0.5714,0.0000,0.4286,0.8571,0,0,4,0,0,0,0,0,1,172,3,7
144,L,7,0,0,12,3,1,0.5714,0.0000,0.4286,0.8571,0,0,4,0,0,0,0,0,1,173,3,7
145,L,7,0,0,10,3,1,0.5714,0.0000,0.4286,0.8571,0,0,4,0,0,0,0,0,1,174,3,7
146,L,7,0,0,10,2,1,0.4286,0.0000,0.5714,0.5714,0,0,4,0,0,0,0,0,1,175,4,7
147,L,7,0,0,10,2,1,0.4286,0.0000,0.5714,0.5714,0,0,4,0,0,0,0,0,1,176,4,7
148,L,7,0,0,11,2,1,0.4286,0.0000,0.5714,0.5714,0,0,4,0,0,0,0,0,1,177,4,7
149,L,7,0,0,12,2,1,0.4286,0.0000,0.5714,0.5714,0,0,4,0,0,0,0,0,1,178,4,7
150,L,7,0,0,12,2,1,0.4286,0.0000,0.5714,0.5714,0,0,4,0,0,0,0,0,1,179,4,7
151,L,7,0,0,16,2,1,0.4286,0.0000,0.5714,0.5714,0,0,4,0,0,0,0,0,1,182,4,7
152,L,7,0,0,17,2,1,0.4286,0.0000,0.5714,0.5714,0,0,4,0,0,0,0,0,1,182,4,7
153,L,7,0,0,15,2,1,0.4286,0.0000,0.5714,0.5714,0,0,4,0,0,0,0,0,1,182,4,7
154,L,7,0,0,14,2,1,0.4286,0.0000,0.5714,0.5714,0,0,4,0,0,0,0,0,1,183,4,7
155,L,7,0,0,15,2,1,0.4286,0.0000,0.5714,0.5714,0,0,4,0,0,0,0,0,1,184,4,7
156,L,7,0,0,14,2,1,0.4286,0.0000,0.5714,0.5714,0,0,4,0,0,0,0,0,1,184,4,7
157,L,7,0,0,13,2,1,0.4286,0.0000,0.5714,0.5714,0,0,4,0,0,0,0,0,1,185,4,7
158,L,7,0,0,13,2,1,0.4286,0.0000,0.5714,0.5714,0,0,4,0,0,0,0,0,1,185,4,7
159,L,7,0,0,14,2,1,0.4286,0.0000,0.5714,0.5714,0,0,4,0,0,0,0,0,1,186,4,7
160,L,7,0,0,13,2,1,0.4286,0.0000,0.5714,0.5714,0,0,4,0,0,0,0,0,1,187,4,7
161,L,7,0,0,11,2,1,0.4286,0.0000,0.5714,0.5714,0,0,4,0,0,0,0,0,1,188,4,7
162,L,7,0,0,13,2,1,0.4286,0.0000,0.5714,0.5714,0,0,4,0,0,0,0,0,1,189,4,7
163,L,7,0,0,16,2,1,0.4286,0.0000,0.5714,0.5714,0,0,4,0,0,0,0,0,1,190,4,7
164,L,7,0,0,11,2,1,0.4286,0.0000,0.5714,0.5714,0,0,4,0,0,0,0,0,1,191,4,7
165,L,7,0,0,11,2,1,0.4286,0.0000,0.5714,0.5714,0,0,4,0,0,0,0,0,1,193,4,7
166,L,7,0,0,8,2,1,0.4286,0.0000,0.5714,0.5714,0,0,4,0,0,0,0,0,1,194,4,7
167,L,7,0,0,7,1,1,0.2857,0.0000,0.7143,0.2857,0,0,4,0,0,0,0,0,1,195,5,7
168,L,7,0,0,8,1,1,0.2857,0.0000,0.7143,0.2857,0,0,4,0,0,0,0,0,1,196,5,7
169,L,7,0,0,7,1,1,0.2857,0.0000,0.7143,0.2857,0,0,4,0,0,0,0,0,1,197,5,7
170,L,7,0,0,6,1,1,0.2857,0.0000,0.7143,0.2857,0,0,4,0,0,0,0,0,1,198,5,7
171,L,7,0,0,7,1,1,0.2857,0.0000,0.7143,0.2857,0,0,4,0,0,0,0,0,1,199,5,7
172,L,7,0,0,9,1,1,0.2857,0.0000,0.7143,0.2857,0,0,4,0,0,0,0,0,1,200,5,7
173,L,7,0,0,8,1,1,0.2857,0.0000,0.7143,0.2857,0,0,4,0,0,0,0,0,1,202,5,7
174,L,7,0,0,9,1,1,0.2857,0.0000,0.7143,0.2857,0,0,4,0,0,0,0,0,1,203,5,7
175,L,7,0,0,7,1,1,0.2857,0.0000,0.7143,0.2857,0,0,4,0,0,0,0,0,1,204,5,7
176,L,7,0,0,8,1,1,0.2857,0.0000,0.7143,0.2857,0,0,4,0,0,0,0,0,1,205,5,7
177,L,7,0,0,7,1,1,0.2857,0.0000,0.7143,0.2857,0,0,4,0,0,0,0,0,1,207,5,7
178,L,7,0,0,8,1,1,0.2857,0.0000,0.7143,0.2857,0,0,4,0,0,0,0,0,1,208,5,7
179,L,7,0,0,8,1,1,0.2857,0.0000,0.7143,0.2857,0,0,4,0,0,0,0,0,1,209,5,7
180,L,7,0,0,9,1,1,0.2857,0.0000,0.7143,0.2857,0,0,4,0,0,0,0,0,1,210,5,7
181,L,7,0,0,13,1,1,0.2857,0.0000,0.7143,0.2857,0,0,4,0,0,0,0,0,1,211,5,7
182,L,7,0,0,13,1,1,0.2857,0.0000,0.7143,0.2857,0,0,4,0,0,0,0,0,1,212,5,7
183,L,7,0,0,10,1,1,0.2857,0.0000,0.7143,0.2857,0,0,4,0,0,0,0,0,1,213,5,7
184,L,7,0,0,7,1,1,0.2857,0.0000,0.7143,0.2857,0,0,4,0,0,0,0,0,1,215,5,7
185,L,7,0,0,8,1,1,0.2857,0.0000,0.7143,0.2857,0,0,4,0,0,0,0,0,1,216,5,7
186,L,7,0,0,6,1,1,0.2857,0.0000,0.7143,0.2857,0,0,4,0,0,0,0,0,1,218,5,7
187,L,7,0,0,6,1,1,0.2857,0.0000,0.7143,0.2857,0,0,4,0,0,0,0,0,1,220,5,7
188,L,7,0,0,7,1,1,0.2857,0.0000,0.7143,0.2857,0,0,4,0,0,0,0,0,1,221,5,7
189,L,7,0,0,8,1,1,0.2857,0.0000,0.7143,0.2857,0,0,4,0,0,0,0,0,1,222,5,7
190,L,7,0,0,9,1,1,0.2857,0.0000,0.7143,0.2857,0,0,4,0,0,0,0,0,1,224,5,7
191,L,7,0,0,9,1,1,0.2857,0.0000,0.7143,0.2857,0,0,4,0,0,0,0,0,1,225,5,7
192,L,7,0,0,10,1,1,0.2857,0.0000,0.7143,0.2857,0,0,4,0,0,0,0,0,1,226,5,7
193,L,7,0,0,7,1,1,0.2857,0.0000,0.7143,0.2857,0,0,4,0,0,0,0,0,1,227,5,7
194,L,7,0,0,5,1,1,0.2857,0.0000,0.7143,0.2857,0,0,4,0,0,0,0,0,1,228,5,7
195,L,7,0,0,8,1,1,0.2857,0.0000,0.7143,0.2857,0,0,4,0,0,0,0,0,1,229,5,7
196,L,7,0,0,6,1,1,0.2857,0.0000,0.7143,0.2857,0,0,4,0,0,0,0,0,1,230,5,7
197,L,7,0,0,6,1,1,0.2857,0.0000,0.7143,0.2857,0,0,4,0,0,0,0,0,1,231,5,7
198,L,7,0,0,8,1,1,0.2857,0.0000,0.7143,0.2857,0,0,4,0,0,0,0,0,1,232,5,7
199,L,7,0,0,8,1,1,0.2857,0.0000,0.7143,0.2857,0,0,4,0,0,0,0,0,1,233,5,7
200,L,7,0,0,8,1,1,0.2857,0.0000,0.7143,0.2857,0,0,4,0,0,0,0,0,1,234,5,7
201,L,7,0,0,9,1,1,0.2857,0.0000,0.7143,0.2857,0,0,4,0,0,0,0,0,1,235,5,7
202,L,7,0,0,8,1,1,0.2857,0.0000,0.7143,0.2857,0,0,4,0,0,0,0,0,1,236,5,7
203,L,7,0,0,3,1,1,0.2857,0.0000,0.7143,0.2857,0,0,4,0,0,0,0,0,1,237,5,7
204,L,7,0,0,3,1,1,0.2857,0.0000,0.7143,0.2857,0,0,4,0,0,0,0,0,1,238,5,7
205,L,7,0,0,4,1,1,0.2857,0.0000,0.7143,0.2857,0,0,4,0,0,0,0,0,1,240,5,7
206,L,7,0,0,5,1,1,0.2857,0.0000,0.7143,0.2857,0,0,4,0,0,0,0,0,1,241,5,7
207,L,7,0,0,6,1,1,0.2857,0.0000,0.7143,0.2857,0,0,4,0,0,0,0,0,1,242,5,7
208,L,7,0,0,6,1,1,0.2857,0.0000,0.7143,0.2857,0,0,4,0,0,0,0,0,1,243,5,7
209,L,7,0,0,7,1,1,0.2857,0.0000,0.7143,0.2857,0,0,4,0,0,0,0,0,1,244,5,7
210,L,7,0,0,9,1,1,0.2857,0.0000,0.7143,0.2857,0,0,4,0,0,0,0,0,1,245,5,7
211,L,7,0,0,8,1,1,0.2857,0.0000,0.7143,0.2857,0,0,4,0,0,0,0,0,1,246,5,7
212,L,7,0,0,8,1,1,0.2857,0.0000,0.7143,0.2857,0,0,4,0,0,0,0,0,1,247,5,7
213,L,7,0,0,9,1,1,0.2857,0.0000,0.7143,0.2857,0,0,4,0,0,0,0,0,1,248,5,7
214,L,7,0,0,6,1,1,0.2857,0.0000,0.7143,0.2857,0,0,4,0,0,0,0,0,1,249,5,7
215,L,7,0,0,7,1,1,0.2857,0.0000,0.7143,0.2857,0,0,4,0,0,0,0,0,1,250,5,7
216,L,7,0,0,7,1,1,0.2857,0.0000,0.7143,0.2857,0,0,4,0,0,0,0,0,1,251,5,7
217,L,7,0,0,7,1,1,0.2857,0.0000,0.7143,0.2857,0,0,4,0,0,0,0,0,1,252,5,7
218,L,7,0,0,7,1,1,0.2857,0.0000,0.7143,0.2857,0,0,4,0,0,0,0,0,1,253,5,7
219,L,7,0,0,7,1,1,0.2857,0.0000,0.7143,0.2857,0,0,4,0,0,0,0,0,1,254,5,7
220,L,7,0,0,11,1,1,0.2857,0.0000,0.7143,0.2857,0,0,4,0,0,0,0,0,1,255,5,7
221,L,7,0,0,9,1,1,0.2857,0.0000,0.7143,0.2857,0,0,4,0,0,0,0,0,1,256,5,7
222,L,7,0,0,6,1,1,0.2857,0.0000,0.7143,0.2857,0,0,4,0,0,0,0,0,1,257,5,7
223,L,7,0,0,6,1,1,0.2857,0.0000,0.7143,0.2857,0,0,4,0,0,0,0,0,1,258,5,7
224,L,7,0,0,8,1,1,0.2857,0.0000,0.7143,0.2857,0,0,4,0,0,0,0,0,1,259,5,7
225,L,7,0,0,8,1,1,0.2857,0.0000,0.7143,0.2857,0,0,4,0,0,0,0,0,1,260,5,7
226,L,7,0,0,6,1,1,0.2857,0.0000,0.7143,0.2857,0,0,4,0,0,0,0,0,1,261,5,7
227,L,7,0,0,6,1,1,0.2857,0.0000,0.7143,0.2857,0,0,4,0,0,0,0,0,1,262,5,7
228,L,7,0,0,7,1,1,0.2857,0.0000,0.7143,0.2857,0,0,4,0,0,0,0,0,1,263,5,7
229,L,7,0,0,6,1,1,0.2857,0.0000,0.7143,0.2857,0,0,4,0,0,0,0,0,1,264,5,7
230,L,7,0,0,7,1,1,0.2857,0.0000,0.7143,0.2857,0,0,4,0,0,0,0,0,1,265,5,7
231,L,7,0,0,7,1,1,0.2857,0.0000,0.7143,0.2857,0,0,4,0,0,0,0,0,1,266,5,7
232,L,7,0,0,8,1,1,0.2857,0.0000,0.7143,0.2857,0,0,4,0,0,0,0,0,1,267,5,7
233,L,7,0,0,7,1,1,0.2857,0.0000,0.7143,0.2857,0,0,4,0,0,0,0,0,1,268,5,7
234,L,7,0,0,6,1,1,0.2857,0.0000,0.7143,0.2857,0,0,4,0,0,0,0,0,1,269,5,7
235,L,7,0,0,6,1,1,0.2857,0.0000,0.7143,0.2857,0,0,4,0,0,0,0,0,1,271,5,7
236,L,7,0,0,8,1,1,0.2857,0.0000,0.7143,0.2857,0,0,4,0,0,0,0,0,1,272,5,7
237,L,7,0,0,16,1,1,0.2857,0.0000,0.7143,0.2857,0,0,4,0,0,0,0,0,1,273,5,7
238,L,7,0,0,14,1,1,0.2857,0.0000,0.7143,0.2857,0,0,4,0,0,0,0,0,1,274,5,7
239,L,7,0,0,12,1,1,0.2857,0.0000,0.7143,0.2857,0,0,4,0,0,0,0,0,1,275,5,7
240,L,7,0,0,10,1,1,0.2857,0.0000,0.7143,0.2857,0,0,4,0,0,0,0,0,1,276,5,7
241,L,7,0,0,9,1,1,0.2857,0.0000,0.7143,0.2857,0,0,4,0,0,0,0,0,1,277,5,7
242,L,7,0,0,10,1,1,0.2857,0.0000,0.7143,0.2857,0,0,4,0,0,0,0,0,1,278,5,7
243,L,7,0,0,11,1,1,0.2857,0.0000,0.7143,0.2857,0,0,4,0,0,0,0,0,1,281,5,7
244,L,7,0,0,10,1,1,0.2857,0.0000,0.7143,0.2857,0,0,4,0,0,0,0,0,1,281,5,7
245,L,7,0,0,10,1,1,0.2857,0.0000,0.7143,0.2857,0,0,4,0,0,0,0,0,1,282,5,7
246,L,7,0,0,10,1,1,0.2857,0.0000,0.7143,0.2857,0,0,4,0,0,0,0,0,1,283,5,7
247,L,7,0,0,9,1,1,0.2857,0.0000,0.7143,0.2857,0,0,4,0,0,0,0,0,1,283,5,7
248,L,7,0,0,11,1,1,0.2857,0.0000,0.7143,0.2857,0,0,4,0,0,0,0,0,1,284,5,7
249,L,7,0,0,11,1,1,0.2857,0.0000,0.7143,0.2857,0,0,4,0,0,0,0,0,1,284,5,7
250,L,7,0,0,12,1,1,0.2857,0.0000,0.7143,0.2857,0,0,4,0,0,0,0,0,1,284,5,7
251,L,7,0,0,12,2,1,0.4286,0.0000,0.5714,0.5714,1,0,5,0,0,0,0,1,1,287,4,7
252,L,7,0,0,12,2,1,0.4286,0.0000,0.5714,0.5714,0,0,5,0,0,0,0,1,1,287,4,7
253,L,7,0,0,15,2,1,0.4286,0.0000,0.5714,0.5714,0,0,5,0,0,0,0,1,1,288,4,7
254,L,7,0,0,14,2,1,0.4286,0.0000,0.5714,0.5714,0,0,5,0,0,0,0,1,1,288,4,7
255,L,7,0,0,14,2,1,0.4286,0.0000,0.5714,0.5714,0,0,5,0,0,0,0,1,1,289,4,7
256,L,7,0,0,19,2,1,0.4286,0.0000,0.5714,0.5714,0,0,5,0,0,0,0,1,1,289,4,7
257,L,7,0,0,17,2,1,0.4286,0.0000,0.5714,0.5714,0,0,5,0,0,0,0,1,1,289,4,7
258,L,7,0,0,15,2,1,0.4286,0.0000,0.5714,0.5714,0,0,5,0,0,0,0,1,1,289,4,7
259,L,7,0,0,14,2,1,0.4286,0.0000,0.5714,0.5714,0,0,5,0,0,0,0,1,1,290,4,7
260,L,7,0,0,14,2,1,0.4286,0.0000,0.5714,0.5714,0,0,5,0,0,0,0,1,1,291,4,7
261,L,7,0,0,14,2,1,0.4286,0.0000,0.5714,0.5714,0,0,5,0,0,0,0,1,1,292,4,7
262,L,7,0,0,11,2,1,0.4286,0.0000,0.5714,0.5714,0,0,5,0,0,0,0,1,1,292,4,7
263,L,7,0,0,11,2,1,0.4286,0.0000,0.5714,0.5714,0,0,5,0,0,0,0,1,1,294,4,7
264,L,7,0,0,15,2,1,0.4286,0.0000,0.5714,0.5714,0,0,5,0,0,0,0,1,1,295,4,7
265,L,7,0,0,15,2,1,0.4286,0.0000,0.5714,0.5714,0,0,5,0,0,0,0,1,1,297,4,7
266,L,7,0,0,14,2,1,0.4286,0.0000,0.5714,0.5714,0,0,5,0,0,0,0,1,1,298,4,7
267,L,7,0,0,15,2,1,0.4286,0.0000,0.5714,0.5714,0,0,5,0,0,0,0,1,1,299,4,7
268,L,7,0,0,15,2,1,0.4286,0.0000,0.5714,0.5714,0,0,5,0,0,0,0,1,1,299,4,7
269,L,7,0,0,12,2,1,0.4286,0.0000,0.5714,0.5714,0,0,5,0,0,0,0,1,1,300,4,7
270,L,7,0,0,12,2,1,0.4286,0.0000,0.5714,0.5714,0,0,5,0,0,0,0,1,1,300,4,7
271,L,7,0,0,12,2,1,0.4286,0.0000,0.5714,0.5714,0,0,5,0,0,0,0,1,1,301,4,7
272,L,7,0,0,12,2,1,0.4286,0.0000,0.5714,0.5714,0,0,5,0,0,0,0,1,1,301,4,7
273,L,7,0,0,9,2,1,0.4286,0.0000,0.5714,0.5714,0,0,5,0,0,0,0,1,1,301,4,7
274,L,7,0,0,8,2,1,0.4286,0.0000,0.5714,0.5714,0,0,5,0,0,0,0,1,1,302,4,7
275,L,7,0,0,9,2,1,0.4286,0.0000,0.5714,0.5714,0,0,5,0,0,0,0,1,1,303,4,7
276,L,7,0,0,13,2,1,0.4286,0.0000,0.5714,0.5714,0,0,5,0,0,0,0,1,1,304,4,7
277,L,7,0,0,14,2,1,0.4286,0.0000,0.5714,0.5714,0,0,5,0,0,0,0,1,1,306,4,7
278,L,7,0,0,13,2,1,0.4286,0.0000,0.5714,0.5714,0,0,5,0,0,0,0,1,1,307,4,7
279,L,7,0,0,12,2,1,0.4286,0.0000,0.5714,0.5714,0,0,5,0,0,0,0,1,1,308,4,7
280,L,7,0,0,13,2,1,0.4286,0.0000,0.5714,0.5714,0,0,5,0,0,0,0,1,1,309,4,7
281,L,7,0,0,14,2,1,0.4286,0.0000,0.5714,0.5714,0,0,5,0,0,0,0,1,1,310,4,7
282,L,7,0,0,13,1,1,0.2857,0.0000,0.7143,0.2857,0,0,5,0,0,0,0,1,1,312,5,7
283,L,7,0,0,13,1,1,0.2857,0.0000,0.7143,0.2857,0,0,5,0,0,0,0,1,1,313,5,7
284,L,7,0,0,13,1,1,0.2857,0.0000,0.7143,0.2857,0,0,5,0,0,0,0,1,1,313,5,7
285,L,7,0,0,12,1,1,0.2857,0.0000,0.7143,0.2857,0,0,5,0,0,0,0,1,1,313,5,7
286,L,7,0,0,13,1,1,0.2857,0.0000,0.7143,0.2857,0,0,5,0,0,0,0,1,1,314,5,7
287,L,7,0,0,13,1,1,0.2857,0.0000,0.7143,0.2857,0,0,5,0,0,0,0,1,1,315,5,7
288,L,7,0,0,11,1,1,0.2857,0.0000,0.7143,0.2857,0,0,5,0,0,0,0,1,1,316,5,7
289,L,8,1,0,11,2,1,0.3750,0.0000,0.6250,0.5000,0,0,5,0,0,0,0,1,1,319,5,7
290,L,9,2,0,12,3,1,0.3333,0.2222,0.4444,0.6667,0,0,5,0,0,0,0,1,1,320,4,7
291,L,9,2,0,8,3,1,0.3333,0.2222,0.4444,0.6667,0,0,5,0,0,0,0,1,1,320,4,7
292,L,9,2,0,12,3,1,0.3333,0.2222,0.4444,0.6667,0,0,5,0,0,0,0,1,1,320,4,7
293,L,9,2,0,15,3,1,0.3333,0.2222,0.4444,0.6667,0,0,5,0,0,0,0,1,1,322,4,7
294,L,9,2,0,16,3,1,0.3333,0.2222,0.4444,0.6667,0,0,5,0,0,0,0,1,1,322,4,7
295,L,10,3,0,20,4,1,0.3000,0.2000,0.3000,0.8000,0,0,5,0,0,0,0,1,1,323,3,7
296,L,10,3,0,24,4,1,0.3000,0.2000,0.3000,0.8000,0,0,5,0,0,0,0,1,1,324,3,7
297,L,10,3,0,26,4,1,0.3000,0.2000,0.3000,0.8000,0,0,5,0,0,0,0,1,1,326,3,7
298,L,10,3,0,27,5,1,0.4000,0.3000,0.3000,1.0000,1,0,6,0,0,0,0,2,1,328,3,7
299,L,10,3,0,27,5,1,0.4000,0.3000,0.3000,1.0000,0,0,6,0,0,0,0,2,1,329,3,7
300,L,10,3,0,28,5,1,0.4000,0.3000,0.3000,1.0000,0,0,6,0,0,0,0,2,1,330,3,7
301,L,10,3,0,30,5,1,0.4000,0.3000,0.3000,1.0000,0,0,6,0,0,0,0,2,1,332,3,7
302,L,10,3,0,26,6,1,0.4000,0.3000,0.3000,1.2000,1,0,7,0,0,0,0,3,1,334,3,7
303,L,10,3,0,25,6,1,0.4000,0.3000,0.3000,1.2000,0,0,7,0,0,0,0,3,1,335,3,7
304,L,10,3,0,26,6,2,0.4000,0.3000,0.3000,1.2000,1,0,8,0,0,0,0,3,2,337,3,7
305,L,11,4,0,31,7,2,0.3636,0.2727,0.1818,1.2727,0,0,8,0,0,0,0,3,2,339,2,7
306,L,11,4,0,30,7,2,0.3636,0.2727,0.1818,1.2727,0,0,8,0,0,0,0,3,2,340,2,7
307,L,11,4,0,26,7,2,0.3636,0.2727,0.1818,1.2727,0,0,8,0,0,0,0,3,2,341,2,7
308,L,11,4,0,24,7,2,0.3636,0.2727,0.1818,1.2727,0,0,8,0,0,0,0,3,2,342,2,7
309,L,11,4,0,28,9,2,0.5455,0.2727,0.1818,1.6364,1,0,9,0,0,0,0,5,2,344,2,7
310,L,11,4,0,28,9,2,0.5455,0.2727,0.1818,1.6364,0,0,9,0,0,0,0,5,2,345,2,7
311,L,11,4,0,31,9,3,0.5455,0.2727,0.1818,1.6364,0,0,9,0,0,0,0,5,3,346,2,7
312,S,12,5,0,30,10,3,0.5000,0.2500,0.0833,1.6667,0,0,9,0,0,0,0,5,3,349,1,7
313,S,12,5,0,31,10,3,0.5000,0.2500,0.0833,1.6667,0,0,9,0,0,0,0,5,3,349,1,7
314,S,12,5,0,36,10,3,0.5000,0.2500,0.0833,1.6667,0,0,9,0,0,0,0,5,3,351,1,7
315,S,12,5,0,44,10,4,0.5000,0.2500,0.0833,1.6667,0,0,9,0,0,0,0,5,4,351,1,7
316,S,12,5,0,43,9,5,0.4167,0.2500,0.1667,1.5000,0,0,9,0,0,0,0,5,5,351,2,7
317,S,12,5,0,46,10,5,0.4167,0.4167,0.1667,1.6667,1,0,10,0,0,0,0,6,5,354,2,7
318,S,12,5,0,53,10,5,0.4167,0.4167,0.1667,1.6667,0,0,10,0,0,0,0,6,5,354,2,7
319,S,12,5,0,53,10,6,0.4167,0.4167,0.1667,1.6667,0,0,10,0,0,0,0,6,6,354,2,7
320,S,12,5,0,52,14,6,0.9167,0.0000,0.0833,2.3333,1,0,11,0,0,0,0,10,6,356,1,7
321,S,12,5,0,51,14,6,0.9167,0.0000,0.0833,2.3333,0,0,11,0,0,0,0,10,6,356,1,7
322,S,12,5,0,46,16,6,0.9167,0.0000,0.0833,2.6667,0,0,11,0,0,0,0,12,6,357,1,7
323,S,12,5,0,46,17,6,0.9167,0.0000,0.0833,2.8333,0,0,11,0,0,0,0,13,6,358,1,7
324,S,12,5,0,46,17,6,0.9167,0.0000,0.0833,2.8333,0,0,11,0,0,0,0,13,6,359,1,7
325,S,12,5,0,45,18,7,1.0000,0.0000,0.0000,3.0000,0,0,11,0,0,0,0,13,7,359,0,7
326,S,12,5,0,47,18,7,1.0000,0.0000,0.0000,3.0000,0,0,11,0,0,0,0,13,7,361,0,7
327,S,12,5,0,51,18,7,1.0000,0.0000,0.0000,3.0000,0,0,11,0,0,0,0,13,7,363,0,7
328,S,12,5,0,51,18,7,1.0000,0.0000,0.0000,3.0000,0,0,11,0,0,0,0,13,7,364,0,7
329,S,12,5,0,51,18,9,1.0000,0.0000,0.0000,3.0000,0,0,11,0,0,0,0,13,9,365,0,7
330,S,12,5,0,47,18,10,1.0000,0.0000,0.0000,3.0000,0,0,11,0,0,0,0,13,10,370,0,7
331,S,12,5,0,51,18,10,1.0000,0.0000,0.0000,3.0000,0,0,11,0,0,0,0,13,10,371,0,7
332,S,12,5,0,52,19,10,1.0000,0.0000,0.0000,3.1667,0,0,11,0,0,0,0,14,10,372,0,7
333,S,12,5,0,49,20,10,1.0000,0.0000,0.0000,3.3333,1,0,12,0,0,0,0,15,10,375,0,7
334,S,12,5,0,49,19,10,0.9167,0.0000,0.0833,3.1667,0,0,12,0,0,0,0,15,10,376,1,7
335,S,12,5,0,48,19,10,0.9167,0.0000,0.0833,3.1667,0,0,12,0,0,0,0,15,10,377,1,7
336,S,12,5,0,46,19,10,0.9167,0.0000,0.0833,3.1667,0,0,12,0,0,0,0,15,10,378,1,7
337,S,12,5,0,43,19,10,0.9167,0.0000,0.0833,3.1667,0,0,12,0,0,0,0,15,10,379,1,7
338,S,12,5,0,45,18,10,0.8333,0.0000,0.1667,3.0000,0,0,12,0,0,0,0,15,10,380,2,7
339,S,12,5,0,46,17,10,0.8333,0.0000,0.1667,2.8333,0,0,12,0,0,0,0,15,10,381,2,7
340,S,12,5,0,45,17,10,0.8333,0.0000,0.1667,2.8333,0,0,12,0,0,0,0,15,10,384,2,7
341,S,12,5,0,46,17,10,0.8333,0.0000,0.1667,2.8333,0,0,12,0,0,0,0,15,10,385,2,7
342,S,12,5,0,45,17,10,0.8333,0.0000,0.1667,2.8333,0,0,12,0,0,0,0,15,10,385,2,7
343,S,12,5,0,44,17,10,0.8333,0.0000,0.1667,2.8333,0,0,12,0,0,0,0,15,10,386,2,7
344,S,12,5,0,42,17,10,0.8333,0.0000,0.1667,2.8333,0,0,12,0,0,0,0,15,10,386,2,7
345,S,12,5,0,40,17,10,0.8333,0.0000,0.1667,2.8333,0,0,12,0,0,0,0,15,10,388,2,7
346,S,12,5,0,42,17,10,0.8333,0.0000,0.1667,2.8333,0,0,12,0,0,0,0,15,10,389,2,7
347,S,12,5,0,41,17,10,0.8333,0.0000,0.1667,2.8333,0,0,12,0,0,0,0,15,10,389,2,7
348,S,12,5,0,42,17,10,0.8333,0.0000,0.1667,2.8333,0,0,12,0,0,0,0,15,10,389,2,7
349,S,12,5,0,41,16,10,0.8333,0.0000,0.1667,2.6667,0,0,12,0,0,0,0,15,10,390,2,7
350,S,12,5,0,39,16,10,0.8333,0.0000,0.1667,2.6667,0,0,12,0,0,0,0,15,10,390,2,7
351,S,12,5,0,38,15,10,0.7500,0.0000,0.2500,2.5000,0,0,12,0,0,0,0,15,10,391,3,7
352,S,12,5,0,35,15,10,0.7500,0.0000,0.2500,2.5000,0,0,12,0,0,0,0,15,10,393,3,7
353,S,12,5,0,39,15,10,0.7500,0.0000,0.2500,2.5000,0,0,12,0,0,0,0,15,10,394,3,7
354,S,12,5,0,39,15,10,0.7500,0.0000,0.2500,2.5000,0,0,12,0,0,0,0,15,10,395,3,7
355,S,12,5,0,42,14,10,0.6667,0.0000,0.3333,2.3333,0,0,12,0,0,0,0,15,10,395,4,7
356,S,12,5,0,44,14,10,0.6667,0.0000,0.3333,2.3333,0,0,12,0,0,0,0,15,10,395,4,7
357,S,12,5,0,40,14,10,0.6667,0.0000,0.3333,2.3333,0,0,12,0,0,0,0,15,10,399,4,7
358,S,12,5,0,36,13,10,0.5833,0.0000,0.4167,2.1667,0,0,12,0,0,0,0,15,10,400,5,7
359,S,12,5,0,41,13,10,0.5833,0.0000,0.4167,2.1667,0,0,12,0,0,0,0,15,10,401,5,7
360,S,12,5,0,41,13,10,0.5833,0.0000,0.4167,2.1667,0,0,12,0,0,0,0,15,10,401,5,7
361,S,12,5,0,42,13,10,0.5833,0.0000,0.4167,2.1667,0,0,12,0,0,0,0,15,10,402,5,7
362,S,12,5,0,42,13,10,0.5833,0.0000,0.4167,2.1667,0,0,12,0,0,0,0,15,10,403,5,7
363,S,12,5,0,41,13,10,0.5833,0.0000,0.4167,2.1667,0,0,12,0,0,0,0,15,10,403,5,7
364,S,12,5,0,42,13,10,0.5833,0.0000,0.4167,2.1667,0,0,12,0,0,0,0,15,10,404,5,7
365,S,12,5,0,43,13,10,0.5833,0.0000,0.4167,2.1667,0,0,12,0,0,0,0,15,10,404,5,7
366,S,12,5,0,41,13,10,0.5833,0.0000,0.4167,2.1667,0,0,12,0,0,0,0,15,10,405,5,7
367,S,12,5,0,40,13,10,0.5833,0.0000,0.4167,2.1667,0,0,12,0,0,0,0,15,10,407,5,7
368,S,12,5,0,40,13,10,0.5833,0.0000,0.4167,2.1667,0,0,12,0,0,0,0,15,10,408,5,7
369,S,12,5,0,41,13,10,0.5833,0.0000,0.4167,2.1667,0,0,12,0,0,0,0,15,10,408,5,7
370,S,12,5,0,42,13,10,0.5833,0.0000,0.4167,2.1667,0,0,12,0,0,0,0,15,10,409,5,7
371,S,12,5,0,42,14,10,0.6667,0.0000,0.3333,2.3333,0,0,12,0,0,0,0,16,10,410,4,7
372,S,12,5,0,44,14,10,0.6667,0.0000,0.3333,2.3333,0,0,12,0,0,0,0,16,10,411,4,7
373,S,12,5,0,45,14,10,0.6667,0.0000,0.3333,2.3333,0,0,12,0,0,0,0,16,10,411,4,7
374,S,12,5,0,44,14,10,0.6667,0.0000,0.3333,2.3333,0,0,12,0,0,0,0,16,10,413,4,7
375,S,12,5,0,42,14,10,0.6667,0.0000,0.3333,2.3333,0,0,12,0,0,0,0,16,10,414,4,7
376,S,12,5,0,42,14,10,0.6667,0.0000,0.3333,2.3333,0,0,12,0,0,0,0,16,10,415,4,7
377,S,12,5,0,43,14,10,0.6667,0.0000,0.3333,2.3333,0,0,12,0,0,0,0,16,10,415,4,7
378,S,12,5,0,45,14,10,0.6667,0.0000,0.3333,2.3333,0,0,12,0,0,0,0,16,10,415,4,7
379,S,13,6,0,51,15,10,0.6154,0.1538,0.2308,2.3077,0,0,12,0,0,0,0,16,10,416,3,7
380,S,13,6,0,51,15,10,0.6154,0.1538,0.2308,2.3077,0,0,12,0,0,0,0,16,10,417,3,7
381,S,13,6,0,50,15,10,0.6154,0.1538,0.2308,2.3077,0,0,12,0,0,0,0,16,10,417,3,7
382,S,13,6,0,51,15,10,0.6154,0.1538,0.2308,2.3077,0,0,12,0,0,0,0,16,10,417,3,7
383,S,13,6,0,55,18,10,0.7692,0.0000,0.2308,2.7692,1,0,13,0,0,0,0,19,10,419,3,7
384,S,13,6,0,54,18,10,0.7692,0.0000,0.2308,2.7692,0,0,13,0,0,0,0,19,10,420,3,7
385,S,13,6,0,55,18,10,0.7692,0.0000,0.2308,2.7692,0,0,13,0,0,0,0,19,10,421,3,7
386,S,13,6,0,53,18,10,0.7692,0.0000,0.2308,2.7692,0,0,13,0,0,0,0,19,10,424,3,7
387,S,13,6,0,52,18,10,0.7692,0.0000,0.2308,2.7692,0,0,13,0,0,0,0,19,10,424,3,7
388,S,13,6,0,54,18,10,0.7692,0.0000,0.2308,2.7692,0,0,13,0,0,0,0,19,10,426,3,7
389,S,13,6,0,50,18,10,0.7692,0.0000,0.2308,2.7692,0,0,13,0,0,0,0,19,10,426,3,7
390,S,13,6,0,50,18,11,0.7692,0.0000,0.2308,2.7692,0,0,13,0,0,0,0,19,11,426,3,7
391,S,13,6,0,47,18,11,0.7692,0.0000,0.2308,2.7692,0,0,13,0,0,0,0,19,11,426,3,7
392,S,13,6,0,47,18,12,0.7692,0.0000,0.2308,2.7692,0,0,13,0,0,0,0,19,12,427,3,7
393,S,13,6,0,44,18,12,0.7692,0.0000,0.2308,2.7692,0,0,13,0,0,0,0,19,12,428,3,7
394,S,13,6,0,44,18,12,0.7692,0.0000,0.2308,2.7692,0,0,13,0,0,0,0,19,12,429,3,7
395,S,13,6,0,43,18,12,0.7692,0.0000,0.2308,2.7692,0,0,13,0,0,0,0,19,12,429,3,7
396,S,13,6,0,45,18,12,0.7692,0.0000,0.2308,2.7692,0,0,13,0,0,0,0,19,12,429,3,7
397,S,13,6,0,51,18,12,0.7692,0.0000,0.2308,2.7692,0,0,13,0,0,0,0,19,12,429,3,7
398,S,13,6,0,50,18,12,0.7692,0.0000,0.2308,2.7692,0,0,13,0,0,0,0,19,12,430,3,7
399,S,13,6,0,48,18,12,0.7692,0.0000,0.2308,2.7692,0,0,13,0,0,0,0,19,12,432,3,7
400,S,13,6,0,46,17,12,0.7692,0.0000,0.2308,2.6154,0,0,13,0,0,0,0,19,12,432,3,7
401,S,13,6,0,44,17,12,0.7692,0.0000,0.2308,2.6154,0,0,13,0,0,0,0,19,12,434,3,7
402,S,13,6,0,43,17,12,0.7692,0.0000,0.2308,2.6154,0,0,13,0,0,0,0,19,12,435,3,7
403,S,13,6,0,39,17,12,0.7692,0.0000,0.2308,2.6154,0,0,13,0,0,0,0,19,12,436,3,7
404,S,13,6,0,43,17,12,0.7692,0.0000,0.2308,2.6154,0,0,13,0,0,0,0,19,12,438,3,7
405,S,13,6,0,43,17,12,0.7692,0.0000,0.2308,2.6154,0,0,13,0,0,0,0,19,12,438,3,7
406,S,13,6,0,44,17,12,0.7692,0.0000,0.2308,2.6154,0,0,13,0,0,0,0,19,12,438,3,7
407,S,13,6,0,42,17,12,0.7692,0.0000,0.2308,2.6154,0,0,13,0,0,0,0,19,12,439,3,7
408,S,13,6,0,42,16,12,0.6923,0.0000,0.3077,2.4615,0,0,13,0,0,0,0,19,12,440,4,7
409,S,13,6,0,41,16,12,0.6923,0.0000,0.3077,2.4615,0,0,13,0,0,0,0,19,12,441,4,7
410,S,13,6,0,41,16,12,0.6923,0.0000,0.3077,2.4615,0,0,13,0,0,0,0,19,12,442,4,7
411,S,13,6,0,45,16,12,0.6923,0.0000,0.3077,2.4615,0,0,13,0,0,0,0,19,12,443,4,7
412,S,13,6,0,43,16,12,0.6923,0.0000,0.3077,2.4615,0,0,13,0,0,0,0,19,12,444,4,7
413,S,13,6,0,44,16,12,0.6923,0.0000,0.3077,2.4615,0,0,13,0,0,0,0,19,12,444,4,7
414,S,13,6,0,40,16,12,0.6923,0.0000,0.3077,2.4615,0,0,13,0,0,0,0,19,12,445,4,7
415,S,13,6,0,36,16,12,0.6923,0.0000,0.3077,2.4615,0,0,13,0,0,0,0,19,12,445,4,7
416,S,13,6,0,36,16,12,0.6923,0.0000,0.3077,2.4615,0,0,13,0,0,0,0,19,12,445,4,7
417,S,13,6,0,36,15,12,0.6154,0.0000,0.3846,2.3077,0,0,13,0,0,0,0,19,12,446,5,7
418,S,13,6,0,34,15,12,0.6154,0.0000,0.3846,2.3077,0,0,13,0,0,0,0,19,12,446,5,7
419,S,13,6,0,34,15,12,0.6154,0.0000,0.3846,2.3077,0,0,13,0,0,0,0,19,12,446,5,7
420,S,13,6,0,36,15,12,0.6154,0.0000,0.3846,2.3077,0,0,13,0,0,0,0,19,12,446,5,7
421,S,13,6,0,37,15,12,0.6154,0.0000,0.3846,2.3077,0,0,13,0,0,0,0,19,12,447,5,7
422,S,13,6,0,42,16,12,0.6923,0.0000,0.3077,2.4615,0,0,13,0,0,0,0,20,12,447,4,7
423,S,13,6,0,41,16,12,0.6923,0.0000,0.3077,2.4615,0,0,13,0,0,0,0,20,12,447,4,7
424,S,13,6,0,37,16,12,0.6923,0.0000,0.3077,2.4615,0,0,13,0,0,0,0,20,12,448,4,7
425,S,13,6,0,46,16,12,0.6923,0.0000,0.3077,2.4615,0,0,13,0,0,0,0,20,12,449,4,7
426,S,13,6,0,46,16,12,0.6923,0.0000,0.3077,2.4615,0,0,13,0,0,0,0,20,12,450,4,7
427,S,13,6,0,48,16,12,0.6923,0.0000,0.3077,2.4615,0,0,13,0,0,0,0,20,12,451,4,7
428,S,13,6,0,43,16,12,0.6923,0.0000,0.3077,2.4615,0,0,13,0,0,0,0,20,12,451,4,7
429,S,13,6,0,41,16,12,0.6923,0.0000,0.3077,2.4615,0,0,13,0,0,0,0,20,12,452,4,7
430,S,13,6,0,43,16,12,0.6923,0.0000,0.3077,2.4615,0,0,13,0,0,0,0,20,12,454,4,7
431,S,13,6,0,45,16,12,0.6923,0.0000,0.3077,2.4615,0,0,13,0,0,0,0,20,12,455,4,7
432,S,13,6,0,46,16,12,0.6923,0.0000,0.3077,2.4615,0,0,13,0,0,0,0,20,12,455,4,7
433,S,13,6,0,45,16,12,0.6923,0.0000,0.3077,2.4615,0,0,13,0,0,0,0,20,12,455,4,7
434,S,13,6,0,54,16,12,0.6923,0.0000,0.3077,2.4615,0,0,13,0,0,0,0,20,12,457,4,7
435,S,13,6,0,50,16,12,0.6923,0.0000,0.3077,2.4615,0,0,13,0,0,0,0,20,12,457,4,7
436,S,13,6,0,46,18,12,0.6923,0.0000,0.3077,2.7692,0,0,13,0,0,0,0,22,12,457,4,7
437,S,13,6,0,48,18,12,0.6923,0.0000,0.3077,2.7692,0,0,13,0,0,0,0,22,12,457,4,7
438,S,13,6,0,47,17,12,0.6154,0.0000,0.3846,2.6154,0,0,13,0,0,0,0,22,12,458,5,7
439,S,13,6,0,47,17,12,0.6154,0.0000,0.3846,2.6154,0,0,13,0,0,0,0,22,12,459,5,7
440,S,13,6,0,46,17,12,0.6154,0.0000,0.3846,2.6154,0,0,13,0,0,0,0,22,12,461,5,7
441,S,13,6,0,44,17,12,0.6154,0.0000,0.3846,2.6154,0,0,13,0,0,0,0,22,12,462,5,7
442,S,13,6,0,51,17,12,0.6154,0.0000,0.3846,2.6154,0,0,13,0,0,0,0,22,12,463,5,7
443,S,13,6,0,54,17,12,0.6154,0.0000,0.3846,2.6154,0,0,13,0,0,0,0,22,12,464,5,7
444,S,13,6,0,56,15,12,0.6154,0.0000,0.3846,2.3077,0,0,13,0,0,0,0,22,12,465,5,7
445,S,13,6,0,54,14,12,0.6154,0.0000,0.3846,2.1538,0,0,13,0,0,0,0,22,12,466,5,7
446,S,13,6,0,50,14,12,0.6154,0.0000,0.3846,2.1538,0,0,13,0,0,0,0,22,12,466,5,7
447,S,13,6,0,45,14,14,0.6154,0.0000,0.3846,2.1538,0,0,13,0,0,0,0,22,14,467,5,7
448,S,13,6,0,42,14,14,0.6154,0.0000,0.3846,2.1538,0,0,13,0,0,0,0,22,14,467,5,7
449,S,13,6,0,48,14,14,0.6154,0.0000,0.3846,2.1538,0,0,13,0,0,0,0,22,14,468,5,7
450,S,13,6,0,48,14,14,0.6154,0.0000,0.3846,2.1538,0,0,13,0,0,0,0,22,14,470,5,7
451,S,13,6,0,44,14,14,0.6154,0.0000,0.3846,2.1538,0,0,13,0,0,0,0,22,14,471,5,7
452,S,13,6,0,45,14,14,0.6154,0.0000,0.3846,2.1538,0,0,13,0,0,0,0,22,14,471,5,7
453,S,13,6,0,42,14,14,0.6154,0.0000,0.3846,2.1538,0,0,13,0,0,0,0,22,14,472,5,7
454,S,13,6,0,44,14,14,0.6154,0.0000,0.3846,2.1538,0,0,13,0,0,0,0,22,14,472,5,7
455,S,13,6,0,43,14,14,0.6154,0.0000,0.3846,2.1538,0,0,13,0,0,0,0,22,14,473,5,7
456,S,13,6,0,44,14,14,0.6154,0.0000,0.3846,2.1538,0,0,13,0,0,0,0,22,14,473,5,7
457,S,13,6,0,42,14,14,0.6154,0.0000,0.3846,2.1538,0,0,13,0,0,0,0,22,14,474,5,7
458,S,13,6,0,41,14,14,0.6154,0.0000,0.3846,2.1538,0,0,13,0,0,0,0,22,14,475,5,7
459,S,13,6,0,39,14,14,0.6154,0.0000,0.3846,2.1538,0,0,13,0,0,0,0,22,14,477,5,7
460,S,13,6,0,40,14,14,0.6154,0.0000,0.3846,2.1538,0,0,13,0,0,0,0,22,14,477,5,7
461,S,13,6,0,40,14,14,0.6154,0.0000,0.3846,2.1538,0,0,13,0,0,0,0,22,14,478,5,7
462,S,13,6,0,36,14,14,0.6154,0.0000,0.3846,2.1538,0,0,13,0,0,0,0,22,14,480,5,7
463,S,13,6,0,37,14,14,0.6154,0.0000,0.3846,2.1538,0,0,13,0,0,0,0,22,14,480,5,7
464,S,13,6,0,40,14,14,0.6154,0.0000,0.3846,2.1538,0,0,13,0,0,0,0,22,14,480,5,7
465,S,13,6,0,41,14,14,0.6154,0.0000,0.3846,2.1538,0,0,13,0,0,0,0,22,14,480,5,7
466,S,13,6,0,44,14,14,0.6154,0.0000,0.3846,2.1538,0,0,13,0,0,0,0,22,14,480,5,7
467,S,13,6,0,40,14,14,0.6154,0.0000,0.3846,2.1538,0,0,13,0,0,0,0,22,14,480,5,7
468,S,13,6,0,39,14,14,0.6154,0.0000,0.3846,2.1538,0,0,13,0,0,0,0,22,14,480,5,7
469,S,13,6,0,37,14,14,0.6154,0.0000,0.3846,2.1538,0,0,13,0,0,0,0,22,14,481,5,7
470,S,13,6,0,37,14,14,0.6154,0.0000,0.3846,2.1538,0,0,13,0,0,0,0,22,14,483,5,7
471,S,13,6,0,38,14,14,0.6154,0.0000,0.3846,2.1538,0,0,13,0,0,0,0,22,14,483,5,7
472,S,13,6,0,38,14,14,0.6154,0.0000,0.3846,2.1538,0,0,13,0,0,0,0,22,14,483,5,7
473,S,13,6,0,38,14,14,0.6154,0.0000,0.3846,2.1538,0,0,13,0,0,0,0,22,14,483,5,7
474,S,13,6,0,41,14,14,0.6154,0.0000,0.3846,2.1538,0,0,13,0,0,0,0,22,14,483,5,7
475,S,13,6,0,36,14,14,0.6154,0.0000,0.3846,2.1538,0,0,13,0,0,0,0,22,14,483,5,7
476,S,13,6,0,39,14,14,0.6154,0.0000,0.3846,2.1538,0,0,13,0,0,0,0,22,14,483,5,7
477,S,13,6,0,36,14,14,0.6154,0.0000,0.3846,2.1538,0,0,13,0,0,0,0,22,14,483,5,7
478,S,13,6,0,40,14,14,0.6154,0.0000,0.3846,2.1538,0,0,13,0,0,0,0,22,14,483,5,7
479,S,13,6,0,41,14,14,0.6154,0.0000,0.3846,2.1538,0,0,13,0,0,0,0,22,14,483,5,7
480,S,13,6,0,41,14,14,0.6154,0.0000,0.3846,2.1538,0,0,13,0,0,0,0,22,14,485,5,7
481,S,13,6,0,39,14,14,0.6154,0.0000,0.3846,2.1538,0,0,13,0,0,0,0,22,14,485,5,7
482,S,13,6,0,40,14,14,0.6154,0.0000,0.3846,2.1538,0,0,13,0,0,0,0,22,14,486,5,7
483,S,13,6,0,42,14,14,0.6154,0.0000,0.3846,2.1538,0,0,13,0,0,0,0,22,14,487,5,7
484,S,13,6,0,41,14,14,0.6154,0.0000,0.3846,2.1538,0,0,13,0,0,0,0,22,14,487,5,7
485,S,13,6,0,39,14,14,0.6154,0.0000,0.3846,2.1538,0,0,13,0,0,0,0,22,14,487,5,7
486,S,13,6,0,40,15,14,0.6923,0.0000,0.3077,2.3077,0,0,13,0,0,0,0,23,14,488,4,7
487,S,13,6,0,40,15,14,0.6923,0.0000,0.3077,2.3077,0,0,13,0,0,0,0,23,14,488,4,7
488,S,13,6,0,39,15,14,0.6923,0.0000,0.3077,2.3077,0,0,13,0,0,0,0,23,14,488,4,7
489,S,13,6,0,34,15,14,0.6923,0.0000,0.3077,2.3077,0,0,13,0,0,0,0,23,14,488,4,7
490,S,13,6,0,34,15,14,0.6923,0.0000,0.3077,2.3077,0,0,13,0,0,0,0,23,14,488,4,7
491,S,13,6,0,37,15,14,0.6923,0.0000,0.3077,2.3077,0,0,13,0,0,0,0,23,14,488,4,7
492,S,13,6,0,37,16,14,0.7692,0.0000,0.2308,2.4615,1,0,14,0,0,0,0,24,14,490,3,7
493,S,13,6,0,35,16,14,0.7692,0.0000,0.2308,2.4615,0,0,14,0,0,0,0,24,14,491,3,7
494,S,13,6,0,39,16,14,0.7692,0.0000,0.2308,2.4615,0,0,14,0,0,0,0,24,14,491,3,7
495,S,13,6,0,39,16,14,0.7692,0.0000,0.2308,2.4615,0,0,14,0,0,0,0,24,14,492,3,7
496,S,13,6,0,40,18,14,0.7692,0.0000,0.2308,2.7692,0,0,14,0,0,0,0,26,14,492,3,7
497,S,13,6,0,45,18,14,0.7692,0.0000,0.2308,2.7692,0,0,14,0,0,0,0,26,14,493,3,7
498,S,13,6,0,39,18,14,0.7692,0.0000,0.2308,2.7692,0,0,14,0,0,0,0,26,14,494,3,7
499,S,13,6,0,36,18,14,0.7692,0.0000,0.2308,2.7692,0,0,14,0,0,0,0,26,14,494,3,7
500,S,13,6,0,36,18,14,0.7692,0.0000,0.2308,2.7692,0,0,14,0,0,0,0,26,14,494,3,7
501,S,13,6,0,38,18,14,0.7692,0.0000,0.2308,2.7692,0,0,14,0,0,0,0,26,14,495,3,7
502,S,13,6,0,41,18,14,0.7692,0.0000,0.2308,2.7692,0,0,14,0,0,0,0,26,14,498,3,7
503,S,13,6,0,45,18,14,0.7692,0.0000,0.2308,2.7692,0,0,14,0,0,0,0,26,14,499,3,7
504,S,13,6,0,44,18,14,0.7692,0.0000,0.2308,2.7692,0,0,14,0,0,0,0,26,14,500,3,7
505,S,13,6,0,44,18,14,0.7692,0.0000,0.2308,2.7692,0,0,14,0,0,0,0,26,14,500,3,7
506,S,13,6,0,44,18,14,0.7692,0.0000,0.2308,2.7692,0,0,14,0,0,0,0,26,14,500,3,7
507,S,13,6,0,46,18,14,0.7692,0.0000,0.2308,2.7692,0,0,14,0,0,0,0,26,14,500,3,7
508,S,13,6,0,45,18,14,0.7692,0.0000,0.2308,2.7692,0,0,14,0,0,0,0,26,14,500,3,7
509,S,13,6,0,43,16,14,0.7692,0.0000,0.2308,2.4615,0,0,14,0,0,0,0,26,14,500,3,7
510,S,13,6,0,42,16,14,0.7692,0.0000,0.2308,2.4615,0,0,14,0,0,0,0,26,14,500,3,7
511,S,13,6,0,43,16,14,0.7692,0.0000,0.2308,2.4615,0,0,14,0,0,0,0,26,14,500,3,7
512,S,13,6,0,48,15,14,0.6923,0.0000,0.3077,2.3077,0,0,14,0,0,0,0,26,14,500,4,7
513,S,13,6,0,44,15,14,0.6923,0.0000,0.3077,2.3077,0,0,14,0,0,0,0,26,14,500,4,7
514,S,13,6,0,45,15,14,0.6923,0.0000,0.3077,2.3077,0,0,14,0,0,0,0,26,14,500,4,7
515,S,13,6,0,46,15,14,0.6923,0.0000,0.3077,2.3077,0,0,14,0,0,0,0,26,14,500,4,7
516,S,13,6,0,47,15,14,0.6923,0.0000,0.3077,2.3077,0,0,14,0,0,0,0,26,14,500,4,7
517,S,13,6,0,46,15,14,0.6923,0.0000,0.3077,2.3077,0,0,14,0,0,0,0,26,14,500,4,7
518,S,13,6,0,47,15,14,0.6923,0.0000,0.3077,2.3077,0,0,14,0,0,0,0,26,14,500,4,7
519,S,13,6,0,48,15,14,0.6923,0.0000,0.3077,2.3077,0,0,14,0,0,0,0,26,14,500,4,7
520,S,13,6,0,47,15,14,0.6923,0.0000,0.3077,2.3077,0,0,14,0,0,0,0,26,14,500,4,7
521,S,13,6,0,46,15,14,0.6923,0.0000,0.3077,2.3077,0,0,14,0,0,0,0,26,14,500,4,7
522,S,11,6,2,28,9,9,0.3636,0.2727,0.3636,1.6364,0,2,14,0,0,0,0,26,14,500,4,5
523,S,10,6,3,25,9,9,0.4000,0.3000,0.3000,1.8000,0,0,14,0,0,0,0,26,14,500,3,4
524,S,10,6,3,21,9,9,0.4000,0.3000,0.3000,1.8000,0,0,14,0,0,0,0,26,14,500,3,4
525,S,10,6,3,24,9,9,0.4000,0.3000,0.3000,1.8000,0,0,14,0,0,0,0,26,14,500,3,4
526,S,9,6,4,21,6,6,0.3333,0.3333,0.3333,1.3333,0,2,14,0,0,0,0,26,14,500,3,4
527,S,6,6,7,11,1,1,0.3333,0.0000,0.6667,0.3333,0,5,14,0,0,0,0,26,14,500,4,4
528,S,6,6,7,11,1,1,0.3333,0.0000,0.6667,0.3333,0,0,14,0,0,0,0,26,14,500,4,4
529,S,6,6,7,11,1,1,0.3333,0.0000,0.6667,0.3333,0,0,14,0,0,0,0,26,14,500,4,4
530,S,6,6,7,11,1,1,0.3333,0.0000,0.6667,0.3333,0,0,14,0,0,0,0,26,14,500,4,4
531,S,6,6,7,10,3,1,0.6667,0.0000,0.3333,1.0000,0,0,14,0,0,0,0,28,14,500,2,4
532,S,6,6,7,10,3,1,0.6667,0.0000,0.3333,1.0000,0,0,14,0,0,0,0,28,14,500,2,4
533,S,6,6,7,9,3,1,0.6667,0.0000,0.3333,1.0000,0,0,14,0,0,0,0,28,14,500,2,4
534,S,6,6,7,11,3,1,0.6667,0.0000,0.3333,1.0000,0,0,14,0,0,0,0,28,14,500,2,4
535,S,6,6,7,9,5,1,0.6667,0.0000,0.3333,1.6667,0,0,14,0,0,0,0,30,14,500,2,4
536,S,6,6,7,11,5,1,0.6667,0.0000,0.3333,1.6667,0,0,14,0,0,0,0,30,14,500,2,4
537,S,6,6,7,11,6,1,0.6667,0.0000,0.3333,2.0000,0,0,14,0,0,0,0,31,14,500,2,4
538,S,6,6,7,9,6,1,0.6667,0.0000,0.3333,2.0000,0,0,14,0,0,0,0,31,14,500,2,4
539,S,6,6,7,10,6,1,0.6667,0.0000,0.3333,2.0000,0,0,14,0,0,0,0,31,14,500,2,4
540,S,6,6,7,10,6,1,0.6667,0.0000,0.3333,2.0000,0,0,14,0,0,0,0,31,14,500,2,4
541,S,6,6,7,9,6,1,0.6667,0.0000,0.3333,2.0000,0,0,14,0,0,0,0,31,14,500,2,4
542,S,6,6,7,9,6,1,0.6667,0.0000,0.3333,2.0000,0,0,14,0,0,0,0,31,14,500,2,4
543,S,6,6,7,9,6,1,0.6667,0.0000,0.3333,2.0000,0,0,14,0,0,0,0,31,14,500,2,4
544,S,6,6,7,10,6,1,0.6667,0.0000,0.3333,2.0000,0,0,14,0,0,0,0,31,14,500,2,4
545,S,6,6,7,11,6,1,0.6667,0.0000,0.3333,2.0000,0,0,14,0,0,0,0,31,14,500,2,4
546,S,6,6,7,8,6,1,0.6667,0.0000,0.3333,2.0000,0,0,14,0,0,0,0,31,14,500,2,4
547,S,6,6,7,7,6,1,0.6667,0.0000,0.3333,2.0000,0,0,14,0,0,0,0,31,14,500,2,4
548,S,6,6,7,7,5,1,0.6667,0.0000,0.3333,1.6667,0,0,14,0,0,0,0,31,14,500,2,4
549,S,6,6,7,8,5,1,0.6667,0.0000,0.3333,1.6667,0,0,14,0,0,0,0,31,14,500,2,4
550,S,6,6,7,10,5,1,0.6667,0.0000,0.3333,1.6667,0,0,14,0,0,0,0,31,14,500,2,4
551,S,6,6,7,10,5,1,0.6667,0.0000,0.3333,1.6667,0,0,14,0,0,0,0,31,14,500,2,4
552,S,6,6,7,9,3,1,0.5000,0.0000,0.5000,1.0000,0,0,14,0,0,0,0,31,14,500,3,4
553,S,6,6,7,10,3,1,0.5000,0.0000,0.5000,1.0000,0,0,14,0,0,0,0,31,14,500,3,4
554,S,6,6,7,9,3,1,0.5000,0.0000,0.5000,1.0000,0,0,14,0,0,0,0,31,14,500,3,4
555,S,6,6,7,8,3,1,0.5000,0.0000,0.5000,1.0000,0,0,14,0,0,0,0,31,14,500,3,4
556,S,6,6,7,9,2,1,0.5000,0.0000,0.5000,0.6667,0,0,14,0,0,0,0,31,14,500,3,4
557,S,6,6,7,8,2,1,0.5000,0.0000,0.5000,0.6667,0,0,14,0,0,0,0,31,14,500,3,4
558,S,6,6,7,8,2,1,0.5000,0.0000,0.5000,0.6667,0,0,14,0,0,0,0,31,14,500,3,4
559,S,6,6,7,8,2,1,0.5000,0.0000,0.5000,0.6667,0,0,14,0,0,0,0,31,14,500,3,4
560,S,6,6,7,9,2,1,0.5000,0.0000,0.5000,0.6667,0,0,14,0,0,0,0,31,14,500,3,4
561,S,6,6,7,10,2,1,0.5000,0.0000,0.5000,0.6667,0,0,14,0,0,0,0,31,14,500,3,4
562,S,6,6,7,9,2,1,0.5000,0.0000,0.5000,0.6667,0,0,14,0,0,0,0,31,14,500,3,4
563,S,6,6,7,8,1,1,0.3333,0.0000,0.6667,0.3333,0,0,14,0,0,0,0,31,14,500,4,4
564,S,7,7,7,8,2,1,0.2857,0.2857,0.4286,0.5714,0,0,14,0,0,0,0,31,14,500,3,4
565,S,7,7,7,10,2,1,0.2857,0.2857,0.4286,0.5714,0,0,14,0,0,0,0,31,14,500,3,4
566,S,8,8,7,13,3,1,0.2500,0.2500,0.2500,0.7500,0,0,14,0,0,0,0,31,14,500,2,4
567,S,8,8,7,12,3,1,0.2500,0.2500,0.2500,0.7500,0,0,14,0,0,0,0,31,14,500,2,4
568,S,8,8,7,12,3,1,0.2500,0.2500,0.2500,0.7500,0,0,14,0,0,0,0,31,14,500,2,4
569,S,8,8,7,10,3,1,0.2500,0.2500,0.2500,0.7500,0,0,14,0,0,0,0,31,14,500,2,4
570,S,8,8,7,10,3,1,0.2500,0.2500,0.2500,0.7500,0,0,14,0,0,0,0,31,14,500,2,4
571,S,8,8,7,11,4,1,0.5000,0.2500,0.2500,1.0000,1,0,15,0,0,0,0,32,14,500,2,4
572,S,8,8,7,12,4,1,0.5000,0.2500,0.2500,1.0000,0,0,15,0,0,0,0,32,14,500,2,4
573,S,8,8,7,10,4,1,0.5000,0.2500,0.2500,1.0000,0,0,15,0,0,0,0,32,14,500,2,4
574,S,8,8,7,11,4,1,0.5000,0.2500,0.2500,1.0000,0,0,15,0,0,0,0,32,14,500,2,4
575,S,8,8,7,9,4,1,0.5000,0.2500,0.2500,1.0000,0,0,15,0,0,0,0,32,14,500,2,4
576,S,8,8,7,10,4,1,0.5000,0.2500,0.2500,1.0000,0,0,15,0,0,0,0,32,14,500,2,4
577,S,8,8,7,9,4,2,0.5000,0.2500,0.2500,1.0000,1,0,16,0,0,0,0,32,15,500,2,4
578,S,8,8,7,10,4,2,0.5000,0.2500,0.2500,1.0000,0,0,16,0,0,0,0,32,15,500,2,4
579,S,8,8,7,11,4,2,0.5000,0.2500,0.2500,1.0000,0,0,16,0,0,0,0,32,15,500,2,4
580,S,9,9,7,13,5,2,0.4444,0.2222,0.1111,1.1111,0,0,16,0,0,0,0,32,15,500,1,4
581,S,9,9,7,14,5,2,0.4444,0.2222,0.1111,1.1111,0,0,16,0,0,0,0,32,15,500,1,4
582,S,9,9,7,13,5,2,0.4444,0.2222,0.1111,1.1111,0,0,16,0,0,0,0,32,15,500,1,4
583,S,10,10,7,18,6,2,0.4000,0.2000,0.0000,1.2000,0,0,16,0,0,0,0,32,15,500,0,4
584,S,10,10,7,18,8,2,0.6000,0.2000,0.0000,1.6000,1,0,17,0,0,0,0,34,15,500,0,4
585,S,10,10,7,21,8,2,0.6000,0.2000,0.0000,1.6000,0,0,17,0,0,0,0,34,15,500,0,4
586,S,10,10,7,22,8,2,0.6000,0.2000,0.0000,1.6000,0,0,17,0,0,0,0,34,15,500,0,4
587,S,10,10,7,23,10,2,0.6000,0.4000,0.0000,2.0000,1,0,18,0,0,0,0,36,15,500,0,4
588,S,10,10,7,19,11,2,0.6000,0.4000,0.0000,2.2000,0,0,18,0,0,0,0,37,15,500,0,4
589,S,10,10,7,19,12,4,0.6000,0.4000,0.0000,2.4000,0,0,18,0,0,0,0,38,17,500,0,4
590,S,10,10,7,18,12,4,0.6000,0.4000,0.0000,2.4000,0,0,18,0,0,0,0,38,17,500,0,4
591,S,10,10,7,18,12,4,0.6000,0.4000,0.0000,2.4000,0,0,18,0,0,0,0,38,17,500,0,4
592,S,10,10,7,17,12,5,0.6000,0.4000,0.0000,2.4000,0,0,18,0,0,0,0,38,18,500,0,4
593,S,10,10,7,17,12,6,0.6000,0.4000,0.0000,2.4000,0,0,18,0,0,0,0,38,19,500,0,4
594,S,10,10,7,17,12,6,0.6000,0.4000,0.0000,2.4000,0,0,18,0,0,0,0,38,19,500,0,4
595,S,10,10,7,19,12,6,0.6000,0.4000,0.0000,2.4000,0,0,18,0,0,0,0,38,19,500,0,4
596,S,10,10,7,18,12,6,0.6000,0.4000,0.0000,2.4000,0,0,18,0,0,0,0,38,19,500,0,4
597,S,10,10,7,18,12,6,0.6000,0.4000,0.0000,2.4000,0,0,18,0,0,0,0,38,19,500,0,4
598,S,10,10,7,20,12,6,0.6000,0.4000,0.0000,2.4000,0,0,18,0,0,0,0,38,19,500,0,4
599,S,10,10,7,17,12,6,0.6000,0.4000,0.0000,2.4000,0,0,18,0,0,0,0,38,19,500,0,4
600,S,10,10,7,17,12,6,0.6000,0.4000,0.0000,2.4000,0,0,18,0,0,0,0,38,19,500,0,4
601,S,10,10,7,17,12,6,0.6000,0.4000,0.0000,2.4000,0,0,18,0,0,0,0,38,19,500,0,4
602,S,10,10,7,17,12,6,0.6000,0.4000,0.0000,2.4000,0,0,18,0,0,0,0,38,19,500,0,4
603,S,10,10,7,16,11,6,0.6000,0.3000,0.1000,2.2000,0,0,18,0,0,0,0,38,19,500,1,4
604,S,10,10,7,16,11,6,0.6000,0.3000,0.1000,2.2000,0,0,18,0,0,0,0,38,19,500,1,4
605,S,10,10,7,17,11,6,0.6000,0.3000,0.1000,2.2000,0,0,18,0,0,0,0,38,19,500,1,4
606,S,10,10,7,19,11,6,0.6000,0.3000,0.1000,2.2000,0,0,18,0,0,0,0,38,19,500,1,4
607,S,10,10,7,19,12,6,0.6000,0.3000,0.1000,2.4000,0,0,18,0,0,0,0,39,19,500,1,4
608,S,10,10,7,19,12,6,0.6000,0.3000,0.1000,2.4000,0,0,18,0,0,0,0,39,19,500,1,4
609,S,10,10,7,18,12,6,0.6000,0.3000,0.1000,2.4000,0,0,18,0,0,0,0,39,19,500,1,4
610,S,10,10,7,18,12,6,0.6000,0.3000,0.1000,2.4000,0,0,18,0,0,0,0,39,19,500,1,4
611,S,10,10,7,18,11,6,0.5000,0.3000,0.2000,2.2000,0,0,18,0,0,0,0,39,19,500,2,4
612,S,10,10,7,18,11,6,0.5000,0.3000,0.2000,2.2000,0,0,18,0,0,0,0,39,19,500,2,4
613,S,10,10,7,16,11,6,0.5000,0.3000,0.2000,2.2000,0,0,18,0,0,0,0,39,19,500,2,4
614,S,10,10,7,16,11,6,0.5000,0.3000,0.2000,2.2000,0,0,18,0,0,0,0,39,19,500,2,4
615,S,10,10,7,16,11,6,0.5000,0.3000,0.2000,2.2000,0,0,18,0,0,0,0,39,19,500,2,4
616,S,10,10,7,16,11,6,0.5000,0.3000,0.2000,2.2000,0,0,18,0,0,0,0,39,19,500,2,4
617,S,10,10,7,16,11,6,0.5000,0.3000,0.2000,2.2000,0,0,18,0,0,0,0,39,19,500,2,4
618,S,10,10,7,16,11,6,0.5000,0.3000,0.2000,2.2000,0,0,18,0,0,0,0,39,19,500,2,4
619,S,10,10,7,19,11,6,0.5000,0.3000,0.2000,2.2000,0,0,18,0,0,0,0,39,19,500,2,4
620,S,10,10,7,19,11,6,0.5000,0.3000,0.2000,2.2000,0,0,18,0,0,0,0,39,19,500,2,4
621,S,10,10,7,19,11,6,0.5000,0.3000,0.2000,2.2000,0,0,18,0,0,0,0,39,19,500,2,4
622,S,10,10,7,20,11,6,0.5000,0.3000,0.2000,2.2000,0,0,18,0,0,0,0,39,19,500,2,4
623,S,10,10,7,18,11,6,0.5000,0.3000,0.2000,2.2000,0,0,18,0,0,0,0,39,19,500,2,4
624,S,10,10,7,16,11,6,0.5000,0.3000,0.2000,2.2000,0,0,18,0,0,0,0,39,19,500,2,4
625,S,10,10,7,16,11,6,0.5000,0.3000,0.2000,2.2000,0,0,18,0,0,0,0,39,19,500,2,4
626,S,10,10,7,16,10,6,0.5000,0.3000,0.2000,2.0000,0,0,18,0,0,0,0,39,19,500,2,4
627,S,10,10,7,19,9,6,0.5000,0.3000,0.2000,1.8000,0,0,18,0,0,0,0,39,19,500,2,4
628,S,10,10,7,20,9,6,0.5000,0.3000,0.2000,1.8000,0,0,18,0,0,0,0,39,19,500,2,4
629,S,10,10,7,17,9,6,0.5000,0.3000,0.2000,1.8000,0,0,18,0,0,0,0,39,19,500,2,4
630,S,10,10,7,16,9,6,0.5000,0.3000,0.2000,1.8000,0,0,18,0,0,0,0,39,19,500,2,4
631,S,10,10,7,21,9,6,0.5000,0.3000,0.2000,1.8000,0,0,18,0,0,0,0,39,19,500,2,4
632,S,10,10,7,21,9,6,0.5000,0.3000,0.2000,1.8000,0,0,18,0,0,0,0,39,19,500,2,4
633,S,10,10,7,25,9,6,0.5000,0.3000,0.2000,1.8000,0,0,18,0,0,0,0,39,19,500,2,4
634,S,10,10,7,21,9,6,0.5000,0.3000,0.2000,1.8000,0,0,18,0,0,0,0,39,19,500,2,4
635,S,10,10,7,24,9,6,0.5000,0.3000,0.2000,1.8000,0,0,18,0,0,0,0,39,19,500,2,4
636,S,10,10,7,23,9,6,0.5000,0.3000,0.2000,1.8000,0,0,18,0,0,0,0,39,19,500,2,4
637,S,10,10,7,24,9,6,0.5000,0.3000,0.2000,1.8000,0,0,18,0,0,0,0,39,19,500,2,4
638,S,10,10,7,24,9,6,0.5000,0.3000,0.2000,1.8000,0,0,18,0,0,0,0,39,19,500,2,4
639,S,10,10,7,25,9,6,0.5000,0.3000,0.2000,1.8000,0,0,18,0,0,0,0,39,19,500,2,4
640,S,10,10,7,28,9,6,0.5000,0.3000,0.2000,1.8000,0,0,18,0,0,0,0,39,19,500,2,4
641,S,10,10,7,24,9,6,0.5000,0.3000,0.2000,1.8000,0,0,18,0,0,0,0,39,19,500,2,4
642,S,10,10,7,23,8,6,0.5000,0.3000,0.2000,1.6000,0,0,18,0,0,0,0,39,19,500,2,4
643,S,10,10,7,25,8,6,0.5000,0.3000,0.2000,1.6000,0,0,18,0,0,0,0,39,19,500,2,4
644,S,10,10,7,26,8,6,0.5000,0.3000,0.2000,1.6000,0,0,18,0,0,0,0,39,19,500,2,4
645,S,10,10,7,24,8,6,0.5000,0.3000,0.2000,1.6000,0,0,18,0,0,0,0,39,19,500,2,4
646,S,10,10,7,25,8,6,0.5000,0.3000,0.2000,1.6000,0,0,18,0,0,0,0,39,19,500,2,4
647,S,10,10,7,24,7,6,0.4000,0.3000,0.3000,1.4000,0,0,18,0,0,0,0,39,19,500,3,4
648,S,10,10,7,23,7,6,0.4000,0.3000,0.3000,1.4000,0,0,18,0,0,0,0,39,19,500,3,4
649,S,10,10,7,26,7,6,0.4000,0.3000,0.3000,1.4000,0,0,18,0,0,0,0,39,19,500,3,4
650,S,10,10,7,28,7,6,0.4000,0.3000,0.3000,1.4000,0,0,18,0,0,0,0,39,19,500,3,4
651,S,10,10,7,28,7,6,0.4000,0.3000,0.3000,1.4000,0,0,18,0,0,0,0,39,19,500,3,4
652,S,10,10,7,24,7,6,0.4000,0.3000,0.3000,1.4000,0,0,18,0,0,0,0,39,19,500,3,4
653,S,10,10,7,25,7,6,0.4000,0.3000,0.3000,1.4000,0,0,18,0,0,0,0,39,19,500,3,4
654,S,10,10,7,25,7,6,0.4000,0.3000,0.3000,1.4000,0,0,18,0,0,0,0,39,19,500,3,4
655,S,10,10,7,25,7,6,0.4000,0.3000,0.3000,1.4000,0,0,18,0,0,0,0,39,19,500,3,4
656,S,10,10,7,25,7,6,0.4000,0.3000,0.3000,1.4000,0,0,18,0,0,0,0,39,19,500,3,4
657,S,10,10,7,26,7,6,0.4000,0.3000,0.3000,1.4000,0,0,18,0,0,0,0,39,19,500,3,4
658,S,10,10,7,24,9,6,0.7000,0.0000,0.3000,1.8000,0,0,18,0,0,0,0,41,19,500,3,4
659,S,10,10,7,25,8,6,0.4000,0.3000,0.3000,1.6000,0,0,18,0,0,0,0,41,19,500,3,4
660,S,10,10,7,26,8,6,0.4000,0.3000,0.3000,1.6000,0,0,18,0,0,0,0,41,19,500,3,4
661,S,10,10,7,26,8,6,0.4000,0.3000,0.3000,1.6000,0,0,18,0,0,0,0,41,19,500,3,4
662,S,10,10,7,25,8,6,0.4000,0.3000,0.3000,1.6000,0,0,18,0,0,0,0,41,19,500,3,4
663,S,10,10,7,26,8,6,0.4000,0.3000,0.3000,1.6000,0,0,18,0,0,0,0,41,19,500,3,4
664,S,10,10,7,24,8,6,0.4000,0.3000,0.3000,1.6000,0,0,18,0,0,0,0,41,19,500,3,4
665,S,10,10,7,21,8,6,0.4000,0.3000,0.3000,1.6000,0,0,18,0,0,0,0,41,19,500,3,4
666,S,10,10,7,19,8,6,0.4000,0.3000,0.3000,1.6000,0,0,18,0,0,0,0,41,19,500,3,4
667,S,10,10,7,18,8,6,0.4000,0.3000,0.3000,1.6000,0,0,18,0,0,0,0,41,19,500,3,4
668,S,10,10,7,20,8,6,0.4000,0.3000,0.3000,1.6000,0,0,18,0,0,0,0,41,19,500,3,4
669,S,10,10,7,20,8,6,0.4000,0.3000,0.3000,1.6000,0,0,18,0,0,0,0,41,19,500,3,4
670,S,10,10,7,19,8,6,0.4000,0.3000,0.3000,1.6000,0,0,18,0,0,0,0,41,19,500,3,4
671,S,10,10,7,20,8,6,0.4000,0.3000,0.3000,1.6000,0,0,18,0,0,0,0,41,19,500,3,4
672,S,10,10,7,24,8,6,0.4000,0.3000,0.3000,1.6000,0,0,18,0,0,0,0,41,19,500,3,4
673,S,10,10,7,27,8,6,0.4000,0.3000,0.3000,1.6000,0,0,18,0,0,0,0,41,19,500,3,4
674,S,10,10,7,24,8,6,0.4000,0.3000,0.3000,1.6000,0,0,18,0,0,0,0,41,19,500,3,4
675,S,10,10,7,26,8,6,0.4000,0.3000,0.3000,1.6000,0,0,18,0,0,0,0,41,19,500,3,4
676,S,10,10,7,26,8,6,0.4000,0.3000,0.3000,1.6000,0,0,18,0,0,0,0,41,19,500,3,4
677,S,10,10,7,24,8,6,0.4000,0.3000,0.3000,1.6000,0,0,18,0,0,0,0,41,19,500,3,4
678,S,10,10,7,26,8,6,0.4000,0.3000,0.3000,1.6000,0,0,18,0,0,0,0,41,19,500,3,4
679,S,10,10,7,26,8,6,0.4000,0.3000,0.3000,1.6000,0,0,18,0,0,0,0,41,19,500,3,4
680,S,10,10,7,25,8,6,0.4000,0.3000,0.3000,1.6000,0,0,18,0,0,0,0,41,19,500,3,4
681,S,10,10,7,22,8,6,0.4000,0.3000,0.3000,1.6000,0,0,18,0,0,0,0,41,19,500,3,4
682,S,10,10,7,20,7,6,0.4000,0.3000,0.3000,1.4000,0,0,18,0,0,0,0,41,19,500,3,4
683,S,10,10,7,23,6,6,0.3000,0.3000,0.4000,1.2000,0,0,18,0,0,0,0,41,19,500,4,4
684,S,10,10,7,25,6,6,0.3000,0.3000,0.4000,1.2000,0,0,18,0,0,0,0,41,19,500,4,4
685,S,10,10,7,26,6,6,0.3000,0.3000,0.4000,1.2000,0,0,18,0,0,0,0,41,19,500,4,4
686,S,10,10,7,21,6,6,0.3000,0.3000,0.4000,1.2000,0,0,18,0,0,0,0,41,19,500,4,4
687,S,10,10,7,20,6,6,0.3000,0.3000,0.4000,1.2000,0,0,18,0,0,0,0,41,19,500,4,4
688,S,10,10,7,18,6,6,0.3000,0.3000,0.4000,1.2000,0,0,18,0,0,0,0,41,19,500,4,4
689,S,6,10,11,6,1,1,0.3333,0.0000,0.6667,0.3333,0,5,18,0,0,0,0,41,19,500,3,3
690,S,3,10,14,1,0,0,0.3333,0.0000,1.0000,0.0000,0,1,18,0,0,0,0,41,19,500,1,1
691,S,2,10,15,1,0,0,0.5000,0.0000,1.0000,0.0000,0,0,18,0,0,0,0,41,19,500,1,1
692,S,1,10,16,0,0,0,1.0000,0.0000,1.0000,0.0000,0,0,18,0,0,0,0,41,19,500,1,1
693,S,1,10,16,0,0,0,1.0000,0.0000,1.0000,0.0000,0,0,18,0,0,0,0,41,19,500,1,1
694,S,1,10,16,0,0,0,1.0000,0.0000,1.0000,0.0000,0,0,18,0,0,0,0,41,19,500,1,1
695,S,1,10,16,0,0,0,1.0000,0.0000,1.0000,0.0000,0,0,18,0,0,0,0,41,19,500,1,1
696,S,1,10,16,0,0,0,1.0000,0.0000,1.0000,0.0000,0,0,18,0,0,0,0,41,19,500,1,1
697,S,1,10,16,0,0,0,1.0000,0.0000,1.0000,0.0000,0,0,18,0,0,0,0,41,19,500,1,1
698,S,1,10,16,0,0,0,1.0000,0.0000,1.0000,0.0000,0,0,18,0,0,0,0,41,19,500,1,1
699,S,1,10,16,0,0,0,1.0000,0.0000,1.0000,0.0000,0,0,18,0,0,0,0,41,19,500,1,1
700,S,1,10,16,0,0,0,1.0000,0.0000,1.0000,0.0000,0,0,18,0,0,0,0,41,19,500,1,1
701,S,1,10,16,0,0,0,1.0000,0.0000,1.0000,0.0000,0,0,18,0,0,0,0,41,19,500,1,1
702,S,1,10,16,0,0,0,1.0000,0.0000,1.0000,0.0000,0,0,18,0,0,0,0,41,19,500,1,1
703,S,1,10,16,0,0,0,1.0000,0.0000,1.0000,0.0000,0,0,18,0,0,0,0,41,19,500,1,1
704,S,0,10,17,0,0,0,0.0000,0.0000,0.0000,0.0000,0,0,18,0,0,0,0,41,19,500,0,0
705,S,0,10,17,0,0,0,0.0000,0.0000,0.0000,0.0000,0,0,18,0,0,0,0,41,19,500,0,0
706,S,0,10,17,0,0,0,0.0000,0.0000,0.0000,0.0000,0,0,18,0,0,0,0,41,19,500,0,0
707,S,0,10,17,0,0,0,0.0000,0.0000,0.0000,0.0000,0,0,18,0,0,0,0,41,19,500,0,0
708,S,0,10,17,0,0,0,0.0000,0.0000,0.0000,0.0000,0,0,18,0,0,0,0,41,19,500,0,0
709,S,0,10,17,0,0,0,0.0000,0.0000,0.0000,0.0000,0,0,18,0,0,0,0,41,19,500,0,0
710,S,0,10,17,0,0,0,0.0000,0.0000,0.0000,0.0000,0,0,18,0,0,0,0,41,19,500,0,0
711,S,0,10,17,0,0,0,0.0000,0.0000,0.0000,0.0000,0,0,18,0,0,0,0,41,19,500,0,0
712,S,0,10,17,0,0,0,0.0000,0.0000,0.0000,0.0000,0,0,18,0,0,0,0,41,19,500,0,0
713,S,0,10,17,0,0,0,0.0000,0.0000,0.0000,0.0000,0,0,18,0,0,0,0,41,19,500,0,0
714,S,0,10,17,0,0,0,0.0000,0.0000,0.0000,0.0000,0,0,18,0,0,0,0,41,19,500,0,0
715,S,0,10,17,0,0,0,0.0000,0.0000,0.0000,0.0000,0,0,18,0,0,0,0,41,19,500,0,0
716,S,0,10,17,0,0,0,0.0000,0.0000,0.0000,0.0000,0,0,18,0,0,0,0,41,19,500,0,0
717,S,0,10,17,0,0,0,0.0000,0.0000,0.0000,0.0000,0,0,18,0,0,0,0,41,19,500,0,0
718,S,0,10,17,0,0,0,0.0000,0.0000,0.0000,0.0000,0,0,18,0,0,0,0,41,19,500,0,0
719,S,0,10,17,0,0,0,0.0000,0.0000,0.0000,0.0000,0,0,18,0,0,0,0,41,19,500,0,0
720,S,0,10,17,0,0,0,0.0000,0.0000,0.0000,0.0000,0,0,18,0,0,0,0,41,19,500,0,0
721,S,0,10,17,0,0,0,0.0000,0.0000,0.0000,0.0000,0,0,18,0,0,0,0,41,19,500,0,0
722,S,0,10,17,0,0,0,0.0000,0.0000,0.0000,0.0000,0,0,18,0,0,0,0,41,19,500,0,0
723,S,0,10,17,0,0,0,0.0000,0.0000,0.0000,0.0000,0,0,18,0,0,0,0,41,19,500,0,0
724,S,0,10,17,0,0,0,0.0000,0.0000,0.0000,0.0000,0,0,18,0,0,0,0,41,19,500,0,0
725,S,0,10,17,0,0,0,0.0000,0.0000,0.0000,0.0000,0,0,18,0,0,0,0,41,19,500,0,0
726,S,0,10,17,0,0,0,0.0000,0.0000,0.0000,0.0000,0,0,18,0,0,0,0,41,19,500,0,0
727,S,0,10,17,0,0,0,0.0000,0.0000,0.0000,0.0000,0,0,18,0,0,0,0,41,19,500,0,0
728,S,0,10,17,0,0,0,0.0000,0.0000,0.0000,0.0000,0,0,18,0,0,0,0,41,19,500,0,0
729,S,0,10,17,0,0,0,0.0000,0.0000,0.0000,0.0000,0,0,18,0,0,0,0,41,19,500,0,0
730,S,0,10,17,0,0,0,0.0000,0.0000,0.0000,0.0000,0,0,18,0,0,0,0,41,19,500,0,0
731,S,0,10,17,0,0,0,0.0000,0.0000,0.0000,0.0000,0,0,18,0,0,0,0,41,19,500,0,0
732,S,0,10,17,0,0,0,0.0000,0.0000,0.0000,0.0000,0,0,18,0,0,0,0,41,19,500,0,0
733,S,0,10,17,0,0,0,0.0000,0.0000,0.0000,0.0000,0,0,18,0,0,0,0,41,19,500,0,0
734,S,0,10,17,0,0,0,0.0000,0.0000,0.0000,0.0000,0,0,18,0,0,0,0,41,19,500,0,0
735,S,0,10,17,0,0,0,0.0000,0.0000,0.0000,0.0000,0,0,18,0,0,0,0,41,19,500,0,0
736,S,0,10,17,0,0,0,0.0000,0.0000,0.0000,0.0000,0,0,18,0,0,0,0,41,19,500,0,0
737,S,0,10,17,0,0,0,0.0000,0.0000,0.0000,0.0000,0,0,18,0,0,0,0,41,19,500,0,0
738,S,0,10,17,0,0,0,0.0000,0.0000,0.0000,0.0000,0,0,18,0,0,0,0,41,19,500,0,0
739,S,0,10,17,0,0,0,0.0000,0.0000,0.0000,0.0000,0,0,18,0,0,0,0,41,19,500,0,0
740,S,0,10,17,0,0,0,0.0000,0.0000,0.0000,0.0000,0,0,18,0,0,0,0,41,19,500,0,0
741,S,0,10,17,0,0,0,0.0000,0.0000,0.0000,0.0000,0,0,18,0,0,0,0,41,19,500,0,0
742,S,0,10,17,0,0,0,0.0000,0.0000,0.0000,0.0000,0,0,18,0,0,0,0,41,19,500,0,0
743,S,0,10,17,0,0,0,0.0000,0.0000,0.0000,0.0000,0,0,18,0,0,0,0,41,19,500,0,0
744,S,0,10,17,0,0,0,0.0000,0.0000,0.0000,0.0000,0,0,18,0,0,0,0,41,19,500,0,0
745,S,0,10,17,0,0,0,0.0000,0.0000,0.0000,0.0000,0,0,18,0,0,0,0,41,19,500,0,0
746,S,0,10,17,0,0,0,0.0000,0.0000,0.0000,0.0000,0,0,18,0,0,0,0,41,19,500,0,0
747,S,0,10,17,0,0,0,0.0000,0.0000,0.0000,0.0000,0,0,18,0,0,0,0,41,19,500,0,0
748,S,0,10,17,0,0,0,0.0000,0.0000,0.0000,0.0000,0,0,18,0,0,0,0,41,19,500,0,0
749,S,0,10,17,0,0,0,0.0000,0.0000,0.0000,0.0000,0,0,18,0,0,0,0,41,19,500,0,0
750,S,0,10,17,0,0,0,0.0000,0.0000,0.0000,0.0000,0,0,18,0,0,0,0,41,19,500,0,0
751,S,0,10,17,0,0,0,0.0000,0.0000,0.0000,0.0000,0,0,18,0,0,0,0,41,19,500,0,0
752,S,0,10,17,0,0,0,0.0000,0.0000,0.0000,0.0000,0,0,18,0,0,0,0,41,19,500,0,0
753,S,0,10,17,0,0,0,0.0000,0.0000,0.0000,0.0000,0,0,18,0,0,0,0,41,19,500,0,0
754,S,0,10,17,0,0,0,0.0000,0.0000,0.0000,0.0000,0,0,18,0,0,0,0,41,19,500,0,0
755,S,0,10,17,0,0,0,0.0000,0.0000,0.0000,0.0000,0,0,18,0,0,0,0,41,19,500,0,0
756,S,0,10,17,0,0,0,0.0000,0.0000,0.0000,0.0000,0,0,18,0,0,0,0,41,19,500,0,0
757,S,0,10,17,0,0,0,0.0000,0.0000,0.0000,0.0000,0,0,18,0,0,0,0,41,19,500,0,0
758,S,0,10,17,0,0,0,0.0000,0.0000,0.0000,0.0000,0,0,18,0,0,0,0,41,19,500,0,0
759,S,0,10,17,0,0,0,0.0000,0.0000,0.0000,0.0000,0,0,18,0,0,0,0,41,19,500,0,0
760,S,0,10,17,0,0,0,0.0000,0.0000,0.0000,0.0000,0,0,18,0,0,0,0,41,19,500,0,0
761,S,0,10,17,0,0,0,0.0000,0.0000,0.0000,0.0000,0,0,18,0,0,0,0,41,19,500,0,0
762,S,0,10,17,0,0,0,0.0000,0.0000,0.0000,0.0000,0,0,18,0,0,0,0,41,19,500,0,0
763,S,0,10,17,0,0,0,0.0000,0.0000,0.0000,0.0000,0,0,18,0,0,0,0,41,19,500,0,0
764,S,0,10,17,0,0,0,0.0000,0.0000,0.0000,0.0000,0,0,18,0,0,0,0,41,19,500,0,0
765,S,0,10,17,0,0,0,0.0000,0.0000,0.0000,0.0000,0,0,18,0,0,0,0,41,19,500,0,0
766,S,0,10,17,0,0,0,0.0000,0.0000,0.0000,0.0000,0,0,18,0,0,0,0,41,19,500,0,0
767,S,0,10,17,0,0,0,0.0000,0.0000,0.0000,0.0000,0,0,18,0,0,0,0,41,19,500,0,0
768,S,0,10,17,0,0,0,0.0000,0.0000,0.0000,0.0000,0,0,18,0,0,0,0,41,19,500,0,0
769,S,0,10,17,0,0,0,0.0000,0.0000,0.0000,0.0000,0,0,18,0,0,0,0,41,19,500,0,0
770,S,0,10,17,0,0,0,0.0000,0.0000,0.0000,0.0000,0,0,18,0,0,0,0,41,19,500,0,0
771,S,0,10,17,0,0,0,0.0000,0.0000,0.0000,0.0000,0,0,18,0,0,0,0,41,19,500,0,0
772,S,0,10,17,0,0,0,0.0000,0.0000,0.0000,0.0000,0,0,18,0,0,0,0,41,19,500,0,0
773,S,0,10,17,0,0,0,0.0000,0.0000,0.0000,0.0000,0,0,18,0,0,0,0,41,19,500,0,0
774,S,0,10,17,0,0,0,0.0000,0.0000,0.0000,0.0000,0,0,18,0,0,0,0,41,19,500,0,0
775,S,0,10,17,0,0,0,0.0000,0.0000,0.0000,0.0000,0,0,18,0,0,0,0,41,19,500,0,0
776,S,0,10,17,0,0,0,0.0000,0.0000,0.0000,0.0000,0,0,18,0,0,0,0,41,19,500,0,0
777,S,0,10,17,0,0,0,0.0000,0.0000,0.0000,0.0000,0,0,18,0,0,0,0,41,19,500,0,0
778,S,0,10,17,0,0,0,0.0000,0.0000,0.0000,0.0000,0,0,18,0,0,0,0,41,19,500,0,0
779,S,0,10,17,0,0,0,0.0000,0.0000,0.0000,0.0000,0,0,18,0,0,0,0,41,19,500,0,0
780,S,0,10,17,0,0,0,0.0000,0.0000,0.0000,0.0000,0,0,18,0,0,0,0,41,19,500,0,0
781,S,0,10,17,0,0,0,0.0000,0.0000,0.0000,0.0000,0,0,18,0,0,0,0,41,19,500,0,0
782,S,0,10,17,0,0,0,0.0000,0.0000,0.0000,0.0000,0,0,18,0,0,0,0,41,19,500,0,0
783,S,0,10,17,0,0,0,0.0000,0.0000,0.0000,0.0000,0,0,18,0,0,0,0,41,19,500,0,0
784,S,0,10,17,0,0,0,0.0000,0.0000,0.0000,0.0000,0,0,18,0,0,0,0,41,19,500,0,0
785,S,0,10,17,0,0,0,0.0000,0.0000,0.0000,0.0000,0,0,18,0,0,0,0,41,19,500,0,0
786,S,0,10,17,0,0,0,0.0000,0.0000,0.0000,0.0000,0,0,18,0,0,0,0,41,19,500,0,0
787,S,0,10,17,0,0,0,0.0000,0.0000,0.0000,0.0000,0,0,18,0,0,0,0,41,19,500,0,0
788,S,0,10,17,0,0,0,0.0000,0.0000,0.0000,0.0000,0,0,18,0,0,0,0,41,19,500,0,0
789,S,0,10,17,0,0,0,0.0000,0.0000,0.0000,0.0000,0,0,18,0,0,0,0,41,19,500,0,0
790,S,0,10,17,0,0,0,0.0000,0.0000,0.0000,0.0000,0,0,18,0,0,0,0,41,19,500,0,0
791,S,0,10,17,0,0,0,0.0000,0.0000,0.0000,0.0000,0,0,18,0,0,0,0,41,19,500,0,0
792,S,0,10,17,0,0,0,0.0000,0.0000,0.0000,0.0000,0,0,18,0,0,0,0,41,19,500,0,0
793,S,0,10,17,0,0,0,0.0000,0.0000,0.0000,0.0000,0,0,18,0,0,0,0,41,19,500,0,0
794,S,0,10,17,0,0,0,0.0000,0.0000,0.0000,0.0000,0,0,18,0,0,0,0,41,19,500,0,0
795,S,0,10,17,0,0,0,0.0000,0.0000,0.0000,0.0000,0,0,18,0,0,0,0,41,19,500,0,0
796,S,0,10,17,0,0,0,0.0000,0.0000,0.0000,0.0000,0,0,18,0,0,0,0,41,19,500,0,0
797,S,0,10,17,0,0,0,0.0000,0.0000,0.0000,0.0000,0,0,18,0,0,0,0,41,19,500,0,0
798,S,0,10,17,0,0,0,0.0000,0.0000,0.0000,0.0000,0,0,18,0,0,0,0,41,19,500,0,0
799,S,0,10,17,0,0,0,0.0000,0.0000,0.0000,0.0000,0,0,18,0,0,0,0,41,19,500,0,0
800,S,0,10,17,0,0,0,0.0000,0.0000,0.0000,0.0000,0,0,18,0,0,0,0,41,19,500,0,0
801,S,0,10,17,0,0,0,0.0000,0.0000,0.0000,0.0000,0,0,18,0,0,0,0,41,19,500,0,0
802,S,0,10,17,0,0,0,0.0000,0.0000,0.0000,0.0000,0,0,18,0,0,0,0,41,19,500,0,0
803,S,0,10,17,0,0,0,0.0000,0.0000,0.0000,0.0000,0,0,18,0,0,0,0,41,19,500,0,0
804,S,0,10,17,0,0,0,0.0000,0.0000,0.0000,0.0000,0,0,18,0,0,0,0,41,19,500,0,0
805,S,0,10,17,0,0,0,0.0000,0.0000,0.0000,0.0000,0,0,18,0,0,0,0,41,19,500,0,0
806,S,0,10,17,0,0,0,0.0000,0.0000,0.0000,0.0000,0,0,18,0,0,0,0,41,19,500,0,0
807,S,0,10,17,0,0,0,0.0000,0.0000,0.0000,0.0000,0,0,18,0,0,0,0,41,19,500,0,0
808,S,0,10,17,0,0,0,0.0000,0.0000,0.0000,0.0000,0,0,18,0,0,0,0,41,19,500,0,0
809,S,0,10,17,0,0,0,0.0000,0.0000,0.0000,0.0000,0,0,18,0,0,0,0,41,19,500,0,0
810,S,0,10,17,0,0,0,0.0000,0.0000,0.0000,0.0000,0,0,18,0,0,0,0,41,19,500,0,0
811,S,0,10,17,0,0,0,0.0000,0.0000,0.0000,0.0000,0,0,18,0,0,0,0,41,19,500,0,0
812,S,0,10,17,0,0,0,0.0000,0.0000,0.0000,0.0000,0,0,18,0,0,0,0,41,19,500,0,0
813,S,0,10,17,0,0,0,0.0000,0.0000,0.0000,0.0000,0,0,18,0,0,0,0,41,19,500,0,0
814,S,0,10,17,0,0,0,0.0000,0.0000,0.0000,0.0000,0,0,18,0,0,0,0,41,19,500,0,0
815,S,0,10,17,0,0,0,0.0000,0.0000,0.0000,0.0000,0,0,18,0,0,0,0,41,19,500,0,0
816,S,0,10,17,0,0,0,0.0000,0.0000,0.0000,0.0000,0,0,18,0,0,0,0,41,19,500,0,0
817,S,0,10,17,0,0,0,0.0000,0.0000,0.0000,0.0000,0,0,18,0,0,0,0,41,19,500,0,0
818,S,0,10,17,0,0,0,0.0000,0.0000,0.0000,0.0000,0,0,18,0,0,0,0,41,19,500,0,0
819,S,0,10,17,0,0,0,0.0000,0.0000,0.0000,0.0000,0,0,18,0,0,0,0,41,19,500,0,0
820,S,0,10,17,0,0,0,0.0000,0.0000,0.0000,0.0000,0,0,18,0,0,0,0,41,19,500,0,0
821,S,0,10,17,0,0,0,0.0000,0.0000,0.0000,0.0000,0,0,18,0,0,0,0,41,19,500,0,0
822,S,0,10,17,0,0,0,0.0000,0.0000,0.0000,0.0000,0,0,18,0,0,0,0,41,19,500,0,0
823,S,0,10,17,0,0,0,0.0000,0.0000,0.0000,0.0000,0,0,18,0,0,0,0,41,19,500,0,0
824,S,0,10,17,0,0,0,0.0000,0.0000,0.0000,0.0000,0,0,18,0,0,0,0,41,19,500,0,0
825,S,0,10,17,0,0,0,0.0000,0.0000,0.0000,0.0000,0,0,18,0,0,0,0,41,19,500,0,0
826,S,0,10,17,0,0,0,0.0000,0.0000,0.0000,0.0000,0,0,18,0,0,0,0,41,19,500,0,0
827,S,0,10,17,0,0,0,0.0000,0.0000,0.0000,0.0000,0,0,18,0,0,0,0,41,19,500,0,0
828,S,0,10,17,0,0,0,0.0000,0.0000,0.0000,0.0000,0,0,18,0,0,0,0,41,19,500,0,0
829,S,0,10,17,0,0,0,0.0000,0.0000,0.0000,0.0000,0,0,18,0,0,0,0,41,19,500,0,0
830,S,0,10,17,0,0,0,0.0000,0.0000,0.0000,0.0000,0,0,18,0,0,0,0,41,19,500,0,0
831,S,0,10,17,0,0,0,0.0000,0.0000,0.0000,0.0000,0,0,18,0,0,0,0,41,19,500,0,0
832,S,0,10,17,0,0,0,0.0000,0.0000,0.0000,0.0000,0,0,18,0,0,0,0,41,19,500,0,0
833,S,0,10,17,0,0,0,0.0000,0.0000,0.0000,0.0000,0,0,18,0,0,0,0,41,19,500,0,0
834,S,0,10,17,0,0,0,0.0000,0.0000,0.0000,0.0000,0,0,18,0,0,0,0,41,19,500,0,0
835,S,0,10,17,0,0,0,0.0000,0.0000,0.0000,0.0000,0,0,18,0,0,0,0,41,19,500,0,0
836,S,0,10,17,0,0,0,0.0000,0.0000,0.0000,0.0000,0,0,18,0,0,0,0,41,19,500,0,0
837,S,0,10,17,0,0,0,0.0000,0.0000,0.0000,0.0000,0,0,18,0,0,0,0,41,19,500,0,0
838,S,0,10,17,0,0,0,0.0000,0.0000,0.0000,0.0000,0,0,18,0,0,0,0,41,19,500,0,0
839,S,0,10,17,0,0,0,0.0000,0.0000,0.0000,0.0000,0,0,18,0,0,0,0,41,19,500,0,0
840,S,0,10,17,0,0,0,0.0000,0.0000,0.0000,0.0000,0,0,18,0,0,0,0,41,19,500,0,0
841,S,0,10,17,0,0,0,0.0000,0.0000,0.0000,0.0000,0,0,18,0,0,0,0,41,19,500,0,0
842,S,0,10,17,0,0,0,0.0000,0.0000,0.0000,0.0000,0,0,18,0,0,0,0,41,19,500,0,0
843,S,0,10,17,0,0,0,0.0000,0.0000,0.0000,0.0000,0,0,18,0,0,0,0,41,19,500,0,0
844,S,0,10,17,0,0,0,0.0000,0.0000,0.0000,0.0000,0,0,18,0,0,0,0,41,19,500,0,0
845,S,0,10,17,0,0,0,0.0000,0.0000,0.0000,0.0000,0,0,18,0,0,0,0,41,19,500,0,0
846,S,0,10,17,0,0,0,0.0000,0.0000,0.0000,0.0000,0,0,18,0,0,0,0,41,19,500,0,0
847,S,0,10,17,0,0,0,0.0000,0.0000,0.0000,0.0000,0,0,18,0,0,0,0,41,19,500,0,0
848,S,0,10,17,0,0,0,0.0000,0.0000,0.0000,0.0000,0,0,18,0,0,0,0,41,19,500,0,0
849,S,0,10,17,0,0,0,0.0000,0.0000,0.0000,0.0000,0,0,18,0,0,0,0,41,19,500,0,0
850,S,0,10,17,0,0,0,0.0000,0.0000,0.0000,0.0000,0,0,18,0,0,0,0,41,19,500,0,0
851,S,0,10,17,0,0,0,0.0000,0.0000,0.0000,0.0000,0,0,18,0,0,0,0,41,19,500,0,0
852,S,0,10,17,0,0,0,0.0000,0.0000,0.0000,0.0000,0,0,18,0,0,0,0,41,19,500,0,0
853,S,0,10,17,0,0,0,0.0000,0.0000,0.0000,0.0000,0,0,18,0,0,0,0,41,19,500,0,0
854,S,0,10,17,0,0,0,0.0000,0.0000,0.0000,0.0000,0,0,18,0,0,0,0,41,19,500,0,0
855,S,0,10,17,0,0,0,0.0000,0.0000,0.0000,0.0000,0,0,18,0,0,0,0,41,19,500,0,0
856,S,0,10,17,0,0,0,0.0000,0.0000,0.0000,0.0000,0,0,18,0,0,0,0,41,19,500,0,0
857,S,0,10,17,0,0,0,0.0000,0.0000,0.0000,0.0000,0,0,18,0,0,0,0,41,19,500,0,0
858,S,0,10,17,0,0,0,0.0000,0.0000,0.0000,0.0000,0,0,18,0,0,0,0,41,19,500,0,0
859,S,0,10,17,0,0,0,0.0000,0.0000,0.0000,0.0000,0,0,18,0,0,0,0,41,19,500,0,0
860,S,0,10,17,0,0,0,0.0000,0.0000,0.0000,0.0000,0,0,18,0,0,0,0,41,19,500,0,0
861,S,0,10,17,0,0,0,0.0000,0.0000,0.0000,0.0000,0,0,18,0,0,0,0,41,19,500,0,0
862,S,0,10,17,0,0,0,0.0000,0.0000,0.0000,0.0000,0,0,18,0,0,0,0,41,19,500,0,0
863,S,0,10,17,0,0,0,0.0000,0.0000,0.0000,0.0000,0,0,18,0,0,0,0,41,19,500,0,0
864,S,0,10,17,0,0,0,0.0000,0.0000,0.0000,0.0000,0,0,18,0,0,0,0,41,19,500,0,0
865,S,0,10,17,0,0,0,0.0000,0.0000,0.0000,0.0000,0,0,18,0,0,0,0,41,19,500,0,0
866,S,0,10,17,0,0,0,0.0000,0.0000,0.0000,0.0000,0,0,18,0,0,0,0,41,19,500,0,0
867,S,0,10,17,0,0,0,0.0000,0.0000,0.0000,0.0000,0,0,18,0,0,0,0,41,19,500,0,0
868,S,0,10,17,0,0,0,0.0000,0.0000,0.0000,0.0000,0,0,18,0,0,0,0,41,19,500,0,0
869,S,0,10,17,0,0,0,0.0000,0.0000,0.0000,0.0000,0,0,18,0,0,0,0,41,19,500,0,0
870,S,0,10,17,0,0,0,0.0000,0.0000,0.0000,0.0000,0,0,18,0,0,0,0,41,19,500,0,0
871,S,0,10,17,0,0,0,0.0000,0.0000,0.0000,0.0000,0,0,18,0,0,0,0,41,19,500,0,0
872,S,0,10,17,0,0,0,0.0000,0.0000,0.0000,0.0000,0,0,18,0,0,0,0,41,19,500,0,0
873,S,0,10,17,0,0,0,0.0000,0.0000,0.0000,0.0000,0,0,18,0,0,0,0,41,19,500,0,0
874,S,0,10,17,0,0,0,0.0000,0.0000,0.0000,0.0000,0,0,18,0,0,0,0,41,19,500,0,0
875,S,0,10,17,0,0,0,0.0000,0.0000,0.0000,0.0000,0,0,18,0,0,0,0,41,19,500,0,0
876,S,0,10,17,0,0,0,0.0000,0.0000,0.0000,0.0000,0,0,18,0,0,0,0,41,19,500,0,0
877,S,0,10,17,0,0,0,0.0000,0.0000,0.0000,0.0000,0,0,18,0,0,0,0,41,19,500,0,0
878,S,0,10,17,0,0,0,0.0000,0.0000,0.0000,0.0000,0,0,18,0,0,0,0,41,19,500,0,0
879,S,0,10,17,0,0,0,0.0000,0.0000,0.0000,0.0000,0,0,18,0,0,0,0,41,19,500,0,0
880,S,0,10,17,0,0,0,0.0000,0.0000,0.0000,0.0000,0,0,18,0,0,0,0,41,19,500,0,0
881,S,0,10,17,0,0,0,0.0000,0.0000,0.0000,0.0000,0,0,18,0,0,0,0,41,19,500,0,0
882,S,0,10,17,0,0,0,0.0000,0.0000,0.0000,0.0000,0,0,18,0,0,0,0,41,19,500,0,0
883,S,0,10,17,0,0,0,0.0000,0.0000,0.0000,0.0000,0,0,18,0,0,0,0,41,19,500,0,0
884,S,0,10,17,0,0,0,0.0000,0.0000,0.0000,0.0000,0,0,18,0,0,0,0,41,19,500,0,0
885,S,0,10,17,0,0,0,0.0000,0.0000,0.0000,0.0000,0,0,18,0,0,0,0,41,19,500,0,0
886,S,0,10,17,0,0,0,0.0000,0.0000,0.0000,0.0000,0,0,18,0,0,0,0,41,19,500,0,0
887,S,0,10,17,0,0,0,0.0000,0.0000,0.0000,0.0000,0,0,18,0,0,0,0,41,19,500,0,0
888,S,0,10,17,0,0,0,0.0000,0.0000,0.0000,0.0000,0,0,18,0,0,0,0,41,19,500,0,0
889,S,0,10,17,0,0,0,0.0000,0.0000,0.0000,0.0000,0,0,18,0,0,0,0,41,19,500,0,0
890,S,0,10,17,0,0,0,0.0000,0.0000,0.0000,0.0000,0,0,18,0,0,0,0,41,19,500,0,0
891,S,0,10,17,0,0,0,0.0000,0.0000,0.0000,0.0000,0,0,18,0,0,0,0,41,19,500,0,0
892,S,0,10,17,0,0,0,0.0000,0.0000,0.0000,0.0000,0,0,18,0,0,0,0,41,19,500,0,0
893,S,0,10,17,0,0,0,0.0000,0.0000,0.0000,0.0000,0,0,18,0,0,0,0,41,19,500,0,0
894,S,0,10,17,0,0,0,0.0000,0.0000,0.0000,0.0000,0,0,18,0,0,0,0,41,19,500,0,0
895,S,0,10,17,0,0,0,0.0000,0.0000,0.0000,0.0000,0,0,18,0,0,0,0,41,19,500,0,0
896,S,0,10,17,0,0,0,0.0000,0.0000,0.0000,0.0000,0,0,18,0,0,0,0,41,19,500,0,0
897,S,0,10,17,0,0,0,0.0000,0.0000,0.0000,0.0000,0,0,18,0,0,0,0,41,19,500,0,0
898,S,0,10,17,0,0,0,0.0000,0.0000,0.0000,0.0000,0,0,18,0,0,0,0,41,19,500,0,0
899,S,0,10,17,0,0,0,0.0000,0.0000,0.0000,0.0000,0,0,18,0,0,0,0,41,19,500,0,0
900,S,0,10,17,0,0,0,0.0000,0.0000,0.0000,0.0000,0,0,18,0,0,0,0,41,19,500,0,0
901,S,0,10,17,0,0,0,0.0000,0.0000,0.0000,0.0000,0,0,18,0,0,0,0,41,19,500,0,0
902,S,0,10,17,0,0,0,0.0000,0.0000,0.0000,0.0000,0,0,18,0,0,0,0,41,19,500,0,0
903,S,0,10,17,0,0,0,0.0000,0.0000,0.0000,0.0000,0,0,18,0,0,0,0,41,19,500,0,0
904,S,0,10,17,0,0,0,0.0000,0.0000,0.0000,0.0000,0,0,18,0,0,0,0,41,19,500,0,0
905,S,0,10,17,0,0,0,0.0000,0.0000,0.0000,0.0000,0,0,18,0,0,0,0,41,19,500,0,0
906,S,0,10,17,0,0,0,0.0000,0.0000,0.0000,0.0000,0,0,18,0,0,0,0,41,19,500,0,0
907,S,0,10,17,0,0,0,0.0000,0.0000,0.0000,0.0000,0,0,18,0,0,0,0,41,19,500,0,0
908,S,0,10,17,0,0,0,0.0000,0.0000,0.0000,0.0000,0,0,18,0,0,0,0,41,19,500,0,0
909,S,0,10,17,0,0,0,0.0000,0.0000,0.0000,0.0000,0,0,18,0,0,0,0,41,19,500,0,0
910,S,0,10,17,0,0,0,0.0000,0.0000,0.0000,0.0000,0,0,18,0,0,0,0,41,19,500,0,0
911,S,0,10,17,0,0,0,0.0000,0.0000,0.0000,0.0000,0,0,18,0,0,0,0,41,19,500,0,0
912,S,0,10,17,0,0,0,0.0000,0.0000,0.0000,0.0000,0,0,18,0,0,0,0,41,19,500,0,0
913,S,0,10,17,0,0,0,0.0000,0.0000,0.0000,0.0000,0,0,18,0,0,0,0,41,19,500,0,0
914,S,0,10,17,0,0,0,0.0000,0.0000,0.0000,0.0000,0,0,18,0,0,0,0,41,19,500,0,0
915,S,0,10,17,0,0,0,0.0000,0.0000,0.0000,0.0000,0,0,18,0,0,0,0,41,19,500,0,0
916,S,0,10,17,0,0,0,0.0000,0.0000,0.0000,0.0000,0,0,18,0,0,0,0,41,19,500,0,0
917,S,0,10,17,0,0,0,0.0000,0.0000,0.0000,0.0000,0,0,18,0,0,0,0,41,19,500,0,0
918,S,0,10,17,0,0,0,0.0000,0.0000,0.0000,0.0000,0,0,18,0,0,0,0,41,19,500,0,0
919,S,0,10,17,0,0,0,0.0000,0.0000,0.0000,0.0000,0,0,18,0,0,0,0,41,19,500,0,0
920,S,0,10,17,0,0,0,0.0000,0.0000,0.0000,0.0000,0,0,18,0,0,0,0,41,19,500,0,0
921,S,0,10,17,0,0,0,0.0000,0.0000,0.0000,0.0000,0,0,18,0,0,0,0,41,19,500,0,0
922,S,0,10,17,0,0,0,0.0000,0.0000,0.0000,0.0000,0,0,18,0,0,0,0,41,19,500,0,0
923,S,0,10,17,0,0,0,0.0000,0.0000,0.0000,0.0000,0,0,18,0,0,0,0,41,19,500,0,0
924,S,0,10,17,0,0,0,0.0000,0.0000,0.0000,0.0000,0,0,18,0,0,0,0,41,19,500,0,0
925,S,0,10,17,0,0,0,0.0000,0.0000,0.0000,0.0000,0,0,18,0,0,0,0,41,19,500,0,0
926,S,0,10,17,0,0,0,0.0000,0.0000,0.0000,0.0000,0,0,18,0,0,0,0,41,19,500,0,0
927,S,0,10,17,0,0,0,0.0000,0.0000,0.0000,0.0000,0,0,18,0,0,0,0,41,19,500,0,0
928,S,0,10,17,0,0,0,0.0000,0.0000,0.0000,0.0000,0,0,18,0,0,0,0,41,19,500,0,0
929,S,0,10,17,0,0,0,0.0000,0.0000,0.0000,0.0000,0,0,18,0,0,0,0,41,19,500,0,0
930,S,0,10,17,0,0,0,0.0000,0.0000,0.0000,0.0000,0,0,18,0,0,0,0,41,19,500,0,0
931,S,0,10,17,0,0,0,0.0000,0.0000,0.0000,0.0000,0,0,18,0,0,0,0,41,19,500,0,0
932,S,0,10,17,0,0,0,0.0000,0.0000,0.0000,0.0000,0,0,18,0,0,0,0,41,19,500,0,0
933,S,0,10,17,0,0,0,0.0000,0.0000,0.0000,0.0000,0,0,18,0,0,0,0,41,19,500,0,0
934,S,0,10,17,0,0,0,0.0000,0.0000,0.0000,0.0000,0,0,18,0,0,0,0,41,19,500,0,0
935,S,0,10,17,0,0,0,0.0000,0.0000,0.0000,0.0000,0,0,18,0,0,0,0,41,19,500,0,0
936,S,0,10,17,0,0,0,0.0000,0.0000,0.0000,0.0000,0,0,18,0,0,0,0,41,19,500,0,0
937,S,0,10,17,0,0,0,0.0000,0.0000,0.0000,0.0000,0,0,18,0,0,0,0,41,19,500,0,0
938,S,0,10,17,0,0,0,0.0000,0.0000,0.0000,0.0000,0,0,18,0,0,0,0,41,19,500,0,0
939,S,0,10,17,0,0,0,0.0000,0.0000,0.0000,0.0000,0,0,18,0,0,0,0,41,19,500,0,0
940,S,0,10,17,0,0,0,0.0000,0.0000,0.0000,0.0000,0,0,18,0,0,0,0,41,19,500,0,0
941,S,0,10,17,0,0,0,0.0000,0.0000,0.0000,0.0000,0,0,18,0,0,0,0,41,19,500,0,0
942,S,0,10,17,0,0,0,0.0000,0.0000,0.0000,0.0000,0,0,18,0,0,0,0,41,19,500,0,0
943,S,0,10,17,0,0,0,0.0000,0.0000,0.0000,0.0000,0,0,18,0,0,0,0,41,19,500,0,0
944,S,0,10,17,0,0,0,0.0000,0.0000,0.0000,0.0000,0,0,18,0,0,0,0,41,19,500,0,0
945,S,0,10,17,0,0,0,0.0000,0.0000,0.0000,0.0000,0,0,18,0,0,0,0,41,19,500,0,0
946,S,0,10,17,0,0,0,0.0000,0.0000,0.0000,0.0000,0,0,18,0,0,0,0,41,19,500,0,0
947,S,0,10,17,0,0,0,0.0000,0.0000,0.0000,0.0000,0,0,18,0,0,0,0,41,19,500,0,0
948,S,0,10,17,0,0,0,0.0000,0.0000,0.0000,0.0000,0,0,18,0,0,0,0,41,19,500,0,0
949,S,0,10,17,0,0,0,0.0000,0.0000,0.0000,0.0000,0,0,18,0,0,0,0,41,19,500,0,0
950,S,0,10,17,0,0,0,0.0000,0.0000,0.0000,0.0000,0,0,18,0,0,0,0,41,19,500,0,0
951,S,0,10,17,0,0,0,0.0000,0.0000,0.0000,0.0000,0,0,18,0,0,0,0,41,19,500,0,0
952,S,0,10,17,0,0,0,0.0000,0.0000,0.0000,0.0000,0,0,18,0,0,0,0,41,19,500,0,0
953,S,0,10,17,0,0,0,0.0000,0.0000,0.0000,0.0000,0,0,18,0,0,0,0,41,19,500,0,0
954,S,0,10,17,0,0,0,0.0000,0.0000,0.0000,0.0000,0,0,18,0,0,0,0,41,19,500,0,0
955,S,0,10,17,0,0,0,0.0000,0.0000,0.0000,0.0000,0,0,18,0,0,0,0,41,19,500,0,0
956,S,0,10,17,0,0,0,0.0000,0.0000,0.0000,0.0000,0,0,18,0,0,0,0,41,19,500,0,0
957,S,0,10,17,0,0,0,0.0000,0.0000,0.0000,0.0000,0,0,18,0,0,0,0,41,19,500,0,0
958,S,0,10,17,0,0,0,0.0000,0.0000,0.0000,0.0000,0,0,18,0,0,0,0,41,19,500,0,0
959,S,0,10,17,0,0,0,0.0000,0.0000,0.0000,0.0000,0,0,18,0,0,0,0,41,19,500,0,0
960,S,0,10,17,0,0,0,0.0000,0.0000,0.0000,0.0000,0,0,18,0,0,0,0,41,19,500,0,0
961,S,0,10,17,0,0,0,0.0000,0.0000,0.0000,0.0000,0,0,18,0,0,0,0,41,19,500,0,0
962,S,0,10,17,0,0,0,0.0000,0.0000,0.0000,0.0000,0,0,18,0,0,0,0,41,19,500,0,0
963,S,0,10,17,0,0,0,0.0000,0.0000,0.0000,0.0000,0,0,18,0,0,0,0,41,19,500,0,0
964,S,0,10,17,0,0,0,0.0000,0.0000,0.0000,0.0000,0,0,18,0,0,0,0,41,19,500,0,0
965,S,0,10,17,0,0,0,0.0000,0.0000,0.0000,0.0000,0,0,18,0,0,0,0,41,19,500,0,0
966,S,0,10,17,0,0,0,0.0000,0.0000,0.0000,0.0000,0,0,18,0,0,0,0,41,19,500,0,0
967,S,0,10,17,0,0,0,0.0000,0.0000,0.0000,0.0000,0,0,18,0,0,0,0,41,19,500,0,0
968,S,0,10,17,0,0,0,0.0000,0.0000,0.0000,0.0000,0,0,18,0,0,0,0,41,19,500,0,0
969,S,0,10,17,0,0,0,0.0000,0.0000,0.0000,0.0000,0,0,18,0,0,0,0,41,19,500,0,0
970,S,0,10,17,0,0,0,0.0000,0.0000,0.0000,0.0000,0,0,18,0,0,0,0,41,19,500,0,0
971,S,0,10,17,0,0,0,0.0000,0.0000,0.0000,0.0000,0,0,18,0,0,0,0,41,19,500,0,0
972,S,0,10,17,0,0,0,0.0000,0.0000,0.0000,0.0000,0,0,18,0,0,0,0,41,19,500,0,0
973,S,0,10,17,0,0,0,0.0000,0.0000,0.0000,0.0000,0,0,18,0,0,0,0,41,19,500,0,0
974,S,0,10,17,0,0,0,0.0000,0.0000,0.0000,0.0000,0,0,18,0,0,0,0,41,19,500,0,0
975,S,0,10,17,0,0,0,0.0000,0.0000,0.0000,0.0000,0,0,18,0,0,0,0,41,19,500,0,0
976,S,0,10,17,0,0,0,0.0000,0.0000,0.0000,0.0000,0,0,18,0,0,0,0,41,19,500,0,0
977,S,0,10,17,0,0,0,0.0000,0.0000,0.0000,0.0000,0,0,18,0,0,0,0,41,19,500,0,0
978,S,0,10,17,0,0,0,0.0000,0.0000,0.0000,0.0000,0,0,18,0,0,0,0,41,19,500,0,0
979,S,0,10,17,0,0,0,0.0000,0.0000,0.0000,0.0000,0,0,18,0,0,0,0,41,19,500,0,0
980,S,0,10,17,0,0,0,0.0000,0.0000,0.0000,0.0000,0,0,18,0,0,0,0,41,19,500,0,0
981,S,0,10,17,0,0,0,0.0000,0.0000,0.0000,0.0000,0,0,18,0,0,0,0,41,19,500,0,0
982,S,0,10,17,0,0,0,0.0000,0.0000,0.0000,0.0000,0,0,18,0,0,0,0,41,19,500,0,0
983,S,0,10,17,0,0,0,0.0000,0.0000,0.0000,0.0000,0,0,18,0,0,0,0,41,19,500,0,0
984,S,0,10,17,0,0,0,0.0000,0.0000,0.0000,0.0000,0,0,18,0,0,0,0,41,19,500,0,0
985,S,0,10,17,0,0,0,0.0000,0.0000,0.0000,0.0000,0,0,18,0,0,0,0,41,19,500,0,0
986,S,0,10,17,0,0,0,0.0000,0.0000,0.0000,0.0000,0,0,18,0,0,0,0,41,19,500,0,0
987,S,0,10,17,0,0,0,0.0000,0.0000,0.0000,0.0000,0,0,18,0,0,0,0,41,19,500,0,0
988,S,0,10,17,0,0,0,0.0000,0.0000,0.0000,0.0000,0,0,18,0,0,0,0,41,19,500,0,0
989,S,0,10,17,0,0,0,0.0000,0.0000,0.0000,0.0000,0,0,18,0,0,0,0,41,19,500,0,0
990,S,0,10,17,0,0,0,0.0000,0.0000,0.0000,0.0000,0,0,18,0,0,0,0,41,19,500,0,0
991,S,0,10,17,0,0,0,0.0000,0.0000,0.0000,0.0000,0,0,18,0,0,0,0,41,19,500,0,0
992,S,0,10,17,0,0,0,0.0000,0.0000,0.0000,0.0000,0,0,18,0,0,0,0,41,19,500,0,0
993,S,0,10,17,0,0,0,0.0000,0.0000,0.0000,0.0000,0,0,18,0,0,0,0,41,19,500,0,0
994,S,0,10,17,0,0,0,0.0000,0.0000,0.0000,0.0000,0,0,18,0,0,0,0,41,19,500,0,0
995,S,0,10,17,0,0,0,0.0000,0.0000,0.0000,0.0000,0,0,18,0,0,0,0,41,19,500,0,0
996,S,0,10,17,0,0,0,0.0000,0.0000,0.0000,0.0000,0,0,18,0,0,0,0,41,19,500,0,0
997,S,0,10,17,0,0,0,0.0000,0.0000,0.0000,0.0000,0,0,18,0,0,0,0,41,19,500,0,0
998,S,0,10,17,0,0,0,0.0000,0.0000,0.0000,0.0000,0,0,18,0,0,0,0,41,19,500,0,0
999,S,0,10,17,0,0,0,0.0000,0.0000,0.0000,0.0000,0,0,18,0,0,0,0,41,19,500,0,0
1000,S,0,10,17,0,0,0,0.0000,0.0000,0.0000,0.0000,0,0,18,0,0,0,0,41,19,500,0,0
1001,S,0,10,17,0,0,0,0.0000,0.0000,0.0000,0.0000,0,0,18,0,0,0,0,41,19,500,0,0
1002,S,0,10,17,0,0,0,0.0000,0.0000,0.0000,0.0000,0,0,18,0,0,0,0,41,19,500,0,0
1003,S,0,10,17,0,0,0,0.0000,0.0000,0.0000,0.0000,0,0,18,0,0,0,0,41,19,500,0,0
1004,S,0,10,17,0,0,0,0.0000,0.0000,0.0000,0.0000,0,0,18,0,0,0,0,41,19,500,0,0
1005,S,0,10,17,0,0,0,0.0000,0.0000,0.0000,0.0000,0,0,18,0,0,0,0,41,19,500,0,0
1006,S,0,10,17,0,0,0,0.0000,0.0000,0.0000,0.0000,0,0,18,0,0,0,0,41,19,500,0,0
1007,S,0,10,17,0,0,0,0.0000,0.0000,0.0000,0.0000,0,0,18,0,0,0,0,41,19,500,0,0
1008,S,0,10,17,0,0,0,0.0000,0.0000,0.0000,0.0000,0,0,18,0,0,0,0,41,19,500,0,0
1009,S,0,10,17,0,0,0,0.0000,0.0000,0.0000,0.0000,0,0,18,0,0,0,0,41,19,500,0,0
1010,S,0,10,17,0,0,0,0.0000,0.0000,0.0000,0.0000,0,0,18,0,0,0,0,41,19,500,0,0
1011,S,0,10,17,0,0,0,0.0000,0.0000,0.0000,0.0000,0,0,18,0,0,0,0,41,19,500,0,0
1012,S,0,10,17,0,0,0,0.0000,0.0000,0.0000,0.0000,0,0,18,0,0,0,0,41,19,500,0,0
1013,S,0,10,17,0,0,0,0.0000,0.0000,0.0000,0.0000,0,0,18,0,0,0,0,41,19,500,0,0
1014,S,0,10,17,0,0,0,0.0000,0.0000,0.0000,0.0000,0,0,18,0,0,0,0,41,19,500,0,0
1015,S,0,10,17,0,0,0,0.0000,0.0000,0.0000,0.0000,0,0,18,0,0,0,0,41,19,500,0,0
1016,S,0,10,17,0,0,0,0.0000,0.0000,0.0000,0.0000,0,0,18,0,0,0,0,41,19,500,0,0
1017,S,0,10,17,0,0,0,0.0000,0.0000,0.0000,0.0000,0,0,18,0,0,0,0,41,19,500,0,0
1018,S,0,10,17,0,0,0,0.0000,0.0000,0.0000,0.0000,0,0,18,0,0,0,0,41,19,500,0,0
1019,S,0,10,17,0,0,0,0.0000,0.0000,0.0000,0.0000,0,0,18,0,0,0,0,41,19,500,0,0
1020,S,0,10,17,0,0,0,0.0000,0.0000,0.0000,0.0000,0,0,18,0,0,0,0,41,19,500,0,0
1021,S,0,10,17,0,0,0,0.0000,0.0000,0.0000,0.0000,0,0,18,0,0,0,0,41,19,500,0,0
1022,S,0,10,17,0,0,0,0.0000,0.0000,0.0000,0.0000,0,0,18,0,0,0,0,41,19,500,0,0
1023,S,0,10,17,0,0,0,0.0000,0.0000,0.0000,0.0000,0,0,18,0,0,0,0,41,19,500,0,0
1024,S,0,10,17,0,0,0,0.0000,0.0000,0.0000,0.0000,0,0,18,0,0,0,0,41,19,500,0,0
1025,S,0,10,17,0,0,0,0.0000,0.0000,0.0000,0.0000,0,0,18,0,0,0,0,41,19,500,0,0
1026,S,0,10,17,0,0,0,0.0000,0.0000,0.0000,0.0000,0,0,18,0,0,0,0,41,19,500,0,0
1027,S,0,10,17,0,0,0,0.0000,0.0000,0.0000,0.0000,0,0,18,0,0,0,0,41,19,500,0,0
1028,S,0,10,17,0,0,0,0.0000,0.0000,0.0000,0.0000,0,0,18,0,0,0,0,41,19,500,0,0
1029,S,0,10,17,0,0,0,0.0000,0.0000,0.0000,0.0000,0,0,18,0,0,0,0,41,19,500,0,0
1030,S,0,10,17,0,0,0,0.0000,0.0000,0.0000,0.0000,0,0,18,0,0,0,0,41,19,500,0,0
1031,S,0,10,17,0,0,0,0.0000,0.0000,0.0000,0.0000,0,0,18,0,0,0,0,41,19,500,0,0
1032,S,0,10,17,0,0,0,0.0000,0.0000,0.0000,0.0000,0,0,18,0,0,0,0,41,19,500,0,0
1033,S,0,10,17,0,0,0,0.0000,0.0000,0.0000,0.0000,0,0,18,0,0,0,0,41,19,500,0,0
1034,S,0,10,17,0,0,0,0.0000,0.0000,0.0000,0.0000,0,0,18,0,0,0,0,41,19,500,0,0
1035,S,0,10,17,0,0,0,0.0000,0.0000,0.0000,0.0000,0,0,18,0,0,0,0,41,19,500,0,0
1036,S,0,10,17,0,0,0,0.0000,0.0000,0.0000,0.0000,0,0,18,0,0,0,0,41,19,500,0,0
1037,S,0,10,17,0,0,0,0.0000,0.0000,0.0000,0.0000,0,0,18,0,0,0,0,41,19,500,0,0
1038,S,0,10,17,0,0,0,0.0000,0.0000,0.0000,0.0000,0,0,18,0,0,0,0,41,19,500,0,0
1039,S,0,10,17,0,0,0,0.0000,0.0000,0.0000,0.0000,0,0,18,0,0,0,0,41,19,500,0,0
1040,S,0,10,17,0,0,0,0.0000,0.0000,0.0000,0.0000,0,0,18,0,0,0,0,41,19,500,0,0
1041,S,0,10,17,0,0,0,0.0000,0.0000,0.0000,0.0000,0,0,18,0,0,0,0,41,19,500,0,0
1042,S,0,10,17,0,0,0,0.0000,0.0000,0.0000,0.0000,0,0,18,0,0,0,0,41,19,500,0,0
1043,S,0,10,17,0,0,0,0.0000,0.0000,0.0000,0.0000,0,0,18,0,0,0,0,41,19,500,0,0
1044,S,0,10,17,0,0,0,0.0000,0.0000,0.0000,0.0000,0,0,18,0,0,0,0,41,19,500,0,0
1045,S,0,10,17,0,0,0,0.0000,0.0000,0.0000,0.0000,0,0,18,0,0,0,0,41,19,500,0,0
1046,S,0,10,17,0,0,0,0.0000,0.0000,0.0000,0.0000,0,0,18,0,0,0,0,41,19,500,0,0
1047,S,0,10,17,0,0,0,0.0000,0.0000,0.0000,0.0000,0,0,18,0,0,0,0,41,19,500,0,0
1048,S,0,10,17,0,0,0,0.0000,0.0000,0.0000,0.0000,0,0,18,0,0,0,0,41,19,500,0,0
1049,S,0,10,17,0,0,0,0.0000,0.0000,0.0000,0.0000,0,0,18,0,0,0,0,41,19,500,0,0
1050,S,0,10,17,0,0,0,0.0000,0.0000,0.0000,0.0000,0,0,18,0,0,0,0,41,19,500,0,0
1051,S,0,10,17,0,0,0,0.0000,0.0000,0.0000,0.0000,0,0,18,0,0,0,0,41,19,500,0,0
1052,S,0,10,17,0,0,0,0.0000,0.0000,0.0000,0.0000,0,0,18,0,0,0,0,41,19,500,0,0
1053,S,0,10,17,0,0,0,0.0000,0.0000,0.0000,0.0000,0,0,18,0,0,0,0,41,19,500,0,0
1054,S,0,10,17,0,0,0,0.0000,0.0000,0.0000,0.0000,0,0,18,0,0,0,0,41,19,500,0,0
1055,S,0,10,17,0,0,0,0.0000,0.0000,0.0000,0.0000,0,0,18,0,0,0,0,41,19,500,0,0
1056,S,0,10,17,0,0,0,0.0000,0.0000,0.0000,0.0000,0,0,18,0,0,0,0,41,19,500,0,0
1057,S,0,10,17,0,0,0,0.0000,0.0000,0.0000,0.0000,0,0,18,0,0,0,0,41,19,500,0,0
1058,S,0,10,17,0,0,0,0.0000,0.0000,0.0000,0.0000,0,0,18,0,0,0,0,41,19,500,0,0
1059,S,0,10,17,0,0,0,0.0000,0.0000,0.0000,0.0000,0,0,18,0,0,0,0,41,19,500,0,0
1060,S,0,10,17,0,0,0,0.0000,0.0000,0.0000,0.0000,0,0,18,0,0,0,0,41,19,500,0,0
1061,S,0,10,17,0,0,0,0.0000,0.0000,0.0000,0.0000,0,0,18,0,0,0,0,41,19,500,0,0
1062,S,0,10,17,0,0,0,0.0000,0.0000,0.0000,0.0000,0,0,18,0,0,0,0,41,19,500,0,0
1063,S,0,10,17,0,0,0,0.0000,0.0000,0.0000,0.0000,0,0,18,0,0,0,0,41,19,500,0,0
1064,S,0,10,17,0,0,0,0.0000,0.0000,0.0000,0.0000,0,0,18,0,0,0,0,41,19,500,0,0
1065,S,0,10,17,0,0,0,0.0000,0.0000,0.0000,0.0000,0,0,18,0,0,0,0,41,19,500,0,0
1066,S,0,10,17,0,0,0,0.0000,0.0000,0.0000,0.0000,0,0,18,0,0,0,0,41,19,500,0,0
1067,S,0,10,17,0,0,0,0.0000,0.0000,0.0000,0.0000,0,0,18,0,0,0,0,41,19,500,0,0
1068,S,0,10,17,0,0,0,0.0000,0.0000,0.0000,0.0000,0,0,18,0,0,0,0,41,19,500,0,0
1069,S,0,10,17,0,0,0,0.0000,0.0000,0.0000,0.0000,0,0,18,0,0,0,0,41,19,500,0,0
1070,S,0,10,17,0,0,0,0.0000,0.0000,0.0000,0.0000,0,0,18,0,0,0,0,41,19,500,0,0
1071,S,0,10,17,0,0,0,0.0000,0.0000,0.0000,0.0000,0,0,18,0,0,0,0,41,19,500,0,0
1072,S,0,10,17,0,0,0,0.0000,0.0000,0.0000,0.0000,0,0,18,0,0,0,0,41,19,500,0,0
1073,S,0,10,17,0,0,0,0.0000,0.0000,0.0000,0.0000,0,0,18,0,0,0,0,41,19,500,0,0
1074,S,0,10,17,0,0,0,0.0000,0.0000,0.0000,0.0000,0,0,18,0,0,0,0,41,19,500,0,0
1075,S,0,10,17,0,0,0,0.0000,0.0000,0.0000,0.0000,0,0,18,0,0,0,0,41,19,500,0,0
1076,S,0,10,17,0,0,0,0.0000,0.0000,0.0000,0.0000,0,0,18,0,0,0,0,41,19,500,0,0
1077,S,0,10,17,0,0,0,0.0000,0.0000,0.0000,0.0000,0,0,18,0,0,0,0,41,19,500,0,0
1078,S,0,10,17,0,0,0,0.0000,0.0000,0.0000,0.0000,0,0,18,0,0,0,0,41,19,500,0,0
1079,S,0,10,17,0,0,0,0.0000,0.0000,0.0000,0.0000,0,0,18,0,0,0,0,41,19,500,0,0
1080,S,0,10,17,0,0,0,0.0000,0.0000,0.0000,0.0000,0,0,18,0,0,0,0,41,19,500,0,0
1081,S,0,10,17,0,0,0,0.0000,0.0000,0.0000,0.0000,0,0,18,0,0,0,0,41,19,500,0,0
1082,S,0,10,17,0,0,0,0.0000,0.0000,0.0000,0.0000,0,0,18,0,0,0,0,41,19,500,0,0
1083,S,0,10,17,0,0,0,0.0000,0.0000,0.0000,0.0000,0,0,18,0,0,0,0,41,19,500,0,0
1084,S,0,10,17,0,0,0,0.0000,0.0000,0.0000,0.0000,0,0,18,0,0,0,0,41,19,500,0,0
1085,S,0,10,17,0,0,0,0.0000,0.0000,0.0000,0.0000,0,0,18,0,0,0,0,41,19,500,0,0
1086,S,0,10,17,0,0,0,0.0000,0.0000,0.0000,0.0000,0,0,18,0,0,0,0,41,19,500,0,0
1087,S,0,10,17,0,0,0,0.0000,0.0000,0.0000,0.0000,0,0,18,0,0,0,0,41,19,500,0,0
1088,S,0,10,17,0,0,0,0.0000,0.0000,0.0000,0.0000,0,0,18,0,0,0,0,41,19,500,0,0
1089,S,0,10,17,0,0,0,0.0000,0.0000,0.0000,0.0000,0,0,18,0,0,0,0,41,19,500,0,0
1090,S,0,10,17,0,0,0,0.0000,0.0000,0.0000,0.0000,0,0,18,0,0,0,0,41,19,500,0,0
1091,S,0,10,17,0,0,0,0.0000,0.0000,0.0000,0.0000,0,0,18,0,0,0,0,41,19,500,0,0
1092,S,0,10,17,0,0,0,0.0000,0.0000,0.0000,0.0000,0,0,18,0,0,0,0,41,19,500,0,0
1093,S,0,10,17,0,0,0,0.0000,0.0000,0.0000,0.0000,0,0,18,0,0,0,0,41,19,500,0,0
1094,S,0,10,17,0,0,0,0.0000,0.0000,0.0000,0.0000,0,0,18,0,0,0,0,41,19,500,0,0
1095,S,0,10,17,0,0,0,0.0000,0.0000,0.0000,0.0000,0,0,18,0,0,0,0,41,19,500,0,0
1096,S,0,10,17,0,0,0,0.0000,0.0000,0.0000,0.0000,0,0,18,0,0,0,0,41,19,500,0,0
1097,S,0,10,17,0,0,0,0.0000,0.0000,0.0000,0.0000,0,0,18,0,0,0,0,41,19,500,0,0
1098,S,0,10,17,0,0,0,0.0000,0.0000,0.0000,0.0000,0,0,18,0,0,0,0,41,19,500,0,0
1099,S,0,10,17,0,0,0,0.0000,0.0000,0.0000,0.0000,0,0,18,0,0,0,0,41,19,500,0,0
1100,S,0,10,17,0,0,0,0.0000,0.0000,0.0000,0.0000,0,0,18,0,0,0,0,41,19,500,0,0
1101,S,0,10,17,0,0,0,0.0000,0.0000,0.0000,0.0000,0,0,18,0,0,0,0,41,19,500,0,0
1102,S,0,10,17,0,0,0,0.0000,0.0000,0.0000,0.0000,0,0,18,0,0,0,0,41,19,500,0,0
1103,S,0,10,17,0,0,0,0.0000,0.0000,0.0000,0.0000,0,0,18,0,0,0,0,41,19,500,0,0
1104,S,0,10,17,0,0,0,0.0000,0.0000,0.0000,0.0000,0,0,18,0,0,0,0,41,19,500,0,0
1105,S,0,10,17,0,0,0,0.0000,0.0000,0.0000,0.0000,0,0,18,0,0,0,0,41,19,500,0,0
1106,S,0,10,17,0,0,0,0.0000,0.0000,0.0000,0.0000,0,0,18,0,0,0,0,41,19,500,0,0
1107,S,0,10,17,0,0,0,0.0000,0.0000,0.0000,0.0000,0,0,18,0,0,0,0,41,19,500,0,0
1108,S,0,10,17,0,0,0,0.0000,0.0000,0.0000,0.0000,0,0,18,0,0,0,0,41,19,500,0,0
1109,S,0,10,17,0,0,0,0.0000,0.0000,0.0000,0.0000,0,0,18,0,0,0,0,41,19,500,0,0
1110,S,0,10,17,0,0,0,0.0000,0.0000,0.0000,0.0000,0,0,18,0,0,0,0,41,19,500,0,0
1111,S,0,10,17,0,0,0,0.0000,0.0000,0.0000,0.0000,0,0,18,0,0,0,0,41,19,500,0,0
1112,S,0,10,17,0,0,0,0.0000,0.0000,0.0000,0.0000,0,0,18,0,0,0,0,41,19,500,0,0
1113,S,0,10,17,0,0,0,0.0000,0.0000,0.0000,0.0000,0,0,18,0,0,0,0,41,19,500,0,0
1114,S,0,10,17,0,0,0,0.0000,0.0000,0.0000,0.0000,0,0,18,0,0,0,0,41,19,500,0,0
1115,S,0,10,17,0,0,0,0.0000,0.0000,0.0000,0.0000,0,0,18,0,0,0,0,41,19,500,0,0
1116,S,0,10,17,0,0,0,0.0000,0.0000,0.0000,0.0000,0,0,18,0,0,0,0,41,19,500,0,0
1117,S,0,10,17,0,0,0,0.0000,0.0000,0.0000,0.0000,0,0,18,0,0,0,0,41,19,500,0,0
1118,S,0,10,17,0,0,0,0.0000,0.0000,0.0000,0.0000,0,0,18,0,0,0,0,41,19,500,0,0
1119,S,0,10,17,0,0,0,0.0000,0.0000,0.0000,0.0000,0,0,18,0,0,0,0,41,19,500,0,0
1120,S,0,10,17,0,0,0,0.0000,0.0000,0.0000,0.0000,0,0,18,0,0,0,0,41,19,500,0,0
1121,S,0,10,17,0,0,0,0.0000,0.0000,0.0000,0.0000,0,0,18,0,0,0,0,41,19,500,0,0
1122,S,0,10,17,0,0,0,0.0000,0.0000,0.0000,0.0000,0,0,18,0,0,0,0,41,19,500,0,0
1123,S,0,10,17,0,0,0,0.0000,0.0000,0.0000,0.0000,0,0,18,0,0,0,0,41,19,500,0,0
1124,S,0,10,17,0,0,0,0.0000,0.0000,0.0000,0.0000,0,0,18,0,0,0,0,41,19,500,0,0
1125,S,0,10,17,0,0,0,0.0000,0.0000,0.0000,0.0000,0,0,18,0,0,0,0,41,19,500,0,0
1126,S,0,10,17,0,0,0,0.0000,0.0000,0.0000,0.0000,0,0,18,0,0,0,0,41,19,500,0,0
1127,S,0,10,17,0,0,0,0.0000,0.0000,0.0000,0.0000,0,0,18,0,0,0,0,41,19,500,0,0
1128,S,0,10,17,0,0,0,0.0000,0.0000,0.0000,0.0000,0,0,18,0,0,0,0,41,19,500,0,0
1129,S,0,10,17,0,0,0,0.0000,0.0000,0.0000,0.0000,0,0,18,0,0,0,0,41,19,500,0,0
1130,S,0,10,17,0,0,0,0.0000,0.0000,0.0000,0.0000,0,0,18,0,0,0,0,41,19,500,0,0
1131,S,0,10,17,0,0,0,0.0000,0.0000,0.0000,0.0000,0,0,18,0,0,0,0,41,19,500,0,0
1132,S,0,10,17,0,0,0,0.0000,0.0000,0.0000,0.0000,0,0,18,0,0,0,0,41,19,500,0,0
1133,S,0,10,17,0,0,0,0.0000,0.0000,0.0000,0.0000,0,0,18,0,0,0,0,41,19,500,0,0
1134,S,0,10,17,0,0,0,0.0000,0.0000,0.0000,0.0000,0,0,18,0,0,0,0,41,19,500,0,0
1135,S,0,10,17,0,0,0,0.0000,0.0000,0.0000,0.0000,0,0,18,0,0,0,0,41,19,500,0,0
1136,S,0,10,17,0,0,0,0.0000,0.0000,0.0000,0.0000,0,0,18,0,0,0,0,41,19,500,0,0
1137,S,0,10,17,0,0,0,0.0000,0.0000,0.0000,0.0000,0,0,18,0,0,0,0,41,19,500,0,0
1138,S,0,10,17,0,0,0,0.0000,0.0000,0.0000,0.0000,0,0,18,0,0,0,0,41,19,500,0,0
1139,S,0,10,17,0,0,0,0.0000,0.0000,0.0000,0.0000,0,0,18,0,0,0,0,41,19,500,0,0
1140,S,0,10,17,0,0,0,0.0000,0.0000,0.0000,0.0000,0,0,18,0,0,0,0,41,19,500,0,0
1141,S,0,10,17,0,0,0,0.0000,0.0000,0.0000,0.0000,0,0,18,0,0,0,0,41,19,500,0,0
1142,S,0,10,17,0,0,0,0.0000,0.0000,0.0000,0.0000,0,0,18,0,0,0,0,41,19,500,0,0
1143,S,0,10,17,0,0,0,0.0000,0.0000,0.0000,0.0000,0,0,18,0,0,0,0,41,19,500,0,0
1144,S,0,10,17,0,0,0,0.0000,0.0000,0.0000,0.0000,0,0,18,0,0,0,0,41,19,500,0,0
1145,S,0,10,17,0,0,0,0.0000,0.0000,0.0000,0.0000,0,0,18,0,0,0,0,41,19,500,0,0
1146,S,0,10,17,0,0,0,0.0000,0.0000,0.0000,0.0000,0,0,18,0,0,0,0,41,19,500,0,0
1147,S,0,10,17,0,0,0,0.0000,0.0000,0.0000,0.0000,0,0,18,0,0,0,0,41,19,500,0,0
1148,S,0,10,17,0,0,0,0.0000,0.0000,0.0000,0.0000,0,0,18,0,0,0,0,41,19,500,0,0
1149,S,0,10,17,0,0,0,0.0000,0.0000,0.0000,0.0000,0,0,18,0,0,0,0,41,19,500,0,0
1150,S,0,10,17,0,0,0,0.0000,0.0000,0.0000,0.0000,0,0,18,0,0,0,0,41,19,500,0,0
1151,S,0,10,17,0,0,0,0.0000,0.0000,0.0000,0.0000,0,0,18,0,0,0,0,41,19,500,0,0
1152,S,0,10,17,0,0,0,0.0000,0.0000,0.0000,0.0000,0,0,18,0,0,0,0,41,19,500,0,0
1153,S,0,10,17,0,0,0,0.0000,0.0000,0.0000,0.0000,0,0,18,0,0,0,0,41,19,500,0,0
1154,S,0,10,17,0,0,0,0.0000,0.0000,0.0000,0.0000,0,0,18,0,0,0,0,41,19,500,0,0
1155,S,0,10,17,0,0,0,0.0000,0.0000,0.0000,0.0000,0,0,18,0,0,0,0,41,19,500,0,0
1156,S,0,10,17,0,0,0,0.0000,0.0000,0.0000,0.0000,0,0,18,0,0,0,0,41,19,500,0,0
1157,S,0,10,17,0,0,0,0.0000,0.0000,0.0000,0.0000,0,0,18,0,0,0,0,41,19,500,0,0
1158,S,0,10,17,0,0,0,0.0000,0.0000,0.0000,0.0000,0,0,18,0,0,0,0,41,19,500,0,0
1159,S,0,10,17,0,0,0,0.0000,0.0000,0.0000,0.0000,0,0,18,0,0,0,0,41,19,500,0,0
1160,S,0,10,17,0,0,0,0.0000,0.0000,0.0000,0.0000,0,0,18,0,0,0,0,41,19,500,0,0
1161,S,0,10,17,0,0,0,0.0000,0.0000,0.0000,0.0000,0,0,18,0,0,0,0,41,19,500,0,0
1162,S,0,10,17,0,0,0,0.0000,0.0000,0.0000,0.0000,0,0,18,0,0,0,0,41,19,500,0,0
1163,S,0,10,17,0,0,0,0.0000,0.0000,0.0000,0.0000,0,0,18,0,0,0,0,41,19,500,0,0
1164,S,0,10,17,0,0,0,0.0000,0.0000,0.0000,0.0000,0,0,18,0,0,0,0,41,19,500,0,0
1165,S,0,10,17,0,0,0,0.0000,0.0000,0.0000,0.0000,0,0,18,0,0,0,0,41,19,500,0,0
1166,S,0,10,17,0,0,0,0.0000,0.0000,0.0000,0.0000,0,0,18,0,0,0,0,41,19,500,0,0
1167,S,0,10,17,0,0,0,0.0000,0.0000,0.0000,0.0000,0,0,18,0,0,0,0,41,19,500,0,0
1168,S,0,10,17,0,0,0,0.0000,0.0000,0.0000,0.0000,0,0,18,0,0,0,0,41,19,500,0,0
1169,S,0,10,17,0,0,0,0.0000,0.0000,0.0000,0.0000,0,0,18,0,0,0,0,41,19,500,0,0
1170,S,0,10,17,0,0,0,0.0000,0.0000,0.0000,0.0000,0,0,18,0,0,0,0,41,19,500,0,0
1171,S,0,10,17,0,0,0,0.0000,0.0000,0.0000,0.0000,0,0,18,0,0,0,0,41,19,500,0,0
1172,S,0,10,17,0,0,0,0.0000,0.0000,0.0000,0.0000,0,0,18,0,0,0,0,41,19,500,0,0
1173,S,0,10,17,0,0,0,0.0000,0.0000,0.0000,0.0000,0,0,18,0,0,0,0,41,19,500,0,0
1174,S,0,10,17,0,0,0,0.0000,0.0000,0.0000,0.0000,0,0,18,0,0,0,0,41,19,500,0,0
1175,S,0,10,17,0,0,0,0.0000,0.0000,0.0000,0.0000,0,0,18,0,0,0,0,41,19,500,0,0
1176,S,0,10,17,0,0,0,0.0000,0.0000,0.0000,0.0000,0,0,18,0,0,0,0,41,19,500,0,0
1177,S,0,10,17,0,0,0,0.0000,0.0000,0.0000,0.0000,0,0,18,0,0,0,0,41,19,500,0,0
1178,S,0,10,17,0,0,0,0.0000,0.0000,0.0000,0.0000,0,0,18,0,0,0,0,41,19,500,0,0
1179,S,0,10,17,0,0,0,0.0000,0.0000,0.0000,0.0000,0,0,18,0,0,0,0,41,19,500,0,0
1180,S,0,10,17,0,0,0,0.0000,0.0000,0.0000,0.0000,0,0,18,0,0,0,0,41,19,500,0,0
1181,S,0,10,17,0,0,0,0.0000,0.0000,0.0000,0.0000,0,0,18,0,0,0,0,41,19,500,0,0
1182,S,0,10,17,0,0,0,0.0000,0.0000,0.0000,0.0000,0,0,18,0,0,0,0,41,19,500,0,0
1183,S,0,10,17,0,0,0,0.0000,0.0000,0.0000,0.0000,0,0,18,0,0,0,0,41,19,500,0,0
1184,S,0,10,17,0,0,0,0.0000,0.0000,0.0000,0.0000,0,0,18,0,0,0,0,41,19,500,0,0
1185,S,0,10,17,0,0,0,0.0000,0.0000,0.0000,0.0000,0,0,18,0,0,0,0,41,19,500,0,0
1186,S,0,10,17,0,0,0,0.0000,0.0000,0.0000,0.0000,0,0,18,0,0,0,0,41,19,500,0,0
1187,S,0,10,17,0,0,0,0.0000,0.0000,0.0000,0.0000,0,0,18,0,0,0,0,41,19,500,0,0
1188,S,0,10,17,0,0,0,0.0000,0.0000,0.0000,0.0000,0,0,18,0,0,0,0,41,19,500,0,0
1189,S,0,10,17,0,0,0,0.0000,0.0000,0.0000,0.0000,0,0,18,0,0,0,0,41,19,500,0,0
1190,S,0,10,17,0,0,0,0.0000,0.0000,0.0000,0.0000,0,0,18,0,0,0,0,41,19,500,0,0
1191,S,0,10,17,0,0,0,0.0000,0.0000,0.0000,0.0000,0,0,18,0,0,0,0,41,19,500,0,0
1192,S,0,10,17,0,0,0,0.0000,0.0000,0.0000,0.0000,0,0,18,0,0,0,0,41,19,500,0,0
1193,S,0,10,17,0,0,0,0.0000,0.0000,0.0000,0.0000,0,0,18,0,0,0,0,41,19,500,0,0
1194,S,0,10,17,0,0,0,0.0000,0.0000,0.0000,0.0000,0,0,18,0,0,0,0,41,19,500,0,0
1195,S,0,10,17,0,0,0,0.0000,0.0000,0.0000,0.0000,0,0,18,0,0,0,0,41,19,500,0,0
1196,S,0,10,17,0,0,0,0.0000,0.0000,0.0000,0.0000,0,0,18,0,0,0,0,41,19,500,0,0
1197,S,0,10,17,0,0,0,0.0000,0.0000,0.0000,0.0000,0,0,18,0,0,0,0,41,19,500,0,0
1198,S,0,10,17,0,0,0,0.0000,0.0000,0.0000,0.0000,0,0,18,0,0,0,0,41,19,500,0,0
1199,S,0,10,17,0,0,0,0.0000,0.0000,0.0000,0.0000,0,0,18,0,0,0,0,41,19,500,0,0
1200,S,0,10,17,0,0,0,0.0000,0.0000,0.0000,0.0000,0,0,18,0,0,0,0,41,19,500,0,0
1201,S,0,10,17,0,0,0,0.0000,0.0000,0.0000,0.0000,0,0,18,0,0,0,0,41,19,500,0,0
1202,S,0,10,17,0,0,0,0.0000,0.0000,0.0000,0.0000,0,0,18,0,0,0,0,41,19,500,0,0
1203,S,0,10,17,0,0,0,0.0000,0.0000,0.0000,0.0000,0,0,18,0,0,0,0,41,19,500,0,0
1204,S,0,10,17,0,0,0,0.0000,0.0000,0.0000,0.0000,0,0,18,0,0,0,0,41,19,500,0,0
1205,S,0,10,17,0,0,0,0.0000,0.0000,0.0000,0.0000,0,0,18,0,0,0,0,41,19,500,0,0
1206,S,0,10,17,0,0,0,0.0000,0.0000,0.0000,0.0000,0,0,18,0,0,0,0,41,19,500,0,0
1207,S,0,10,17,0,0,0,0.0000,0.0000,0.0000,0.0000,0,0,18,0,0,0,0,41,19,500,0,0
1208,S,0,10,17,0,0,0,0.0000,0.0000,0.0000,0.0000,0,0,18,0,0,0,0,41,19,500,0,0
1209,S,0,10,17,0,0,0,0.0000,0.0000,0.0000,0.0000,0,0,18,0,0,0,0,41,19,500,0,0
1210,S,0,10,17,0,0,0,0.0000,0.0000,0.0000,0.0000,0,0,18,0,0,0,0,41,19,500,0,0
1211,S,0,10,17,0,0,0,0.0000,0.0000,0.0000,0.0000,0,0,18,0,0,0,0,41,19,500,0,0
1212,S,0,10,17,0,0,0,0.0000,0.0000,0.0000,0.0000,0,0,18,0,0,0,0,41,19,500,0,0
1213,S,0,10,17,0,0,0,0.0000,0.0000,0.0000,0.0000,0,0,18,0,0,0,0,41,19,500,0,0
1214,S,0,10,17,0,0,0,0.0000,0.0000,0.0000,0.0000,0,0,18,0,0,0,0,41,19,500,0,0
1215,S,0,10,17,0,0,0,0.0000,0.0000,0.0000,0.0000,0,0,18,0,0,0,0,41,19,500,0,0
1216,S,0,10,17,0,0,0,0.0000,0.0000,0.0000,0.0000,0,0,18,0,0,0,0,41,19,500,0,0
1217,S,0,10,17,0,0,0,0.0000,0.0000,0.0000,0.0000,0,0,18,0,0,0,0,41,19,500,0,0
1218,S,0,10,17,0,0,0,0.0000,0.0000,0.0000,0.0000,0,0,18,0,0,0,0,41,19,500,0,0
1219,S,0,10,17,0,0,0,0.0000,0.0000,0.0000,0.0000,0,0,18,0,0,0,0,41,19,500,0,0
1220,S,0,10,17,0,0,0,0.0000,0.0000,0.0000,0.0000,0,0,18,0,0,0,0,41,19,500,0,0
1221,S,0,10,17,0,0,0,0.0000,0.0000,0.0000,0.0000,0,0,18,0,0,0,0,41,19,500,0,0
1222,S,0,10,17,0,0,0,0.0000,0.0000,0.0000,0.0000,0,0,18,0,0,0,0,41,19,500,0,0
1223,S,0,10,17,0,0,0,0.0000,0.0000,0.0000,0.0000,0,0,18,0,0,0,0,41,19,500,0,0
1224,S,0,10,17,0,0,0,0.0000,0.0000,0.0000,0.0000,0,0,18,0,0,0,0,41,19,500,0,0
1225,S,0,10,17,0,0,0,0.0000,0.0000,0.0000,0.0000,0,0,18,0,0,0,0,41,19,500,0,0
1226,S,0,10,17,0,0,0,0.0000,0.0000,0.0000,0.0000,0,0,18,0,0,0,0,41,19,500,0,0
1227,S,0,10,17,0,0,0,0.0000,0.0000,0.0000,0.0000,0,0,18,0,0,0,0,41,19,500,0,0
1228,S,0,10,17,0,0,0,0.0000,0.0000,0.0000,0.0000,0,0,18,0,0,0,0,41,19,500,0,0
1229,S,0,10,17,0,0,0,0.0000,0.0000,0.0000,0.0000,0,0,18,0,0,0,0,41,19,500,0,0
1230,S,0,10,17,0,0,0,0.0000,0.0000,0.0000,0.0000,0,0,18,0,0,0,0,41,19,500,0,0
1231,S,0,10,17,0,0,0,0.0000,0.0000,0.0000,0.0000,0,0,18,0,0,0,0,41,19,500,0,0
1232,S,0,10,17,0,0,0,0.0000,0.0000,0.0000,0.0000,0,0,18,0,0,0,0,41,19,500,0,0
1233,S,0,10,17,0,0,0,0.0000,0.0000,0.0000,0.0000,0,0,18,0,0,0,0,41,19,500,0,0
1234,S,0,10,17,0,0,0,0.0000,0.0000,0.0000,0.0000,0,0,18,0,0,0,0,41,19,500,0,0
1235,S,0,10,17,0,0,0,0.0000,0.0000,0.0000,0.0000,0,0,18,0,0,0,0,41,19,500,0,0
1236,S,0,10,17,0,0,0,0.0000,0.0000,0.0000,0.0000,0,0,18,0,0,0,0,41,19,500,0,0
1237,S,0,10,17,0,0,0,0.0000,0.0000,0.0000,0.0000,0,0,18,0,0,0,0,41,19,500,0,0
1238,S,0,10,17,0,0,0,0.0000,0.0000,0.0000,0.0000,0,0,18,0,0,0,0,41,19,500,0,0
1239,S,0,10,17,0,0,0,0.0000,0.0000,0.0000,0.0000,0,0,18,0,0,0,0,41,19,500,0,0
1240,S,0,10,17,0,0,0,0.0000,0.0000,0.0000,0.0000,0,0,18,0,0,0,0,41,19,500,0,0
1241,S,0,10,17,0,0,0,0.0000,0.0000,0.0000,0.0000,0,0,18,0,0,0,0,41,19,500,0,0
1242,S,0,10,17,0,0,0,0.0000,0.0000,0.0000,0.0000,0,0,18,0,0,0,0,41,19,500,0,0
1243,S,0,10,17,0,0,0,0.0000,0.0000,0.0000,0.0000,0,0,18,0,0,0,0,41,19,500,0,0
1244,S,0,10,17,0,0,0,0.0000,0.0000,0.0000,0.0000,0,0,18,0,0,0,0,41,19,500,0,0
1245,S,0,10,17,0,0,0,0.0000,0.0000,0.0000,0.0000,0,0,18,0,0,0,0,41,19,500,0,0
1246,S,0,10,17,0,0,0,0.0000,0.0000,0.0000,0.0000,0,0,18,0,0,0,0,41,19,500,0,0
1247,S,0,10,17,0,0,0,0.0000,0.0000,0.0000,0.0000,0,0,18,0,0,0,0,41,19,500,0,0
1248,S,0,10,17,0,0,0,0.0000,0.0000,0.0000,0.0000,0,0,18,0,0,0,0,41,19,500,0,0
1249,S,0,10,17,0,0,0,0.0000,0.0000,0.0000,0.0000,0,0,18,0,0,0,0,41,19,500,0,0
1250,S,0,10,17,0,0,0,0.0000,0.0000,0.0000,0.0000,0,0,18,0,0,0,0,41,19,500,0,0
1251,S,0,10,17,0,0,0,0.0000,0.0000,0.0000,0.0000,0,0,18,0,0,0,0,41,19,500,0,0
1252,S,0,10,17,0,0,0,0.0000,0.0000,0.0000,0.0000,0,0,18,0,0,0,0,41,19,500,0,0
1253,S,0,10,17,0,0,0,0.0000,0.0000,0.0000,0.0000,0,0,18,0,0,0,0,41,19,500,0,0
1254,S,0,10,17,0,0,0,0.0000,0.0000,0.0000,0.0000,0,0,18,0,0,0,0,41,19,500,0,0
1255,S,0,10,17,0,0,0,0.0000,0.0000,0.0000,0.0000,0,0,18,0,0,0,0,41,19,500,0,0
1256,S,0,10,17,0,0,0,0.0000,0.0000,0.0000,0.0000,0,0,18,0,0,0,0,41,19,500,0,0
1257,S,0,10,17,0,0,0,0.0000,0.0000,0.0000,0.0000,0,0,18,0,0,0,0,41,19,500,0,0
1258,S,0,10,17,0,0,0,0.0000,0.0000,0.0000,0.0000,0,0,18,0,0,0,0,41,19,500,0,0
1259,S,0,10,17,0,0,0,0.0000,0.0000,0.0000,0.0000,0,0,18,0,0,0,0,41,19,500,0,0
1260,S,0,10,17,0,0,0,0.0000,0.0000,0.0000,0.0000,0,0,18,0,0,0,0,41,19,500,0,0
1261,S,0,10,17,0,0,0,0.0000,0.0000,0.0000,0.0000,0,0,18,0,0,0,0,41,19,500,0,0
1262,S,0,10,17,0,0,0,0.0000,0.0000,0.0000,0.0000,0,0,18,0,0,0,0,41,19,500,0,0
1263,S,0,10,17,0,0,0,0.0000,0.0000,0.0000,0.0000,0,0,18,0,0,0,0,41,19,500,0,0
1264,S,0,10,17,0,0,0,0.0000,0.0000,0.0000,0.0000,0,0,18,0,0,0,0,41,19,500,0,0
1265,S,0,10,17,0,0,0,0.0000,0.0000,0.0000,0.0000,0,0,18,0,0,0,0,41,19,500,0,0
1266,S,0,10,17,0,0,0,0.0000,0.0000,0.0000,0.0000,0,0,18,0,0,0,0,41,19,500,0,0
1267,S,0,10,17,0,0,0,0.0000,0.0000,0.0000,0.0000,0,0,18,0,0,0,0,41,19,500,0,0
1268,S,0,10,17,0,0,0,0.0000,0.0000,0.0000,0.0000,0,0,18,0,0,0,0,41,19,500,0,0
1269,S,0,10,17,0,0,0,0.0000,0.0000,0.0000,0.0000,0,0,18,0,0,0,0,41,19,500,0,0
1270,S,0,10,17,0,0,0,0.0000,0.0000,0.0000,0.0000,0,0,18,0,0,0,0,41,19,500,0,0
1271,S,0,10,17,0,0,0,0.0000,0.0000,0.0000,0.0000,0,0,18,0,0,0,0,41,19,500,0,0
1272,S,0,10,17,0,0,0,0.0000,0.0000,0.0000,0.0000,0,0,18,0,0,0,0,41,19,500,0,0
1273,S,0,10,17,0,0,0,0.0000,0.0000,0.0000,0.0000,0,0,18,0,0,0,0,41,19,500,0,0
1274,S,0,10,17,0,0,0,0.0000,0.0000,0.0000,0.0000,0,0,18,0,0,0,0,41,19,500,0,0
1275,S,0,10,17,0,0,0,0.0000,0.0000,0.0000,0.0000,0,0,18,0,0,0,0,41,19,500,0,0
1276,S,0,10,17,0,0,0,0.0000,0.0000,0.0000,0.0000,0,0,18,0,0,0,0,41,19,500,0,0
1277,S,0,10,17,0,0,0,0.0000,0.0000,0.0000,0.0000,0,0,18,0,0,0,0,41,19,500,0,0
1278,S,0,10,17,0,0,0,0.0000,0.0000,0.0000,0.0000,0,0,18,0,0,0,0,41,19,500,0,0
1279,S,0,10,17,0,0,0,0.0000,0.0000,0.0000,0.0000,0,0,18,0,0,0,0,41,19,500,0,0
1280,S,0,10,17,0,0,0,0.0000,0.0000,0.0000,0.0000,0,0,18,0,0,0,0,41,19,500,0,0
1281,S,0,10,17,0,0,0,0.0000,0.0000,0.0000,0.0000,0,0,18,0,0,0,0,41,19,500,0,0
1282,S,0,10,17,0,0,0,0.0000,0.0000,0.0000,0.0000,0,0,18,0,0,0,0,41,19,500,0,0
1283,S,0,10,17,0,0,0,0.0000,0.0000,0.0000,0.0000,0,0,18,0,0,0,0,41,19,500,0,0
1284,S,0,10,17,0,0,0,0.0000,0.0000,0.0000,0.0000,0,0,18,0,0,0,0,41,19,500,0,0
1285,S,0,10,17,0,0,0,0.0000,0.0000,0.0000,0.0000,0,0,18,0,0,0,0,41,19,500,0,0
1286,S,0,10,17,0,0,0,0.0000,0.0000,0.0000,0.0000,0,0,18,0,0,0,0,41,19,500,0,0
1287,S,0,10,17,0,0,0,0.0000,0.0000,0.0000,0.0000,0,0,18,0,0,0,0,41,19,500,0,0
1288,S,0,10,17,0,0,0,0.0000,0.0000,0.0000,0.0000,0,0,18,0,0,0,0,41,19,500,0,0
1289,S,0,10,17,0,0,0,0.0000,0.0000,0.0000,0.0000,0,0,18,0,0,0,0,41,19,500,0,0
1290,S,0,10,17,0,0,0,0.0000,0.0000,0.0000,0.0000,0,0,18,0,0,0,0,41,19,500,0,0
1291,S,0,10,17,0,0,0,0.0000,0.0000,0.0000,0.0000,0,0,18,0,0,0,0,41,19,500,0,0
1292,S,0,10,17,0,0,0,0.0000,0.0000,0.0000,0.0000,0,0,18,0,0,0,0,41,19,500,0,0
1293,S,0,10,17,0,0,0,0.0000,0.0000,0.0000,0.0000,0,0,18,0,0,0,0,41,19,500,0,0
1294,S,0,10,17,0,0,0,0.0000,0.0000,0.0000,0.0000,0,0,18,0,0,0,0,41,19,500,0,0
1295,S,0,10,17,0,0,0,0.0000,0.0000,0.0000,0.0000,0,0,18,0,0,0,0,41,19,500,0,0
1296,S,0,10,17,0,0,0,0.0000,0.0000,0.0000,0.0000,0,0,18,0,0,0,0,41,19,500,0,0
1297,S,0,10,17,0,0,0,0.0000,0.0000,0.0000,0.0000,0,0,18,0,0,0,0,41,19,500,0,0
1298,S,0,10,17,0,0,0,0.0000,0.0000,0.0000,0.0000,0,0,18,0,0,0,0,41,19,500,0,0
1299,S,0,10,17,0,0,0,0.0000,0.0000,0.0000,0.0000,0,0,18,0,0,0,0,41,19,500,0,0
1300,S,0,10,17,0,0,0,0.0000,0.0000,0.0000,0.0000,0,0,18,0,0,0,0,41,19,500,0,0
1301,S,0,10,17,0,0,0,0.0000,0.0000,0.0000,0.0000,0,0,18,0,0,0,0,41,19,500,0,0
1302,S,0,10,17,0,0,0,0.0000,0.0000,0.0000,0.0000,0,0,18,0,0,0,0,41,19,500,0,0
1303,S,0,10,17,0,0,0,0.0000,0.0000,0.0000,0.0000,0,0,18,0,0,0,0,41,19,500,0,0
1304,S,0,10,17,0,0,0,0.0000,0.0000,0.0000,0.0000,0,0,18,0,0,0,0,41,19,500,0,0
1305,S,0,10,17,0,0,0,0.0000,0.0000,0.0000,0.0000,0,0,18,0,0,0,0,41,19,500,0,0
1306,S,0,10,17,0,0,0,0.0000,0.0000,0.0000,0.0000,0,0,18,0,0,0,0,41,19,500,0,0
1307,S,0,10,17,0,0,0,0.0000,0.0000,0.0000,0.0000,0,0,18,0,0,0,0,41,19,500,0,0
1308,S,0,10,17,0,0,0,0.0000,0.0000,0.0000,0.0000,0,0,18,0,0,0,0,41,19,500,0,0
1309,S,0,10,17,0,0,0,0.0000,0.0000,0.0000,0.0000,0,0,18,0,0,0,0,41,19,500,0,0
1310,S,0,10,17,0,0,0,0.0000,0.0000,0.0000,0.0000,0,0,18,0,0,0,0,41,19,500,0,0
1311,S,0,10,17,0,0,0,0.0000,0.0000,0.0000,0.0000,0,0,18,0,0,0,0,41,19,500,0,0
1312,S,0,10,17,0,0,0,0.0000,0.0000,0.0000,0.0000,0,0,18,0,0,0,0,41,19,500,0,0
1313,S,0,10,17,0,0,0,0.0000,0.0000,0.0000,0.0000,0,0,18,0,0,0,0,41,19,500,0,0
1314,S,0,10,17,0,0,0,0.0000,0.0000,0.0000,0.0000,0,0,18,0,0,0,0,41,19,500,0,0
1315,S,0,10,17,0,0,0,0.0000,0.0000,0.0000,0.0000,0,0,18,0,0,0,0,41,19,500,0,0
1316,S,0,10,17,0,0,0,0.0000,0.0000,0.0000,0.0000,0,0,18,0,0,0,0,41,19,500,0,0
1317,S,0,10,17,0,0,0,0.0000,0.0000,0.0000,0.0000,0,0,18,0,0,0,0,41,19,500,0,0
1318,S,0,10,17,0,0,0,0.0000,0.0000,0.0000,0.0000,0,0,18,0,0,0,0,41,19,500,0,0
1319,S,0,10,17,0,0,0,0.0000,0.0000,0.0000,0.0000,0,0,18,0,0,0,0,41,19,500,0,0
1320,S,0,10,17,0,0,0,0.0000,0.0000,0.0000,0.0000,0,0,18,0,0,0,0,41,19,500,0,0
1321,S,0,10,17,0,0,0,0.0000,0.0000,0.0000,0.0000,0,0,18,0,0,0,0,41,19,500,0,0
1322,S,0,10,17,0,0,0,0.0000,0.0000,0.0000,0.0000,0,0,18,0,0,0,0,41,19,500,0,0
1323,S,0,10,17,0,0,0,0.0000,0.0000,0.0000,0.0000,0,0,18,0,0,0,0,41,19,500,0,0
1324,S,0,10,17,0,0,0,0.0000,0.0000,0.0000,0.0000,0,0,18,0,0,0,0,41,19,500,0,0
1325,S,0,10,17,0,0,0,0.0000,0.0000,0.0000,0.0000,0,0,18,0,0,0,0,41,19,500,0,0
1326,S,0,10,17,0,0,0,0.0000,0.0000,0.0000,0.0000,0,0,18,0,0,0,0,41,19,500,0,0
1327,S,0,10,17,0,0,0,0.0000,0.0000,0.0000,0.0000,0,0,18,0,0,0,0,41,19,500,0,0
1328,S,0,10,17,0,0,0,0.0000,0.0000,0.0000,0.0000,0,0,18,0,0,0,0,41,19,500,0,0
1329,S,0,10,17,0,0,0,0.0000,0.0000,0.0000,0.0000,0,0,18,0,0,0,0,41,19,500,0,0
1330,S,0,10,17,0,0,0,0.0000,0.0000,0.0000,0.0000,0,0,18,0,0,0,0,41,19,500,0,0
1331,S,0,10,17,0,0,0,0.0000,0.0000,0.0000,0.0000,0,0,18,0,0,0,0,41,19,500,0,0
1332,S,0,10,17,0,0,0,0.0000,0.0000,0.0000,0.0000,0,0,18,0,0,0,0,41,19,500,0,0
1333,S,0,10,17,0,0,0,0.0000,0.0000,0.0000,0.0000,0,0,18,0,0,0,0,41,19,500,0,0
1334,S,0,10,17,0,0,0,0.0000,0.0000,0.0000,0.0000,0,0,18,0,0,0,0,41,19,500,0,0
1335,S,0,10,17,0,0,0,0.0000,0.0000,0.0000,0.0000,0,0,18,0,0,0,0,41,19,500,0,0
1336,S,0,10,17,0,0,0,0.0000,0.0000,0.0000,0.0000,0,0,18,0,0,0,0,41,19,500,0,0
1337,S,0,10,17,0,0,0,0.0000,0.0000,0.0000,0.0000,0,0,18,0,0,0,0,41,19,500,0,0
1338,S,0,10,17,0,0,0,0.0000,0.0000,0.0000,0.0000,0,0,18,0,0,0,0,41,19,500,0,0
1339,S,0,10,17,0,0,0,0.0000,0.0000,0.0000,0.0000,0,0,18,0,0,0,0,41,19,500,0,0
1340,S,0,10,17,0,0,0,0.0000,0.0000,0.0000,0.0000,0,0,18,0,0,0,0,41,19,500,0,0
1341,S,0,10,17,0,0,0,0.0000,0.0000,0.0000,0.0000,0,0,18,0,0,0,0,41,19,500,0,0
1342,S,0,10,17,0,0,0,0.0000,0.0000,0.0000,0.0000,0,0,18,0,0,0,0,41,19,500,0,0
1343,S,0,10,17,0,0,0,0.0000,0.0000,0.0000,0.0000,0,0,18,0,0,0,0,41,19,500,0,0
1344,S,0,10,17,0,0,0,0.0000,0.0000,0.0000,0.0000,0,0,18,0,0,0,0,41,19,500,0,0
1345,S,0,10,17,0,0,0,0.0000,0.0000,0.0000,0.0000,0,0,18,0,0,0,0,41,19,500,0,0
1346,S,0,10,17,0,0,0,0.0000,0.0000,0.0000,0.0000,0,0,18,0,0,0,0,41,19,500,0,0
1347,S,0,10,17,0,0,0,0.0000,0.0000,0.0000,0.0000,0,0,18,0,0,0,0,41,19,500,0,0
1348,S,0,10,17,0,0,0,0.0000,0.0000,0.0000,0.0000,0,0,18,0,0,0,0,41,19,500,0,0
1349,S,0,10,17,0,0,0,0.0000,0.0000,0.0000,0.0000,0,0,18,0,0,0,0,41,19,500,0,0
1350,S,0,10,17,0,0,0,0.0000,0.0000,0.0000,0.0000,0,0,18,0,0,0,0,41,19,500,0,0
1351,S,0,10,17,0,0,0,0.0000,0.0000,0.0000,0.0000,0,0,18,0,0,0,0,41,19,500,0,0
1352,S,0,10,17,0,0,0,0.0000,0.0000,0.0000,0.0000,0,0,18,0,0,0,0,41,19,500,0,0
1353,S,0,10,17,0,0,0,0.0000,0.0000,0.0000,0.0000,0,0,18,0,0,0,0,41,19,500,0,0
1354,S,0,10,17,0,0,0,0.0000,0.0000,0.0000,0.0000,0,0,18,0,0,0,0,41,19,500,0,0
1355,S,0,10,17,0,0,0,0.0000,0.0000,0.0000,0.0000,0,0,18,0,0,0,0,41,19,500,0,0
1356,S,0,10,17,0,0,0,0.0000,0.0000,0.0000,0.0000,0,0,18,0,0,0,0,41,19,500,0,0
1357,S,0,10,17,0,0,0,0.0000,0.0000,0.0000,0.0000,0,0,18,0,0,0,0,41,19,500,0,0
1358,S,0,10,17,0,0,0,0.0000,0.0000,0.0000,0.0000,0,0,18,0,0,0,0,41,19,500,0,0
1359,S,0,10,17,0,0,0,0.0000,0.0000,0.0000,0.0000,0,0,18,0,0,0,0,41,19,500,0,0
1360,S,0,10,17,0,0,0,0.0000,0.0000,0.0000,0.0000,0,0,18,0,0,0,0,41,19,500,0,0
1361,S,0,10,17,0,0,0,0.0000,0.0000,0.0000,0.0000,0,0,18,0,0,0,0,41,19,500,0,0
1362,S,0,10,17,0,0,0,0.0000,0.0000,0.0000,0.0000,0,0,18,0,0,0,0,41,19,500,0,0
1363,S,0,10,17,0,0,0,0.0000,0.0000,0.0000,0.0000,0,0,18,0,0,0,0,41,19,500,0,0
1364,S,0,10,17,0,0,0,0.0000,0.0000,0.0000,0.0000,0,0,18,0,0,0,0,41,19,500,0,0
1365,S,0,10,17,0,0,0,0.0000,0.0000,0.0000,0.0000,0,0,18,0,0,0,0,41,19,500,0,0
1366,S,0,10,17,0,0,0,0.0000,0.0000,0.0000,0.0000,0,0,18,0,0,0,0,41,19,500,0,0
1367,S,0,10,17,0,0,0,0.0000,0.0000,0.0000,0.0000,0,0,18,0,0,0,0,41,19,500,0,0
1368,S,0,10,17,0,0,0,0.0000,0.0000,0.0000,0.0000,0,0,18,0,0,0,0,41,19,500,0,0
1369,S,0,10,17,0,0,0,0.0000,0.0000,0.0000,0.0000,0,0,18,0,0,0,0,41,19,500,0,0
1370,S,0,10,17,0,0,0,0.0000,0.0000,0.0000,0.0000,0,0,18,0,0,0,0,41,19,500,0,0
1371,S,0,10,17,0,0,0,0.0000,0.0000,0.0000,0.0000,0,0,18,0,0,0,0,41,19,500,0,0
1372,S,0,10,17,0,0,0,0.0000,0.0000,0.0000,0.0000,0,0,18,0,0,0,0,41,19,500,0,0
1373,S,0,10,17,0,0,0,0.0000,0.0000,0.0000,0.0000,0,0,18,0,0,0,0,41,19,500,0,0
1374,S,0,10,17,0,0,0,0.0000,0.0000,0.0000,0.0000,0,0,18,0,0,0,0,41,19,500,0,0
1375,S,0,10,17,0,0,0,0.0000,0.0000,0.0000,0.0000,0,0,18,0,0,0,0,41,19,500,0,0
1376,S,0,10,17,0,0,0,0.0000,0.0000,0.0000,0.0000,0,0,18,0,0,0,0,41,19,500,0,0
1377,S,0,10,17,0,0,0,0.0000,0.0000,0.0000,0.0000,0,0,18,0,0,0,0,41,19,500,0,0
1378,S,0,10,17,0,0,0,0.0000,0.0000,0.0000,0.0000,0,0,18,0,0,0,0,41,19,500,0,0
1379,S,0,10,17,0,0,0,0.0000,0.0000,0.0000,0.0000,0,0,18,0,0,0,0,41,19,500,0,0
1380,S,0,10,17,0,0,0,0.0000,0.0000,0.0000,0.0000,0,0,18,0,0,0,0,41,19,500,0,0
1381,S,0,10,17,0,0,0,0.0000,0.0000,0.0000,0.0000,0,0,18,0,0,0,0,41,19,500,0,0
1382,S,0,10,17,0,0,0,0.0000,0.0000,0.0000,0.0000,0,0,18,0,0,0,0,41,19,500,0,0
1383,S,0,10,17,0,0,0,0.0000,0.0000,0.0000,0.0000,0,0,18,0,0,0,0,41,19,500,0,0
1384,S,0,10,17,0,0,0,0.0000,0.0000,0.0000,0.0000,0,0,18,0,0,0,0,41,19,500,0,0
1385,S,0,10,17,0,0,0,0.0000,0.0000,0.0000,0.0000,0,0,18,0,0,0,0,41,19,500,0,0
1386,S,0,10,17,0,0,0,0.0000,0.0000,0.0000,0.0000,0,0,18,0,0,0,0,41,19,500,0,0
1387,S,0,10,17,0,0,0,0.0000,0.0000,0.0000,0.0000,0,0,18,0,0,0,0,41,19,500,0,0
1388,S,0,10,17,0,0,0,0.0000,0.0000,0.0000,0.0000,0,0,18,0,0,0,0,41,19,500,0,0
1389,S,0,10,17,0,0,0,0.0000,0.0000,0.0000,0.0000,0,0,18,0,0,0,0,41,19,500,0,0
1390,S,0,10,17,0,0,0,0.0000,0.0000,0.0000,0.0000,0,0,18,0,0,0,0,41,19,500,0,0
1391,S,0,10,17,0,0,0,0.0000,0.0000,0.0000,0.0000,0,0,18,0,0,0,0,41,19,500,0,0
1392,S,0,10,17,0,0,0,0.0000,0.0000,0.0000,0.0000,0,0,18,0,0,0,0,41,19,500,0,0
1393,S,0,10,17,0,0,0,0.0000,0.0000,0.0000,0.0000,0,0,18,0,0,0,0,41,19,500,0,0
1394,S,0,10,17,0,0,0,0.0000,0.0000,0.0000,0.0000,0,0,18,0,0,0,0,41,19,500,0,0
1395,S,0,10,17,0,0,0,0.0000,0.0000,0.0000,0.0000,0,0,18,0,0,0,0,41,19,500,0,0
1396,S,0,10,17,0,0,0,0.0000,0.0000,0.0000,0.0000,0,0,18,0,0,0,0,41,19,500,0,0
1397,S,0,10,17,0,0,0,0.0000,0.0000,0.0000,0.0000,0,0,18,0,0,0,0,41,19,500,0,0
1398,S,0,10,17,0,0,0,0.0000,0.0000,0.0000,0.0000,0,0,18,0,0,0,0,41,19,500,0,0
1399,S,0,10,17,0,0,0,0.0000,0.0000,0.0000,0.0000,0,0,18,0,0,0,0,41,19,500,0,0
1400,S,0,10,17,0,0,0,0.0000,0.0000,0.0000,0.0000,0,0,18,0,0,0,0,41,19,500,0,0
1401,S,0,10,17,0,0,0,0.0000,0.0000,0.0000,0.0000,0,0,18,0,0,0,0,41,19,500,0,0
1402,S,0,10,17,0,0,0,0.0000,0.0000,0.0000,0.0000,0,0,18,0,0,0,0,41,19,500,0,0
1403,S,0,10,17,0,0,0,0.0000,0.0000,0.0000,0.0000,0,0,18,0,0,0,0,41,19,500,0,0
1404,S,0,10,17,0,0,0,0.0000,0.0000,0.0000,0.0000,0,0,18,0,0,0,0,41,19,500,0,0
1405,S,0,10,17,0,0,0,0.0000,0.0000,0.0000,0.0000,0,0,18,0,0,0,0,41,19,500,0,0
1406,S,0,10,17,0,0,0,0.0000,0.0000,0.0000,0.0000,0,0,18,0,0,0,0,41,19,500,0,0
1407,S,0,10,17,0,0,0,0.0000,0.0000,0.0000,0.0000,0,0,18,0,0,0,0,41,19,500,0,0
1408,S,0,10,17,0,0,0,0.0000,0.0000,0.0000,0.0000,0,0,18,0,0,0,0,41,19,500,0,0
1409,S,0,10,17,0,0,0,0.0000,0.0000,0.0000,0.0000,0,0,18,0,0,0,0,41,19,500,0,0
1410,S,0,10,17,0,0,0,0.0000,0.0000,0.0000,0.0000,0,0,18,0,0,0,0,41,19,500,0,0
1411,S,0,10,17,0,0,0,0.0000,0.0000,0.0000,0.0000,0,0,18,0,0,0,0,41,19,500,0,0
1412,S,0,10,17,0,0,0,0.0000,0.0000,0.0000,0.0000,0,0,18,0,0,0,0,41,19,500,0,0
1413,S,0,10,17,0,0,0,0.0000,0.0000,0.0000,0.0000,0,0,18,0,0,0,0,41,19,500,0,0
1414,S,0,10,17,0,0,0,0.0000,0.0000,0.0000,0.0000,0,0,18,0,0,0,0,41,19,500,0,0
1415,S,0,10,17,0,0,0,0.0000,0.0000,0.0000,0.0000,0,0,18,0,0,0,0,41,19,500,0,0
1416,S,0,10,17,0,0,0,0.0000,0.0000,0.0000,0.0000,0,0,18,0,0,0,0,41,19,500,0,0
1417,S,0,10,17,0,0,0,0.0000,0.0000,0.0000,0.0000,0,0,18,0,0,0,0,41,19,500,0,0
1418,S,0,10,17,0,0,0,0.0000,0.0000,0.0000,0.0000,0,0,18,0,0,0,0,41,19,500,0,0
1419,S,0,10,17,0,0,0,0.0000,0.0000,0.0000,0.0000,0,0,18,0,0,0,0,41,19,500,0,0
1420,S,0,10,17,0,0,0,0.0000,0.0000,0.0000,0.0000,0,0,18,0,0,0,0,41,19,500,0,0
1421,S,0,10,17,0,0,0,0.0000,0.0000,0.0000,0.0000,0,0,18,0,0,0,0,41,19,500,0,0
1422,S,0,10,17,0,0,0,0.0000,0.0000,0.0000,0.0000,0,0,18,0,0,0,0,41,19,500,0,0
1423,S,0,10,17,0,0,0,0.0000,0.0000,0.0000,0.0000,0,0,18,0,0,0,0,41,19,500,0,0
1424,S,0,10,17,0,0,0,0.0000,0.0000,0.0000,0.0000,0,0,18,0,0,0,0,41,19,500,0,0
1425,S,0,10,17,0,0,0,0.0000,0.0000,0.0000,0.0000,0,0,18,0,0,0,0,41,19,500,0,0
1426,S,0,10,17,0,0,0,0.0000,0.0000,0.0000,0.0000,0,0,18,0,0,0,0,41,19,500,0,0
1427,S,0,10,17,0,0,0,0.0000,0.0000,0.0000,0.0000,0,0,18,0,0,0,0,41,19,500,0,0
1428,S,0,10,17,0,0,0,0.0000,0.0000,0.0000,0.0000,0,0,18,0,0,0,0,41,19,500,0,0
1429,S,0,10,17,0,0,0,0.0000,0.0000,0.0000,0.0000,0,0,18,0,0,0,0,41,19,500,0,0
1430,S,0,10,17,0,0,0,0.0000,0.0000,0.0000,0.0000,0,0,18,0,0,0,0,41,19,500,0,0
1431,S,0,10,17,0,0,0,0.0000,0.0000,0.0000,0.0000,0,0,18,0,0,0,0,41,19,500,0,0
1432,S,0,10,17,0,0,0,0.0000,0.0000,0.0000,0.0000,0,0,18,0,0,0,0,41,19,500,0,0
1433,S,0,10,17,0,0,0,0.0000,0.0000,0.0000,0.0000,0,0,18,0,0,0,0,41,19,500,0,0
1434,S,0,10,17,0,0,0,0.0000,0.0000,0.0000,0.0000,0,0,18,0,0,0,0,41,19,500,0,0
1435,S,0,10,17,0,0,0,0.0000,0.0000,0.0000,0.0000,0,0,18,0,0,0,0,41,19,500,0,0
1436,S,0,10,17,0,0,0,0.0000,0.0000,0.0000,0.0000,0,0,18,0,0,0,0,41,19,500,0,0
1437,S,0,10,17,0,0,0,0.0000,0.0000,0.0000,0.0000,0,0,18,0,0,0,0,41,19,500,0,0
1438,S,0,10,17,0,0,0,0.0000,0.0000,0.0000,0.0000,0,0,18,0,0,0,0,41,19,500,0,0
1439,S,0,10,17,0,0,0,0.0000,0.0000,0.0000,0.0000,0,0,18,0,0,0,0,41,19,500,0,0
1440,S,0,10,17,0,0,0,0.0000,0.0000,0.0000,0.0000,0,0,18,0,0,0,0,41,19,500,0,0
1441,S,0,10,17,0,0,0,0.0000,0.0000,0.0000,0.0000,0,0,18,0,0,0,0,41,19,500,0,0
1442,S,0,10,17,0,0,0,0.0000,0.0000,0.0000,0.0000,0,0,18,0,0,0,0,41,19,500,0,0
1443,S,0,10,17,0,0,0,0.0000,0.0000,0.0000,0.0000,0,0,18,0,0,0,0,41,19,500,0,0
1444,S,0,10,17,0,0,0,0.0000,0.0000,0.0000,0.0000,0,0,18,0,0,0,0,41,19,500,0,0
1445,S,0,10,17,0,0,0,0.0000,0.0000,0.0000,0.0000,0,0,18,0,0,0,0,41,19,500,0,0
1446,S,0,10,17,0,0,0,0.0000,0.0000,0.0000,0.0000,0,0,18,0,0,0,0,41,19,500,0,0
1447,S,0,10,17,0,0,0,0.0000,0.0000,0.0000,0.0000,0,0,18,0,0,0,0,41,19,500,0,0
1448,S,0,10,17,0,0,0,0.0000,0.0000,0.0000,0.0000,0,0,18,0,0,0,0,41,19,500,0,0
1449,S,0,10,17,0,0,0,0.0000,0.0000,0.0000,0.0000,0,0,18,0,0,0,0,41,19,500,0,0
1450,S,0,10,17,0,0,0,0.0000,0.0000,0.0000,0.0000,0,0,18,0,0,0,0,41,19,500,0,0
1451,S,0,10,17,0,0,0,0.0000,0.0000,0.0000,0.0000,0,0,18,0,0,0,0,41,19,500,0,0
1452,S,0,10,17,0,0,0,0.0000,0.0000,0.0000,0.0000,0,0,18,0,0,0,0,41,19,500,0,0
1453,S,0,10,17,0,0,0,0.0000,0.0000,0.0000,0.0000,0,0,18,0,0,0,0,41,19,500,0,0
1454,S,0,10,17,0,0,0,0.0000,0.0000,0.0000,0.0000,0,0,18,0,0,0,0,41,19,500,0,0
1455,S,0,10,17,0,0,0,0.0000,0.0000,0.0000,0.0000,0,0,18,0,0,0,0,41,19,500,0,0
1456,S,0,10,17,0,0,0,0.0000,0.0000,0.0000,0.0000,0,0,18,0,0,0,0,41,19,500,0,0
1457,S,0,10,17,0,0,0,0.0000,0.0000,0.0000,0.0000,0,0,18,0,0,0,0,41,19,500,0,0
1458,S,0,10,17,0,0,0,0.0000,0.0000,0.0000,0.0000,0,0,18,0,0,0,0,41,19,500,0,0
1459,S,0,10,17,0,0,0,0.0000,0.0000,0.0000,0.0000,0,0,18,0,0,0,0,41,19,500,0,0
1460,S,0,10,17,0,0,0,0.0000,0.0000,0.0000,0.0000,0,0,18,0,0,0,0,41,19,500,0,0
1461,S,0,10,17,0,0,0,0.0000,0.0000,0.0000,0.0000,0,0,18,0,0,0,0,41,19,500,0,0
1462,S,0,10,17,0,0,0,0.0000,0.0000,0.0000,0.0000,0,0,18,0,0,0,0,41,19,500,0,0
1463,S,0,10,17,0,0,0,0.0000,0.0000,0.0000,0.0000,0,0,18,0,0,0,0,41,19,500,0,0
1464,S,0,10,17,0,0,0,0.0000,0.0000,0.0000,0.0000,0,0,18,0,0,0,0,41,19,500,0,0
1465,S,0,10,17,0,0,0,0.0000,0.0000,0.0000,0.0000,0,0,18,0,0,0,0,41,19,500,0,0
1466,S,0,10,17,0,0,0,0.0000,0.0000,0.0000,0.0000,0,0,18,0,0,0,0,41,19,500,0,0
1467,S,0,10,17,0,0,0,0.0000,0.0000,0.0000,0.0000,0,0,18,0,0,0,0,41,19,500,0,0
1468,S,0,10,17,0,0,0,0.0000,0.0000,0.0000,0.0000,0,0,18,0,0,0,0,41,19,500,0,0
1469,S,0,10,17,0,0,0,0.0000,0.0000,0.0000,0.0000,0,0,18,0,0,0,0,41,19,500,0,0
1470,S,0,10,17,0,0,0,0.0000,0.0000,0.0000,0.0000,0,0,18,0,0,0,0,41,19,500,0,0
1471,S,0,10,17,0,0,0,0.0000,0.0000,0.0000,0.0000,0,0,18,0,0,0,0,41,19,500,0,0
1472,S,0,10,17,0,0,0,0.0000,0.0000,0.0000,0.0000,0,0,18,0,0,0,0,41,19,500,0,0
1473,S,0,10,17,0,0,0,0.0000,0.0000,0.0000,0.0000,0,0,18,0,0,0,0,41,19,500,0,0
1474,S,0,10,17,0,0,0,0.0000,0.0000,0.0000,0.0000,0,0,18,0,0,0,0,41,19,500,0,0
1475,S,0,10,17,0,0,0,0.0000,0.0000,0.0000,0.0000,0,0,18,0,0,0,0,41,19,500,0,0
1476,S,0,10,17,0,0,0,0.0000,0.0000,0.0000,0.0000,0,0,18,0,0,0,0,41,19,500,0,0
1477,S,0,10,17,0,0,0,0.0000,0.0000,0.0000,0.0000,0,0,18,0,0,0,0,41,19,500,0,0
1478,S,0,10,17,0,0,0,0.0000,0.0000,0.0000,0.0000,0,0,18,0,0,0,0,41,19,500,0,0
1479,S,0,10,17,0,0,0,0.0000,0.0000,0.0000,0.0000,0,0,18,0,0,0,0,41,19,500,0,0
1480,S,0,10,17,0,0,0,0.0000,0.0000,0.0000,0.0000,0,0,18,0,0,0,0,41,19,500,0,0
1481,S,0,10,17,0,0,0,0.0000,0.0000,0.0000,0.0000,0,0,18,0,0,0,0,41,19,500,0,0
1482,S,0,10,17,0,0,0,0.0000,0.0000,0.0000,0.0000,0,0,18,0,0,0,0,41,19,500,0,0
1483,S,0,10,17,0,0,0,0.0000,0.0000,0.0000,0.0000,0,0,18,0,0,0,0,41,19,500,0,0
1484,S,0,10,17,0,0,0,0.0000,0.0000,0.0000,0.0000,0,0,18,0,0,0,0,41,19,500,0,0
1485,S,0,10,17,0,0,0,0.0000,0.0000,0.0000,0.0000,0,0,18,0,0,0,0,41,19,500,0,0
1486,S,0,10,17,0,0,0,0.0000,0.0000,0.0000,0.0000,0,0,18,0,0,0,0,41,19,500,0,0
1487,S,0,10,17,0,0,0,0.0000,0.0000,0.0000,0.0000,0,0,18,0,0,0,0,41,19,500,0,0
1488,S,0,10,17,0,0,0,0.0000,0.0000,0.0000,0.0000,0,0,18,0,0,0,0,41,19,500,0,0
1489,S,0,10,17,0,0,0,0.0000,0.0000,0.0000,0.0000,0,0,18,0,0,0,0,41,19,500,0,0
1490,S,0,10,17,0,0,0,0.0000,0.0000,0.0000,0.0000,0,0,18,0,0,0,0,41,19,500,0,0
1491,S,0,10,17,0,0,0,0.0000,0.0000,0.0000,0.0000,0,0,18,0,0,0,0,41,19,500,0,0
1492,S,0,10,17,0,0,0,0.0000,0.0000,0.0000,0.0000,0,0,18,0,0,0,0,41,19,500,0,0
1493,S,0,10,17,0,0,0,0.0000,0.0000,0.0000,0.0000,0,0,18,0,0,0,0,41,19,500,0,0
1494,S,0,10,17,0,0,0,0.0000,0.0000,0.0000,0.0000,0,0,18,0,0,0,0,41,19,500,0,0
1495,S,0,10,17,0,0,0,0.0000,0.0000,0.0000,0.0000,0,0,18,0,0,0,0,41,19,500,0,0
1496,S,0,10,17,0,0,0,0.0000,0.0000,0.0000,0.0000,0,0,18,0,0,0,0,41,19,500,0,0
1497,S,0,10,17,0,0,0,0.0000,0.0000,0.0000,0.0000,0,0,18,0,0,0,0,41,19,500,0,0
1498,S,0,10,17,0,0,0,0.0000,0.0000,0.0000,0.0000,0,0,18,0,0,0,0,41,19,500,0,0
1499,S,0,10,17,0,0,0,0.0000,0.0000,0.0000,0.0000,0,0,18,0,0,0,0,41,19,500,0,0
1500,S,0,10,17,0,0,0,0.0000,0.0000,0.0000,0.0000,0,0,18,0,0,0,0,41,19,500,0,0
