sol,age,pop,births,deaths,pairs,friend_pairs,close_pairs,web,second,lonely,friends_mean,lines,grief,lines_cum,capped_cum,dropped_cum,stale_cum,pending,formed_cum,close_cum,log_size,zero_adults,adults
1,L,7,0,0,21,21,0,1.0000,0.0000,0.0000,6.0000,0,0,0,0,0,0,0,0,0,2,0,7
2,L,7,0,0,21,21,0,1.0000,0.0000,0.0000,6.0000,0,0,0,0,0,0,0,0,0,2,0,7
3,L,7,0,0,21,21,0,1.0000,0.0000,0.0000,6.0000,0,0,0,0,0,0,0,0,0,3,0,7
4,L,7,0,0,21,21,0,1.0000,0.0000,0.0000,6.0000,0,0,0,0,0,0,0,0,0,5,0,7
5,L,7,0,0,21,21,0,1.0000,0.0000,0.0000,6.0000,0,0,0,0,0,0,0,0,0,6,0,7
6,L,7,0,0,21,21,0,1.0000,0.0000,0.0000,6.0000,0,0,0,0,0,0,0,0,0,7,0,7
7,L,7,0,0,21,21,0,1.0000,0.0000,0.0000,6.0000,0,0,0,0,0,0,0,0,0,8,0,7
8,L,7,0,0,21,21,0,1.0000,0.0000,0.0000,6.0000,0,0,0,0,0,0,0,0,0,8,0,7
9,L,7,0,0,21,21,0,1.0000,0.0000,0.0000,6.0000,0,0,0,0,0,0,0,0,0,9,0,7
10,L,7,0,0,21,21,0,1.0000,0.0000,0.0000,6.0000,0,0,0,0,0,0,0,0,0,10,0,7
11,L,7,0,0,21,21,0,1.0000,0.0000,0.0000,6.0000,0,0,0,0,0,0,0,0,0,11,0,7
12,L,7,0,0,21,21,0,1.0000,0.0000,0.0000,6.0000,0,0,0,0,0,0,0,0,0,13,0,7
13,L,7,0,0,21,21,0,1.0000,0.0000,0.0000,6.0000,0,0,0,0,0,0,0,0,0,14,0,7
14,L,7,0,0,21,21,0,1.0000,0.0000,0.0000,6.0000,0,0,0,0,0,0,0,0,0,16,0,7
15,L,7,0,0,21,21,1,1.0000,0.0000,0.0000,6.0000,1,0,1,0,0,0,0,0,1,18,0,7
16,L,7,0,0,21,21,1,1.0000,0.0000,0.0000,6.0000,0,0,1,0,0,0,0,0,1,19,0,7
17,L,7,0,0,21,21,1,1.0000,0.0000,0.0000,6.0000,0,0,1,0,0,0,0,0,1,20,0,7
18,L,7,0,0,21,21,1,1.0000,0.0000,0.0000,6.0000,0,0,1,0,0,0,0,0,1,20,0,7
19,L,7,0,0,21,21,1,1.0000,0.0000,0.0000,6.0000,0,0,1,0,0,0,0,0,1,23,0,7
20,L,7,0,0,21,21,1,1.0000,0.0000,0.0000,6.0000,0,0,1,0,0,0,0,0,1,24,0,7
21,L,7,0,0,21,21,1,1.0000,0.0000,0.0000,6.0000,0,0,1,0,0,0,0,0,1,24,0,7
22,L,7,0,0,21,21,1,1.0000,0.0000,0.0000,6.0000,0,0,1,0,0,0,0,0,1,26,0,7
23,L,7,0,0,21,21,1,1.0000,0.0000,0.0000,6.0000,0,0,1,0,0,0,0,0,1,27,0,7
24,L,7,0,0,21,21,1,1.0000,0.0000,0.0000,6.0000,0,0,1,0,0,0,0,0,1,28,0,7
25,L,7,0,0,21,21,1,1.0000,0.0000,0.0000,6.0000,0,0,1,0,0,0,0,0,1,29,0,7
26,L,7,0,0,21,21,1,1.0000,0.0000,0.0000,6.0000,0,0,1,0,0,0,0,0,1,30,0,7
27,L,7,0,0,21,21,1,1.0000,0.0000,0.0000,6.0000,0,0,1,0,0,0,0,0,1,31,0,7
28,L,7,0,0,21,21,1,1.0000,0.0000,0.0000,6.0000,0,0,1,0,0,0,0,0,1,32,0,7
29,L,7,0,0,21,21,1,1.0000,0.0000,0.0000,6.0000,0,0,1,0,0,0,0,0,1,33,0,7
30,L,7,0,0,21,21,1,1.0000,0.0000,0.0000,6.0000,0,0,1,0,0,0,0,0,1,34,0,7
31,L,7,0,0,21,21,1,1.0000,0.0000,0.0000,6.0000,0,0,1,0,0,0,0,0,1,35,0,7
32,L,7,0,0,21,21,1,1.0000,0.0000,0.0000,6.0000,0,0,1,0,0,0,0,0,1,37,0,7
33,L,7,0,0,21,21,1,1.0000,0.0000,0.0000,6.0000,0,0,1,0,0,0,0,0,1,38,0,7
34,L,7,0,0,21,21,1,1.0000,0.0000,0.0000,6.0000,0,0,1,0,0,0,0,0,1,40,0,7
35,L,7,0,0,21,21,1,1.0000,0.0000,0.0000,6.0000,0,0,1,0,0,0,0,0,1,41,0,7
36,L,7,0,0,21,21,1,1.0000,0.0000,0.0000,6.0000,0,0,1,0,0,0,0,0,1,42,0,7
37,L,7,0,0,21,20,1,1.0000,0.0000,0.0000,5.7143,1,0,2,0,0,0,0,0,1,45,0,7
38,L,7,0,0,21,20,1,1.0000,0.0000,0.0000,5.7143,0,0,2,0,0,0,0,0,1,46,0,7
39,L,7,0,0,21,20,1,1.0000,0.0000,0.0000,5.7143,0,0,2,0,0,0,0,0,1,47,0,7
40,L,7,0,0,21,19,1,1.0000,0.0000,0.0000,5.4286,0,0,2,0,0,0,0,0,1,48,0,7
41,L,7,0,0,21,19,1,1.0000,0.0000,0.0000,5.4286,0,0,2,0,0,0,0,0,1,49,0,7
42,L,7,0,0,21,19,1,1.0000,0.0000,0.0000,5.4286,0,0,2,0,0,0,0,0,1,50,0,7
43,L,7,0,0,21,19,1,1.0000,0.0000,0.0000,5.4286,0,0,2,0,0,0,0,0,1,51,0,7
44,L,7,0,0,21,19,1,1.0000,0.0000,0.0000,5.4286,0,0,2,0,0,0,0,0,1,52,0,7
45,L,7,0,0,21,19,1,1.0000,0.0000,0.0000,5.4286,0,0,2,0,0,0,0,0,1,54,0,7
46,L,7,0,0,21,19,1,1.0000,0.0000,0.0000,5.4286,0,0,2,0,0,0,0,0,1,55,0,7
47,L,7,0,0,21,18,1,1.0000,0.0000,0.0000,5.1429,1,0,3,0,0,0,0,0,1,57,0,7
48,L,7,0,0,21,18,1,1.0000,0.0000,0.0000,5.1429,0,0,3,0,0,0,0,0,1,59,0,7
49,L,7,0,0,21,17,1,1.0000,0.0000,0.0000,4.8571,0,0,3,0,0,0,0,0,1,60,0,7
50,L,7,0,0,21,16,1,1.0000,0.0000,0.0000,4.5714,0,0,3,0,0,0,0,0,1,63,0,7
51,L,7,0,0,21,16,1,1.0000,0.0000,0.0000,4.5714,0,0,3,0,0,0,0,0,1,64,0,7
52,L,7,0,0,21,16,1,1.0000,0.0000,0.0000,4.5714,0,0,3,0,0,0,0,0,1,65,0,7
53,L,7,0,0,21,15,1,1.0000,0.0000,0.0000,4.2857,0,0,3,0,0,0,0,0,1,66,0,7
54,L,7,0,0,21,15,1,1.0000,0.0000,0.0000,4.2857,0,0,3,0,0,0,0,0,1,67,0,7
55,L,7,0,0,21,15,1,1.0000,0.0000,0.0000,4.2857,0,0,3,0,0,0,0,0,1,68,0,7
56,L,7,0,0,21,14,1,1.0000,0.0000,0.0000,4.0000,0,0,3,0,0,0,0,0,1,69,0,7
57,L,7,0,0,21,13,1,1.0000,0.0000,0.0000,3.7143,1,0,4,0,0,0,0,0,1,71,0,7
58,L,7,0,0,21,13,1,1.0000,0.0000,0.0000,3.7143,0,0,4,0,0,0,0,0,1,72,0,7
59,L,7,0,0,21,13,1,1.0000,0.0000,0.0000,3.7143,0,0,4,0,0,0,0,0,1,73,0,7
60,L,7,0,0,21,13,1,1.0000,0.0000,0.0000,3.7143,0,0,4,0,0,0,0,0,1,74,0,7
61,L,7,0,0,21,13,1,1.0000,0.0000,0.0000,3.7143,0,0,4,0,0,0,0,0,1,76,0,7
62,L,7,0,0,21,13,1,1.0000,0.0000,0.0000,3.7143,0,0,4,0,0,0,0,0,1,77,0,7
63,L,7,0,0,21,11,1,1.0000,0.0000,0.0000,3.1429,0,0,4,0,0,0,0,0,1,79,0,7
64,L,7,0,0,20,11,1,1.0000,0.0000,0.0000,3.1429,0,0,4,0,0,0,0,0,1,80,0,7
65,L,7,0,0,21,11,1,1.0000,0.0000,0.0000,3.1429,0,0,4,0,0,0,0,0,1,81,0,7
66,L,7,0,0,21,11,1,1.0000,0.0000,0.0000,3.1429,0,0,4,0,0,0,0,0,1,83,0,7
67,L,7,0,0,21,11,1,1.0000,0.0000,0.0000,3.1429,0,0,4,0,0,0,0,0,1,84,0,7
68,L,7,0,0,21,11,1,1.0000,0.0000,0.0000,3.1429,0,0,4,0,0,0,0,0,1,85,0,7
69,L,7,0,0,21,11,2,1.0000,0.0000,0.0000,3.1429,0,0,4,0,0,0,0,0,2,86,0,7
70,L,7,0,0,20,11,2,1.0000,0.0000,0.0000,3.1429,0,0,4,0,0,0,0,0,2,88,0,7
71,L,7,0,0,20,11,2,1.0000,0.0000,0.0000,3.1429,0,0,4,0,0,0,0,0,2,89,0,7
72,L,7,0,0,19,11,2,1.0000,0.0000,0.0000,3.1429,0,0,4,0,0,0,0,0,2,91,0,7
73,L,7,0,0,19,11,2,1.0000,0.0000,0.0000,3.1429,0,0,4,0,0,0,0,0,2,92,0,7
74,L,7,0,0,19,12,2,1.0000,0.0000,0.0000,3.4286,0,0,4,0,0,0,0,0,2,94,0,7
75,L,7,0,0,19,11,2,1.0000,0.0000,0.0000,3.1429,0,0,4,0,0,0,0,0,2,95,0,7
76,L,7,0,0,18,10,2,1.0000,0.0000,0.0000,2.8571,0,0,4,0,0,0,0,0,2,97,0,7
77,L,7,0,0,19,10,2,1.0000,0.0000,0.0000,2.8571,0,0,4,0,0,0,0,0,2,98,0,7
78,L,7,0,0,19,10,2,1.0000,0.0000,0.0000,2.8571,0,0,4,0,0,0,0,0,2,99,0,7
79,L,7,0,0,18,10,2,1.0000,0.0000,0.0000,2.8571,0,0,4,0,0,0,0,0,2,100,0,7
80,L,7,0,0,18,10,2,1.0000,0.0000,0.0000,2.8571,0,0,4,0,0,0,0,0,2,101,0,7
81,L,7,0,0,19,10,2,1.0000,0.0000,0.0000,2.8571,0,0,4,0,0,0,0,0,2,102,0,7
82,L,7,0,0,21,10,2,1.0000,0.0000,0.0000,2.8571,0,0,4,0,0,0,0,0,2,103,0,7
83,L,7,0,0,21,10,2,1.0000,0.0000,0.0000,2.8571,0,0,4,0,0,0,0,0,2,104,0,7
84,L,7,0,0,20,9,2,0.8571,0.0000,0.1429,2.5714,0,0,4,0,0,0,0,0,2,105,1,7
85,L,7,0,0,19,9,2,0.8571,0.0000,0.1429,2.5714,0,0,4,0,0,0,0,0,2,106,1,7
86,L,7,0,0,19,8,2,0.8571,0.0000,0.1429,2.2857,0,0,4,0,0,0,0,0,2,109,1,7
87,L,7,0,0,18,8,2,0.8571,0.0000,0.1429,2.2857,0,0,4,0,0,0,0,0,2,110,1,7
88,L,7,0,0,18,8,2,0.8571,0.0000,0.1429,2.2857,0,0,4,0,0,0,0,0,2,112,1,7
89,L,7,0,0,18,8,2,0.8571,0.0000,0.1429,2.2857,0,0,4,0,0,0,0,0,2,113,1,7
90,L,7,0,0,18,8,2,0.8571,0.0000,0.1429,2.2857,0,0,4,0,0,0,0,0,2,114,1,7
91,L,7,0,0,16,7,2,0.8571,0.0000,0.1429,2.0000,0,0,4,0,0,0,0,0,2,116,1,7
92,L,7,0,0,17,7,2,0.8571,0.0000,0.1429,2.0000,0,0,4,0,0,0,0,0,2,119,1,7
93,L,7,0,0,18,7,2,0.8571,0.0000,0.1429,2.0000,0,0,4,0,0,0,0,0,2,121,1,7
94,L,7,0,0,19,7,2,0.8571,0.0000,0.1429,2.0000,0,0,4,0,0,0,0,0,2,122,1,7
95,L,7,0,0,18,7,2,0.8571,0.0000,0.1429,2.0000,0,0,4,0,0,0,0,0,2,123,1,7
96,L,7,0,0,18,7,2,0.8571,0.0000,0.1429,2.0000,0,0,4,0,0,0,0,0,2,123,1,7
97,L,7,0,0,20,7,2,0.8571,0.0000,0.1429,2.0000,0,0,4,0,0,0,0,0,2,125,1,7
98,L,7,0,0,19,7,2,0.8571,0.0000,0.1429,2.0000,0,0,4,0,0,0,0,0,2,126,1,7
99,L,7,0,0,19,7,2,0.8571,0.0000,0.1429,2.0000,0,0,4,0,0,0,0,0,2,127,1,7
100,L,7,0,0,19,7,2,0.8571,0.0000,0.1429,2.0000,0,0,4,0,0,0,0,0,2,127,1,7
101,L,7,0,0,20,7,2,0.8571,0.0000,0.1429,2.0000,0,0,4,0,0,0,0,0,2,127,1,7
102,L,7,0,0,19,7,2,0.8571,0.0000,0.1429,2.0000,0,0,4,0,0,0,0,0,2,127,1,7
103,L,7,0,0,18,7,2,0.8571,0.0000,0.1429,2.0000,0,0,4,0,0,0,0,0,2,128,1,7
104,L,7,0,0,16,8,2,0.8571,0.0000,0.1429,2.2857,0,0,4,0,0,0,0,0,2,128,1,7
105,L,7,0,0,16,8,2,0.8571,0.0000,0.1429,2.2857,0,0,4,0,0,0,0,0,2,128,1,7
106,L,7,0,0,16,8,2,0.8571,0.0000,0.1429,2.2857,0,0,4,0,0,0,0,0,2,129,1,7
107,L,7,0,0,17,8,2,0.8571,0.0000,0.1429,2.2857,0,0,4,0,0,0,0,0,2,129,1,7
108,L,7,0,0,19,8,2,0.8571,0.0000,0.1429,2.2857,0,0,4,0,0,0,0,0,2,129,1,7
109,L,7,0,0,18,8,2,0.8571,0.0000,0.1429,2.2857,0,0,4,0,0,0,0,0,2,129,1,7
110,L,7,0,0,18,8,2,0.8571,0.0000,0.1429,2.2857,0,0,4,0,0,0,0,0,2,130,1,7
111,L,7,0,0,19,8,2,0.8571,0.0000,0.1429,2.2857,0,0,4,0,0,0,0,0,2,130,1,7
112,L,7,0,0,17,8,2,0.8571,0.0000,0.1429,2.2857,0,0,4,0,0,0,0,0,2,130,1,7
113,L,7,0,0,18,8,2,0.8571,0.0000,0.1429,2.2857,0,0,4,0,0,0,0,0,2,130,1,7
114,L,7,0,0,18,8,2,0.8571,0.0000,0.1429,2.2857,0,0,4,0,0,0,0,0,2,130,1,7
115,L,7,0,0,20,8,2,0.8571,0.0000,0.1429,2.2857,0,0,4,0,0,0,0,0,2,130,1,7
116,L,7,0,0,17,8,2,0.8571,0.0000,0.1429,2.2857,0,0,4,0,0,0,0,0,2,131,1,7
117,L,7,0,0,16,8,2,0.8571,0.0000,0.1429,2.2857,0,0,4,0,0,0,0,0,2,131,1,7
118,L,7,0,0,19,8,2,0.8571,0.0000,0.1429,2.2857,0,0,4,0,0,0,0,0,2,131,1,7
119,L,7,0,0,19,8,2,0.8571,0.0000,0.1429,2.2857,0,0,4,0,0,0,0,0,2,131,1,7
120,L,7,0,0,19,8,2,0.8571,0.0000,0.1429,2.2857,0,0,4,0,0,0,0,0,2,132,1,7
121,L,7,0,0,18,8,2,0.8571,0.0000,0.1429,2.2857,0,0,4,0,0,0,0,0,2,133,1,7
122,L,7,0,0,19,8,2,0.8571,0.0000,0.1429,2.2857,0,0,4,0,0,0,0,0,2,134,1,7
123,L,7,0,0,18,8,2,0.8571,0.0000,0.1429,2.2857,0,0,4,0,0,0,0,0,2,136,1,7
124,L,7,0,0,18,8,2,0.8571,0.0000,0.1429,2.2857,0,0,4,0,0,0,0,0,2,137,1,7
125,L,7,0,0,18,8,2,0.8571,0.0000,0.1429,2.2857,0,0,4,0,0,0,0,0,2,138,1,7
126,L,7,0,0,17,8,2,0.8571,0.0000,0.1429,2.2857,0,0,4,0,0,0,0,0,2,139,1,7
127,L,7,0,0,18,8,2,0.8571,0.0000,0.1429,2.2857,0,0,4,0,0,0,0,0,2,139,1,7
128,L,7,0,0,20,8,2,0.8571,0.0000,0.1429,2.2857,0,0,4,0,0,0,0,0,2,139,1,7
129,L,7,0,0,19,8,2,0.8571,0.0000,0.1429,2.2857,0,0,4,0,0,0,0,0,2,139,1,7
130,L,7,0,0,19,8,2,0.8571,0.0000,0.1429,2.2857,0,0,4,0,0,0,0,0,2,139,1,7
131,L,7,0,0,18,8,2,0.8571,0.0000,0.1429,2.2857,0,0,4,0,0,0,0,0,2,139,1,7
132,L,7,0,0,17,8,2,0.8571,0.0000,0.1429,2.2857,0,0,4,0,0,0,0,0,2,139,1,7
133,L,7,0,0,18,8,2,0.8571,0.0000,0.1429,2.2857,0,0,4,0,0,0,0,0,2,139,1,7
134,L,7,0,0,18,8,2,0.8571,0.0000,0.1429,2.2857,0,0,4,0,0,0,0,0,2,139,1,7
135,L,7,0,0,17,8,2,0.8571,0.0000,0.1429,2.2857,0,0,4,0,0,0,0,0,2,139,1,7
136,L,7,0,0,18,8,2,0.8571,0.0000,0.1429,2.2857,0,0,4,0,0,0,0,0,2,140,1,7
137,L,7,0,0,19,8,2,0.8571,0.0000,0.1429,2.2857,0,0,4,0,0,0,0,0,2,141,1,7
138,L,7,0,0,17,8,2,0.8571,0.0000,0.1429,2.2857,0,0,4,0,0,0,0,0,2,141,1,7
139,L,7,0,0,21,8,2,0.8571,0.0000,0.1429,2.2857,0,0,4,0,0,0,0,0,2,141,1,7
140,L,7,0,0,21,8,2,0.8571,0.0000,0.1429,2.2857,0,0,4,0,0,0,0,0,2,142,1,7
141,L,7,0,0,20,8,2,0.8571,0.0000,0.1429,2.2857,0,0,4,0,0,0,0,0,2,143,1,7
142,L,7,0,0,20,8,2,0.8571,0.0000,0.1429,2.2857,0,0,4,0,0,0,0,0,2,146,1,7
143,L,7,0,0,20,8,2,0.8571,0.0000,0.1429,2.2857,0,0,4,0,0,0,0,0,2,147,1,7
144,L,7,0,0,21,8,2,0.8571,0.0000,0.1429,2.2857,0,0,4,0,0,0,0,0,2,148,1,7
145,L,7,0,0,20,8,2,0.8571,0.0000,0.1429,2.2857,0,0,4,0,0,0,0,0,2,150,1,7
146,L,7,0,0,19,8,2,0.8571,0.0000,0.1429,2.2857,0,0,4,0,0,0,0,0,2,151,1,7
147,L,7,0,0,17,8,2,0.8571,0.0000,0.1429,2.2857,0,0,4,0,0,0,0,0,2,152,1,7
148,L,7,0,0,17,8,2,0.8571,0.0000,0.1429,2.2857,0,0,4,0,0,0,0,0,2,152,1,7
149,L,7,0,0,17,8,2,0.8571,0.0000,0.1429,2.2857,0,0,4,0,0,0,0,0,2,153,1,7
150,L,7,0,0,18,9,2,1.0000,0.0000,0.0000,2.5714,0,0,4,0,0,0,0,0,2,154,0,7
151,L,7,0,0,20,9,2,1.0000,0.0000,0.0000,2.5714,0,0,4,0,0,0,0,0,2,155,0,7
152,L,7,0,0,20,9,2,1.0000,0.0000,0.0000,2.5714,0,0,4,0,0,0,0,0,2,156,0,7
153,L,7,0,0,19,9,2,1.0000,0.0000,0.0000,2.5714,0,0,4,0,0,0,0,0,2,157,0,7
154,L,7,0,0,20,8,2,1.0000,0.0000,0.0000,2.2857,0,0,4,0,0,0,0,0,2,157,0,7
155,L,7,0,0,19,7,2,0.8571,0.0000,0.1429,2.0000,0,0,4,0,0,0,0,0,2,157,1,7
156,L,7,0,0,18,7,2,0.8571,0.0000,0.1429,2.0000,0,0,4,0,0,0,0,0,2,157,1,7
157,L,7,0,0,19,7,2,0.8571,0.0000,0.1429,2.0000,0,0,4,0,0,0,0,0,2,157,1,7
158,L,7,0,0,18,7,2,0.8571,0.0000,0.1429,2.0000,0,0,4,0,0,0,0,0,2,157,1,7
159,L,7,0,0,20,7,2,0.8571,0.0000,0.1429,2.0000,0,0,4,0,0,0,0,0,2,157,1,7
160,L,7,0,0,21,7,2,0.8571,0.0000,0.1429,2.0000,0,0,4,0,0,0,0,0,2,157,1,7
161,L,7,0,0,20,8,2,0.8571,0.0000,0.1429,2.2857,1,0,5,0,0,0,0,1,2,158,1,7
162,L,7,0,0,20,8,2,0.8571,0.0000,0.1429,2.2857,0,0,5,0,0,0,0,1,2,158,1,7
163,L,7,0,0,20,8,2,0.8571,0.0000,0.1429,2.2857,0,0,5,0,0,0,0,1,2,160,1,7
164,L,7,0,0,19,8,2,0.8571,0.0000,0.1429,2.2857,0,0,5,0,0,0,0,1,2,162,1,7
165,L,7,0,0,18,8,2,0.8571,0.0000,0.1429,2.2857,0,0,5,0,0,0,0,1,2,163,1,7
166,L,7,0,0,18,8,2,0.8571,0.0000,0.1429,2.2857,0,0,5,0,0,0,0,1,2,163,1,7
167,L,7,0,0,19,8,2,0.8571,0.0000,0.1429,2.2857,0,0,5,0,0,0,0,1,2,165,1,7
168,L,7,0,0,19,8,2,0.8571,0.0000,0.1429,2.2857,0,0,5,0,0,0,0,1,2,166,1,7
169,L,7,0,0,19,9,2,0.8571,0.0000,0.1429,2.5714,0,0,5,0,0,0,0,1,2,167,1,7
170,L,7,0,0,17,9,2,0.8571,0.0000,0.1429,2.5714,0,0,5,0,0,0,0,1,2,168,1,7
171,L,7,0,0,17,9,2,0.8571,0.0000,0.1429,2.5714,0,0,5,0,0,0,0,1,2,168,1,7
172,L,7,0,0,17,9,2,0.8571,0.0000,0.1429,2.5714,0,0,5,0,0,0,0,1,2,169,1,7
173,L,7,0,0,17,9,2,0.8571,0.0000,0.1429,2.5714,0,0,5,0,0,0,0,1,2,171,1,7
174,L,7,0,0,18,9,2,0.8571,0.0000,0.1429,2.5714,0,0,5,0,0,0,0,1,2,172,1,7
175,L,7,0,0,19,9,2,0.8571,0.0000,0.1429,2.5714,0,0,5,0,0,0,0,1,2,172,1,7
176,L,7,0,0,19,10,2,0.8571,0.0000,0.1429,2.8571,1,0,6,0,0,0,0,2,2,174,1,7
177,L,7,0,0,20,10,2,0.8571,0.0000,0.1429,2.8571,0,0,6,0,0,0,0,2,2,175,1,7
178,L,7,0,0,18,10,2,0.8571,0.0000,0.1429,2.8571,0,0,6,0,0,0,0,2,2,175,1,7
179,L,7,0,0,19,10,2,0.8571,0.0000,0.1429,2.8571,0,0,6,0,0,0,0,2,2,177,1,7
180,L,7,0,0,20,10,2,0.8571,0.0000,0.1429,2.8571,0,0,6,0,0,0,0,2,2,178,1,7
181,L,7,0,0,18,10,2,0.8571,0.0000,0.1429,2.8571,0,0,6,0,0,0,0,2,2,179,1,7
182,L,7,0,0,18,10,2,0.8571,0.0000,0.1429,2.8571,0,0,6,0,0,0,0,2,2,180,1,7
183,L,7,0,0,19,10,2,0.8571,0.0000,0.1429,2.8571,0,0,6,0,0,0,0,2,2,181,1,7
184,L,7,0,0,19,10,2,0.8571,0.0000,0.1429,2.8571,0,0,6,0,0,0,0,2,2,182,1,7
185,L,7,0,0,20,10,2,0.8571,0.0000,0.1429,2.8571,0,0,6,0,0,0,0,2,2,183,1,7
186,L,7,0,0,20,10,2,0.8571,0.0000,0.1429,2.8571,0,0,6,0,0,0,0,2,2,184,1,7
187,L,7,0,0,20,10,2,0.8571,0.0000,0.1429,2.8571,0,0,6,0,0,0,0,2,2,185,1,7
188,L,7,0,0,19,10,2,0.8571,0.0000,0.1429,2.8571,0,0,6,0,0,0,0,2,2,187,1,7
189,L,7,0,0,19,10,2,0.8571,0.0000,0.1429,2.8571,0,0,6,0,0,0,0,2,2,188,1,7
190,L,7,0,0,19,10,2,0.8571,0.0000,0.1429,2.8571,0,0,6,0,0,0,0,2,2,190,1,7
191,L,7,0,0,20,10,2,0.8571,0.0000,0.1429,2.8571,0,0,6,0,0,0,0,2,2,191,1,7
192,L,7,0,0,18,10,2,0.8571,0.0000,0.1429,2.8571,0,0,6,0,0,0,0,2,2,193,1,7
193,L,7,0,0,18,10,2,0.8571,0.0000,0.1429,2.8571,0,0,6,0,0,0,0,2,2,194,1,7
194,L,7,0,0,18,10,2,0.8571,0.0000,0.1429,2.8571,0,0,6,0,0,0,0,2,2,195,1,7
195,L,7,0,0,19,9,2,0.8571,0.0000,0.1429,2.5714,0,0,6,0,0,0,0,2,2,196,1,7
196,L,7,0,0,16,9,2,0.8571,0.0000,0.1429,2.5714,0,0,6,0,0,0,0,2,2,197,1,7
197,L,7,0,0,14,9,2,0.8571,0.0000,0.1429,2.5714,0,0,6,0,0,0,0,2,2,198,1,7
198,L,7,0,0,14,9,2,0.8571,0.0000,0.1429,2.5714,0,0,6,0,0,0,0,2,2,199,1,7
199,L,7,0,0,14,9,2,0.8571,0.0000,0.1429,2.5714,0,0,6,0,0,0,0,2,2,201,1,7
200,L,7,0,0,16,9,2,0.8571,0.0000,0.1429,2.5714,0,0,6,0,0,0,0,2,2,202,1,7
201,L,7,0,0,17,9,2,0.8571,0.0000,0.1429,2.5714,0,0,6,0,0,0,0,2,2,203,1,7
202,L,7,0,0,17,9,2,0.8571,0.0000,0.1429,2.5714,0,0,6,0,0,0,0,2,2,205,1,7
203,L,7,0,0,15,9,2,0.8571,0.0000,0.1429,2.5714,0,0,6,0,0,0,0,2,2,206,1,7
204,L,7,0,0,15,9,2,0.8571,0.0000,0.1429,2.5714,0,0,6,0,0,0,0,2,2,208,1,7
205,L,7,0,0,16,9,2,0.8571,0.0000,0.1429,2.5714,0,0,6,0,0,0,0,2,2,209,1,7
206,L,7,0,0,14,8,2,0.7143,0.0000,0.2857,2.2857,0,0,6,0,0,0,0,2,2,210,2,7
207,L,7,0,0,15,7,2,0.7143,0.0000,0.2857,2.0000,0,0,6,0,0,0,0,2,2,212,2,7
208,L,7,0,0,15,7,2,0.7143,0.0000,0.2857,2.0000,0,0,6,0,0,0,0,2,2,213,2,7
209,L,7,0,0,15,7,2,0.7143,0.0000,0.2857,2.0000,0,0,6,0,0,0,0,2,2,214,2,7
210,L,7,0,0,16,7,2,0.7143,0.0000,0.2857,2.0000,0,0,6,0,0,0,0,2,2,216,2,7
211,L,7,0,0,18,7,2,0.7143,0.0000,0.2857,2.0000,0,0,6,0,0,0,0,2,2,217,2,7
212,L,7,0,0,17,7,2,0.7143,0.0000,0.2857,2.0000,0,0,6,0,0,0,0,2,2,218,2,7
213,L,7,0,0,16,7,2,0.7143,0.0000,0.2857,2.0000,0,0,6,0,0,0,0,2,2,219,2,7
214,L,7,0,0,16,7,2,0.7143,0.0000,0.2857,2.0000,0,0,6,0,0,0,0,2,2,219,2,7
215,L,7,0,0,17,7,2,0.7143,0.0000,0.2857,2.0000,0,0,6,0,0,0,0,2,2,221,2,7
216,L,7,0,0,15,7,2,0.7143,0.0000,0.2857,2.0000,0,0,6,0,0,0,0,2,2,223,2,7
217,L,7,0,0,15,7,2,0.7143,0.0000,0.2857,2.0000,0,0,6,0,0,0,0,2,2,224,2,7
218,L,7,0,0,17,7,2,0.7143,0.0000,0.2857,2.0000,0,0,6,0,0,0,0,2,2,225,2,7
219,L,7,0,0,16,7,2,0.7143,0.0000,0.2857,2.0000,0,0,6,0,0,0,0,2,2,227,2,7
220,L,7,0,0,18,7,2,0.7143,0.0000,0.2857,2.0000,0,0,6,0,0,0,0,2,2,228,2,7
221,L,7,0,0,20,7,2,0.7143,0.0000,0.2857,2.0000,0,0,6,0,0,0,0,2,2,229,2,7
222,L,7,0,0,16,7,2,0.7143,0.0000,0.2857,2.0000,0,0,6,0,0,0,0,2,2,230,2,7
223,L,7,0,0,15,7,2,0.7143,0.0000,0.2857,2.0000,0,0,6,0,0,0,0,2,2,231,2,7
224,L,7,0,0,16,7,2,0.7143,0.0000,0.2857,2.0000,0,0,6,0,0,0,0,2,2,234,2,7
225,L,7,0,0,16,6,2,0.5714,0.0000,0.4286,1.7143,0,0,6,0,0,0,0,2,2,235,3,7
226,L,7,0,0,19,6,2,0.5714,0.0000,0.4286,1.7143,0,0,6,0,0,0,0,2,2,237,3,7
227,L,7,0,0,17,6,2,0.5714,0.0000,0.4286,1.7143,0,0,6,0,0,0,0,2,2,238,3,7
228,L,7,0,0,16,6,2,0.5714,0.0000,0.4286,1.7143,0,0,6,0,0,0,0,2,2,240,3,7
229,L,7,0,0,16,6,2,0.5714,0.0000,0.4286,1.7143,0,0,6,0,0,0,0,2,2,241,3,7
230,L,7,0,0,16,6,2,0.5714,0.0000,0.4286,1.7143,0,0,6,0,0,0,0,2,2,242,3,7
231,L,7,0,0,15,6,2,0.5714,0.0000,0.4286,1.7143,0,0,6,0,0,0,0,2,2,243,3,7
232,L,7,0,0,17,6,2,0.5714,0.0000,0.4286,1.7143,0,0,6,0,0,0,0,2,2,245,3,7
233,L,7,0,0,16,5,2,0.5714,0.0000,0.4286,1.4286,0,0,6,0,0,0,0,2,2,246,3,7
234,L,7,0,0,17,5,2,0.5714,0.0000,0.4286,1.4286,0,0,6,0,0,0,0,2,2,247,3,7
235,L,7,0,0,16,5,2,0.5714,0.0000,0.4286,1.4286,0,0,6,0,0,0,0,2,2,248,3,7
236,L,7,0,0,17,5,2,0.5714,0.0000,0.4286,1.4286,0,0,6,0,0,0,0,2,2,249,3,7
237,L,7,0,0,16,5,2,0.5714,0.0000,0.4286,1.4286,0,0,6,0,0,0,0,2,2,250,3,7
238,L,7,0,0,15,5,2,0.5714,0.0000,0.4286,1.4286,0,0,6,0,0,0,0,2,2,251,3,7
239,L,7,0,0,15,5,2,0.5714,0.0000,0.4286,1.4286,0,0,6,0,0,0,0,2,2,252,3,7
240,L,7,0,0,16,5,2,0.5714,0.0000,0.4286,1.4286,0,0,6,0,0,0,0,2,2,253,3,7
241,L,7,0,0,14,5,2,0.5714,0.0000,0.4286,1.4286,0,0,6,0,0,0,0,2,2,255,3,7
242,L,7,0,0,15,5,2,0.5714,0.0000,0.4286,1.4286,0,0,6,0,0,0,0,2,2,256,3,7
243,L,7,0,0,14,5,2,0.5714,0.0000,0.4286,1.4286,0,0,6,0,0,0,0,2,2,257,3,7
244,L,7,0,0,15,5,2,0.5714,0.0000,0.4286,1.4286,0,0,6,0,0,0,0,2,2,258,3,7
245,L,7,0,0,13,5,2,0.5714,0.0000,0.4286,1.4286,0,0,6,0,0,0,0,2,2,260,3,7
246,L,7,0,0,11,5,2,0.5714,0.0000,0.4286,1.4286,0,0,6,0,0,0,0,2,2,261,3,7
247,L,7,0,0,14,5,2,0.5714,0.0000,0.4286,1.4286,0,0,6,0,0,0,0,2,2,262,3,7
248,L,7,0,0,14,5,2,0.5714,0.0000,0.4286,1.4286,0,0,6,0,0,0,0,2,2,262,3,7
249,L,7,0,0,12,4,2,0.5714,0.0000,0.4286,1.1429,0,0,6,0,0,0,0,2,2,264,3,7
250,L,7,0,0,13,5,2,0.7143,0.0000,0.2857,1.4286,1,0,7,0,0,0,0,3,2,265,2,7
251,L,7,0,0,12,5,2,0.7143,0.0000,0.2857,1.4286,0,0,7,0,0,0,0,3,2,267,2,7
252,L,7,0,0,15,5,2,0.7143,0.0000,0.2857,1.4286,0,0,7,0,0,0,0,3,2,268,2,7
253,L,7,0,0,20,5,2,0.7143,0.0000,0.2857,1.4286,0,0,7,0,0,0,0,3,2,269,2,7
254,L,7,0,0,20,5,2,0.7143,0.0000,0.2857,1.4286,0,0,7,0,0,0,0,3,2,270,2,7
255,L,7,0,0,17,5,2,0.7143,0.0000,0.2857,1.4286,0,0,7,0,0,0,0,3,2,272,2,7
256,L,7,0,0,16,5,2,0.7143,0.0000,0.2857,1.4286,0,0,7,0,0,0,0,3,2,274,2,7
257,L,7,0,0,17,5,2,0.7143,0.0000,0.2857,1.4286,0,0,7,0,0,0,0,3,2,275,2,7
258,L,7,0,0,18,5,2,0.7143,0.0000,0.2857,1.4286,0,0,7,0,0,0,0,3,2,277,2,7
259,L,7,0,0,17,5,2,0.7143,0.0000,0.2857,1.4286,0,0,7,0,0,0,0,3,2,278,2,7
260,L,7,0,0,16,5,2,0.7143,0.0000,0.2857,1.4286,0,0,7,0,0,0,0,3,2,279,2,7
261,L,7,0,0,19,5,2,0.7143,0.0000,0.2857,1.4286,0,0,7,0,0,0,0,3,2,281,2,7
262,L,7,0,0,17,5,2,0.7143,0.0000,0.2857,1.4286,0,0,7,0,0,0,0,3,2,281,2,7
263,L,7,0,0,17,5,2,0.7143,0.0000,0.2857,1.4286,0,0,7,0,0,0,0,3,2,282,2,7
264,L,7,0,0,15,5,2,0.7143,0.0000,0.2857,1.4286,0,0,7,0,0,0,0,3,2,282,2,7
265,L,7,0,0,15,5,2,0.7143,0.0000,0.2857,1.4286,0,0,7,0,0,0,0,3,2,282,2,7
266,L,7,0,0,15,5,2,0.7143,0.0000,0.2857,1.4286,0,0,7,0,0,0,0,3,2,282,2,7
267,L,7,0,0,13,6,2,0.7143,0.0000,0.2857,1.7143,0,0,7,0,0,0,0,4,2,283,2,7
268,L,7,0,0,18,6,2,0.7143,0.0000,0.2857,1.7143,0,0,7,0,0,0,0,4,2,283,2,7
269,L,7,0,0,16,6,2,0.7143,0.0000,0.2857,1.7143,0,0,7,0,0,0,0,4,2,283,2,7
270,L,7,0,0,17,6,2,0.7143,0.0000,0.2857,1.7143,0,0,7,0,0,0,0,4,2,283,2,7
271,L,7,0,0,17,6,2,0.7143,0.0000,0.2857,1.7143,0,0,7,0,0,0,0,4,2,284,2,7
272,L,7,0,0,15,6,2,0.7143,0.0000,0.2857,1.7143,0,0,7,0,0,0,0,4,2,284,2,7
273,L,7,0,0,14,6,2,0.7143,0.0000,0.2857,1.7143,0,0,7,0,0,0,0,4,2,286,2,7
274,L,7,0,0,14,6,2,0.7143,0.0000,0.2857,1.7143,0,0,7,0,0,0,0,4,2,286,2,7
275,L,7,0,0,13,6,2,0.7143,0.0000,0.2857,1.7143,0,0,7,0,0,0,0,4,2,286,2,7
276,L,7,0,0,13,6,2,0.7143,0.0000,0.2857,1.7143,0,0,7,0,0,0,0,4,2,287,2,7
277,L,7,0,0,13,6,2,0.7143,0.0000,0.2857,1.7143,0,0,7,0,0,0,0,4,2,287,2,7
278,L,7,0,0,14,6,2,0.7143,0.0000,0.2857,1.7143,0,0,7,0,0,0,0,4,2,287,2,7
279,L,7,0,0,13,6,2,0.7143,0.0000,0.2857,1.7143,0,0,7,0,0,0,0,4,2,290,2,7
280,L,7,0,0,15,6,2,0.7143,0.0000,0.2857,1.7143,0,0,7,0,0,0,0,4,2,292,2,7
281,L,7,0,0,16,6,2,0.7143,0.0000,0.2857,1.7143,0,0,7,0,0,0,0,4,2,294,2,7
282,L,7,0,0,15,6,2,0.7143,0.0000,0.2857,1.7143,0,0,7,0,0,0,0,4,2,294,2,7
283,L,7,0,0,16,6,2,0.7143,0.0000,0.2857,1.7143,0,0,7,0,0,0,0,4,2,295,2,7
284,L,7,0,0,16,6,2,0.7143,0.0000,0.2857,1.7143,0,0,7,0,0,0,0,4,2,296,2,7
285,L,7,0,0,17,6,2,0.7143,0.0000,0.2857,1.7143,0,0,7,0,0,0,0,4,2,297,2,7
286,L,8,1,0,19,7,2,0.7500,0.0000,0.2500,1.7500,0,0,7,0,0,0,0,4,2,300,2,7
287,L,9,2,0,21,8,2,0.7778,0.0000,0.2222,1.7778,0,0,7,0,0,0,0,4,2,302,2,7
288,L,10,3,0,21,9,2,0.8000,0.0000,0.2000,1.8000,0,0,7,0,0,0,0,4,2,304,2,7
289,L,11,4,0,31,10,2,0.8182,0.0000,0.1818,1.8182,1,0,8,0,0,0,0,5,2,308,2,7
290,L,11,4,0,32,10,2,0.8182,0.0000,0.1818,1.8182,0,0,8,0,0,0,0,5,2,309,2,7
291,L,12,5,0,45,11,2,0.8333,0.0000,0.1667,1.8333,0,0,8,0,0,0,0,5,2,312,2,7
292,L,12,5,0,48,12,2,0.8333,0.0000,0.1667,2.0000,1,0,9,0,0,0,0,6,2,314,2,7
293,L,12,5,0,52,11,2,0.8333,0.0000,0.1667,1.8333,0,0,9,0,0,0,0,6,2,315,2,7
294,L,12,5,0,49,15,2,0.8333,0.0000,0.1667,2.5000,2,0,11,0,0,1,0,10,2,317,2,7
295,L,12,5,0,52,16,2,0.8333,0.0000,0.1667,2.6667,0,0,11,0,0,1,0,11,2,319,2,7
296,L,12,5,0,47,16,2,0.8333,0.0000,0.1667,2.6667,0,0,11,0,0,1,0,11,2,319,2,7
297,L,12,5,0,47,16,2,0.8333,0.0000,0.1667,2.6667,0,0,11,0,0,1,0,11,2,320,2,7
298,L,12,5,0,45,17,2,0.8333,0.0000,0.1667,2.8333,0,0,11,0,0,1,0,12,2,320,2,7
299,L,12,5,0,53,17,2,0.8333,0.0000,0.1667,2.8333,0,0,11,0,0,1,0,12,2,320,2,7
300,L,12,5,0,51,17,4,0.8333,0.0000,0.1667,2.8333,1,0,12,0,0,1,0,12,4,323,2,7
301,L,12,5,0,49,17,7,0.8333,0.0000,0.1667,2.8333,0,0,12,0,0,1,0,12,7,323,2,7
302,L,12,5,0,47,18,8,0.8333,0.0000,0.1667,3.0000,0,0,12,0,0,1,0,13,8,325,2,7
303,L,12,5,0,48,21,8,0.8333,0.0000,0.1667,3.5000,0,0,12,0,0,1,0,16,8,325,2,7
304,L,12,5,0,50,21,9,0.8333,0.0000,0.1667,3.5000,0,0,12,0,0,1,0,16,9,326,2,7
305,L,12,5,0,50,21,9,0.8333,0.0000,0.1667,3.5000,0,0,12,0,0,1,0,16,9,328,2,7
306,L,12,5,0,53,23,9,0.8333,0.0000,0.1667,3.8333,0,0,12,0,0,1,0,18,9,328,2,7
307,L,12,5,0,54,22,9,0.8333,0.0000,0.1667,3.6667,0,0,12,0,0,1,0,18,9,328,2,7
308,L,12,5,0,54,23,10,0.8333,0.0000,0.1667,3.8333,0,0,12,0,0,1,0,18,10,328,2,7
309,L,12,5,0,57,23,11,0.8333,0.0000,0.1667,3.8333,0,0,12,0,0,1,0,18,11,328,2,7
310,L,12,5,0,56,23,12,0.8333,0.0000,0.1667,3.8333,0,0,12,0,0,1,0,18,12,328,2,7
311,L,12,5,0,55,23,12,0.8333,0.0000,0.1667,3.8333,0,0,12,0,0,1,0,18,12,328,2,7
312,L,12,5,0,52,23,12,0.8333,0.0000,0.1667,3.8333,0,0,12,0,0,1,0,18,12,330,2,7
313,L,12,5,0,53,23,12,0.8333,0.0000,0.1667,3.8333,0,0,12,0,0,1,0,18,12,330,2,7
314,L,12,5,0,51,22,12,0.7500,0.0000,0.2500,3.6667,0,0,12,0,0,1,0,18,12,330,3,7
315,L,12,5,0,50,22,12,0.7500,0.0000,0.2500,3.6667,0,0,12,0,0,1,0,18,12,332,3,7
316,L,12,5,0,50,22,12,0.7500,0.0000,0.2500,3.6667,0,0,12,0,0,1,0,18,12,332,3,7
317,L,12,5,0,49,22,12,0.7500,0.0000,0.2500,3.6667,0,0,12,0,0,1,0,18,12,332,3,7
318,L,12,5,0,48,22,12,0.7500,0.0000,0.2500,3.6667,0,0,12,0,0,1,0,18,12,333,3,7
319,L,12,5,0,47,22,12,0.7500,0.0000,0.2500,3.6667,0,0,12,0,0,1,0,18,12,334,3,7
320,L,12,5,0,56,22,12,0.7500,0.0000,0.2500,3.6667,0,0,12,0,0,1,0,18,12,334,3,7
321,L,12,5,0,54,22,12,0.7500,0.0000,0.2500,3.6667,0,0,12,0,0,1,0,18,12,335,3,7
322,L,12,5,0,50,23,12,0.8333,0.0000,0.1667,3.8333,1,0,13,0,0,1,0,19,12,338,2,7
323,L,12,5,0,53,23,12,0.8333,0.0000,0.1667,3.8333,0,0,13,0,0,1,0,19,12,338,2,7
324,L,12,5,0,52,23,12,0.8333,0.0000,0.1667,3.8333,0,0,13,0,0,1,0,19,12,338,2,7
325,L,12,5,0,58,23,12,0.8333,0.0000,0.1667,3.8333,0,0,13,0,0,1,0,19,12,338,2,7
326,L,12,5,0,59,23,12,0.8333,0.0000,0.1667,3.8333,0,0,13,0,0,1,0,19,12,338,2,7
327,L,12,5,0,57,24,12,0.9167,0.0000,0.0833,4.0000,1,0,14,0,0,1,0,20,12,340,1,7
328,S,12,5,0,57,24,12,0.9167,0.0000,0.0833,4.0000,0,0,14,0,0,1,0,20,12,342,1,7
329,S,12,5,0,59,26,12,0.9167,0.0000,0.0833,4.3333,0,0,14,0,0,1,0,22,12,343,1,7
330,S,12,5,0,58,27,12,0.9167,0.0000,0.0833,4.5000,0,0,14,0,0,1,0,23,12,343,1,7
331,S,12,5,0,57,27,12,0.9167,0.0000,0.0833,4.5000,0,0,14,0,0,1,0,23,12,344,1,7
332,S,12,5,0,56,27,12,0.9167,0.0000,0.0833,4.5000,0,0,14,0,0,1,0,23,12,345,1,7
333,S,12,5,0,55,27,12,0.9167,0.0000,0.0833,4.5000,0,0,14,0,0,1,0,23,12,346,1,7
334,S,12,5,0,54,27,12,0.9167,0.0000,0.0833,4.5000,0,0,14,0,0,1,0,23,12,346,1,7
335,S,12,5,0,56,27,12,0.9167,0.0000,0.0833,4.5000,0,0,14,0,0,1,0,23,12,346,1,7
336,S,12,5,0,56,28,12,0.9167,0.0000,0.0833,4.6667,0,0,14,0,0,1,0,24,12,347,1,7
337,S,12,5,0,56,28,12,0.9167,0.0000,0.0833,4.6667,0,0,14,0,0,1,0,24,12,348,1,7
338,S,12,5,0,53,28,12,0.9167,0.0000,0.0833,4.6667,0,0,14,0,0,1,0,24,12,350,1,7
339,S,12,5,0,55,29,12,0.9167,0.0000,0.0833,4.8333,0,0,14,0,0,1,0,25,12,351,1,7
340,S,12,5,0,54,29,12,0.9167,0.0000,0.0833,4.8333,0,0,14,0,0,1,0,25,12,351,1,7
341,S,12,5,0,53,29,12,0.9167,0.0000,0.0833,4.8333,0,0,14,0,0,1,0,25,12,352,1,7
342,S,12,5,0,52,29,12,0.9167,0.0000,0.0833,4.8333,0,0,14,0,0,1,0,25,12,352,1,7
343,S,12,5,0,49,29,12,0.9167,0.0000,0.0833,4.8333,0,0,14,0,0,1,0,25,12,355,1,7
344,S,12,5,0,49,29,12,0.9167,0.0000,0.0833,4.8333,0,0,14,0,0,1,0,25,12,357,1,7
345,S,12,5,0,50,28,12,0.9167,0.0000,0.0833,4.6667,0,0,14,0,0,1,0,25,12,358,1,7
346,S,12,5,0,49,28,12,0.9167,0.0000,0.0833,4.6667,0,0,14,0,0,1,0,25,12,358,1,7
347,S,12,5,0,48,28,12,0.9167,0.0000,0.0833,4.6667,0,0,14,0,0,1,0,25,12,358,1,7
348,S,12,5,0,45,28,12,0.9167,0.0000,0.0833,4.6667,0,0,14,0,0,1,0,25,12,358,1,7
349,S,12,5,0,43,28,12,0.9167,0.0000,0.0833,4.6667,0,0,14,0,0,1,0,25,12,360,1,7
350,S,12,5,0,45,28,12,0.9167,0.0000,0.0833,4.6667,0,0,14,0,0,1,0,25,12,360,1,7
351,S,12,5,0,44,28,12,0.9167,0.0000,0.0833,4.6667,0,0,14,0,0,1,0,25,12,361,1,7
352,S,12,5,0,43,28,12,0.9167,0.0000,0.0833,4.6667,0,0,14,0,0,1,0,25,12,362,1,7
353,S,12,5,0,43,28,12,0.9167,0.0000,0.0833,4.6667,0,0,14,0,0,1,0,25,12,362,1,7
354,S,12,5,0,46,27,12,0.8333,0.0000,0.1667,4.5000,0,0,14,0,0,1,0,25,12,362,2,7
355,S,12,5,0,44,27,12,0.8333,0.0000,0.1667,4.5000,0,0,14,0,0,1,0,25,12,362,2,7
356,S,12,5,0,45,27,12,0.8333,0.0000,0.1667,4.5000,0,0,14,0,0,1,0,25,12,364,2,7
357,S,12,5,0,43,27,12,0.8333,0.0000,0.1667,4.5000,0,0,14,0,0,1,0,25,12,364,2,7
358,S,12,5,0,42,27,12,0.8333,0.0000,0.1667,4.5000,0,0,14,0,0,1,0,25,12,365,2,7
359,S,12,5,0,40,27,12,0.8333,0.0000,0.1667,4.5000,0,0,14,0,0,1,0,25,12,365,2,7
360,S,12,5,0,40,27,12,0.8333,0.0000,0.1667,4.5000,0,0,14,0,0,1,0,25,12,365,2,7
361,S,12,5,0,43,27,12,0.8333,0.0000,0.1667,4.5000,0,0,14,0,0,1,0,25,12,365,2,7
362,S,12,5,0,45,27,12,0.8333,0.0000,0.1667,4.5000,0,0,14,0,0,1,0,25,12,367,2,7
363,S,12,5,0,43,27,12,0.8333,0.0000,0.1667,4.5000,0,0,14,0,0,1,0,25,12,368,2,7
364,S,12,5,0,43,27,12,0.8333,0.0000,0.1667,4.5000,0,0,14,0,0,1,0,25,12,370,2,7
365,S,12,5,0,41,27,12,0.8333,0.0000,0.1667,4.5000,0,0,14,0,0,1,0,25,12,371,2,7
366,S,12,5,0,42,27,12,0.8333,0.0000,0.1667,4.5000,0,0,14,0,0,1,0,25,12,373,2,7
367,S,12,5,0,44,27,12,0.8333,0.0000,0.1667,4.5000,0,0,14,0,0,1,0,25,12,373,2,7
368,S,12,5,0,44,27,12,0.8333,0.0000,0.1667,4.5000,0,0,14,0,0,1,0,25,12,373,2,7
369,S,12,5,0,43,27,12,0.8333,0.0000,0.1667,4.5000,0,0,14,0,0,1,0,25,12,374,2,7
370,S,12,5,0,43,27,12,0.8333,0.0000,0.1667,4.5000,0,0,14,0,0,1,0,25,12,374,2,7
371,S,12,5,0,45,27,12,0.8333,0.0000,0.1667,4.5000,0,0,14,0,0,1,0,25,12,375,2,7
372,S,12,5,0,43,26,12,0.8333,0.0000,0.1667,4.3333,0,0,14,0,0,1,0,25,12,375,2,7
373,S,12,5,0,43,25,12,0.8333,0.0000,0.1667,4.1667,0,0,14,0,0,1,0,25,12,376,2,7
374,S,12,5,0,43,24,12,0.8333,0.0000,0.1667,4.0000,0,0,14,0,0,1,0,25,12,376,2,7
375,S,12,5,0,42,22,12,0.8333,0.0000,0.1667,3.6667,0,0,14,0,0,1,0,25,12,376,2,7
376,S,12,5,0,44,22,12,0.8333,0.0000,0.1667,3.6667,0,0,14,0,0,1,0,25,12,376,2,7
377,S,12,5,0,43,22,12,0.8333,0.0000,0.1667,3.6667,0,0,14,0,0,1,0,25,12,377,2,7
378,S,12,5,0,41,22,12,0.8333,0.0000,0.1667,3.6667,0,0,14,0,0,1,0,25,12,380,2,7
379,S,12,5,0,41,22,12,0.8333,0.0000,0.1667,3.6667,0,0,14,0,0,1,0,25,12,380,2,7
380,S,12,5,0,42,22,12,0.8333,0.0000,0.1667,3.6667,0,0,14,0,0,1,0,25,12,380,2,7
381,S,12,5,0,42,22,12,0.8333,0.0000,0.1667,3.6667,0,0,14,0,0,1,0,25,12,382,2,7
382,S,12,5,0,42,22,12,0.8333,0.0000,0.1667,3.6667,0,0,14,0,0,1,0,25,12,382,2,7
383,S,12,5,0,42,22,12,0.8333,0.0000,0.1667,3.6667,0,0,14,0,0,1,0,25,12,382,2,7
384,S,12,5,0,43,22,12,0.8333,0.0000,0.1667,3.6667,0,0,14,0,0,1,0,25,12,383,2,7
385,S,12,5,0,41,23,12,0.8333,0.0000,0.1667,3.8333,0,0,14,0,0,1,0,26,12,383,2,7
386,S,12,5,0,40,25,12,0.8333,0.0000,0.1667,4.1667,0,0,14,0,0,1,0,28,12,384,2,7
387,S,12,5,0,37,24,12,0.8333,0.0000,0.1667,4.0000,0,0,14,0,0,1,0,28,12,386,2,7
388,S,12,5,0,38,24,12,0.8333,0.0000,0.1667,4.0000,0,0,14,0,0,1,0,28,12,386,2,7
389,S,12,5,0,41,24,12,0.8333,0.0000,0.1667,4.0000,0,0,14,0,0,1,0,28,12,389,2,7
390,S,12,5,0,40,24,12,0.8333,0.0000,0.1667,4.0000,0,0,14,0,0,1,0,28,12,389,2,7
391,S,11,5,1,33,17,9,0.8182,0.0000,0.1818,3.0909,0,2,14,0,0,1,0,28,12,393,2,7
392,S,9,5,3,23,11,6,0.7778,0.0000,0.2222,2.4444,0,4,14,0,0,1,0,28,12,400,2,6
393,S,9,5,3,22,11,6,0.7778,0.0000,0.2222,2.4444,0,0,14,0,0,1,0,28,12,401,2,6
394,S,9,5,3,22,10,6,0.6667,0.0000,0.3333,2.2222,0,0,14,0,0,1,0,28,12,401,3,6
395,S,9,5,3,23,10,6,0.6667,0.0000,0.3333,2.2222,0,0,14,0,0,1,0,28,12,402,3,6
396,S,9,5,3,23,10,6,0.6667,0.0000,0.3333,2.2222,0,0,14,0,0,1,0,28,12,403,3,6
397,S,8,5,4,16,5,3,0.5000,0.0000,0.5000,1.2500,0,2,14,0,0,1,0,28,12,407,4,6
398,S,8,5,4,17,5,3,0.5000,0.0000,0.5000,1.2500,0,0,14,0,0,1,0,28,12,407,4,6
399,L,8,5,4,15,5,3,0.5000,0.0000,0.5000,1.2500,0,0,14,0,0,1,0,28,12,409,4,6
400,L,7,5,5,10,3,2,0.4286,0.0000,0.5714,0.8571,0,2,14,0,0,1,0,28,12,414,4,6
401,L,7,5,5,11,3,2,0.4286,0.0000,0.5714,0.8571,0,0,14,0,0,1,0,28,12,414,4,6
402,L,7,5,5,14,3,3,0.4286,0.0000,0.5714,0.8571,0,0,14,0,0,1,0,28,13,414,4,6
403,L,5,5,7,3,0,0,0.2000,0.0000,1.0000,0.0000,0,3,14,0,0,1,0,28,13,422,5,5
404,L,5,5,7,3,0,0,0.2000,0.0000,1.0000,0.0000,0,0,14,0,0,1,0,28,13,423,5,5
405,L,5,5,7,3,0,0,0.2000,0.0000,1.0000,0.0000,0,0,14,0,0,1,0,28,13,424,5,5
406,L,5,5,7,4,0,0,0.2000,0.0000,1.0000,0.0000,0,0,14,0,0,1,0,28,13,424,5,5
407,L,5,5,7,4,0,0,0.2000,0.0000,1.0000,0.0000,0,0,14,0,0,1,0,28,13,426,5,5
408,L,5,5,7,3,0,0,0.2000,0.0000,1.0000,0.0000,0,0,14,0,0,1,0,28,13,426,5,5
409,L,5,5,7,3,0,0,0.2000,0.0000,1.0000,0.0000,0,0,14,0,0,1,0,28,13,427,5,5
410,L,5,5,7,4,0,0,0.2000,0.0000,1.0000,0.0000,0,0,14,0,0,1,0,28,13,428,5,5
411,L,5,5,7,5,0,0,0.2000,0.0000,1.0000,0.0000,0,0,14,0,0,1,0,28,13,428,5,5
412,L,5,5,7,7,0,0,0.2000,0.0000,1.0000,0.0000,0,0,14,0,0,1,0,28,13,428,5,5
413,L,5,5,7,6,0,0,0.2000,0.0000,1.0000,0.0000,0,0,14,0,0,1,0,28,13,429,5,5
414,L,5,5,7,5,0,0,0.2000,0.0000,1.0000,0.0000,0,0,14,0,0,1,0,28,13,429,5,5
415,L,5,5,7,6,0,0,0.2000,0.0000,1.0000,0.0000,0,0,14,0,0,1,0,28,13,429,5,5
416,L,5,5,7,6,0,0,0.2000,0.0000,1.0000,0.0000,0,0,14,0,0,1,0,28,13,430,5,5
417,L,5,5,7,5,1,0,0.4000,0.0000,0.6000,0.4000,0,0,14,0,0,1,0,29,13,430,3,5
418,L,5,5,7,6,1,0,0.4000,0.0000,0.6000,0.4000,0,0,14,0,0,1,0,29,13,431,3,5
419,L,5,5,7,6,1,0,0.4000,0.0000,0.6000,0.4000,0,0,14,0,0,1,0,29,13,432,3,5
420,L,5,5,7,4,1,0,0.4000,0.0000,0.6000,0.4000,0,0,14,0,0,1,0,29,13,434,3,5
421,L,5,5,7,4,1,0,0.4000,0.0000,0.6000,0.4000,0,0,14,0,0,1,0,29,13,435,3,5
422,L,5,5,7,6,1,0,0.4000,0.0000,0.6000,0.4000,0,0,14,0,0,1,0,29,13,435,3,5
423,L,5,5,7,4,1,0,0.4000,0.0000,0.6000,0.4000,0,0,14,0,0,1,0,29,13,435,3,5
424,L,5,5,7,4,1,0,0.4000,0.0000,0.6000,0.4000,0,0,14,0,0,1,0,29,13,436,3,5
425,L,5,5,7,4,1,0,0.4000,0.0000,0.6000,0.4000,0,0,14,0,0,1,0,29,13,437,3,5
426,L,5,5,7,3,1,0,0.4000,0.0000,0.6000,0.4000,0,0,14,0,0,1,0,29,13,437,3,5
427,L,5,5,7,1,1,0,0.4000,0.0000,0.6000,0.4000,0,0,14,0,0,1,0,29,13,438,3,5
428,L,5,5,7,3,1,0,0.4000,0.0000,0.6000,0.4000,0,0,14,0,0,1,0,29,13,438,3,5
429,L,5,5,7,3,1,0,0.4000,0.0000,0.6000,0.4000,0,0,14,0,0,1,0,29,13,439,3,5
430,L,5,5,7,4,1,0,0.4000,0.0000,0.6000,0.4000,0,0,14,0,0,1,0,29,13,440,3,5
431,L,5,5,7,4,1,0,0.4000,0.0000,0.6000,0.4000,0,0,14,0,0,1,0,29,13,441,3,5
432,L,5,5,7,4,1,0,0.4000,0.0000,0.6000,0.4000,0,0,14,0,0,1,0,29,13,442,3,5
433,L,5,5,7,3,1,0,0.4000,0.0000,0.6000,0.4000,0,0,14,0,0,1,0,29,13,443,3,5
434,L,5,5,7,3,1,0,0.4000,0.0000,0.6000,0.4000,0,0,14,0,0,1,0,29,13,443,3,5
435,L,5,5,7,4,1,0,0.4000,0.0000,0.6000,0.4000,0,0,14,0,0,1,0,29,13,445,3,5
436,L,5,5,7,2,1,0,0.4000,0.0000,0.6000,0.4000,0,0,14,0,0,1,0,29,13,445,3,5
437,L,5,5,7,3,1,0,0.4000,0.0000,0.6000,0.4000,0,0,14,0,0,1,0,29,13,447,3,5
438,L,5,5,7,3,1,0,0.4000,0.0000,0.6000,0.4000,0,0,14,0,0,1,0,29,13,448,3,5
439,L,5,5,7,4,1,0,0.4000,0.0000,0.6000,0.4000,0,0,14,0,0,1,0,29,13,448,3,5
440,L,5,5,7,4,1,0,0.4000,0.0000,0.6000,0.4000,0,0,14,0,0,1,0,29,13,450,3,5
441,L,5,5,7,3,1,0,0.4000,0.0000,0.6000,0.4000,0,0,14,0,0,1,0,29,13,451,3,5
442,L,5,5,7,3,1,0,0.4000,0.0000,0.6000,0.4000,0,0,14,0,0,1,0,29,13,452,3,5
443,L,5,5,7,3,1,0,0.4000,0.0000,0.6000,0.4000,0,0,14,0,0,1,0,29,13,453,3,5
444,L,5,5,7,2,1,0,0.4000,0.0000,0.6000,0.4000,0,0,14,0,0,1,0,29,13,454,3,5
445,L,5,5,7,2,1,0,0.4000,0.0000,0.6000,0.4000,0,0,14,0,0,1,0,29,13,454,3,5
446,L,5,5,7,3,1,0,0.4000,0.0000,0.6000,0.4000,0,0,14,0,0,1,0,29,13,455,3,5
447,L,5,5,7,3,1,0,0.4000,0.0000,0.6000,0.4000,0,0,14,0,0,1,0,29,13,455,3,5
448,L,5,5,7,3,1,0,0.4000,0.0000,0.6000,0.4000,0,0,14,0,0,1,0,29,13,456,3,5
449,L,5,5,7,2,1,0,0.4000,0.0000,0.6000,0.4000,0,0,14,0,0,1,0,29,13,456,3,5
450,L,5,5,7,4,1,0,0.4000,0.0000,0.6000,0.4000,0,0,14,0,0,1,0,29,13,456,3,5
451,L,5,5,7,3,1,0,0.4000,0.0000,0.6000,0.4000,0,0,14,0,0,1,0,29,13,456,3,5
452,L,5,5,7,2,1,0,0.4000,0.0000,0.6000,0.4000,0,0,14,0,0,1,0,29,13,456,3,5
453,L,5,5,7,2,1,0,0.4000,0.0000,0.6000,0.4000,0,0,14,0,0,1,0,29,13,457,3,5
454,L,5,5,7,2,1,0,0.4000,0.0000,0.6000,0.4000,0,0,14,0,0,1,0,29,13,457,3,5
455,L,5,5,7,3,1,0,0.4000,0.0000,0.6000,0.4000,0,0,14,0,0,1,0,29,13,457,3,5
456,L,5,5,7,1,0,0,0.2000,0.0000,1.0000,0.0000,0,0,14,0,0,1,0,29,13,460,5,5
457,L,5,5,7,1,0,0,0.2000,0.0000,1.0000,0.0000,0,0,14,0,0,1,0,29,13,460,5,5
458,L,5,5,7,1,0,0,0.2000,0.0000,1.0000,0.0000,0,0,14,0,0,1,0,29,13,461,5,5
459,L,5,5,7,1,0,0,0.2000,0.0000,1.0000,0.0000,0,0,14,0,0,1,0,29,13,461,5,5
460,L,5,5,7,2,0,0,0.2000,0.0000,1.0000,0.0000,0,0,14,0,0,1,0,29,13,461,5,5
461,L,5,5,7,2,0,0,0.2000,0.0000,1.0000,0.0000,0,0,14,0,0,1,0,29,13,462,5,5
462,L,5,5,7,2,0,0,0.2000,0.0000,1.0000,0.0000,0,0,14,0,0,1,0,29,13,463,5,5
463,L,5,5,7,3,0,0,0.2000,0.0000,1.0000,0.0000,0,0,14,0,0,1,0,29,13,464,5,5
464,L,5,5,7,3,0,0,0.2000,0.0000,1.0000,0.0000,0,0,14,0,0,1,0,29,13,464,5,5
465,L,5,5,7,3,0,0,0.2000,0.0000,1.0000,0.0000,0,0,14,0,0,1,0,29,13,465,5,5
466,L,5,5,7,4,0,0,0.2000,0.0000,1.0000,0.0000,0,0,14,0,0,1,0,29,13,465,5,5
467,L,5,5,7,2,0,0,0.2000,0.0000,1.0000,0.0000,0,0,14,0,0,1,0,29,13,465,5,5
468,L,5,5,7,4,0,0,0.2000,0.0000,1.0000,0.0000,0,0,14,0,0,1,0,29,13,467,5,5
469,L,5,5,7,4,0,0,0.2000,0.0000,1.0000,0.0000,0,0,14,0,0,1,0,29,13,467,5,5
470,L,5,5,7,5,0,0,0.2000,0.0000,1.0000,0.0000,0,0,14,0,0,1,0,29,13,468,5,5
471,L,5,5,7,4,0,0,0.2000,0.0000,1.0000,0.0000,0,0,14,0,0,1,0,29,13,468,5,5
472,L,5,5,7,3,0,0,0.2000,0.0000,1.0000,0.0000,0,0,14,0,0,1,0,29,13,469,5,5
473,L,5,5,7,2,0,0,0.2000,0.0000,1.0000,0.0000,0,0,14,0,0,1,0,29,13,469,5,5
474,L,5,5,7,2,0,0,0.2000,0.0000,1.0000,0.0000,0,0,14,0,0,1,0,29,13,470,5,5
475,L,5,5,7,1,0,0,0.2000,0.0000,1.0000,0.0000,0,0,14,0,0,1,0,29,13,472,5,5
476,L,5,5,7,1,0,0,0.2000,0.0000,1.0000,0.0000,0,0,14,0,0,1,0,29,13,474,5,5
477,L,5,5,7,1,0,0,0.2000,0.0000,1.0000,0.0000,0,0,14,0,0,1,0,29,13,474,5,5
478,L,5,5,7,1,0,0,0.2000,0.0000,1.0000,0.0000,0,0,14,0,0,1,0,29,13,475,5,5
479,L,5,5,7,3,0,0,0.2000,0.0000,1.0000,0.0000,0,0,14,0,0,1,0,29,13,475,5,5
480,L,5,5,7,2,0,0,0.2000,0.0000,1.0000,0.0000,0,0,14,0,0,1,0,29,13,475,5,5
481,L,5,5,7,3,0,0,0.2000,0.0000,1.0000,0.0000,0,0,14,0,0,1,0,29,13,476,5,5
482,L,5,5,7,2,0,0,0.2000,0.0000,1.0000,0.0000,0,0,14,0,0,1,0,29,13,476,5,5
483,L,5,5,7,3,0,0,0.2000,0.0000,1.0000,0.0000,0,0,14,0,0,1,0,29,13,477,5,5
484,L,5,5,7,1,0,0,0.2000,0.0000,1.0000,0.0000,0,0,14,0,0,1,0,29,13,477,5,5
485,L,5,5,7,0,0,0,0.2000,0.0000,1.0000,0.0000,0,0,14,0,0,1,0,29,13,478,5,5
486,L,5,5,7,0,0,0,0.2000,0.0000,1.0000,0.0000,0,0,14,0,0,1,0,29,13,479,5,5
487,L,5,5,7,0,0,0,0.2000,0.0000,1.0000,0.0000,0,0,14,0,0,1,0,29,13,479,5,5
488,L,5,5,7,0,0,0,0.2000,0.0000,1.0000,0.0000,0,0,14,0,0,1,0,29,13,479,5,5
489,L,5,5,7,1,0,0,0.2000,0.0000,1.0000,0.0000,0,0,14,0,0,1,0,29,13,481,5,5
490,L,5,5,7,3,0,0,0.2000,0.0000,1.0000,0.0000,0,0,14,0,0,1,0,29,13,481,5,5
491,L,5,5,7,2,0,0,0.2000,0.0000,1.0000,0.0000,0,0,14,0,0,1,0,29,13,482,5,5
492,L,5,5,7,1,0,0,0.2000,0.0000,1.0000,0.0000,0,0,14,0,0,1,0,29,13,483,5,5
493,L,5,5,7,1,0,0,0.2000,0.0000,1.0000,0.0000,0,0,14,0,0,1,0,29,13,483,5,5
494,L,5,5,7,1,0,0,0.2000,0.0000,1.0000,0.0000,0,0,14,0,0,1,0,29,13,483,5,5
495,L,5,5,7,1,0,0,0.2000,0.0000,1.0000,0.0000,0,0,14,0,0,1,0,29,13,484,5,5
496,L,5,5,7,1,0,0,0.2000,0.0000,1.0000,0.0000,0,0,14,0,0,1,0,29,13,484,5,5
497,L,5,5,7,1,0,0,0.2000,0.0000,1.0000,0.0000,0,0,14,0,0,1,0,29,13,485,5,5
498,L,5,5,7,3,0,0,0.2000,0.0000,1.0000,0.0000,0,0,14,0,0,1,0,29,13,486,5,5
499,L,5,5,7,2,0,0,0.2000,0.0000,1.0000,0.0000,0,0,14,0,0,1,0,29,13,488,5,5
500,L,5,5,7,1,0,0,0.2000,0.0000,1.0000,0.0000,0,0,14,0,0,1,0,29,13,489,5,5
501,L,5,5,7,4,0,0,0.2000,0.0000,1.0000,0.0000,0,0,14,0,0,1,0,29,13,489,5,5
502,L,5,5,7,3,0,0,0.2000,0.0000,1.0000,0.0000,0,0,14,0,0,1,0,29,13,490,5,5
503,L,5,5,7,3,0,0,0.2000,0.0000,1.0000,0.0000,0,0,14,0,0,1,0,29,13,491,5,5
504,L,5,5,7,3,0,0,0.2000,0.0000,1.0000,0.0000,0,0,14,0,0,1,0,29,13,492,5,5
505,L,5,5,7,3,0,0,0.2000,0.0000,1.0000,0.0000,0,0,14,0,0,1,0,29,13,492,5,5
506,L,5,5,7,3,0,0,0.2000,0.0000,1.0000,0.0000,0,0,14,0,0,1,0,29,13,494,5,5
507,L,5,5,7,3,0,0,0.2000,0.0000,1.0000,0.0000,0,0,14,0,0,1,0,29,13,494,5,5
508,L,5,5,7,3,0,0,0.2000,0.0000,1.0000,0.0000,0,0,14,0,0,1,0,29,13,494,5,5
509,L,5,5,7,3,0,0,0.2000,0.0000,1.0000,0.0000,0,0,14,0,0,1,0,29,13,495,5,5
510,L,5,5,7,3,0,0,0.2000,0.0000,1.0000,0.0000,0,0,14,0,0,1,0,29,13,495,5,5
511,L,5,5,7,3,0,0,0.2000,0.0000,1.0000,0.0000,0,0,14,0,0,1,0,29,13,496,5,5
512,L,5,5,7,2,0,0,0.2000,0.0000,1.0000,0.0000,0,0,14,0,0,1,0,29,13,497,5,5
513,L,5,5,7,3,0,0,0.2000,0.0000,1.0000,0.0000,0,0,14,0,0,1,0,29,13,498,5,5
514,L,5,5,7,2,0,0,0.2000,0.0000,1.0000,0.0000,0,0,14,0,0,1,0,29,13,499,5,5
515,L,5,5,7,2,0,0,0.2000,0.0000,1.0000,0.0000,0,0,14,0,0,1,0,29,13,499,5,5
516,L,5,5,7,2,0,0,0.2000,0.0000,1.0000,0.0000,0,0,14,0,0,1,0,29,13,500,5,5
517,L,5,5,7,2,0,0,0.2000,0.0000,1.0000,0.0000,0,0,14,0,0,1,0,29,13,500,5,5
518,L,5,5,7,2,0,0,0.2000,0.0000,1.0000,0.0000,0,0,14,0,0,1,0,29,13,500,5,5
519,L,5,5,7,2,0,0,0.2000,0.0000,1.0000,0.0000,0,0,14,0,0,1,0,29,13,500,5,5
520,L,5,5,7,2,0,0,0.2000,0.0000,1.0000,0.0000,0,0,14,0,0,1,0,29,13,500,5,5
521,L,5,5,7,3,0,0,0.2000,0.0000,1.0000,0.0000,0,0,14,0,0,1,0,29,13,500,5,5
522,L,5,5,7,3,0,0,0.2000,0.0000,1.0000,0.0000,0,0,14,0,0,1,0,29,13,500,5,5
523,L,5,5,7,3,0,0,0.2000,0.0000,1.0000,0.0000,0,0,14,0,0,1,0,29,13,500,5,5
524,L,5,5,7,2,0,0,0.2000,0.0000,1.0000,0.0000,0,0,14,0,0,1,0,29,13,500,5,5
525,L,5,5,7,3,0,0,0.2000,0.0000,1.0000,0.0000,0,0,14,0,0,1,0,29,13,500,5,5
526,L,5,5,7,3,0,0,0.2000,0.0000,1.0000,0.0000,0,0,14,0,0,1,0,29,13,500,5,5
527,L,5,5,7,3,0,0,0.2000,0.0000,1.0000,0.0000,0,0,14,0,0,1,0,29,13,500,5,5
528,L,5,5,7,2,0,0,0.2000,0.0000,1.0000,0.0000,0,0,14,0,0,1,0,29,13,500,5,5
529,L,5,5,7,3,0,0,0.2000,0.0000,1.0000,0.0000,0,0,14,0,0,1,0,29,13,500,5,5
530,L,5,5,7,3,0,0,0.2000,0.0000,1.0000,0.0000,0,0,14,0,0,1,0,29,13,500,5,5
531,L,5,5,7,3,0,0,0.2000,0.0000,1.0000,0.0000,0,0,14,0,0,1,0,29,13,500,5,5
532,L,5,5,7,3,0,0,0.2000,0.0000,1.0000,0.0000,0,0,14,0,0,1,0,29,13,500,5,5
533,L,5,5,7,2,0,0,0.2000,0.0000,1.0000,0.0000,0,0,14,0,0,1,0,29,13,500,5,5
534,L,5,5,7,2,0,0,0.2000,0.0000,1.0000,0.0000,0,0,14,0,0,1,0,29,13,500,5,5
535,L,5,5,7,3,0,0,0.2000,0.0000,1.0000,0.0000,0,0,14,0,0,1,0,29,13,500,5,5
536,L,5,5,7,4,0,0,0.2000,0.0000,1.0000,0.0000,0,0,14,0,0,1,0,29,13,500,5,5
537,L,5,5,7,4,0,0,0.2000,0.0000,1.0000,0.0000,0,0,14,0,0,1,0,29,13,500,5,5
538,L,5,5,7,3,0,0,0.2000,0.0000,1.0000,0.0000,0,0,14,0,0,1,0,29,13,500,5,5
539,L,5,5,7,3,0,0,0.2000,0.0000,1.0000,0.0000,0,0,14,0,0,1,0,29,13,500,5,5
540,L,5,5,7,4,0,0,0.2000,0.0000,1.0000,0.0000,0,0,14,0,0,1,0,29,13,500,5,5
541,L,5,5,7,4,0,0,0.2000,0.0000,1.0000,0.0000,0,0,14,0,0,1,0,29,13,500,5,5
542,L,5,5,7,5,0,0,0.2000,0.0000,1.0000,0.0000,0,0,14,0,0,1,0,29,13,500,5,5
543,L,5,5,7,5,0,0,0.2000,0.0000,1.0000,0.0000,0,0,14,0,0,1,0,29,13,500,5,5
544,L,5,5,7,5,0,0,0.2000,0.0000,1.0000,0.0000,0,0,14,0,0,1,0,29,13,500,5,5
545,L,5,5,7,4,0,0,0.2000,0.0000,1.0000,0.0000,0,0,14,0,0,1,0,29,13,500,5,5
546,L,5,5,7,4,0,0,0.2000,0.0000,1.0000,0.0000,0,0,14,0,0,1,0,29,13,500,5,5
547,L,5,5,7,4,0,0,0.2000,0.0000,1.0000,0.0000,0,0,14,0,0,1,0,29,13,500,5,5
548,L,5,5,7,3,0,0,0.2000,0.0000,1.0000,0.0000,0,0,14,0,0,1,0,29,13,500,5,5
549,L,5,5,7,3,0,0,0.2000,0.0000,1.0000,0.0000,0,0,14,0,0,1,0,29,13,500,5,5
550,L,5,5,7,3,0,0,0.2000,0.0000,1.0000,0.0000,0,0,14,0,0,1,0,29,13,500,5,5
551,L,5,5,7,4,0,0,0.2000,0.0000,1.0000,0.0000,0,0,14,0,0,1,0,29,13,500,5,5
552,L,5,5,7,5,0,0,0.2000,0.0000,1.0000,0.0000,0,0,14,0,0,1,0,29,13,500,5,5
553,L,5,5,7,5,0,0,0.2000,0.0000,1.0000,0.0000,0,0,14,0,0,1,0,29,13,500,5,5
554,L,5,5,7,3,0,0,0.2000,0.0000,1.0000,0.0000,0,0,14,0,0,1,0,29,13,500,5,5
555,L,5,5,7,2,0,0,0.2000,0.0000,1.0000,0.0000,0,0,14,0,0,1,0,29,13,500,5,5
556,L,5,5,7,2,0,0,0.2000,0.0000,1.0000,0.0000,0,0,14,0,0,1,0,29,13,500,5,5
557,L,5,5,7,2,0,0,0.2000,0.0000,1.0000,0.0000,0,0,14,0,0,1,0,29,13,500,5,5
558,L,5,5,7,3,0,0,0.2000,0.0000,1.0000,0.0000,0,0,14,0,0,1,0,29,13,500,5,5
559,L,5,5,7,4,0,0,0.2000,0.0000,1.0000,0.0000,0,0,14,0,0,1,0,29,13,500,5,5
560,L,5,5,7,4,0,0,0.2000,0.0000,1.0000,0.0000,0,0,14,0,0,1,0,29,13,500,5,5
561,L,5,5,7,4,0,0,0.2000,0.0000,1.0000,0.0000,0,0,14,0,0,1,0,29,13,500,5,5
562,L,5,5,7,6,0,0,0.2000,0.0000,1.0000,0.0000,0,0,14,0,0,1,0,29,13,500,5,5
563,L,5,5,7,5,0,0,0.2000,0.0000,1.0000,0.0000,0,0,14,0,0,1,0,29,13,500,5,5
564,L,5,5,7,6,0,0,0.2000,0.0000,1.0000,0.0000,0,0,14,0,0,1,0,29,13,500,5,5
565,L,5,5,7,4,0,0,0.2000,0.0000,1.0000,0.0000,0,0,14,0,0,1,0,29,13,500,5,5
566,L,5,5,7,3,0,0,0.2000,0.0000,1.0000,0.0000,0,0,14,0,0,1,0,29,13,500,5,5
567,L,5,5,7,4,0,0,0.2000,0.0000,1.0000,0.0000,0,0,14,0,0,1,0,29,13,500,5,5
568,L,5,5,7,5,0,0,0.2000,0.0000,1.0000,0.0000,0,0,14,0,0,1,0,29,13,500,5,5
569,L,5,5,7,5,0,0,0.2000,0.0000,1.0000,0.0000,0,0,14,0,0,1,0,29,13,500,5,5
570,L,5,5,7,4,0,0,0.2000,0.0000,1.0000,0.0000,0,0,14,0,0,1,0,29,13,500,5,5
571,L,5,5,7,5,0,0,0.2000,0.0000,1.0000,0.0000,0,0,14,0,0,1,0,29,13,500,5,5
572,L,5,5,7,5,0,0,0.2000,0.0000,1.0000,0.0000,0,0,14,0,0,1,0,29,13,500,5,5
573,L,5,5,7,5,0,0,0.2000,0.0000,1.0000,0.0000,0,0,14,0,0,1,0,29,13,500,5,5
574,L,5,5,7,4,0,0,0.2000,0.0000,1.0000,0.0000,0,0,14,0,0,1,0,29,13,500,5,5
575,L,5,5,7,4,0,0,0.2000,0.0000,1.0000,0.0000,0,0,14,0,0,1,0,29,13,500,5,5
576,L,5,5,7,4,0,0,0.2000,0.0000,1.0000,0.0000,0,0,14,0,0,1,0,29,13,500,5,5
577,L,5,5,7,2,0,0,0.2000,0.0000,1.0000,0.0000,0,0,14,0,0,1,0,29,13,500,5,5
578,L,5,5,7,4,0,0,0.2000,0.0000,1.0000,0.0000,0,0,14,0,0,1,0,29,13,500,5,5
579,L,5,5,7,2,0,0,0.2000,0.0000,1.0000,0.0000,0,0,14,0,0,1,0,29,13,500,5,5
580,L,5,5,7,2,0,0,0.2000,0.0000,1.0000,0.0000,0,0,14,0,0,1,0,29,13,500,5,5
581,L,5,5,7,3,0,0,0.2000,0.0000,1.0000,0.0000,0,0,14,0,0,1,0,29,13,500,5,5
582,L,5,5,7,7,0,0,0.2000,0.0000,1.0000,0.0000,0,0,14,0,0,1,0,29,13,500,5,5
583,L,5,5,7,5,0,0,0.2000,0.0000,1.0000,0.0000,0,0,14,0,0,1,0,29,13,500,5,5
584,L,5,5,7,5,0,0,0.2000,0.0000,1.0000,0.0000,0,0,14,0,0,1,0,29,13,500,5,5
585,L,5,5,7,4,0,0,0.2000,0.0000,1.0000,0.0000,0,0,14,0,0,1,0,29,13,500,5,5
586,L,5,5,7,2,0,0,0.2000,0.0000,1.0000,0.0000,0,0,14,0,0,1,0,29,13,500,5,5
587,L,5,5,7,2,0,0,0.2000,0.0000,1.0000,0.0000,0,0,14,0,0,1,0,29,13,500,5,5
588,L,5,5,7,3,0,0,0.2000,0.0000,1.0000,0.0000,0,0,14,0,0,1,0,29,13,500,5,5
589,L,5,5,7,2,0,0,0.2000,0.0000,1.0000,0.0000,0,0,14,0,0,1,0,29,13,500,5,5
590,L,5,5,7,2,0,0,0.2000,0.0000,1.0000,0.0000,0,0,14,0,0,1,0,29,13,500,5,5
591,L,5,5,7,3,0,0,0.2000,0.0000,1.0000,0.0000,0,0,14,0,0,1,0,29,13,500,5,5
592,L,5,5,7,5,0,0,0.2000,0.0000,1.0000,0.0000,0,0,14,0,0,1,0,29,13,500,5,5
593,L,5,5,7,6,0,0,0.2000,0.0000,1.0000,0.0000,0,0,14,0,0,1,0,29,13,500,5,5
594,L,5,5,7,7,0,0,0.2000,0.0000,1.0000,0.0000,0,0,14,0,0,1,0,29,13,500,5,5
595,L,5,5,7,7,0,0,0.2000,0.0000,1.0000,0.0000,0,0,14,0,0,1,0,29,13,500,5,5
596,L,5,5,7,6,0,0,0.2000,0.0000,1.0000,0.0000,0,0,14,0,0,1,0,29,13,500,5,5
597,L,5,5,7,4,0,0,0.2000,0.0000,1.0000,0.0000,0,0,14,0,0,1,0,29,13,500,5,5
598,L,5,5,7,3,0,0,0.2000,0.0000,1.0000,0.0000,0,0,14,0,0,1,0,29,13,500,5,5
599,L,5,5,7,3,0,0,0.2000,0.0000,1.0000,0.0000,0,0,14,0,0,1,0,29,13,500,5,5
600,L,5,5,7,3,0,0,0.2000,0.0000,1.0000,0.0000,0,0,14,0,0,1,0,29,13,500,5,5
601,L,5,5,7,2,0,0,0.2000,0.0000,1.0000,0.0000,0,0,14,0,0,1,0,29,13,500,5,5
602,L,5,5,7,2,0,0,0.2000,0.0000,1.0000,0.0000,0,0,14,0,0,1,0,29,13,500,5,5
603,L,5,5,7,3,0,0,0.2000,0.0000,1.0000,0.0000,0,0,14,0,0,1,0,29,13,500,5,5
604,L,5,5,7,3,0,0,0.2000,0.0000,1.0000,0.0000,0,0,14,0,0,1,0,29,13,500,5,5
605,L,6,6,7,4,1,0,0.3333,0.0000,0.6667,0.3333,0,0,14,0,0,1,0,29,13,500,4,5
606,L,6,6,7,3,1,0,0.3333,0.0000,0.6667,0.3333,0,0,14,0,0,1,0,29,13,500,4,5
607,L,6,6,7,4,1,0,0.3333,0.0000,0.6667,0.3333,0,0,14,0,0,1,0,29,13,500,4,5
608,L,6,6,7,4,1,0,0.3333,0.0000,0.6667,0.3333,0,0,14,0,0,1,0,29,13,500,4,5
609,L,6,6,7,5,1,0,0.3333,0.0000,0.6667,0.3333,0,0,14,0,0,1,0,29,13,500,4,5
610,L,6,6,7,4,1,0,0.3333,0.0000,0.6667,0.3333,0,0,14,0,0,1,0,29,13,500,4,5
611,L,7,7,7,7,2,0,0.2857,0.2857,0.4286,0.5714,0,0,14,0,0,1,0,29,13,500,3,5
612,L,7,7,7,9,2,0,0.2857,0.2857,0.4286,0.5714,0,0,14,0,0,1,0,29,13,500,3,5
613,L,7,7,7,10,2,0,0.2857,0.2857,0.4286,0.5714,0,0,14,0,0,1,0,29,13,500,3,5
614,L,7,7,7,8,2,0,0.2857,0.2857,0.4286,0.5714,0,0,14,0,0,1,0,29,13,500,3,5
615,L,8,8,7,11,3,0,0.2500,0.2500,0.2500,0.7500,0,0,14,0,0,1,0,29,13,500,2,5
616,L,8,8,7,11,4,0,0.5000,0.2500,0.2500,1.0000,1,0,15,0,0,1,0,30,13,500,2,5
617,L,8,8,7,10,4,0,0.5000,0.2500,0.2500,1.0000,0,0,15,0,0,1,0,30,13,500,2,5
618,L,8,8,7,13,4,0,0.5000,0.2500,0.2500,1.0000,0,0,15,0,0,1,0,30,13,500,2,5
619,L,8,8,7,15,6,0,0.7500,0.0000,0.2500,1.5000,1,0,16,0,0,1,0,32,13,500,2,5
620,L,8,8,7,13,6,0,0.7500,0.0000,0.2500,1.5000,0,0,16,0,0,1,0,32,13,500,2,5
621,L,8,8,7,13,6,0,0.7500,0.0000,0.2500,1.5000,0,0,16,0,0,1,0,32,13,500,2,5
622,L,8,8,7,13,6,0,0.7500,0.0000,0.2500,1.5000,0,0,16,0,0,1,0,32,13,500,2,5
623,L,8,8,7,17,6,1,0.7500,0.0000,0.2500,1.5000,1,0,17,0,0,1,0,32,14,500,2,5
624,L,8,8,7,13,6,1,0.7500,0.0000,0.2500,1.5000,0,0,17,0,0,1,0,32,14,500,2,5
625,L,8,8,7,13,6,2,0.7500,0.0000,0.2500,1.5000,0,0,17,0,0,1,0,32,15,500,2,5
626,L,8,8,7,13,6,3,0.7500,0.0000,0.2500,1.5000,0,0,17,0,0,1,0,32,16,500,2,5
627,L,8,8,7,13,6,3,0.7500,0.0000,0.2500,1.5000,0,0,17,0,0,1,0,32,16,500,2,5
628,L,8,8,7,12,6,3,0.7500,0.0000,0.2500,1.5000,0,0,17,0,0,1,0,32,16,500,2,5
629,L,8,8,7,11,5,3,0.6250,0.0000,0.3750,1.2500,0,0,17,0,0,1,0,32,16,500,3,5
630,L,8,8,7,14,5,3,0.6250,0.0000,0.3750,1.2500,0,0,17,0,0,1,0,32,16,500,3,5
631,L,8,8,7,15,5,3,0.6250,0.0000,0.3750,1.2500,0,0,17,0,0,1,0,32,16,500,3,5
632,L,8,8,7,13,4,3,0.5000,0.0000,0.5000,1.0000,0,0,17,0,0,1,0,32,16,500,4,5
633,L,8,8,7,13,4,3,0.5000,0.0000,0.5000,1.0000,0,0,17,0,0,1,0,32,16,500,4,5
634,L,8,8,7,12,4,3,0.5000,0.0000,0.5000,1.0000,0,0,17,0,0,1,0,32,16,500,4,5
635,L,8,8,7,12,4,3,0.5000,0.0000,0.5000,1.0000,0,0,17,0,0,1,0,32,16,500,4,5
636,L,8,8,7,11,4,3,0.5000,0.0000,0.5000,1.0000,0,0,17,0,0,1,0,32,16,500,4,5
637,L,8,8,7,11,3,3,0.3750,0.0000,0.6250,0.7500,0,0,17,0,0,1,0,32,16,500,5,5
638,L,8,8,7,11,3,3,0.3750,0.0000,0.6250,0.7500,0,0,17,0,0,1,0,32,16,500,5,5
639,L,8,8,7,10,3,3,0.3750,0.0000,0.6250,0.7500,0,0,17,0,0,1,0,32,16,500,5,5
640,L,8,8,7,13,3,3,0.3750,0.0000,0.6250,0.7500,0,0,17,0,0,1,0,32,16,500,5,5
641,L,8,8,7,13,3,3,0.3750,0.0000,0.6250,0.7500,0,0,17,0,0,1,0,32,16,500,5,5
642,L,8,8,7,13,3,3,0.3750,0.0000,0.6250,0.7500,0,0,17,0,0,1,0,32,16,500,5,5
643,L,8,8,7,13,3,3,0.3750,0.0000,0.6250,0.7500,0,0,17,0,0,1,0,32,16,500,5,5
644,L,8,8,7,17,3,3,0.3750,0.0000,0.6250,0.7500,0,0,17,0,0,1,0,32,16,500,5,5
645,L,8,8,7,15,3,3,0.3750,0.0000,0.6250,0.7500,0,0,17,0,0,1,0,32,16,500,5,5
646,L,8,8,7,15,3,3,0.3750,0.0000,0.6250,0.7500,0,0,17,0,0,1,0,32,16,500,5,5
647,L,8,8,7,15,3,3,0.3750,0.0000,0.6250,0.7500,0,0,17,0,0,1,0,32,16,500,5,5
648,L,7,8,8,12,1,1,0.2857,0.0000,0.7143,0.2857,0,2,17,0,0,1,0,32,16,500,5,5
649,L,6,8,9,9,1,1,0.3333,0.0000,0.6667,0.3333,0,0,17,0,0,1,0,32,16,500,4,4
650,L,6,8,9,9,1,1,0.3333,0.0000,0.6667,0.3333,0,0,17,0,0,1,0,32,16,500,4,4
651,L,6,8,9,7,1,1,0.3333,0.0000,0.6667,0.3333,0,0,17,0,0,1,0,32,16,500,4,4
652,L,5,8,10,4,1,1,0.4000,0.0000,0.6000,0.4000,0,0,17,0,0,1,0,32,16,500,3,3
653,L,4,8,11,2,1,1,0.5000,0.0000,0.5000,0.5000,0,0,17,0,0,1,0,32,16,500,2,2
654,L,4,8,11,3,1,1,0.5000,0.0000,0.5000,0.5000,0,0,17,0,0,1,0,32,16,500,2,2
655,L,4,8,11,2,1,1,0.5000,0.0000,0.5000,0.5000,0,0,17,0,0,1,0,32,16,500,2,2
656,L,4,8,11,2,1,1,0.5000,0.0000,0.5000,0.5000,0,0,17,0,0,1,0,32,16,500,2,2
657,L,3,8,12,1,0,0,0.3333,0.0000,1.0000,0.0000,0,1,17,0,0,1,0,32,16,500,2,2
658,L,0,8,15,0,0,0,0.0000,0.0000,0.0000,0.0000,0,0,17,0,0,1,0,32,16,500,0,0
659,L,0,8,15,0,0,0,0.0000,0.0000,0.0000,0.0000,0,0,17,0,0,1,0,32,16,500,0,0
660,L,0,8,15,0,0,0,0.0000,0.0000,0.0000,0.0000,0,0,17,0,0,1,0,32,16,500,0,0
661,L,0,8,15,0,0,0,0.0000,0.0000,0.0000,0.0000,0,0,17,0,0,1,0,32,16,500,0,0
662,L,0,8,15,0,0,0,0.0000,0.0000,0.0000,0.0000,0,0,17,0,0,1,0,32,16,500,0,0
663,L,0,8,15,0,0,0,0.0000,0.0000,0.0000,0.0000,0,0,17,0,0,1,0,32,16,500,0,0
664,L,0,8,15,0,0,0,0.0000,0.0000,0.0000,0.0000,0,0,17,0,0,1,0,32,16,500,0,0
665,L,0,8,15,0,0,0,0.0000,0.0000,0.0000,0.0000,0,0,17,0,0,1,0,32,16,500,0,0
666,L,0,8,15,0,0,0,0.0000,0.0000,0.0000,0.0000,0,0,17,0,0,1,0,32,16,500,0,0
667,L,0,8,15,0,0,0,0.0000,0.0000,0.0000,0.0000,0,0,17,0,0,1,0,32,16,500,0,0
668,L,0,8,15,0,0,0,0.0000,0.0000,0.0000,0.0000,0,0,17,0,0,1,0,32,16,500,0,0
669,L,0,8,15,0,0,0,0.0000,0.0000,0.0000,0.0000,0,0,17,0,0,1,0,32,16,500,0,0
670,L,0,8,15,0,0,0,0.0000,0.0000,0.0000,0.0000,0,0,17,0,0,1,0,32,16,500,0,0
671,L,0,8,15,0,0,0,0.0000,0.0000,0.0000,0.0000,0,0,17,0,0,1,0,32,16,500,0,0
672,L,0,8,15,0,0,0,0.0000,0.0000,0.0000,0.0000,0,0,17,0,0,1,0,32,16,500,0,0
673,L,0,8,15,0,0,0,0.0000,0.0000,0.0000,0.0000,0,0,17,0,0,1,0,32,16,500,0,0
674,L,0,8,15,0,0,0,0.0000,0.0000,0.0000,0.0000,0,0,17,0,0,1,0,32,16,500,0,0
675,L,0,8,15,0,0,0,0.0000,0.0000,0.0000,0.0000,0,0,17,0,0,1,0,32,16,500,0,0
676,L,0,8,15,0,0,0,0.0000,0.0000,0.0000,0.0000,0,0,17,0,0,1,0,32,16,500,0,0
677,L,0,8,15,0,0,0,0.0000,0.0000,0.0000,0.0000,0,0,17,0,0,1,0,32,16,500,0,0
678,L,0,8,15,0,0,0,0.0000,0.0000,0.0000,0.0000,0,0,17,0,0,1,0,32,16,500,0,0
679,L,0,8,15,0,0,0,0.0000,0.0000,0.0000,0.0000,0,0,17,0,0,1,0,32,16,500,0,0
680,L,0,8,15,0,0,0,0.0000,0.0000,0.0000,0.0000,0,0,17,0,0,1,0,32,16,500,0,0
681,L,0,8,15,0,0,0,0.0000,0.0000,0.0000,0.0000,0,0,17,0,0,1,0,32,16,500,0,0
682,L,0,8,15,0,0,0,0.0000,0.0000,0.0000,0.0000,0,0,17,0,0,1,0,32,16,500,0,0
683,L,0,8,15,0,0,0,0.0000,0.0000,0.0000,0.0000,0,0,17,0,0,1,0,32,16,500,0,0
684,L,0,8,15,0,0,0,0.0000,0.0000,0.0000,0.0000,0,0,17,0,0,1,0,32,16,500,0,0
685,L,0,8,15,0,0,0,0.0000,0.0000,0.0000,0.0000,0,0,17,0,0,1,0,32,16,500,0,0
686,L,0,8,15,0,0,0,0.0000,0.0000,0.0000,0.0000,0,0,17,0,0,1,0,32,16,500,0,0
687,L,0,8,15,0,0,0,0.0000,0.0000,0.0000,0.0000,0,0,17,0,0,1,0,32,16,500,0,0
688,L,0,8,15,0,0,0,0.0000,0.0000,0.0000,0.0000,0,0,17,0,0,1,0,32,16,500,0,0
689,L,0,8,15,0,0,0,0.0000,0.0000,0.0000,0.0000,0,0,17,0,0,1,0,32,16,500,0,0
690,L,0,8,15,0,0,0,0.0000,0.0000,0.0000,0.0000,0,0,17,0,0,1,0,32,16,500,0,0
691,L,0,8,15,0,0,0,0.0000,0.0000,0.0000,0.0000,0,0,17,0,0,1,0,32,16,500,0,0
692,L,0,8,15,0,0,0,0.0000,0.0000,0.0000,0.0000,0,0,17,0,0,1,0,32,16,500,0,0
693,L,0,8,15,0,0,0,0.0000,0.0000,0.0000,0.0000,0,0,17,0,0,1,0,32,16,500,0,0
694,L,0,8,15,0,0,0,0.0000,0.0000,0.0000,0.0000,0,0,17,0,0,1,0,32,16,500,0,0
695,L,0,8,15,0,0,0,0.0000,0.0000,0.0000,0.0000,0,0,17,0,0,1,0,32,16,500,0,0
696,L,0,8,15,0,0,0,0.0000,0.0000,0.0000,0.0000,0,0,17,0,0,1,0,32,16,500,0,0
697,L,0,8,15,0,0,0,0.0000,0.0000,0.0000,0.0000,0,0,17,0,0,1,0,32,16,500,0,0
698,L,0,8,15,0,0,0,0.0000,0.0000,0.0000,0.0000,0,0,17,0,0,1,0,32,16,500,0,0
699,L,0,8,15,0,0,0,0.0000,0.0000,0.0000,0.0000,0,0,17,0,0,1,0,32,16,500,0,0
700,L,0,8,15,0,0,0,0.0000,0.0000,0.0000,0.0000,0,0,17,0,0,1,0,32,16,500,0,0
701,L,0,8,15,0,0,0,0.0000,0.0000,0.0000,0.0000,0,0,17,0,0,1,0,32,16,500,0,0
702,L,0,8,15,0,0,0,0.0000,0.0000,0.0000,0.0000,0,0,17,0,0,1,0,32,16,500,0,0
703,L,0,8,15,0,0,0,0.0000,0.0000,0.0000,0.0000,0,0,17,0,0,1,0,32,16,500,0,0
704,L,0,8,15,0,0,0,0.0000,0.0000,0.0000,0.0000,0,0,17,0,0,1,0,32,16,500,0,0
705,L,0,8,15,0,0,0,0.0000,0.0000,0.0000,0.0000,0,0,17,0,0,1,0,32,16,500,0,0
706,L,0,8,15,0,0,0,0.0000,0.0000,0.0000,0.0000,0,0,17,0,0,1,0,32,16,500,0,0
707,L,0,8,15,0,0,0,0.0000,0.0000,0.0000,0.0000,0,0,17,0,0,1,0,32,16,500,0,0
708,L,0,8,15,0,0,0,0.0000,0.0000,0.0000,0.0000,0,0,17,0,0,1,0,32,16,500,0,0
709,L,0,8,15,0,0,0,0.0000,0.0000,0.0000,0.0000,0,0,17,0,0,1,0,32,16,500,0,0
710,L,0,8,15,0,0,0,0.0000,0.0000,0.0000,0.0000,0,0,17,0,0,1,0,32,16,500,0,0
711,L,0,8,15,0,0,0,0.0000,0.0000,0.0000,0.0000,0,0,17,0,0,1,0,32,16,500,0,0
712,L,0,8,15,0,0,0,0.0000,0.0000,0.0000,0.0000,0,0,17,0,0,1,0,32,16,500,0,0
713,L,0,8,15,0,0,0,0.0000,0.0000,0.0000,0.0000,0,0,17,0,0,1,0,32,16,500,0,0
714,L,0,8,15,0,0,0,0.0000,0.0000,0.0000,0.0000,0,0,17,0,0,1,0,32,16,500,0,0
715,L,0,8,15,0,0,0,0.0000,0.0000,0.0000,0.0000,0,0,17,0,0,1,0,32,16,500,0,0
716,L,0,8,15,0,0,0,0.0000,0.0000,0.0000,0.0000,0,0,17,0,0,1,0,32,16,500,0,0
717,L,0,8,15,0,0,0,0.0000,0.0000,0.0000,0.0000,0,0,17,0,0,1,0,32,16,500,0,0
718,L,0,8,15,0,0,0,0.0000,0.0000,0.0000,0.0000,0,0,17,0,0,1,0,32,16,500,0,0
719,L,0,8,15,0,0,0,0.0000,0.0000,0.0000,0.0000,0,0,17,0,0,1,0,32,16,500,0,0
720,L,0,8,15,0,0,0,0.0000,0.0000,0.0000,0.0000,0,0,17,0,0,1,0,32,16,500,0,0
721,L,0,8,15,0,0,0,0.0000,0.0000,0.0000,0.0000,0,0,17,0,0,1,0,32,16,500,0,0
722,L,0,8,15,0,0,0,0.0000,0.0000,0.0000,0.0000,0,0,17,0,0,1,0,32,16,500,0,0
723,L,0,8,15,0,0,0,0.0000,0.0000,0.0000,0.0000,0,0,17,0,0,1,0,32,16,500,0,0
724,L,0,8,15,0,0,0,0.0000,0.0000,0.0000,0.0000,0,0,17,0,0,1,0,32,16,500,0,0
725,L,0,8,15,0,0,0,0.0000,0.0000,0.0000,0.0000,0,0,17,0,0,1,0,32,16,500,0,0
726,L,0,8,15,0,0,0,0.0000,0.0000,0.0000,0.0000,0,0,17,0,0,1,0,32,16,500,0,0
727,L,0,8,15,0,0,0,0.0000,0.0000,0.0000,0.0000,0,0,17,0,0,1,0,32,16,500,0,0
728,L,0,8,15,0,0,0,0.0000,0.0000,0.0000,0.0000,0,0,17,0,0,1,0,32,16,500,0,0
729,L,0,8,15,0,0,0,0.0000,0.0000,0.0000,0.0000,0,0,17,0,0,1,0,32,16,500,0,0
730,L,0,8,15,0,0,0,0.0000,0.0000,0.0000,0.0000,0,0,17,0,0,1,0,32,16,500,0,0
731,L,0,8,15,0,0,0,0.0000,0.0000,0.0000,0.0000,0,0,17,0,0,1,0,32,16,500,0,0
732,L,0,8,15,0,0,0,0.0000,0.0000,0.0000,0.0000,0,0,17,0,0,1,0,32,16,500,0,0
733,L,0,8,15,0,0,0,0.0000,0.0000,0.0000,0.0000,0,0,17,0,0,1,0,32,16,500,0,0
734,L,0,8,15,0,0,0,0.0000,0.0000,0.0000,0.0000,0,0,17,0,0,1,0,32,16,500,0,0
735,L,0,8,15,0,0,0,0.0000,0.0000,0.0000,0.0000,0,0,17,0,0,1,0,32,16,500,0,0
736,L,0,8,15,0,0,0,0.0000,0.0000,0.0000,0.0000,0,0,17,0,0,1,0,32,16,500,0,0
737,L,0,8,15,0,0,0,0.0000,0.0000,0.0000,0.0000,0,0,17,0,0,1,0,32,16,500,0,0
738,L,0,8,15,0,0,0,0.0000,0.0000,0.0000,0.0000,0,0,17,0,0,1,0,32,16,500,0,0
739,L,0,8,15,0,0,0,0.0000,0.0000,0.0000,0.0000,0,0,17,0,0,1,0,32,16,500,0,0
740,L,0,8,15,0,0,0,0.0000,0.0000,0.0000,0.0000,0,0,17,0,0,1,0,32,16,500,0,0
741,L,0,8,15,0,0,0,0.0000,0.0000,0.0000,0.0000,0,0,17,0,0,1,0,32,16,500,0,0
742,L,0,8,15,0,0,0,0.0000,0.0000,0.0000,0.0000,0,0,17,0,0,1,0,32,16,500,0,0
743,L,0,8,15,0,0,0,0.0000,0.0000,0.0000,0.0000,0,0,17,0,0,1,0,32,16,500,0,0
744,L,0,8,15,0,0,0,0.0000,0.0000,0.0000,0.0000,0,0,17,0,0,1,0,32,16,500,0,0
745,L,0,8,15,0,0,0,0.0000,0.0000,0.0000,0.0000,0,0,17,0,0,1,0,32,16,500,0,0
746,L,0,8,15,0,0,0,0.0000,0.0000,0.0000,0.0000,0,0,17,0,0,1,0,32,16,500,0,0
747,L,0,8,15,0,0,0,0.0000,0.0000,0.0000,0.0000,0,0,17,0,0,1,0,32,16,500,0,0
748,L,0,8,15,0,0,0,0.0000,0.0000,0.0000,0.0000,0,0,17,0,0,1,0,32,16,500,0,0
749,L,0,8,15,0,0,0,0.0000,0.0000,0.0000,0.0000,0,0,17,0,0,1,0,32,16,500,0,0
750,L,0,8,15,0,0,0,0.0000,0.0000,0.0000,0.0000,0,0,17,0,0,1,0,32,16,500,0,0
751,L,0,8,15,0,0,0,0.0000,0.0000,0.0000,0.0000,0,0,17,0,0,1,0,32,16,500,0,0
752,L,0,8,15,0,0,0,0.0000,0.0000,0.0000,0.0000,0,0,17,0,0,1,0,32,16,500,0,0
753,L,0,8,15,0,0,0,0.0000,0.0000,0.0000,0.0000,0,0,17,0,0,1,0,32,16,500,0,0
754,L,0,8,15,0,0,0,0.0000,0.0000,0.0000,0.0000,0,0,17,0,0,1,0,32,16,500,0,0
755,L,0,8,15,0,0,0,0.0000,0.0000,0.0000,0.0000,0,0,17,0,0,1,0,32,16,500,0,0
756,L,0,8,15,0,0,0,0.0000,0.0000,0.0000,0.0000,0,0,17,0,0,1,0,32,16,500,0,0
757,L,0,8,15,0,0,0,0.0000,0.0000,0.0000,0.0000,0,0,17,0,0,1,0,32,16,500,0,0
758,L,0,8,15,0,0,0,0.0000,0.0000,0.0000,0.0000,0,0,17,0,0,1,0,32,16,500,0,0
759,L,0,8,15,0,0,0,0.0000,0.0000,0.0000,0.0000,0,0,17,0,0,1,0,32,16,500,0,0
760,L,0,8,15,0,0,0,0.0000,0.0000,0.0000,0.0000,0,0,17,0,0,1,0,32,16,500,0,0
761,L,0,8,15,0,0,0,0.0000,0.0000,0.0000,0.0000,0,0,17,0,0,1,0,32,16,500,0,0
762,L,0,8,15,0,0,0,0.0000,0.0000,0.0000,0.0000,0,0,17,0,0,1,0,32,16,500,0,0
763,L,0,8,15,0,0,0,0.0000,0.0000,0.0000,0.0000,0,0,17,0,0,1,0,32,16,500,0,0
764,L,0,8,15,0,0,0,0.0000,0.0000,0.0000,0.0000,0,0,17,0,0,1,0,32,16,500,0,0
765,L,0,8,15,0,0,0,0.0000,0.0000,0.0000,0.0000,0,0,17,0,0,1,0,32,16,500,0,0
766,L,0,8,15,0,0,0,0.0000,0.0000,0.0000,0.0000,0,0,17,0,0,1,0,32,16,500,0,0
767,L,0,8,15,0,0,0,0.0000,0.0000,0.0000,0.0000,0,0,17,0,0,1,0,32,16,500,0,0
768,L,0,8,15,0,0,0,0.0000,0.0000,0.0000,0.0000,0,0,17,0,0,1,0,32,16,500,0,0
769,L,0,8,15,0,0,0,0.0000,0.0000,0.0000,0.0000,0,0,17,0,0,1,0,32,16,500,0,0
770,L,0,8,15,0,0,0,0.0000,0.0000,0.0000,0.0000,0,0,17,0,0,1,0,32,16,500,0,0
771,L,0,8,15,0,0,0,0.0000,0.0000,0.0000,0.0000,0,0,17,0,0,1,0,32,16,500,0,0
772,L,0,8,15,0,0,0,0.0000,0.0000,0.0000,0.0000,0,0,17,0,0,1,0,32,16,500,0,0
773,L,0,8,15,0,0,0,0.0000,0.0000,0.0000,0.0000,0,0,17,0,0,1,0,32,16,500,0,0
774,L,0,8,15,0,0,0,0.0000,0.0000,0.0000,0.0000,0,0,17,0,0,1,0,32,16,500,0,0
775,L,0,8,15,0,0,0,0.0000,0.0000,0.0000,0.0000,0,0,17,0,0,1,0,32,16,500,0,0
776,L,0,8,15,0,0,0,0.0000,0.0000,0.0000,0.0000,0,0,17,0,0,1,0,32,16,500,0,0
777,L,0,8,15,0,0,0,0.0000,0.0000,0.0000,0.0000,0,0,17,0,0,1,0,32,16,500,0,0
778,L,0,8,15,0,0,0,0.0000,0.0000,0.0000,0.0000,0,0,17,0,0,1,0,32,16,500,0,0
779,L,0,8,15,0,0,0,0.0000,0.0000,0.0000,0.0000,0,0,17,0,0,1,0,32,16,500,0,0
780,L,0,8,15,0,0,0,0.0000,0.0000,0.0000,0.0000,0,0,17,0,0,1,0,32,16,500,0,0
781,L,0,8,15,0,0,0,0.0000,0.0000,0.0000,0.0000,0,0,17,0,0,1,0,32,16,500,0,0
782,L,0,8,15,0,0,0,0.0000,0.0000,0.0000,0.0000,0,0,17,0,0,1,0,32,16,500,0,0
783,L,0,8,15,0,0,0,0.0000,0.0000,0.0000,0.0000,0,0,17,0,0,1,0,32,16,500,0,0
784,L,0,8,15,0,0,0,0.0000,0.0000,0.0000,0.0000,0,0,17,0,0,1,0,32,16,500,0,0
785,L,0,8,15,0,0,0,0.0000,0.0000,0.0000,0.0000,0,0,17,0,0,1,0,32,16,500,0,0
786,L,0,8,15,0,0,0,0.0000,0.0000,0.0000,0.0000,0,0,17,0,0,1,0,32,16,500,0,0
787,L,0,8,15,0,0,0,0.0000,0.0000,0.0000,0.0000,0,0,17,0,0,1,0,32,16,500,0,0
788,L,0,8,15,0,0,0,0.0000,0.0000,0.0000,0.0000,0,0,17,0,0,1,0,32,16,500,0,0
789,L,0,8,15,0,0,0,0.0000,0.0000,0.0000,0.0000,0,0,17,0,0,1,0,32,16,500,0,0
790,L,0,8,15,0,0,0,0.0000,0.0000,0.0000,0.0000,0,0,17,0,0,1,0,32,16,500,0,0
791,L,0,8,15,0,0,0,0.0000,0.0000,0.0000,0.0000,0,0,17,0,0,1,0,32,16,500,0,0
792,L,0,8,15,0,0,0,0.0000,0.0000,0.0000,0.0000,0,0,17,0,0,1,0,32,16,500,0,0
793,L,0,8,15,0,0,0,0.0000,0.0000,0.0000,0.0000,0,0,17,0,0,1,0,32,16,500,0,0
794,L,0,8,15,0,0,0,0.0000,0.0000,0.0000,0.0000,0,0,17,0,0,1,0,32,16,500,0,0
795,L,0,8,15,0,0,0,0.0000,0.0000,0.0000,0.0000,0,0,17,0,0,1,0,32,16,500,0,0
796,L,0,8,15,0,0,0,0.0000,0.0000,0.0000,0.0000,0,0,17,0,0,1,0,32,16,500,0,0
797,L,0,8,15,0,0,0,0.0000,0.0000,0.0000,0.0000,0,0,17,0,0,1,0,32,16,500,0,0
798,L,0,8,15,0,0,0,0.0000,0.0000,0.0000,0.0000,0,0,17,0,0,1,0,32,16,500,0,0
799,L,0,8,15,0,0,0,0.0000,0.0000,0.0000,0.0000,0,0,17,0,0,1,0,32,16,500,0,0
800,L,0,8,15,0,0,0,0.0000,0.0000,0.0000,0.0000,0,0,17,0,0,1,0,32,16,500,0,0
801,L,0,8,15,0,0,0,0.0000,0.0000,0.0000,0.0000,0,0,17,0,0,1,0,32,16,500,0,0
802,L,0,8,15,0,0,0,0.0000,0.0000,0.0000,0.0000,0,0,17,0,0,1,0,32,16,500,0,0
803,L,0,8,15,0,0,0,0.0000,0.0000,0.0000,0.0000,0,0,17,0,0,1,0,32,16,500,0,0
804,L,0,8,15,0,0,0,0.0000,0.0000,0.0000,0.0000,0,0,17,0,0,1,0,32,16,500,0,0
805,L,0,8,15,0,0,0,0.0000,0.0000,0.0000,0.0000,0,0,17,0,0,1,0,32,16,500,0,0
806,L,0,8,15,0,0,0,0.0000,0.0000,0.0000,0.0000,0,0,17,0,0,1,0,32,16,500,0,0
807,L,0,8,15,0,0,0,0.0000,0.0000,0.0000,0.0000,0,0,17,0,0,1,0,32,16,500,0,0
808,L,0,8,15,0,0,0,0.0000,0.0000,0.0000,0.0000,0,0,17,0,0,1,0,32,16,500,0,0
809,L,0,8,15,0,0,0,0.0000,0.0000,0.0000,0.0000,0,0,17,0,0,1,0,32,16,500,0,0
810,L,0,8,15,0,0,0,0.0000,0.0000,0.0000,0.0000,0,0,17,0,0,1,0,32,16,500,0,0
811,L,0,8,15,0,0,0,0.0000,0.0000,0.0000,0.0000,0,0,17,0,0,1,0,32,16,500,0,0
812,L,0,8,15,0,0,0,0.0000,0.0000,0.0000,0.0000,0,0,17,0,0,1,0,32,16,500,0,0
813,L,0,8,15,0,0,0,0.0000,0.0000,0.0000,0.0000,0,0,17,0,0,1,0,32,16,500,0,0
814,L,0,8,15,0,0,0,0.0000,0.0000,0.0000,0.0000,0,0,17,0,0,1,0,32,16,500,0,0
815,L,0,8,15,0,0,0,0.0000,0.0000,0.0000,0.0000,0,0,17,0,0,1,0,32,16,500,0,0
816,L,0,8,15,0,0,0,0.0000,0.0000,0.0000,0.0000,0,0,17,0,0,1,0,32,16,500,0,0
817,L,0,8,15,0,0,0,0.0000,0.0000,0.0000,0.0000,0,0,17,0,0,1,0,32,16,500,0,0
818,L,0,8,15,0,0,0,0.0000,0.0000,0.0000,0.0000,0,0,17,0,0,1,0,32,16,500,0,0
819,L,0,8,15,0,0,0,0.0000,0.0000,0.0000,0.0000,0,0,17,0,0,1,0,32,16,500,0,0
820,L,0,8,15,0,0,0,0.0000,0.0000,0.0000,0.0000,0,0,17,0,0,1,0,32,16,500,0,0
821,L,0,8,15,0,0,0,0.0000,0.0000,0.0000,0.0000,0,0,17,0,0,1,0,32,16,500,0,0
822,L,0,8,15,0,0,0,0.0000,0.0000,0.0000,0.0000,0,0,17,0,0,1,0,32,16,500,0,0
823,L,0,8,15,0,0,0,0.0000,0.0000,0.0000,0.0000,0,0,17,0,0,1,0,32,16,500,0,0
824,L,0,8,15,0,0,0,0.0000,0.0000,0.0000,0.0000,0,0,17,0,0,1,0,32,16,500,0,0
825,L,0,8,15,0,0,0,0.0000,0.0000,0.0000,0.0000,0,0,17,0,0,1,0,32,16,500,0,0
826,L,0,8,15,0,0,0,0.0000,0.0000,0.0000,0.0000,0,0,17,0,0,1,0,32,16,500,0,0
827,L,0,8,15,0,0,0,0.0000,0.0000,0.0000,0.0000,0,0,17,0,0,1,0,32,16,500,0,0
828,L,0,8,15,0,0,0,0.0000,0.0000,0.0000,0.0000,0,0,17,0,0,1,0,32,16,500,0,0
829,L,0,8,15,0,0,0,0.0000,0.0000,0.0000,0.0000,0,0,17,0,0,1,0,32,16,500,0,0
830,L,0,8,15,0,0,0,0.0000,0.0000,0.0000,0.0000,0,0,17,0,0,1,0,32,16,500,0,0
831,L,0,8,15,0,0,0,0.0000,0.0000,0.0000,0.0000,0,0,17,0,0,1,0,32,16,500,0,0
832,L,0,8,15,0,0,0,0.0000,0.0000,0.0000,0.0000,0,0,17,0,0,1,0,32,16,500,0,0
833,L,0,8,15,0,0,0,0.0000,0.0000,0.0000,0.0000,0,0,17,0,0,1,0,32,16,500,0,0
834,L,0,8,15,0,0,0,0.0000,0.0000,0.0000,0.0000,0,0,17,0,0,1,0,32,16,500,0,0
835,L,0,8,15,0,0,0,0.0000,0.0000,0.0000,0.0000,0,0,17,0,0,1,0,32,16,500,0,0
836,L,0,8,15,0,0,0,0.0000,0.0000,0.0000,0.0000,0,0,17,0,0,1,0,32,16,500,0,0
837,L,0,8,15,0,0,0,0.0000,0.0000,0.0000,0.0000,0,0,17,0,0,1,0,32,16,500,0,0
838,L,0,8,15,0,0,0,0.0000,0.0000,0.0000,0.0000,0,0,17,0,0,1,0,32,16,500,0,0
839,L,0,8,15,0,0,0,0.0000,0.0000,0.0000,0.0000,0,0,17,0,0,1,0,32,16,500,0,0
840,L,0,8,15,0,0,0,0.0000,0.0000,0.0000,0.0000,0,0,17,0,0,1,0,32,16,500,0,0
841,L,0,8,15,0,0,0,0.0000,0.0000,0.0000,0.0000,0,0,17,0,0,1,0,32,16,500,0,0
842,L,0,8,15,0,0,0,0.0000,0.0000,0.0000,0.0000,0,0,17,0,0,1,0,32,16,500,0,0
843,L,0,8,15,0,0,0,0.0000,0.0000,0.0000,0.0000,0,0,17,0,0,1,0,32,16,500,0,0
844,L,0,8,15,0,0,0,0.0000,0.0000,0.0000,0.0000,0,0,17,0,0,1,0,32,16,500,0,0
845,L,0,8,15,0,0,0,0.0000,0.0000,0.0000,0.0000,0,0,17,0,0,1,0,32,16,500,0,0
846,L,0,8,15,0,0,0,0.0000,0.0000,0.0000,0.0000,0,0,17,0,0,1,0,32,16,500,0,0
847,L,0,8,15,0,0,0,0.0000,0.0000,0.0000,0.0000,0,0,17,0,0,1,0,32,16,500,0,0
848,L,0,8,15,0,0,0,0.0000,0.0000,0.0000,0.0000,0,0,17,0,0,1,0,32,16,500,0,0
849,L,0,8,15,0,0,0,0.0000,0.0000,0.0000,0.0000,0,0,17,0,0,1,0,32,16,500,0,0
850,L,0,8,15,0,0,0,0.0000,0.0000,0.0000,0.0000,0,0,17,0,0,1,0,32,16,500,0,0
851,L,0,8,15,0,0,0,0.0000,0.0000,0.0000,0.0000,0,0,17,0,0,1,0,32,16,500,0,0
852,L,0,8,15,0,0,0,0.0000,0.0000,0.0000,0.0000,0,0,17,0,0,1,0,32,16,500,0,0
853,L,0,8,15,0,0,0,0.0000,0.0000,0.0000,0.0000,0,0,17,0,0,1,0,32,16,500,0,0
854,L,0,8,15,0,0,0,0.0000,0.0000,0.0000,0.0000,0,0,17,0,0,1,0,32,16,500,0,0
855,L,0,8,15,0,0,0,0.0000,0.0000,0.0000,0.0000,0,0,17,0,0,1,0,32,16,500,0,0
856,L,0,8,15,0,0,0,0.0000,0.0000,0.0000,0.0000,0,0,17,0,0,1,0,32,16,500,0,0
857,L,0,8,15,0,0,0,0.0000,0.0000,0.0000,0.0000,0,0,17,0,0,1,0,32,16,500,0,0
858,L,0,8,15,0,0,0,0.0000,0.0000,0.0000,0.0000,0,0,17,0,0,1,0,32,16,500,0,0
859,L,0,8,15,0,0,0,0.0000,0.0000,0.0000,0.0000,0,0,17,0,0,1,0,32,16,500,0,0
860,L,0,8,15,0,0,0,0.0000,0.0000,0.0000,0.0000,0,0,17,0,0,1,0,32,16,500,0,0
861,L,0,8,15,0,0,0,0.0000,0.0000,0.0000,0.0000,0,0,17,0,0,1,0,32,16,500,0,0
862,L,0,8,15,0,0,0,0.0000,0.0000,0.0000,0.0000,0,0,17,0,0,1,0,32,16,500,0,0
863,L,0,8,15,0,0,0,0.0000,0.0000,0.0000,0.0000,0,0,17,0,0,1,0,32,16,500,0,0
864,L,0,8,15,0,0,0,0.0000,0.0000,0.0000,0.0000,0,0,17,0,0,1,0,32,16,500,0,0
865,L,0,8,15,0,0,0,0.0000,0.0000,0.0000,0.0000,0,0,17,0,0,1,0,32,16,500,0,0
866,L,0,8,15,0,0,0,0.0000,0.0000,0.0000,0.0000,0,0,17,0,0,1,0,32,16,500,0,0
867,L,0,8,15,0,0,0,0.0000,0.0000,0.0000,0.0000,0,0,17,0,0,1,0,32,16,500,0,0
868,L,0,8,15,0,0,0,0.0000,0.0000,0.0000,0.0000,0,0,17,0,0,1,0,32,16,500,0,0
869,L,0,8,15,0,0,0,0.0000,0.0000,0.0000,0.0000,0,0,17,0,0,1,0,32,16,500,0,0
870,L,0,8,15,0,0,0,0.0000,0.0000,0.0000,0.0000,0,0,17,0,0,1,0,32,16,500,0,0
871,L,0,8,15,0,0,0,0.0000,0.0000,0.0000,0.0000,0,0,17,0,0,1,0,32,16,500,0,0
872,L,0,8,15,0,0,0,0.0000,0.0000,0.0000,0.0000,0,0,17,0,0,1,0,32,16,500,0,0
873,L,0,8,15,0,0,0,0.0000,0.0000,0.0000,0.0000,0,0,17,0,0,1,0,32,16,500,0,0
874,L,0,8,15,0,0,0,0.0000,0.0000,0.0000,0.0000,0,0,17,0,0,1,0,32,16,500,0,0
875,L,0,8,15,0,0,0,0.0000,0.0000,0.0000,0.0000,0,0,17,0,0,1,0,32,16,500,0,0
876,L,0,8,15,0,0,0,0.0000,0.0000,0.0000,0.0000,0,0,17,0,0,1,0,32,16,500,0,0
877,L,0,8,15,0,0,0,0.0000,0.0000,0.0000,0.0000,0,0,17,0,0,1,0,32,16,500,0,0
878,L,0,8,15,0,0,0,0.0000,0.0000,0.0000,0.0000,0,0,17,0,0,1,0,32,16,500,0,0
879,L,0,8,15,0,0,0,0.0000,0.0000,0.0000,0.0000,0,0,17,0,0,1,0,32,16,500,0,0
880,L,0,8,15,0,0,0,0.0000,0.0000,0.0000,0.0000,0,0,17,0,0,1,0,32,16,500,0,0
881,L,0,8,15,0,0,0,0.0000,0.0000,0.0000,0.0000,0,0,17,0,0,1,0,32,16,500,0,0
882,L,0,8,15,0,0,0,0.0000,0.0000,0.0000,0.0000,0,0,17,0,0,1,0,32,16,500,0,0
883,L,0,8,15,0,0,0,0.0000,0.0000,0.0000,0.0000,0,0,17,0,0,1,0,32,16,500,0,0
884,L,0,8,15,0,0,0,0.0000,0.0000,0.0000,0.0000,0,0,17,0,0,1,0,32,16,500,0,0
885,L,0,8,15,0,0,0,0.0000,0.0000,0.0000,0.0000,0,0,17,0,0,1,0,32,16,500,0,0
886,L,0,8,15,0,0,0,0.0000,0.0000,0.0000,0.0000,0,0,17,0,0,1,0,32,16,500,0,0
887,L,0,8,15,0,0,0,0.0000,0.0000,0.0000,0.0000,0,0,17,0,0,1,0,32,16,500,0,0
888,L,0,8,15,0,0,0,0.0000,0.0000,0.0000,0.0000,0,0,17,0,0,1,0,32,16,500,0,0
889,L,0,8,15,0,0,0,0.0000,0.0000,0.0000,0.0000,0,0,17,0,0,1,0,32,16,500,0,0
890,L,0,8,15,0,0,0,0.0000,0.0000,0.0000,0.0000,0,0,17,0,0,1,0,32,16,500,0,0
891,L,0,8,15,0,0,0,0.0000,0.0000,0.0000,0.0000,0,0,17,0,0,1,0,32,16,500,0,0
892,L,0,8,15,0,0,0,0.0000,0.0000,0.0000,0.0000,0,0,17,0,0,1,0,32,16,500,0,0
893,L,0,8,15,0,0,0,0.0000,0.0000,0.0000,0.0000,0,0,17,0,0,1,0,32,16,500,0,0
894,L,0,8,15,0,0,0,0.0000,0.0000,0.0000,0.0000,0,0,17,0,0,1,0,32,16,500,0,0
895,L,0,8,15,0,0,0,0.0000,0.0000,0.0000,0.0000,0,0,17,0,0,1,0,32,16,500,0,0
896,L,0,8,15,0,0,0,0.0000,0.0000,0.0000,0.0000,0,0,17,0,0,1,0,32,16,500,0,0
897,L,0,8,15,0,0,0,0.0000,0.0000,0.0000,0.0000,0,0,17,0,0,1,0,32,16,500,0,0
898,L,0,8,15,0,0,0,0.0000,0.0000,0.0000,0.0000,0,0,17,0,0,1,0,32,16,500,0,0
899,L,0,8,15,0,0,0,0.0000,0.0000,0.0000,0.0000,0,0,17,0,0,1,0,32,16,500,0,0
900,L,0,8,15,0,0,0,0.0000,0.0000,0.0000,0.0000,0,0,17,0,0,1,0,32,16,500,0,0
901,L,0,8,15,0,0,0,0.0000,0.0000,0.0000,0.0000,0,0,17,0,0,1,0,32,16,500,0,0
902,L,0,8,15,0,0,0,0.0000,0.0000,0.0000,0.0000,0,0,17,0,0,1,0,32,16,500,0,0
903,L,0,8,15,0,0,0,0.0000,0.0000,0.0000,0.0000,0,0,17,0,0,1,0,32,16,500,0,0
904,L,0,8,15,0,0,0,0.0000,0.0000,0.0000,0.0000,0,0,17,0,0,1,0,32,16,500,0,0
905,L,0,8,15,0,0,0,0.0000,0.0000,0.0000,0.0000,0,0,17,0,0,1,0,32,16,500,0,0
906,L,0,8,15,0,0,0,0.0000,0.0000,0.0000,0.0000,0,0,17,0,0,1,0,32,16,500,0,0
907,L,0,8,15,0,0,0,0.0000,0.0000,0.0000,0.0000,0,0,17,0,0,1,0,32,16,500,0,0
908,L,0,8,15,0,0,0,0.0000,0.0000,0.0000,0.0000,0,0,17,0,0,1,0,32,16,500,0,0
909,L,0,8,15,0,0,0,0.0000,0.0000,0.0000,0.0000,0,0,17,0,0,1,0,32,16,500,0,0
910,L,0,8,15,0,0,0,0.0000,0.0000,0.0000,0.0000,0,0,17,0,0,1,0,32,16,500,0,0
911,L,0,8,15,0,0,0,0.0000,0.0000,0.0000,0.0000,0,0,17,0,0,1,0,32,16,500,0,0
912,L,0,8,15,0,0,0,0.0000,0.0000,0.0000,0.0000,0,0,17,0,0,1,0,32,16,500,0,0
913,L,0,8,15,0,0,0,0.0000,0.0000,0.0000,0.0000,0,0,17,0,0,1,0,32,16,500,0,0
914,L,0,8,15,0,0,0,0.0000,0.0000,0.0000,0.0000,0,0,17,0,0,1,0,32,16,500,0,0
915,L,0,8,15,0,0,0,0.0000,0.0000,0.0000,0.0000,0,0,17,0,0,1,0,32,16,500,0,0
916,L,0,8,15,0,0,0,0.0000,0.0000,0.0000,0.0000,0,0,17,0,0,1,0,32,16,500,0,0
917,L,0,8,15,0,0,0,0.0000,0.0000,0.0000,0.0000,0,0,17,0,0,1,0,32,16,500,0,0
918,L,0,8,15,0,0,0,0.0000,0.0000,0.0000,0.0000,0,0,17,0,0,1,0,32,16,500,0,0
919,L,0,8,15,0,0,0,0.0000,0.0000,0.0000,0.0000,0,0,17,0,0,1,0,32,16,500,0,0
920,L,0,8,15,0,0,0,0.0000,0.0000,0.0000,0.0000,0,0,17,0,0,1,0,32,16,500,0,0
921,L,0,8,15,0,0,0,0.0000,0.0000,0.0000,0.0000,0,0,17,0,0,1,0,32,16,500,0,0
922,L,0,8,15,0,0,0,0.0000,0.0000,0.0000,0.0000,0,0,17,0,0,1,0,32,16,500,0,0
923,L,0,8,15,0,0,0,0.0000,0.0000,0.0000,0.0000,0,0,17,0,0,1,0,32,16,500,0,0
924,L,0,8,15,0,0,0,0.0000,0.0000,0.0000,0.0000,0,0,17,0,0,1,0,32,16,500,0,0
925,L,0,8,15,0,0,0,0.0000,0.0000,0.0000,0.0000,0,0,17,0,0,1,0,32,16,500,0,0
926,L,0,8,15,0,0,0,0.0000,0.0000,0.0000,0.0000,0,0,17,0,0,1,0,32,16,500,0,0
927,L,0,8,15,0,0,0,0.0000,0.0000,0.0000,0.0000,0,0,17,0,0,1,0,32,16,500,0,0
928,L,0,8,15,0,0,0,0.0000,0.0000,0.0000,0.0000,0,0,17,0,0,1,0,32,16,500,0,0
929,L,0,8,15,0,0,0,0.0000,0.0000,0.0000,0.0000,0,0,17,0,0,1,0,32,16,500,0,0
930,L,0,8,15,0,0,0,0.0000,0.0000,0.0000,0.0000,0,0,17,0,0,1,0,32,16,500,0,0
931,L,0,8,15,0,0,0,0.0000,0.0000,0.0000,0.0000,0,0,17,0,0,1,0,32,16,500,0,0
932,L,0,8,15,0,0,0,0.0000,0.0000,0.0000,0.0000,0,0,17,0,0,1,0,32,16,500,0,0
933,L,0,8,15,0,0,0,0.0000,0.0000,0.0000,0.0000,0,0,17,0,0,1,0,32,16,500,0,0
934,L,0,8,15,0,0,0,0.0000,0.0000,0.0000,0.0000,0,0,17,0,0,1,0,32,16,500,0,0
935,L,0,8,15,0,0,0,0.0000,0.0000,0.0000,0.0000,0,0,17,0,0,1,0,32,16,500,0,0
936,L,0,8,15,0,0,0,0.0000,0.0000,0.0000,0.0000,0,0,17,0,0,1,0,32,16,500,0,0
937,L,0,8,15,0,0,0,0.0000,0.0000,0.0000,0.0000,0,0,17,0,0,1,0,32,16,500,0,0
938,L,0,8,15,0,0,0,0.0000,0.0000,0.0000,0.0000,0,0,17,0,0,1,0,32,16,500,0,0
939,L,0,8,15,0,0,0,0.0000,0.0000,0.0000,0.0000,0,0,17,0,0,1,0,32,16,500,0,0
940,L,0,8,15,0,0,0,0.0000,0.0000,0.0000,0.0000,0,0,17,0,0,1,0,32,16,500,0,0
941,L,0,8,15,0,0,0,0.0000,0.0000,0.0000,0.0000,0,0,17,0,0,1,0,32,16,500,0,0
942,L,0,8,15,0,0,0,0.0000,0.0000,0.0000,0.0000,0,0,17,0,0,1,0,32,16,500,0,0
943,L,0,8,15,0,0,0,0.0000,0.0000,0.0000,0.0000,0,0,17,0,0,1,0,32,16,500,0,0
944,L,0,8,15,0,0,0,0.0000,0.0000,0.0000,0.0000,0,0,17,0,0,1,0,32,16,500,0,0
945,L,0,8,15,0,0,0,0.0000,0.0000,0.0000,0.0000,0,0,17,0,0,1,0,32,16,500,0,0
946,L,0,8,15,0,0,0,0.0000,0.0000,0.0000,0.0000,0,0,17,0,0,1,0,32,16,500,0,0
947,L,0,8,15,0,0,0,0.0000,0.0000,0.0000,0.0000,0,0,17,0,0,1,0,32,16,500,0,0
948,L,0,8,15,0,0,0,0.0000,0.0000,0.0000,0.0000,0,0,17,0,0,1,0,32,16,500,0,0
949,L,0,8,15,0,0,0,0.0000,0.0000,0.0000,0.0000,0,0,17,0,0,1,0,32,16,500,0,0
950,L,0,8,15,0,0,0,0.0000,0.0000,0.0000,0.0000,0,0,17,0,0,1,0,32,16,500,0,0
951,L,0,8,15,0,0,0,0.0000,0.0000,0.0000,0.0000,0,0,17,0,0,1,0,32,16,500,0,0
952,L,0,8,15,0,0,0,0.0000,0.0000,0.0000,0.0000,0,0,17,0,0,1,0,32,16,500,0,0
953,L,0,8,15,0,0,0,0.0000,0.0000,0.0000,0.0000,0,0,17,0,0,1,0,32,16,500,0,0
954,L,0,8,15,0,0,0,0.0000,0.0000,0.0000,0.0000,0,0,17,0,0,1,0,32,16,500,0,0
955,L,0,8,15,0,0,0,0.0000,0.0000,0.0000,0.0000,0,0,17,0,0,1,0,32,16,500,0,0
956,L,0,8,15,0,0,0,0.0000,0.0000,0.0000,0.0000,0,0,17,0,0,1,0,32,16,500,0,0
957,L,0,8,15,0,0,0,0.0000,0.0000,0.0000,0.0000,0,0,17,0,0,1,0,32,16,500,0,0
958,L,0,8,15,0,0,0,0.0000,0.0000,0.0000,0.0000,0,0,17,0,0,1,0,32,16,500,0,0
959,L,0,8,15,0,0,0,0.0000,0.0000,0.0000,0.0000,0,0,17,0,0,1,0,32,16,500,0,0
960,L,0,8,15,0,0,0,0.0000,0.0000,0.0000,0.0000,0,0,17,0,0,1,0,32,16,500,0,0
961,L,0,8,15,0,0,0,0.0000,0.0000,0.0000,0.0000,0,0,17,0,0,1,0,32,16,500,0,0
962,L,0,8,15,0,0,0,0.0000,0.0000,0.0000,0.0000,0,0,17,0,0,1,0,32,16,500,0,0
963,L,0,8,15,0,0,0,0.0000,0.0000,0.0000,0.0000,0,0,17,0,0,1,0,32,16,500,0,0
964,L,0,8,15,0,0,0,0.0000,0.0000,0.0000,0.0000,0,0,17,0,0,1,0,32,16,500,0,0
965,L,0,8,15,0,0,0,0.0000,0.0000,0.0000,0.0000,0,0,17,0,0,1,0,32,16,500,0,0
966,L,0,8,15,0,0,0,0.0000,0.0000,0.0000,0.0000,0,0,17,0,0,1,0,32,16,500,0,0
967,L,0,8,15,0,0,0,0.0000,0.0000,0.0000,0.0000,0,0,17,0,0,1,0,32,16,500,0,0
968,L,0,8,15,0,0,0,0.0000,0.0000,0.0000,0.0000,0,0,17,0,0,1,0,32,16,500,0,0
969,L,0,8,15,0,0,0,0.0000,0.0000,0.0000,0.0000,0,0,17,0,0,1,0,32,16,500,0,0
970,L,0,8,15,0,0,0,0.0000,0.0000,0.0000,0.0000,0,0,17,0,0,1,0,32,16,500,0,0
971,L,0,8,15,0,0,0,0.0000,0.0000,0.0000,0.0000,0,0,17,0,0,1,0,32,16,500,0,0
972,L,0,8,15,0,0,0,0.0000,0.0000,0.0000,0.0000,0,0,17,0,0,1,0,32,16,500,0,0
973,L,0,8,15,0,0,0,0.0000,0.0000,0.0000,0.0000,0,0,17,0,0,1,0,32,16,500,0,0
974,L,0,8,15,0,0,0,0.0000,0.0000,0.0000,0.0000,0,0,17,0,0,1,0,32,16,500,0,0
975,L,0,8,15,0,0,0,0.0000,0.0000,0.0000,0.0000,0,0,17,0,0,1,0,32,16,500,0,0
976,L,0,8,15,0,0,0,0.0000,0.0000,0.0000,0.0000,0,0,17,0,0,1,0,32,16,500,0,0
977,L,0,8,15,0,0,0,0.0000,0.0000,0.0000,0.0000,0,0,17,0,0,1,0,32,16,500,0,0
978,L,0,8,15,0,0,0,0.0000,0.0000,0.0000,0.0000,0,0,17,0,0,1,0,32,16,500,0,0
979,L,0,8,15,0,0,0,0.0000,0.0000,0.0000,0.0000,0,0,17,0,0,1,0,32,16,500,0,0
980,L,0,8,15,0,0,0,0.0000,0.0000,0.0000,0.0000,0,0,17,0,0,1,0,32,16,500,0,0
981,L,0,8,15,0,0,0,0.0000,0.0000,0.0000,0.0000,0,0,17,0,0,1,0,32,16,500,0,0
982,L,0,8,15,0,0,0,0.0000,0.0000,0.0000,0.0000,0,0,17,0,0,1,0,32,16,500,0,0
983,L,0,8,15,0,0,0,0.0000,0.0000,0.0000,0.0000,0,0,17,0,0,1,0,32,16,500,0,0
984,L,0,8,15,0,0,0,0.0000,0.0000,0.0000,0.0000,0,0,17,0,0,1,0,32,16,500,0,0
985,L,0,8,15,0,0,0,0.0000,0.0000,0.0000,0.0000,0,0,17,0,0,1,0,32,16,500,0,0
986,L,0,8,15,0,0,0,0.0000,0.0000,0.0000,0.0000,0,0,17,0,0,1,0,32,16,500,0,0
987,L,0,8,15,0,0,0,0.0000,0.0000,0.0000,0.0000,0,0,17,0,0,1,0,32,16,500,0,0
988,L,0,8,15,0,0,0,0.0000,0.0000,0.0000,0.0000,0,0,17,0,0,1,0,32,16,500,0,0
989,L,0,8,15,0,0,0,0.0000,0.0000,0.0000,0.0000,0,0,17,0,0,1,0,32,16,500,0,0
990,L,0,8,15,0,0,0,0.0000,0.0000,0.0000,0.0000,0,0,17,0,0,1,0,32,16,500,0,0
991,L,0,8,15,0,0,0,0.0000,0.0000,0.0000,0.0000,0,0,17,0,0,1,0,32,16,500,0,0
992,L,0,8,15,0,0,0,0.0000,0.0000,0.0000,0.0000,0,0,17,0,0,1,0,32,16,500,0,0
993,L,0,8,15,0,0,0,0.0000,0.0000,0.0000,0.0000,0,0,17,0,0,1,0,32,16,500,0,0
994,L,0,8,15,0,0,0,0.0000,0.0000,0.0000,0.0000,0,0,17,0,0,1,0,32,16,500,0,0
995,L,0,8,15,0,0,0,0.0000,0.0000,0.0000,0.0000,0,0,17,0,0,1,0,32,16,500,0,0
996,L,0,8,15,0,0,0,0.0000,0.0000,0.0000,0.0000,0,0,17,0,0,1,0,32,16,500,0,0
997,L,0,8,15,0,0,0,0.0000,0.0000,0.0000,0.0000,0,0,17,0,0,1,0,32,16,500,0,0
998,L,0,8,15,0,0,0,0.0000,0.0000,0.0000,0.0000,0,0,17,0,0,1,0,32,16,500,0,0
999,L,0,8,15,0,0,0,0.0000,0.0000,0.0000,0.0000,0,0,17,0,0,1,0,32,16,500,0,0
1000,L,0,8,15,0,0,0,0.0000,0.0000,0.0000,0.0000,0,0,17,0,0,1,0,32,16,500,0,0
1001,L,0,8,15,0,0,0,0.0000,0.0000,0.0000,0.0000,0,0,17,0,0,1,0,32,16,500,0,0
1002,L,0,8,15,0,0,0,0.0000,0.0000,0.0000,0.0000,0,0,17,0,0,1,0,32,16,500,0,0
1003,L,0,8,15,0,0,0,0.0000,0.0000,0.0000,0.0000,0,0,17,0,0,1,0,32,16,500,0,0
1004,L,0,8,15,0,0,0,0.0000,0.0000,0.0000,0.0000,0,0,17,0,0,1,0,32,16,500,0,0
1005,L,0,8,15,0,0,0,0.0000,0.0000,0.0000,0.0000,0,0,17,0,0,1,0,32,16,500,0,0
1006,L,0,8,15,0,0,0,0.0000,0.0000,0.0000,0.0000,0,0,17,0,0,1,0,32,16,500,0,0
1007,L,0,8,15,0,0,0,0.0000,0.0000,0.0000,0.0000,0,0,17,0,0,1,0,32,16,500,0,0
1008,L,0,8,15,0,0,0,0.0000,0.0000,0.0000,0.0000,0,0,17,0,0,1,0,32,16,500,0,0
1009,L,0,8,15,0,0,0,0.0000,0.0000,0.0000,0.0000,0,0,17,0,0,1,0,32,16,500,0,0
1010,L,0,8,15,0,0,0,0.0000,0.0000,0.0000,0.0000,0,0,17,0,0,1,0,32,16,500,0,0
1011,L,0,8,15,0,0,0,0.0000,0.0000,0.0000,0.0000,0,0,17,0,0,1,0,32,16,500,0,0
1012,L,0,8,15,0,0,0,0.0000,0.0000,0.0000,0.0000,0,0,17,0,0,1,0,32,16,500,0,0
1013,L,0,8,15,0,0,0,0.0000,0.0000,0.0000,0.0000,0,0,17,0,0,1,0,32,16,500,0,0
1014,L,0,8,15,0,0,0,0.0000,0.0000,0.0000,0.0000,0,0,17,0,0,1,0,32,16,500,0,0
1015,L,0,8,15,0,0,0,0.0000,0.0000,0.0000,0.0000,0,0,17,0,0,1,0,32,16,500,0,0
1016,L,0,8,15,0,0,0,0.0000,0.0000,0.0000,0.0000,0,0,17,0,0,1,0,32,16,500,0,0
1017,L,0,8,15,0,0,0,0.0000,0.0000,0.0000,0.0000,0,0,17,0,0,1,0,32,16,500,0,0
1018,L,0,8,15,0,0,0,0.0000,0.0000,0.0000,0.0000,0,0,17,0,0,1,0,32,16,500,0,0
1019,L,0,8,15,0,0,0,0.0000,0.0000,0.0000,0.0000,0,0,17,0,0,1,0,32,16,500,0,0
1020,L,0,8,15,0,0,0,0.0000,0.0000,0.0000,0.0000,0,0,17,0,0,1,0,32,16,500,0,0
1021,L,0,8,15,0,0,0,0.0000,0.0000,0.0000,0.0000,0,0,17,0,0,1,0,32,16,500,0,0
1022,L,0,8,15,0,0,0,0.0000,0.0000,0.0000,0.0000,0,0,17,0,0,1,0,32,16,500,0,0
1023,L,0,8,15,0,0,0,0.0000,0.0000,0.0000,0.0000,0,0,17,0,0,1,0,32,16,500,0,0
1024,L,0,8,15,0,0,0,0.0000,0.0000,0.0000,0.0000,0,0,17,0,0,1,0,32,16,500,0,0
1025,L,0,8,15,0,0,0,0.0000,0.0000,0.0000,0.0000,0,0,17,0,0,1,0,32,16,500,0,0
1026,L,0,8,15,0,0,0,0.0000,0.0000,0.0000,0.0000,0,0,17,0,0,1,0,32,16,500,0,0
1027,L,0,8,15,0,0,0,0.0000,0.0000,0.0000,0.0000,0,0,17,0,0,1,0,32,16,500,0,0
1028,L,0,8,15,0,0,0,0.0000,0.0000,0.0000,0.0000,0,0,17,0,0,1,0,32,16,500,0,0
1029,L,0,8,15,0,0,0,0.0000,0.0000,0.0000,0.0000,0,0,17,0,0,1,0,32,16,500,0,0
1030,L,0,8,15,0,0,0,0.0000,0.0000,0.0000,0.0000,0,0,17,0,0,1,0,32,16,500,0,0
1031,L,0,8,15,0,0,0,0.0000,0.0000,0.0000,0.0000,0,0,17,0,0,1,0,32,16,500,0,0
1032,L,0,8,15,0,0,0,0.0000,0.0000,0.0000,0.0000,0,0,17,0,0,1,0,32,16,500,0,0
1033,L,0,8,15,0,0,0,0.0000,0.0000,0.0000,0.0000,0,0,17,0,0,1,0,32,16,500,0,0
1034,L,0,8,15,0,0,0,0.0000,0.0000,0.0000,0.0000,0,0,17,0,0,1,0,32,16,500,0,0
1035,L,0,8,15,0,0,0,0.0000,0.0000,0.0000,0.0000,0,0,17,0,0,1,0,32,16,500,0,0
1036,L,0,8,15,0,0,0,0.0000,0.0000,0.0000,0.0000,0,0,17,0,0,1,0,32,16,500,0,0
1037,L,0,8,15,0,0,0,0.0000,0.0000,0.0000,0.0000,0,0,17,0,0,1,0,32,16,500,0,0
1038,L,0,8,15,0,0,0,0.0000,0.0000,0.0000,0.0000,0,0,17,0,0,1,0,32,16,500,0,0
1039,L,0,8,15,0,0,0,0.0000,0.0000,0.0000,0.0000,0,0,17,0,0,1,0,32,16,500,0,0
1040,L,0,8,15,0,0,0,0.0000,0.0000,0.0000,0.0000,0,0,17,0,0,1,0,32,16,500,0,0
1041,L,0,8,15,0,0,0,0.0000,0.0000,0.0000,0.0000,0,0,17,0,0,1,0,32,16,500,0,0
1042,L,0,8,15,0,0,0,0.0000,0.0000,0.0000,0.0000,0,0,17,0,0,1,0,32,16,500,0,0
1043,L,0,8,15,0,0,0,0.0000,0.0000,0.0000,0.0000,0,0,17,0,0,1,0,32,16,500,0,0
1044,L,0,8,15,0,0,0,0.0000,0.0000,0.0000,0.0000,0,0,17,0,0,1,0,32,16,500,0,0
1045,L,0,8,15,0,0,0,0.0000,0.0000,0.0000,0.0000,0,0,17,0,0,1,0,32,16,500,0,0
1046,L,0,8,15,0,0,0,0.0000,0.0000,0.0000,0.0000,0,0,17,0,0,1,0,32,16,500,0,0
1047,L,0,8,15,0,0,0,0.0000,0.0000,0.0000,0.0000,0,0,17,0,0,1,0,32,16,500,0,0
1048,L,0,8,15,0,0,0,0.0000,0.0000,0.0000,0.0000,0,0,17,0,0,1,0,32,16,500,0,0
1049,L,0,8,15,0,0,0,0.0000,0.0000,0.0000,0.0000,0,0,17,0,0,1,0,32,16,500,0,0
1050,L,0,8,15,0,0,0,0.0000,0.0000,0.0000,0.0000,0,0,17,0,0,1,0,32,16,500,0,0
1051,L,0,8,15,0,0,0,0.0000,0.0000,0.0000,0.0000,0,0,17,0,0,1,0,32,16,500,0,0
1052,L,0,8,15,0,0,0,0.0000,0.0000,0.0000,0.0000,0,0,17,0,0,1,0,32,16,500,0,0
1053,L,0,8,15,0,0,0,0.0000,0.0000,0.0000,0.0000,0,0,17,0,0,1,0,32,16,500,0,0
1054,L,0,8,15,0,0,0,0.0000,0.0000,0.0000,0.0000,0,0,17,0,0,1,0,32,16,500,0,0
1055,L,0,8,15,0,0,0,0.0000,0.0000,0.0000,0.0000,0,0,17,0,0,1,0,32,16,500,0,0
1056,L,0,8,15,0,0,0,0.0000,0.0000,0.0000,0.0000,0,0,17,0,0,1,0,32,16,500,0,0
1057,L,0,8,15,0,0,0,0.0000,0.0000,0.0000,0.0000,0,0,17,0,0,1,0,32,16,500,0,0
1058,L,0,8,15,0,0,0,0.0000,0.0000,0.0000,0.0000,0,0,17,0,0,1,0,32,16,500,0,0
1059,L,0,8,15,0,0,0,0.0000,0.0000,0.0000,0.0000,0,0,17,0,0,1,0,32,16,500,0,0
1060,L,0,8,15,0,0,0,0.0000,0.0000,0.0000,0.0000,0,0,17,0,0,1,0,32,16,500,0,0
1061,L,0,8,15,0,0,0,0.0000,0.0000,0.0000,0.0000,0,0,17,0,0,1,0,32,16,500,0,0
1062,L,0,8,15,0,0,0,0.0000,0.0000,0.0000,0.0000,0,0,17,0,0,1,0,32,16,500,0,0
1063,L,0,8,15,0,0,0,0.0000,0.0000,0.0000,0.0000,0,0,17,0,0,1,0,32,16,500,0,0
1064,L,0,8,15,0,0,0,0.0000,0.0000,0.0000,0.0000,0,0,17,0,0,1,0,32,16,500,0,0
1065,L,0,8,15,0,0,0,0.0000,0.0000,0.0000,0.0000,0,0,17,0,0,1,0,32,16,500,0,0
1066,L,0,8,15,0,0,0,0.0000,0.0000,0.0000,0.0000,0,0,17,0,0,1,0,32,16,500,0,0
1067,L,0,8,15,0,0,0,0.0000,0.0000,0.0000,0.0000,0,0,17,0,0,1,0,32,16,500,0,0
1068,L,0,8,15,0,0,0,0.0000,0.0000,0.0000,0.0000,0,0,17,0,0,1,0,32,16,500,0,0
1069,L,0,8,15,0,0,0,0.0000,0.0000,0.0000,0.0000,0,0,17,0,0,1,0,32,16,500,0,0
1070,L,0,8,15,0,0,0,0.0000,0.0000,0.0000,0.0000,0,0,17,0,0,1,0,32,16,500,0,0
1071,L,0,8,15,0,0,0,0.0000,0.0000,0.0000,0.0000,0,0,17,0,0,1,0,32,16,500,0,0
1072,L,0,8,15,0,0,0,0.0000,0.0000,0.0000,0.0000,0,0,17,0,0,1,0,32,16,500,0,0
1073,L,0,8,15,0,0,0,0.0000,0.0000,0.0000,0.0000,0,0,17,0,0,1,0,32,16,500,0,0
1074,L,0,8,15,0,0,0,0.0000,0.0000,0.0000,0.0000,0,0,17,0,0,1,0,32,16,500,0,0
1075,L,0,8,15,0,0,0,0.0000,0.0000,0.0000,0.0000,0,0,17,0,0,1,0,32,16,500,0,0
1076,L,0,8,15,0,0,0,0.0000,0.0000,0.0000,0.0000,0,0,17,0,0,1,0,32,16,500,0,0
1077,L,0,8,15,0,0,0,0.0000,0.0000,0.0000,0.0000,0,0,17,0,0,1,0,32,16,500,0,0
1078,L,0,8,15,0,0,0,0.0000,0.0000,0.0000,0.0000,0,0,17,0,0,1,0,32,16,500,0,0
1079,L,0,8,15,0,0,0,0.0000,0.0000,0.0000,0.0000,0,0,17,0,0,1,0,32,16,500,0,0
1080,L,0,8,15,0,0,0,0.0000,0.0000,0.0000,0.0000,0,0,17,0,0,1,0,32,16,500,0,0
1081,L,0,8,15,0,0,0,0.0000,0.0000,0.0000,0.0000,0,0,17,0,0,1,0,32,16,500,0,0
1082,L,0,8,15,0,0,0,0.0000,0.0000,0.0000,0.0000,0,0,17,0,0,1,0,32,16,500,0,0
1083,L,0,8,15,0,0,0,0.0000,0.0000,0.0000,0.0000,0,0,17,0,0,1,0,32,16,500,0,0
1084,L,0,8,15,0,0,0,0.0000,0.0000,0.0000,0.0000,0,0,17,0,0,1,0,32,16,500,0,0
1085,L,0,8,15,0,0,0,0.0000,0.0000,0.0000,0.0000,0,0,17,0,0,1,0,32,16,500,0,0
1086,L,0,8,15,0,0,0,0.0000,0.0000,0.0000,0.0000,0,0,17,0,0,1,0,32,16,500,0,0
1087,L,0,8,15,0,0,0,0.0000,0.0000,0.0000,0.0000,0,0,17,0,0,1,0,32,16,500,0,0
1088,L,0,8,15,0,0,0,0.0000,0.0000,0.0000,0.0000,0,0,17,0,0,1,0,32,16,500,0,0
1089,L,0,8,15,0,0,0,0.0000,0.0000,0.0000,0.0000,0,0,17,0,0,1,0,32,16,500,0,0
1090,L,0,8,15,0,0,0,0.0000,0.0000,0.0000,0.0000,0,0,17,0,0,1,0,32,16,500,0,0
1091,L,0,8,15,0,0,0,0.0000,0.0000,0.0000,0.0000,0,0,17,0,0,1,0,32,16,500,0,0
1092,L,0,8,15,0,0,0,0.0000,0.0000,0.0000,0.0000,0,0,17,0,0,1,0,32,16,500,0,0
1093,L,0,8,15,0,0,0,0.0000,0.0000,0.0000,0.0000,0,0,17,0,0,1,0,32,16,500,0,0
1094,L,0,8,15,0,0,0,0.0000,0.0000,0.0000,0.0000,0,0,17,0,0,1,0,32,16,500,0,0
1095,L,0,8,15,0,0,0,0.0000,0.0000,0.0000,0.0000,0,0,17,0,0,1,0,32,16,500,0,0
1096,L,0,8,15,0,0,0,0.0000,0.0000,0.0000,0.0000,0,0,17,0,0,1,0,32,16,500,0,0
1097,L,0,8,15,0,0,0,0.0000,0.0000,0.0000,0.0000,0,0,17,0,0,1,0,32,16,500,0,0
1098,L,0,8,15,0,0,0,0.0000,0.0000,0.0000,0.0000,0,0,17,0,0,1,0,32,16,500,0,0
1099,L,0,8,15,0,0,0,0.0000,0.0000,0.0000,0.0000,0,0,17,0,0,1,0,32,16,500,0,0
1100,L,0,8,15,0,0,0,0.0000,0.0000,0.0000,0.0000,0,0,17,0,0,1,0,32,16,500,0,0
1101,L,0,8,15,0,0,0,0.0000,0.0000,0.0000,0.0000,0,0,17,0,0,1,0,32,16,500,0,0
1102,L,0,8,15,0,0,0,0.0000,0.0000,0.0000,0.0000,0,0,17,0,0,1,0,32,16,500,0,0
1103,L,0,8,15,0,0,0,0.0000,0.0000,0.0000,0.0000,0,0,17,0,0,1,0,32,16,500,0,0
1104,L,0,8,15,0,0,0,0.0000,0.0000,0.0000,0.0000,0,0,17,0,0,1,0,32,16,500,0,0
1105,L,0,8,15,0,0,0,0.0000,0.0000,0.0000,0.0000,0,0,17,0,0,1,0,32,16,500,0,0
1106,L,0,8,15,0,0,0,0.0000,0.0000,0.0000,0.0000,0,0,17,0,0,1,0,32,16,500,0,0
1107,L,0,8,15,0,0,0,0.0000,0.0000,0.0000,0.0000,0,0,17,0,0,1,0,32,16,500,0,0
1108,L,0,8,15,0,0,0,0.0000,0.0000,0.0000,0.0000,0,0,17,0,0,1,0,32,16,500,0,0
1109,L,0,8,15,0,0,0,0.0000,0.0000,0.0000,0.0000,0,0,17,0,0,1,0,32,16,500,0,0
1110,L,0,8,15,0,0,0,0.0000,0.0000,0.0000,0.0000,0,0,17,0,0,1,0,32,16,500,0,0
1111,L,0,8,15,0,0,0,0.0000,0.0000,0.0000,0.0000,0,0,17,0,0,1,0,32,16,500,0,0
1112,L,0,8,15,0,0,0,0.0000,0.0000,0.0000,0.0000,0,0,17,0,0,1,0,32,16,500,0,0
1113,L,0,8,15,0,0,0,0.0000,0.0000,0.0000,0.0000,0,0,17,0,0,1,0,32,16,500,0,0
1114,L,0,8,15,0,0,0,0.0000,0.0000,0.0000,0.0000,0,0,17,0,0,1,0,32,16,500,0,0
1115,L,0,8,15,0,0,0,0.0000,0.0000,0.0000,0.0000,0,0,17,0,0,1,0,32,16,500,0,0
1116,L,0,8,15,0,0,0,0.0000,0.0000,0.0000,0.0000,0,0,17,0,0,1,0,32,16,500,0,0
1117,L,0,8,15,0,0,0,0.0000,0.0000,0.0000,0.0000,0,0,17,0,0,1,0,32,16,500,0,0
1118,L,0,8,15,0,0,0,0.0000,0.0000,0.0000,0.0000,0,0,17,0,0,1,0,32,16,500,0,0
1119,L,0,8,15,0,0,0,0.0000,0.0000,0.0000,0.0000,0,0,17,0,0,1,0,32,16,500,0,0
1120,L,0,8,15,0,0,0,0.0000,0.0000,0.0000,0.0000,0,0,17,0,0,1,0,32,16,500,0,0
1121,L,0,8,15,0,0,0,0.0000,0.0000,0.0000,0.0000,0,0,17,0,0,1,0,32,16,500,0,0
1122,L,0,8,15,0,0,0,0.0000,0.0000,0.0000,0.0000,0,0,17,0,0,1,0,32,16,500,0,0
1123,L,0,8,15,0,0,0,0.0000,0.0000,0.0000,0.0000,0,0,17,0,0,1,0,32,16,500,0,0
1124,L,0,8,15,0,0,0,0.0000,0.0000,0.0000,0.0000,0,0,17,0,0,1,0,32,16,500,0,0
1125,L,0,8,15,0,0,0,0.0000,0.0000,0.0000,0.0000,0,0,17,0,0,1,0,32,16,500,0,0
1126,L,0,8,15,0,0,0,0.0000,0.0000,0.0000,0.0000,0,0,17,0,0,1,0,32,16,500,0,0
1127,L,0,8,15,0,0,0,0.0000,0.0000,0.0000,0.0000,0,0,17,0,0,1,0,32,16,500,0,0
1128,L,0,8,15,0,0,0,0.0000,0.0000,0.0000,0.0000,0,0,17,0,0,1,0,32,16,500,0,0
1129,L,0,8,15,0,0,0,0.0000,0.0000,0.0000,0.0000,0,0,17,0,0,1,0,32,16,500,0,0
1130,L,0,8,15,0,0,0,0.0000,0.0000,0.0000,0.0000,0,0,17,0,0,1,0,32,16,500,0,0
1131,L,0,8,15,0,0,0,0.0000,0.0000,0.0000,0.0000,0,0,17,0,0,1,0,32,16,500,0,0
1132,L,0,8,15,0,0,0,0.0000,0.0000,0.0000,0.0000,0,0,17,0,0,1,0,32,16,500,0,0
1133,L,0,8,15,0,0,0,0.0000,0.0000,0.0000,0.0000,0,0,17,0,0,1,0,32,16,500,0,0
1134,L,0,8,15,0,0,0,0.0000,0.0000,0.0000,0.0000,0,0,17,0,0,1,0,32,16,500,0,0
1135,L,0,8,15,0,0,0,0.0000,0.0000,0.0000,0.0000,0,0,17,0,0,1,0,32,16,500,0,0
1136,L,0,8,15,0,0,0,0.0000,0.0000,0.0000,0.0000,0,0,17,0,0,1,0,32,16,500,0,0
1137,L,0,8,15,0,0,0,0.0000,0.0000,0.0000,0.0000,0,0,17,0,0,1,0,32,16,500,0,0
1138,L,0,8,15,0,0,0,0.0000,0.0000,0.0000,0.0000,0,0,17,0,0,1,0,32,16,500,0,0
1139,L,0,8,15,0,0,0,0.0000,0.0000,0.0000,0.0000,0,0,17,0,0,1,0,32,16,500,0,0
1140,L,0,8,15,0,0,0,0.0000,0.0000,0.0000,0.0000,0,0,17,0,0,1,0,32,16,500,0,0
1141,L,0,8,15,0,0,0,0.0000,0.0000,0.0000,0.0000,0,0,17,0,0,1,0,32,16,500,0,0
1142,L,0,8,15,0,0,0,0.0000,0.0000,0.0000,0.0000,0,0,17,0,0,1,0,32,16,500,0,0
1143,L,0,8,15,0,0,0,0.0000,0.0000,0.0000,0.0000,0,0,17,0,0,1,0,32,16,500,0,0
1144,L,0,8,15,0,0,0,0.0000,0.0000,0.0000,0.0000,0,0,17,0,0,1,0,32,16,500,0,0
1145,L,0,8,15,0,0,0,0.0000,0.0000,0.0000,0.0000,0,0,17,0,0,1,0,32,16,500,0,0
1146,L,0,8,15,0,0,0,0.0000,0.0000,0.0000,0.0000,0,0,17,0,0,1,0,32,16,500,0,0
1147,L,0,8,15,0,0,0,0.0000,0.0000,0.0000,0.0000,0,0,17,0,0,1,0,32,16,500,0,0
1148,L,0,8,15,0,0,0,0.0000,0.0000,0.0000,0.0000,0,0,17,0,0,1,0,32,16,500,0,0
1149,L,0,8,15,0,0,0,0.0000,0.0000,0.0000,0.0000,0,0,17,0,0,1,0,32,16,500,0,0
1150,L,0,8,15,0,0,0,0.0000,0.0000,0.0000,0.0000,0,0,17,0,0,1,0,32,16,500,0,0
1151,L,0,8,15,0,0,0,0.0000,0.0000,0.0000,0.0000,0,0,17,0,0,1,0,32,16,500,0,0
1152,L,0,8,15,0,0,0,0.0000,0.0000,0.0000,0.0000,0,0,17,0,0,1,0,32,16,500,0,0
1153,L,0,8,15,0,0,0,0.0000,0.0000,0.0000,0.0000,0,0,17,0,0,1,0,32,16,500,0,0
1154,L,0,8,15,0,0,0,0.0000,0.0000,0.0000,0.0000,0,0,17,0,0,1,0,32,16,500,0,0
1155,L,0,8,15,0,0,0,0.0000,0.0000,0.0000,0.0000,0,0,17,0,0,1,0,32,16,500,0,0
1156,L,0,8,15,0,0,0,0.0000,0.0000,0.0000,0.0000,0,0,17,0,0,1,0,32,16,500,0,0
1157,L,0,8,15,0,0,0,0.0000,0.0000,0.0000,0.0000,0,0,17,0,0,1,0,32,16,500,0,0
1158,L,0,8,15,0,0,0,0.0000,0.0000,0.0000,0.0000,0,0,17,0,0,1,0,32,16,500,0,0
1159,L,0,8,15,0,0,0,0.0000,0.0000,0.0000,0.0000,0,0,17,0,0,1,0,32,16,500,0,0
1160,L,0,8,15,0,0,0,0.0000,0.0000,0.0000,0.0000,0,0,17,0,0,1,0,32,16,500,0,0
1161,L,0,8,15,0,0,0,0.0000,0.0000,0.0000,0.0000,0,0,17,0,0,1,0,32,16,500,0,0
1162,L,0,8,15,0,0,0,0.0000,0.0000,0.0000,0.0000,0,0,17,0,0,1,0,32,16,500,0,0
1163,L,0,8,15,0,0,0,0.0000,0.0000,0.0000,0.0000,0,0,17,0,0,1,0,32,16,500,0,0
1164,L,0,8,15,0,0,0,0.0000,0.0000,0.0000,0.0000,0,0,17,0,0,1,0,32,16,500,0,0
1165,L,0,8,15,0,0,0,0.0000,0.0000,0.0000,0.0000,0,0,17,0,0,1,0,32,16,500,0,0
1166,L,0,8,15,0,0,0,0.0000,0.0000,0.0000,0.0000,0,0,17,0,0,1,0,32,16,500,0,0
1167,L,0,8,15,0,0,0,0.0000,0.0000,0.0000,0.0000,0,0,17,0,0,1,0,32,16,500,0,0
1168,L,0,8,15,0,0,0,0.0000,0.0000,0.0000,0.0000,0,0,17,0,0,1,0,32,16,500,0,0
1169,L,0,8,15,0,0,0,0.0000,0.0000,0.0000,0.0000,0,0,17,0,0,1,0,32,16,500,0,0
1170,L,0,8,15,0,0,0,0.0000,0.0000,0.0000,0.0000,0,0,17,0,0,1,0,32,16,500,0,0
1171,L,0,8,15,0,0,0,0.0000,0.0000,0.0000,0.0000,0,0,17,0,0,1,0,32,16,500,0,0
1172,L,0,8,15,0,0,0,0.0000,0.0000,0.0000,0.0000,0,0,17,0,0,1,0,32,16,500,0,0
1173,L,0,8,15,0,0,0,0.0000,0.0000,0.0000,0.0000,0,0,17,0,0,1,0,32,16,500,0,0
1174,L,0,8,15,0,0,0,0.0000,0.0000,0.0000,0.0000,0,0,17,0,0,1,0,32,16,500,0,0
1175,L,0,8,15,0,0,0,0.0000,0.0000,0.0000,0.0000,0,0,17,0,0,1,0,32,16,500,0,0
1176,L,0,8,15,0,0,0,0.0000,0.0000,0.0000,0.0000,0,0,17,0,0,1,0,32,16,500,0,0
1177,L,0,8,15,0,0,0,0.0000,0.0000,0.0000,0.0000,0,0,17,0,0,1,0,32,16,500,0,0
1178,L,0,8,15,0,0,0,0.0000,0.0000,0.0000,0.0000,0,0,17,0,0,1,0,32,16,500,0,0
1179,L,0,8,15,0,0,0,0.0000,0.0000,0.0000,0.0000,0,0,17,0,0,1,0,32,16,500,0,0
1180,L,0,8,15,0,0,0,0.0000,0.0000,0.0000,0.0000,0,0,17,0,0,1,0,32,16,500,0,0
1181,L,0,8,15,0,0,0,0.0000,0.0000,0.0000,0.0000,0,0,17,0,0,1,0,32,16,500,0,0
1182,L,0,8,15,0,0,0,0.0000,0.0000,0.0000,0.0000,0,0,17,0,0,1,0,32,16,500,0,0
1183,L,0,8,15,0,0,0,0.0000,0.0000,0.0000,0.0000,0,0,17,0,0,1,0,32,16,500,0,0
1184,L,0,8,15,0,0,0,0.0000,0.0000,0.0000,0.0000,0,0,17,0,0,1,0,32,16,500,0,0
1185,L,0,8,15,0,0,0,0.0000,0.0000,0.0000,0.0000,0,0,17,0,0,1,0,32,16,500,0,0
1186,L,0,8,15,0,0,0,0.0000,0.0000,0.0000,0.0000,0,0,17,0,0,1,0,32,16,500,0,0
1187,L,0,8,15,0,0,0,0.0000,0.0000,0.0000,0.0000,0,0,17,0,0,1,0,32,16,500,0,0
1188,L,0,8,15,0,0,0,0.0000,0.0000,0.0000,0.0000,0,0,17,0,0,1,0,32,16,500,0,0
1189,L,0,8,15,0,0,0,0.0000,0.0000,0.0000,0.0000,0,0,17,0,0,1,0,32,16,500,0,0
1190,L,0,8,15,0,0,0,0.0000,0.0000,0.0000,0.0000,0,0,17,0,0,1,0,32,16,500,0,0
1191,L,0,8,15,0,0,0,0.0000,0.0000,0.0000,0.0000,0,0,17,0,0,1,0,32,16,500,0,0
1192,L,0,8,15,0,0,0,0.0000,0.0000,0.0000,0.0000,0,0,17,0,0,1,0,32,16,500,0,0
1193,L,0,8,15,0,0,0,0.0000,0.0000,0.0000,0.0000,0,0,17,0,0,1,0,32,16,500,0,0
1194,L,0,8,15,0,0,0,0.0000,0.0000,0.0000,0.0000,0,0,17,0,0,1,0,32,16,500,0,0
1195,L,0,8,15,0,0,0,0.0000,0.0000,0.0000,0.0000,0,0,17,0,0,1,0,32,16,500,0,0
1196,L,0,8,15,0,0,0,0.0000,0.0000,0.0000,0.0000,0,0,17,0,0,1,0,32,16,500,0,0
1197,L,0,8,15,0,0,0,0.0000,0.0000,0.0000,0.0000,0,0,17,0,0,1,0,32,16,500,0,0
1198,L,0,8,15,0,0,0,0.0000,0.0000,0.0000,0.0000,0,0,17,0,0,1,0,32,16,500,0,0
1199,L,0,8,15,0,0,0,0.0000,0.0000,0.0000,0.0000,0,0,17,0,0,1,0,32,16,500,0,0
1200,L,0,8,15,0,0,0,0.0000,0.0000,0.0000,0.0000,0,0,17,0,0,1,0,32,16,500,0,0
1201,L,0,8,15,0,0,0,0.0000,0.0000,0.0000,0.0000,0,0,17,0,0,1,0,32,16,500,0,0
1202,L,0,8,15,0,0,0,0.0000,0.0000,0.0000,0.0000,0,0,17,0,0,1,0,32,16,500,0,0
1203,L,0,8,15,0,0,0,0.0000,0.0000,0.0000,0.0000,0,0,17,0,0,1,0,32,16,500,0,0
1204,L,0,8,15,0,0,0,0.0000,0.0000,0.0000,0.0000,0,0,17,0,0,1,0,32,16,500,0,0
1205,L,0,8,15,0,0,0,0.0000,0.0000,0.0000,0.0000,0,0,17,0,0,1,0,32,16,500,0,0
1206,L,0,8,15,0,0,0,0.0000,0.0000,0.0000,0.0000,0,0,17,0,0,1,0,32,16,500,0,0
1207,L,0,8,15,0,0,0,0.0000,0.0000,0.0000,0.0000,0,0,17,0,0,1,0,32,16,500,0,0
1208,L,0,8,15,0,0,0,0.0000,0.0000,0.0000,0.0000,0,0,17,0,0,1,0,32,16,500,0,0
1209,L,0,8,15,0,0,0,0.0000,0.0000,0.0000,0.0000,0,0,17,0,0,1,0,32,16,500,0,0
1210,L,0,8,15,0,0,0,0.0000,0.0000,0.0000,0.0000,0,0,17,0,0,1,0,32,16,500,0,0
1211,L,0,8,15,0,0,0,0.0000,0.0000,0.0000,0.0000,0,0,17,0,0,1,0,32,16,500,0,0
1212,L,0,8,15,0,0,0,0.0000,0.0000,0.0000,0.0000,0,0,17,0,0,1,0,32,16,500,0,0
1213,L,0,8,15,0,0,0,0.0000,0.0000,0.0000,0.0000,0,0,17,0,0,1,0,32,16,500,0,0
1214,L,0,8,15,0,0,0,0.0000,0.0000,0.0000,0.0000,0,0,17,0,0,1,0,32,16,500,0,0
1215,L,0,8,15,0,0,0,0.0000,0.0000,0.0000,0.0000,0,0,17,0,0,1,0,32,16,500,0,0
1216,L,0,8,15,0,0,0,0.0000,0.0000,0.0000,0.0000,0,0,17,0,0,1,0,32,16,500,0,0
1217,L,0,8,15,0,0,0,0.0000,0.0000,0.0000,0.0000,0,0,17,0,0,1,0,32,16,500,0,0
1218,L,0,8,15,0,0,0,0.0000,0.0000,0.0000,0.0000,0,0,17,0,0,1,0,32,16,500,0,0
1219,L,0,8,15,0,0,0,0.0000,0.0000,0.0000,0.0000,0,0,17,0,0,1,0,32,16,500,0,0
1220,L,0,8,15,0,0,0,0.0000,0.0000,0.0000,0.0000,0,0,17,0,0,1,0,32,16,500,0,0
1221,L,0,8,15,0,0,0,0.0000,0.0000,0.0000,0.0000,0,0,17,0,0,1,0,32,16,500,0,0
1222,L,0,8,15,0,0,0,0.0000,0.0000,0.0000,0.0000,0,0,17,0,0,1,0,32,16,500,0,0
1223,L,0,8,15,0,0,0,0.0000,0.0000,0.0000,0.0000,0,0,17,0,0,1,0,32,16,500,0,0
1224,L,0,8,15,0,0,0,0.0000,0.0000,0.0000,0.0000,0,0,17,0,0,1,0,32,16,500,0,0
1225,L,0,8,15,0,0,0,0.0000,0.0000,0.0000,0.0000,0,0,17,0,0,1,0,32,16,500,0,0
1226,L,0,8,15,0,0,0,0.0000,0.0000,0.0000,0.0000,0,0,17,0,0,1,0,32,16,500,0,0
1227,L,0,8,15,0,0,0,0.0000,0.0000,0.0000,0.0000,0,0,17,0,0,1,0,32,16,500,0,0
1228,L,0,8,15,0,0,0,0.0000,0.0000,0.0000,0.0000,0,0,17,0,0,1,0,32,16,500,0,0
1229,L,0,8,15,0,0,0,0.0000,0.0000,0.0000,0.0000,0,0,17,0,0,1,0,32,16,500,0,0
1230,L,0,8,15,0,0,0,0.0000,0.0000,0.0000,0.0000,0,0,17,0,0,1,0,32,16,500,0,0
1231,L,0,8,15,0,0,0,0.0000,0.0000,0.0000,0.0000,0,0,17,0,0,1,0,32,16,500,0,0
1232,L,0,8,15,0,0,0,0.0000,0.0000,0.0000,0.0000,0,0,17,0,0,1,0,32,16,500,0,0
1233,L,0,8,15,0,0,0,0.0000,0.0000,0.0000,0.0000,0,0,17,0,0,1,0,32,16,500,0,0
1234,L,0,8,15,0,0,0,0.0000,0.0000,0.0000,0.0000,0,0,17,0,0,1,0,32,16,500,0,0
1235,L,0,8,15,0,0,0,0.0000,0.0000,0.0000,0.0000,0,0,17,0,0,1,0,32,16,500,0,0
1236,L,0,8,15,0,0,0,0.0000,0.0000,0.0000,0.0000,0,0,17,0,0,1,0,32,16,500,0,0
1237,L,0,8,15,0,0,0,0.0000,0.0000,0.0000,0.0000,0,0,17,0,0,1,0,32,16,500,0,0
1238,L,0,8,15,0,0,0,0.0000,0.0000,0.0000,0.0000,0,0,17,0,0,1,0,32,16,500,0,0
1239,L,0,8,15,0,0,0,0.0000,0.0000,0.0000,0.0000,0,0,17,0,0,1,0,32,16,500,0,0
1240,L,0,8,15,0,0,0,0.0000,0.0000,0.0000,0.0000,0,0,17,0,0,1,0,32,16,500,0,0
1241,L,0,8,15,0,0,0,0.0000,0.0000,0.0000,0.0000,0,0,17,0,0,1,0,32,16,500,0,0
1242,L,0,8,15,0,0,0,0.0000,0.0000,0.0000,0.0000,0,0,17,0,0,1,0,32,16,500,0,0
1243,L,0,8,15,0,0,0,0.0000,0.0000,0.0000,0.0000,0,0,17,0,0,1,0,32,16,500,0,0
1244,L,0,8,15,0,0,0,0.0000,0.0000,0.0000,0.0000,0,0,17,0,0,1,0,32,16,500,0,0
1245,L,0,8,15,0,0,0,0.0000,0.0000,0.0000,0.0000,0,0,17,0,0,1,0,32,16,500,0,0
1246,L,0,8,15,0,0,0,0.0000,0.0000,0.0000,0.0000,0,0,17,0,0,1,0,32,16,500,0,0
1247,L,0,8,15,0,0,0,0.0000,0.0000,0.0000,0.0000,0,0,17,0,0,1,0,32,16,500,0,0
1248,L,0,8,15,0,0,0,0.0000,0.0000,0.0000,0.0000,0,0,17,0,0,1,0,32,16,500,0,0
1249,L,0,8,15,0,0,0,0.0000,0.0000,0.0000,0.0000,0,0,17,0,0,1,0,32,16,500,0,0
1250,L,0,8,15,0,0,0,0.0000,0.0000,0.0000,0.0000,0,0,17,0,0,1,0,32,16,500,0,0
1251,L,0,8,15,0,0,0,0.0000,0.0000,0.0000,0.0000,0,0,17,0,0,1,0,32,16,500,0,0
1252,L,0,8,15,0,0,0,0.0000,0.0000,0.0000,0.0000,0,0,17,0,0,1,0,32,16,500,0,0
1253,L,0,8,15,0,0,0,0.0000,0.0000,0.0000,0.0000,0,0,17,0,0,1,0,32,16,500,0,0
1254,L,0,8,15,0,0,0,0.0000,0.0000,0.0000,0.0000,0,0,17,0,0,1,0,32,16,500,0,0
1255,L,0,8,15,0,0,0,0.0000,0.0000,0.0000,0.0000,0,0,17,0,0,1,0,32,16,500,0,0
1256,L,0,8,15,0,0,0,0.0000,0.0000,0.0000,0.0000,0,0,17,0,0,1,0,32,16,500,0,0
1257,L,0,8,15,0,0,0,0.0000,0.0000,0.0000,0.0000,0,0,17,0,0,1,0,32,16,500,0,0
1258,L,0,8,15,0,0,0,0.0000,0.0000,0.0000,0.0000,0,0,17,0,0,1,0,32,16,500,0,0
1259,L,0,8,15,0,0,0,0.0000,0.0000,0.0000,0.0000,0,0,17,0,0,1,0,32,16,500,0,0
1260,L,0,8,15,0,0,0,0.0000,0.0000,0.0000,0.0000,0,0,17,0,0,1,0,32,16,500,0,0
1261,L,0,8,15,0,0,0,0.0000,0.0000,0.0000,0.0000,0,0,17,0,0,1,0,32,16,500,0,0
1262,L,0,8,15,0,0,0,0.0000,0.0000,0.0000,0.0000,0,0,17,0,0,1,0,32,16,500,0,0
1263,L,0,8,15,0,0,0,0.0000,0.0000,0.0000,0.0000,0,0,17,0,0,1,0,32,16,500,0,0
1264,L,0,8,15,0,0,0,0.0000,0.0000,0.0000,0.0000,0,0,17,0,0,1,0,32,16,500,0,0
1265,L,0,8,15,0,0,0,0.0000,0.0000,0.0000,0.0000,0,0,17,0,0,1,0,32,16,500,0,0
1266,L,0,8,15,0,0,0,0.0000,0.0000,0.0000,0.0000,0,0,17,0,0,1,0,32,16,500,0,0
1267,L,0,8,15,0,0,0,0.0000,0.0000,0.0000,0.0000,0,0,17,0,0,1,0,32,16,500,0,0
1268,L,0,8,15,0,0,0,0.0000,0.0000,0.0000,0.0000,0,0,17,0,0,1,0,32,16,500,0,0
1269,L,0,8,15,0,0,0,0.0000,0.0000,0.0000,0.0000,0,0,17,0,0,1,0,32,16,500,0,0
1270,L,0,8,15,0,0,0,0.0000,0.0000,0.0000,0.0000,0,0,17,0,0,1,0,32,16,500,0,0
1271,L,0,8,15,0,0,0,0.0000,0.0000,0.0000,0.0000,0,0,17,0,0,1,0,32,16,500,0,0
1272,L,0,8,15,0,0,0,0.0000,0.0000,0.0000,0.0000,0,0,17,0,0,1,0,32,16,500,0,0
1273,L,0,8,15,0,0,0,0.0000,0.0000,0.0000,0.0000,0,0,17,0,0,1,0,32,16,500,0,0
1274,L,0,8,15,0,0,0,0.0000,0.0000,0.0000,0.0000,0,0,17,0,0,1,0,32,16,500,0,0
1275,L,0,8,15,0,0,0,0.0000,0.0000,0.0000,0.0000,0,0,17,0,0,1,0,32,16,500,0,0
1276,L,0,8,15,0,0,0,0.0000,0.0000,0.0000,0.0000,0,0,17,0,0,1,0,32,16,500,0,0
1277,L,0,8,15,0,0,0,0.0000,0.0000,0.0000,0.0000,0,0,17,0,0,1,0,32,16,500,0,0
1278,L,0,8,15,0,0,0,0.0000,0.0000,0.0000,0.0000,0,0,17,0,0,1,0,32,16,500,0,0
1279,L,0,8,15,0,0,0,0.0000,0.0000,0.0000,0.0000,0,0,17,0,0,1,0,32,16,500,0,0
1280,L,0,8,15,0,0,0,0.0000,0.0000,0.0000,0.0000,0,0,17,0,0,1,0,32,16,500,0,0
1281,L,0,8,15,0,0,0,0.0000,0.0000,0.0000,0.0000,0,0,17,0,0,1,0,32,16,500,0,0
1282,L,0,8,15,0,0,0,0.0000,0.0000,0.0000,0.0000,0,0,17,0,0,1,0,32,16,500,0,0
1283,L,0,8,15,0,0,0,0.0000,0.0000,0.0000,0.0000,0,0,17,0,0,1,0,32,16,500,0,0
1284,L,0,8,15,0,0,0,0.0000,0.0000,0.0000,0.0000,0,0,17,0,0,1,0,32,16,500,0,0
1285,L,0,8,15,0,0,0,0.0000,0.0000,0.0000,0.0000,0,0,17,0,0,1,0,32,16,500,0,0
1286,L,0,8,15,0,0,0,0.0000,0.0000,0.0000,0.0000,0,0,17,0,0,1,0,32,16,500,0,0
1287,L,0,8,15,0,0,0,0.0000,0.0000,0.0000,0.0000,0,0,17,0,0,1,0,32,16,500,0,0
1288,L,0,8,15,0,0,0,0.0000,0.0000,0.0000,0.0000,0,0,17,0,0,1,0,32,16,500,0,0
1289,L,0,8,15,0,0,0,0.0000,0.0000,0.0000,0.0000,0,0,17,0,0,1,0,32,16,500,0,0
1290,L,0,8,15,0,0,0,0.0000,0.0000,0.0000,0.0000,0,0,17,0,0,1,0,32,16,500,0,0
1291,L,0,8,15,0,0,0,0.0000,0.0000,0.0000,0.0000,0,0,17,0,0,1,0,32,16,500,0,0
1292,L,0,8,15,0,0,0,0.0000,0.0000,0.0000,0.0000,0,0,17,0,0,1,0,32,16,500,0,0
1293,L,0,8,15,0,0,0,0.0000,0.0000,0.0000,0.0000,0,0,17,0,0,1,0,32,16,500,0,0
1294,L,0,8,15,0,0,0,0.0000,0.0000,0.0000,0.0000,0,0,17,0,0,1,0,32,16,500,0,0
1295,L,0,8,15,0,0,0,0.0000,0.0000,0.0000,0.0000,0,0,17,0,0,1,0,32,16,500,0,0
1296,L,0,8,15,0,0,0,0.0000,0.0000,0.0000,0.0000,0,0,17,0,0,1,0,32,16,500,0,0
1297,L,0,8,15,0,0,0,0.0000,0.0000,0.0000,0.0000,0,0,17,0,0,1,0,32,16,500,0,0
1298,L,0,8,15,0,0,0,0.0000,0.0000,0.0000,0.0000,0,0,17,0,0,1,0,32,16,500,0,0
1299,L,0,8,15,0,0,0,0.0000,0.0000,0.0000,0.0000,0,0,17,0,0,1,0,32,16,500,0,0
1300,L,0,8,15,0,0,0,0.0000,0.0000,0.0000,0.0000,0,0,17,0,0,1,0,32,16,500,0,0
1301,L,0,8,15,0,0,0,0.0000,0.0000,0.0000,0.0000,0,0,17,0,0,1,0,32,16,500,0,0
1302,L,0,8,15,0,0,0,0.0000,0.0000,0.0000,0.0000,0,0,17,0,0,1,0,32,16,500,0,0
1303,L,0,8,15,0,0,0,0.0000,0.0000,0.0000,0.0000,0,0,17,0,0,1,0,32,16,500,0,0
1304,L,0,8,15,0,0,0,0.0000,0.0000,0.0000,0.0000,0,0,17,0,0,1,0,32,16,500,0,0
1305,L,0,8,15,0,0,0,0.0000,0.0000,0.0000,0.0000,0,0,17,0,0,1,0,32,16,500,0,0
1306,L,0,8,15,0,0,0,0.0000,0.0000,0.0000,0.0000,0,0,17,0,0,1,0,32,16,500,0,0
1307,L,0,8,15,0,0,0,0.0000,0.0000,0.0000,0.0000,0,0,17,0,0,1,0,32,16,500,0,0
1308,L,0,8,15,0,0,0,0.0000,0.0000,0.0000,0.0000,0,0,17,0,0,1,0,32,16,500,0,0
1309,L,0,8,15,0,0,0,0.0000,0.0000,0.0000,0.0000,0,0,17,0,0,1,0,32,16,500,0,0
1310,L,0,8,15,0,0,0,0.0000,0.0000,0.0000,0.0000,0,0,17,0,0,1,0,32,16,500,0,0
1311,L,0,8,15,0,0,0,0.0000,0.0000,0.0000,0.0000,0,0,17,0,0,1,0,32,16,500,0,0
1312,L,0,8,15,0,0,0,0.0000,0.0000,0.0000,0.0000,0,0,17,0,0,1,0,32,16,500,0,0
1313,L,0,8,15,0,0,0,0.0000,0.0000,0.0000,0.0000,0,0,17,0,0,1,0,32,16,500,0,0
1314,L,0,8,15,0,0,0,0.0000,0.0000,0.0000,0.0000,0,0,17,0,0,1,0,32,16,500,0,0
1315,L,0,8,15,0,0,0,0.0000,0.0000,0.0000,0.0000,0,0,17,0,0,1,0,32,16,500,0,0
1316,L,0,8,15,0,0,0,0.0000,0.0000,0.0000,0.0000,0,0,17,0,0,1,0,32,16,500,0,0
1317,L,0,8,15,0,0,0,0.0000,0.0000,0.0000,0.0000,0,0,17,0,0,1,0,32,16,500,0,0
1318,L,0,8,15,0,0,0,0.0000,0.0000,0.0000,0.0000,0,0,17,0,0,1,0,32,16,500,0,0
1319,L,0,8,15,0,0,0,0.0000,0.0000,0.0000,0.0000,0,0,17,0,0,1,0,32,16,500,0,0
1320,L,0,8,15,0,0,0,0.0000,0.0000,0.0000,0.0000,0,0,17,0,0,1,0,32,16,500,0,0
1321,L,0,8,15,0,0,0,0.0000,0.0000,0.0000,0.0000,0,0,17,0,0,1,0,32,16,500,0,0
1322,L,0,8,15,0,0,0,0.0000,0.0000,0.0000,0.0000,0,0,17,0,0,1,0,32,16,500,0,0
1323,L,0,8,15,0,0,0,0.0000,0.0000,0.0000,0.0000,0,0,17,0,0,1,0,32,16,500,0,0
1324,L,0,8,15,0,0,0,0.0000,0.0000,0.0000,0.0000,0,0,17,0,0,1,0,32,16,500,0,0
1325,L,0,8,15,0,0,0,0.0000,0.0000,0.0000,0.0000,0,0,17,0,0,1,0,32,16,500,0,0
1326,L,0,8,15,0,0,0,0.0000,0.0000,0.0000,0.0000,0,0,17,0,0,1,0,32,16,500,0,0
1327,L,0,8,15,0,0,0,0.0000,0.0000,0.0000,0.0000,0,0,17,0,0,1,0,32,16,500,0,0
1328,L,0,8,15,0,0,0,0.0000,0.0000,0.0000,0.0000,0,0,17,0,0,1,0,32,16,500,0,0
1329,L,0,8,15,0,0,0,0.0000,0.0000,0.0000,0.0000,0,0,17,0,0,1,0,32,16,500,0,0
1330,L,0,8,15,0,0,0,0.0000,0.0000,0.0000,0.0000,0,0,17,0,0,1,0,32,16,500,0,0
1331,L,0,8,15,0,0,0,0.0000,0.0000,0.0000,0.0000,0,0,17,0,0,1,0,32,16,500,0,0
1332,L,0,8,15,0,0,0,0.0000,0.0000,0.0000,0.0000,0,0,17,0,0,1,0,32,16,500,0,0
1333,L,0,8,15,0,0,0,0.0000,0.0000,0.0000,0.0000,0,0,17,0,0,1,0,32,16,500,0,0
1334,L,0,8,15,0,0,0,0.0000,0.0000,0.0000,0.0000,0,0,17,0,0,1,0,32,16,500,0,0
1335,L,0,8,15,0,0,0,0.0000,0.0000,0.0000,0.0000,0,0,17,0,0,1,0,32,16,500,0,0
1336,L,0,8,15,0,0,0,0.0000,0.0000,0.0000,0.0000,0,0,17,0,0,1,0,32,16,500,0,0
1337,L,0,8,15,0,0,0,0.0000,0.0000,0.0000,0.0000,0,0,17,0,0,1,0,32,16,500,0,0
1338,L,0,8,15,0,0,0,0.0000,0.0000,0.0000,0.0000,0,0,17,0,0,1,0,32,16,500,0,0
1339,L,0,8,15,0,0,0,0.0000,0.0000,0.0000,0.0000,0,0,17,0,0,1,0,32,16,500,0,0
1340,L,0,8,15,0,0,0,0.0000,0.0000,0.0000,0.0000,0,0,17,0,0,1,0,32,16,500,0,0
1341,L,0,8,15,0,0,0,0.0000,0.0000,0.0000,0.0000,0,0,17,0,0,1,0,32,16,500,0,0
1342,L,0,8,15,0,0,0,0.0000,0.0000,0.0000,0.0000,0,0,17,0,0,1,0,32,16,500,0,0
1343,L,0,8,15,0,0,0,0.0000,0.0000,0.0000,0.0000,0,0,17,0,0,1,0,32,16,500,0,0
1344,L,0,8,15,0,0,0,0.0000,0.0000,0.0000,0.0000,0,0,17,0,0,1,0,32,16,500,0,0
1345,L,0,8,15,0,0,0,0.0000,0.0000,0.0000,0.0000,0,0,17,0,0,1,0,32,16,500,0,0
1346,L,0,8,15,0,0,0,0.0000,0.0000,0.0000,0.0000,0,0,17,0,0,1,0,32,16,500,0,0
1347,L,0,8,15,0,0,0,0.0000,0.0000,0.0000,0.0000,0,0,17,0,0,1,0,32,16,500,0,0
1348,L,0,8,15,0,0,0,0.0000,0.0000,0.0000,0.0000,0,0,17,0,0,1,0,32,16,500,0,0
1349,L,0,8,15,0,0,0,0.0000,0.0000,0.0000,0.0000,0,0,17,0,0,1,0,32,16,500,0,0
1350,L,0,8,15,0,0,0,0.0000,0.0000,0.0000,0.0000,0,0,17,0,0,1,0,32,16,500,0,0
1351,L,0,8,15,0,0,0,0.0000,0.0000,0.0000,0.0000,0,0,17,0,0,1,0,32,16,500,0,0
1352,L,0,8,15,0,0,0,0.0000,0.0000,0.0000,0.0000,0,0,17,0,0,1,0,32,16,500,0,0
1353,L,0,8,15,0,0,0,0.0000,0.0000,0.0000,0.0000,0,0,17,0,0,1,0,32,16,500,0,0
1354,L,0,8,15,0,0,0,0.0000,0.0000,0.0000,0.0000,0,0,17,0,0,1,0,32,16,500,0,0
1355,L,0,8,15,0,0,0,0.0000,0.0000,0.0000,0.0000,0,0,17,0,0,1,0,32,16,500,0,0
1356,L,0,8,15,0,0,0,0.0000,0.0000,0.0000,0.0000,0,0,17,0,0,1,0,32,16,500,0,0
1357,L,0,8,15,0,0,0,0.0000,0.0000,0.0000,0.0000,0,0,17,0,0,1,0,32,16,500,0,0
1358,L,0,8,15,0,0,0,0.0000,0.0000,0.0000,0.0000,0,0,17,0,0,1,0,32,16,500,0,0
1359,L,0,8,15,0,0,0,0.0000,0.0000,0.0000,0.0000,0,0,17,0,0,1,0,32,16,500,0,0
1360,L,0,8,15,0,0,0,0.0000,0.0000,0.0000,0.0000,0,0,17,0,0,1,0,32,16,500,0,0
1361,L,0,8,15,0,0,0,0.0000,0.0000,0.0000,0.0000,0,0,17,0,0,1,0,32,16,500,0,0
1362,L,0,8,15,0,0,0,0.0000,0.0000,0.0000,0.0000,0,0,17,0,0,1,0,32,16,500,0,0
1363,L,0,8,15,0,0,0,0.0000,0.0000,0.0000,0.0000,0,0,17,0,0,1,0,32,16,500,0,0
1364,L,0,8,15,0,0,0,0.0000,0.0000,0.0000,0.0000,0,0,17,0,0,1,0,32,16,500,0,0
1365,L,0,8,15,0,0,0,0.0000,0.0000,0.0000,0.0000,0,0,17,0,0,1,0,32,16,500,0,0
1366,L,0,8,15,0,0,0,0.0000,0.0000,0.0000,0.0000,0,0,17,0,0,1,0,32,16,500,0,0
1367,L,0,8,15,0,0,0,0.0000,0.0000,0.0000,0.0000,0,0,17,0,0,1,0,32,16,500,0,0
1368,L,0,8,15,0,0,0,0.0000,0.0000,0.0000,0.0000,0,0,17,0,0,1,0,32,16,500,0,0
1369,L,0,8,15,0,0,0,0.0000,0.0000,0.0000,0.0000,0,0,17,0,0,1,0,32,16,500,0,0
1370,L,0,8,15,0,0,0,0.0000,0.0000,0.0000,0.0000,0,0,17,0,0,1,0,32,16,500,0,0
1371,L,0,8,15,0,0,0,0.0000,0.0000,0.0000,0.0000,0,0,17,0,0,1,0,32,16,500,0,0
1372,L,0,8,15,0,0,0,0.0000,0.0000,0.0000,0.0000,0,0,17,0,0,1,0,32,16,500,0,0
1373,L,0,8,15,0,0,0,0.0000,0.0000,0.0000,0.0000,0,0,17,0,0,1,0,32,16,500,0,0
1374,L,0,8,15,0,0,0,0.0000,0.0000,0.0000,0.0000,0,0,17,0,0,1,0,32,16,500,0,0
1375,L,0,8,15,0,0,0,0.0000,0.0000,0.0000,0.0000,0,0,17,0,0,1,0,32,16,500,0,0
1376,L,0,8,15,0,0,0,0.0000,0.0000,0.0000,0.0000,0,0,17,0,0,1,0,32,16,500,0,0
1377,L,0,8,15,0,0,0,0.0000,0.0000,0.0000,0.0000,0,0,17,0,0,1,0,32,16,500,0,0
1378,L,0,8,15,0,0,0,0.0000,0.0000,0.0000,0.0000,0,0,17,0,0,1,0,32,16,500,0,0
1379,L,0,8,15,0,0,0,0.0000,0.0000,0.0000,0.0000,0,0,17,0,0,1,0,32,16,500,0,0
1380,L,0,8,15,0,0,0,0.0000,0.0000,0.0000,0.0000,0,0,17,0,0,1,0,32,16,500,0,0
1381,L,0,8,15,0,0,0,0.0000,0.0000,0.0000,0.0000,0,0,17,0,0,1,0,32,16,500,0,0
1382,L,0,8,15,0,0,0,0.0000,0.0000,0.0000,0.0000,0,0,17,0,0,1,0,32,16,500,0,0
1383,L,0,8,15,0,0,0,0.0000,0.0000,0.0000,0.0000,0,0,17,0,0,1,0,32,16,500,0,0
1384,L,0,8,15,0,0,0,0.0000,0.0000,0.0000,0.0000,0,0,17,0,0,1,0,32,16,500,0,0
1385,L,0,8,15,0,0,0,0.0000,0.0000,0.0000,0.0000,0,0,17,0,0,1,0,32,16,500,0,0
1386,L,0,8,15,0,0,0,0.0000,0.0000,0.0000,0.0000,0,0,17,0,0,1,0,32,16,500,0,0
1387,L,0,8,15,0,0,0,0.0000,0.0000,0.0000,0.0000,0,0,17,0,0,1,0,32,16,500,0,0
1388,L,0,8,15,0,0,0,0.0000,0.0000,0.0000,0.0000,0,0,17,0,0,1,0,32,16,500,0,0
1389,L,0,8,15,0,0,0,0.0000,0.0000,0.0000,0.0000,0,0,17,0,0,1,0,32,16,500,0,0
1390,L,0,8,15,0,0,0,0.0000,0.0000,0.0000,0.0000,0,0,17,0,0,1,0,32,16,500,0,0
1391,L,0,8,15,0,0,0,0.0000,0.0000,0.0000,0.0000,0,0,17,0,0,1,0,32,16,500,0,0
1392,L,0,8,15,0,0,0,0.0000,0.0000,0.0000,0.0000,0,0,17,0,0,1,0,32,16,500,0,0
1393,L,0,8,15,0,0,0,0.0000,0.0000,0.0000,0.0000,0,0,17,0,0,1,0,32,16,500,0,0
1394,L,0,8,15,0,0,0,0.0000,0.0000,0.0000,0.0000,0,0,17,0,0,1,0,32,16,500,0,0
1395,L,0,8,15,0,0,0,0.0000,0.0000,0.0000,0.0000,0,0,17,0,0,1,0,32,16,500,0,0
1396,L,0,8,15,0,0,0,0.0000,0.0000,0.0000,0.0000,0,0,17,0,0,1,0,32,16,500,0,0
1397,L,0,8,15,0,0,0,0.0000,0.0000,0.0000,0.0000,0,0,17,0,0,1,0,32,16,500,0,0
1398,L,0,8,15,0,0,0,0.0000,0.0000,0.0000,0.0000,0,0,17,0,0,1,0,32,16,500,0,0
1399,L,0,8,15,0,0,0,0.0000,0.0000,0.0000,0.0000,0,0,17,0,0,1,0,32,16,500,0,0
1400,L,0,8,15,0,0,0,0.0000,0.0000,0.0000,0.0000,0,0,17,0,0,1,0,32,16,500,0,0
1401,L,0,8,15,0,0,0,0.0000,0.0000,0.0000,0.0000,0,0,17,0,0,1,0,32,16,500,0,0
1402,L,0,8,15,0,0,0,0.0000,0.0000,0.0000,0.0000,0,0,17,0,0,1,0,32,16,500,0,0
1403,L,0,8,15,0,0,0,0.0000,0.0000,0.0000,0.0000,0,0,17,0,0,1,0,32,16,500,0,0
1404,L,0,8,15,0,0,0,0.0000,0.0000,0.0000,0.0000,0,0,17,0,0,1,0,32,16,500,0,0
1405,L,0,8,15,0,0,0,0.0000,0.0000,0.0000,0.0000,0,0,17,0,0,1,0,32,16,500,0,0
1406,L,0,8,15,0,0,0,0.0000,0.0000,0.0000,0.0000,0,0,17,0,0,1,0,32,16,500,0,0
1407,L,0,8,15,0,0,0,0.0000,0.0000,0.0000,0.0000,0,0,17,0,0,1,0,32,16,500,0,0
1408,L,0,8,15,0,0,0,0.0000,0.0000,0.0000,0.0000,0,0,17,0,0,1,0,32,16,500,0,0
1409,L,0,8,15,0,0,0,0.0000,0.0000,0.0000,0.0000,0,0,17,0,0,1,0,32,16,500,0,0
1410,L,0,8,15,0,0,0,0.0000,0.0000,0.0000,0.0000,0,0,17,0,0,1,0,32,16,500,0,0
1411,L,0,8,15,0,0,0,0.0000,0.0000,0.0000,0.0000,0,0,17,0,0,1,0,32,16,500,0,0
1412,L,0,8,15,0,0,0,0.0000,0.0000,0.0000,0.0000,0,0,17,0,0,1,0,32,16,500,0,0
1413,L,0,8,15,0,0,0,0.0000,0.0000,0.0000,0.0000,0,0,17,0,0,1,0,32,16,500,0,0
1414,L,0,8,15,0,0,0,0.0000,0.0000,0.0000,0.0000,0,0,17,0,0,1,0,32,16,500,0,0
1415,L,0,8,15,0,0,0,0.0000,0.0000,0.0000,0.0000,0,0,17,0,0,1,0,32,16,500,0,0
1416,L,0,8,15,0,0,0,0.0000,0.0000,0.0000,0.0000,0,0,17,0,0,1,0,32,16,500,0,0
1417,L,0,8,15,0,0,0,0.0000,0.0000,0.0000,0.0000,0,0,17,0,0,1,0,32,16,500,0,0
1418,L,0,8,15,0,0,0,0.0000,0.0000,0.0000,0.0000,0,0,17,0,0,1,0,32,16,500,0,0
1419,L,0,8,15,0,0,0,0.0000,0.0000,0.0000,0.0000,0,0,17,0,0,1,0,32,16,500,0,0
1420,L,0,8,15,0,0,0,0.0000,0.0000,0.0000,0.0000,0,0,17,0,0,1,0,32,16,500,0,0
1421,L,0,8,15,0,0,0,0.0000,0.0000,0.0000,0.0000,0,0,17,0,0,1,0,32,16,500,0,0
1422,L,0,8,15,0,0,0,0.0000,0.0000,0.0000,0.0000,0,0,17,0,0,1,0,32,16,500,0,0
1423,L,0,8,15,0,0,0,0.0000,0.0000,0.0000,0.0000,0,0,17,0,0,1,0,32,16,500,0,0
1424,L,0,8,15,0,0,0,0.0000,0.0000,0.0000,0.0000,0,0,17,0,0,1,0,32,16,500,0,0
1425,L,0,8,15,0,0,0,0.0000,0.0000,0.0000,0.0000,0,0,17,0,0,1,0,32,16,500,0,0
1426,L,0,8,15,0,0,0,0.0000,0.0000,0.0000,0.0000,0,0,17,0,0,1,0,32,16,500,0,0
1427,L,0,8,15,0,0,0,0.0000,0.0000,0.0000,0.0000,0,0,17,0,0,1,0,32,16,500,0,0
1428,L,0,8,15,0,0,0,0.0000,0.0000,0.0000,0.0000,0,0,17,0,0,1,0,32,16,500,0,0
1429,L,0,8,15,0,0,0,0.0000,0.0000,0.0000,0.0000,0,0,17,0,0,1,0,32,16,500,0,0
1430,L,0,8,15,0,0,0,0.0000,0.0000,0.0000,0.0000,0,0,17,0,0,1,0,32,16,500,0,0
1431,L,0,8,15,0,0,0,0.0000,0.0000,0.0000,0.0000,0,0,17,0,0,1,0,32,16,500,0,0
1432,L,0,8,15,0,0,0,0.0000,0.0000,0.0000,0.0000,0,0,17,0,0,1,0,32,16,500,0,0
1433,L,0,8,15,0,0,0,0.0000,0.0000,0.0000,0.0000,0,0,17,0,0,1,0,32,16,500,0,0
1434,L,0,8,15,0,0,0,0.0000,0.0000,0.0000,0.0000,0,0,17,0,0,1,0,32,16,500,0,0
1435,L,0,8,15,0,0,0,0.0000,0.0000,0.0000,0.0000,0,0,17,0,0,1,0,32,16,500,0,0
1436,L,0,8,15,0,0,0,0.0000,0.0000,0.0000,0.0000,0,0,17,0,0,1,0,32,16,500,0,0
1437,L,0,8,15,0,0,0,0.0000,0.0000,0.0000,0.0000,0,0,17,0,0,1,0,32,16,500,0,0
1438,L,0,8,15,0,0,0,0.0000,0.0000,0.0000,0.0000,0,0,17,0,0,1,0,32,16,500,0,0
1439,L,0,8,15,0,0,0,0.0000,0.0000,0.0000,0.0000,0,0,17,0,0,1,0,32,16,500,0,0
1440,L,0,8,15,0,0,0,0.0000,0.0000,0.0000,0.0000,0,0,17,0,0,1,0,32,16,500,0,0
1441,L,0,8,15,0,0,0,0.0000,0.0000,0.0000,0.0000,0,0,17,0,0,1,0,32,16,500,0,0
1442,L,0,8,15,0,0,0,0.0000,0.0000,0.0000,0.0000,0,0,17,0,0,1,0,32,16,500,0,0
1443,L,0,8,15,0,0,0,0.0000,0.0000,0.0000,0.0000,0,0,17,0,0,1,0,32,16,500,0,0
1444,L,0,8,15,0,0,0,0.0000,0.0000,0.0000,0.0000,0,0,17,0,0,1,0,32,16,500,0,0
1445,L,0,8,15,0,0,0,0.0000,0.0000,0.0000,0.0000,0,0,17,0,0,1,0,32,16,500,0,0
1446,L,0,8,15,0,0,0,0.0000,0.0000,0.0000,0.0000,0,0,17,0,0,1,0,32,16,500,0,0
1447,L,0,8,15,0,0,0,0.0000,0.0000,0.0000,0.0000,0,0,17,0,0,1,0,32,16,500,0,0
1448,L,0,8,15,0,0,0,0.0000,0.0000,0.0000,0.0000,0,0,17,0,0,1,0,32,16,500,0,0
1449,L,0,8,15,0,0,0,0.0000,0.0000,0.0000,0.0000,0,0,17,0,0,1,0,32,16,500,0,0
1450,L,0,8,15,0,0,0,0.0000,0.0000,0.0000,0.0000,0,0,17,0,0,1,0,32,16,500,0,0
1451,L,0,8,15,0,0,0,0.0000,0.0000,0.0000,0.0000,0,0,17,0,0,1,0,32,16,500,0,0
1452,L,0,8,15,0,0,0,0.0000,0.0000,0.0000,0.0000,0,0,17,0,0,1,0,32,16,500,0,0
1453,L,0,8,15,0,0,0,0.0000,0.0000,0.0000,0.0000,0,0,17,0,0,1,0,32,16,500,0,0
1454,L,0,8,15,0,0,0,0.0000,0.0000,0.0000,0.0000,0,0,17,0,0,1,0,32,16,500,0,0
1455,L,0,8,15,0,0,0,0.0000,0.0000,0.0000,0.0000,0,0,17,0,0,1,0,32,16,500,0,0
1456,L,0,8,15,0,0,0,0.0000,0.0000,0.0000,0.0000,0,0,17,0,0,1,0,32,16,500,0,0
1457,L,0,8,15,0,0,0,0.0000,0.0000,0.0000,0.0000,0,0,17,0,0,1,0,32,16,500,0,0
1458,L,0,8,15,0,0,0,0.0000,0.0000,0.0000,0.0000,0,0,17,0,0,1,0,32,16,500,0,0
1459,L,0,8,15,0,0,0,0.0000,0.0000,0.0000,0.0000,0,0,17,0,0,1,0,32,16,500,0,0
1460,L,0,8,15,0,0,0,0.0000,0.0000,0.0000,0.0000,0,0,17,0,0,1,0,32,16,500,0,0
1461,L,0,8,15,0,0,0,0.0000,0.0000,0.0000,0.0000,0,0,17,0,0,1,0,32,16,500,0,0
1462,L,0,8,15,0,0,0,0.0000,0.0000,0.0000,0.0000,0,0,17,0,0,1,0,32,16,500,0,0
1463,L,0,8,15,0,0,0,0.0000,0.0000,0.0000,0.0000,0,0,17,0,0,1,0,32,16,500,0,0
1464,L,0,8,15,0,0,0,0.0000,0.0000,0.0000,0.0000,0,0,17,0,0,1,0,32,16,500,0,0
1465,L,0,8,15,0,0,0,0.0000,0.0000,0.0000,0.0000,0,0,17,0,0,1,0,32,16,500,0,0
1466,L,0,8,15,0,0,0,0.0000,0.0000,0.0000,0.0000,0,0,17,0,0,1,0,32,16,500,0,0
1467,L,0,8,15,0,0,0,0.0000,0.0000,0.0000,0.0000,0,0,17,0,0,1,0,32,16,500,0,0
1468,L,0,8,15,0,0,0,0.0000,0.0000,0.0000,0.0000,0,0,17,0,0,1,0,32,16,500,0,0
1469,L,0,8,15,0,0,0,0.0000,0.0000,0.0000,0.0000,0,0,17,0,0,1,0,32,16,500,0,0
1470,L,0,8,15,0,0,0,0.0000,0.0000,0.0000,0.0000,0,0,17,0,0,1,0,32,16,500,0,0
1471,L,0,8,15,0,0,0,0.0000,0.0000,0.0000,0.0000,0,0,17,0,0,1,0,32,16,500,0,0
1472,L,0,8,15,0,0,0,0.0000,0.0000,0.0000,0.0000,0,0,17,0,0,1,0,32,16,500,0,0
1473,L,0,8,15,0,0,0,0.0000,0.0000,0.0000,0.0000,0,0,17,0,0,1,0,32,16,500,0,0
1474,L,0,8,15,0,0,0,0.0000,0.0000,0.0000,0.0000,0,0,17,0,0,1,0,32,16,500,0,0
1475,L,0,8,15,0,0,0,0.0000,0.0000,0.0000,0.0000,0,0,17,0,0,1,0,32,16,500,0,0
1476,L,0,8,15,0,0,0,0.0000,0.0000,0.0000,0.0000,0,0,17,0,0,1,0,32,16,500,0,0
1477,L,0,8,15,0,0,0,0.0000,0.0000,0.0000,0.0000,0,0,17,0,0,1,0,32,16,500,0,0
1478,L,0,8,15,0,0,0,0.0000,0.0000,0.0000,0.0000,0,0,17,0,0,1,0,32,16,500,0,0
1479,L,0,8,15,0,0,0,0.0000,0.0000,0.0000,0.0000,0,0,17,0,0,1,0,32,16,500,0,0
1480,L,0,8,15,0,0,0,0.0000,0.0000,0.0000,0.0000,0,0,17,0,0,1,0,32,16,500,0,0
1481,L,0,8,15,0,0,0,0.0000,0.0000,0.0000,0.0000,0,0,17,0,0,1,0,32,16,500,0,0
1482,L,0,8,15,0,0,0,0.0000,0.0000,0.0000,0.0000,0,0,17,0,0,1,0,32,16,500,0,0
1483,L,0,8,15,0,0,0,0.0000,0.0000,0.0000,0.0000,0,0,17,0,0,1,0,32,16,500,0,0
1484,L,0,8,15,0,0,0,0.0000,0.0000,0.0000,0.0000,0,0,17,0,0,1,0,32,16,500,0,0
1485,L,0,8,15,0,0,0,0.0000,0.0000,0.0000,0.0000,0,0,17,0,0,1,0,32,16,500,0,0
1486,L,0,8,15,0,0,0,0.0000,0.0000,0.0000,0.0000,0,0,17,0,0,1,0,32,16,500,0,0
1487,L,0,8,15,0,0,0,0.0000,0.0000,0.0000,0.0000,0,0,17,0,0,1,0,32,16,500,0,0
1488,L,0,8,15,0,0,0,0.0000,0.0000,0.0000,0.0000,0,0,17,0,0,1,0,32,16,500,0,0
1489,L,0,8,15,0,0,0,0.0000,0.0000,0.0000,0.0000,0,0,17,0,0,1,0,32,16,500,0,0
1490,L,0,8,15,0,0,0,0.0000,0.0000,0.0000,0.0000,0,0,17,0,0,1,0,32,16,500,0,0
1491,L,0,8,15,0,0,0,0.0000,0.0000,0.0000,0.0000,0,0,17,0,0,1,0,32,16,500,0,0
1492,L,0,8,15,0,0,0,0.0000,0.0000,0.0000,0.0000,0,0,17,0,0,1,0,32,16,500,0,0
1493,L,0,8,15,0,0,0,0.0000,0.0000,0.0000,0.0000,0,0,17,0,0,1,0,32,16,500,0,0
1494,L,0,8,15,0,0,0,0.0000,0.0000,0.0000,0.0000,0,0,17,0,0,1,0,32,16,500,0,0
1495,L,0,8,15,0,0,0,0.0000,0.0000,0.0000,0.0000,0,0,17,0,0,1,0,32,16,500,0,0
1496,L,0,8,15,0,0,0,0.0000,0.0000,0.0000,0.0000,0,0,17,0,0,1,0,32,16,500,0,0
1497,L,0,8,15,0,0,0,0.0000,0.0000,0.0000,0.0000,0,0,17,0,0,1,0,32,16,500,0,0
1498,L,0,8,15,0,0,0,0.0000,0.0000,0.0000,0.0000,0,0,17,0,0,1,0,32,16,500,0,0
1499,L,0,8,15,0,0,0,0.0000,0.0000,0.0000,0.0000,0,0,17,0,0,1,0,32,16,500,0,0
1500,L,0,8,15,0,0,0,0.0000,0.0000,0.0000,0.0000,0,0,17,0,0,1,0,32,16,500,0,0
