sol,age,pop,births,deaths,pairs,friend_pairs,close_pairs,web,second,lonely,friends_mean,lines,grief,lines_cum,capped_cum,dropped_cum,stale_cum,pending,formed_cum,close_cum,log_size,zero_adults,adults
1,L,7,0,0,21,21,0,1.0000,0.0000,0.0000,6.0000,0,0,0,0,0,0,0,0,0,3,0,7
2,L,7,0,0,21,21,0,1.0000,0.0000,0.0000,6.0000,0,0,0,0,0,0,0,0,0,5,0,7
3,L,7,0,0,21,21,0,1.0000,0.0000,0.0000,6.0000,0,0,0,0,0,0,0,0,0,6,0,7
4,L,7,0,0,21,21,0,1.0000,0.0000,0.0000,6.0000,0,0,0,0,0,0,0,0,0,6,0,7
5,L,7,0,0,21,21,0,1.0000,0.0000,0.0000,6.0000,0,0,0,0,0,0,0,0,0,7,0,7
6,L,7,0,0,21,21,0,1.0000,0.0000,0.0000,6.0000,0,0,0,0,0,0,0,0,0,9,0,7
7,L,7,0,0,21,21,0,1.0000,0.0000,0.0000,6.0000,0,0,0,0,0,0,0,0,0,11,0,7
8,L,7,0,0,21,21,0,1.0000,0.0000,0.0000,6.0000,0,0,0,0,0,0,0,0,0,12,0,7
9,L,7,0,0,21,21,0,1.0000,0.0000,0.0000,6.0000,0,0,0,0,0,0,0,0,0,12,0,7
10,L,7,0,0,21,21,0,1.0000,0.0000,0.0000,6.0000,0,0,0,0,0,0,0,0,0,12,0,7
11,L,7,0,0,21,21,0,1.0000,0.0000,0.0000,6.0000,0,0,0,0,0,0,0,0,0,13,0,7
12,L,7,0,0,21,21,0,1.0000,0.0000,0.0000,6.0000,0,0,0,0,0,0,0,0,0,14,0,7
13,L,7,0,0,21,21,0,1.0000,0.0000,0.0000,6.0000,0,0,0,0,0,0,0,0,0,16,0,7
14,L,7,0,0,21,21,0,1.0000,0.0000,0.0000,6.0000,0,0,0,0,0,0,0,0,0,19,0,7
15,L,7,0,0,21,21,0,1.0000,0.0000,0.0000,6.0000,0,0,0,0,0,0,0,0,0,19,0,7
16,L,7,0,0,21,21,0,1.0000,0.0000,0.0000,6.0000,0,0,0,0,0,0,0,0,0,21,0,7
17,L,7,0,0,21,21,0,1.0000,0.0000,0.0000,6.0000,0,0,0,0,0,0,0,0,0,22,0,7
18,L,7,0,0,21,21,0,1.0000,0.0000,0.0000,6.0000,0,0,0,0,0,0,0,0,0,23,0,7
19,L,7,0,0,21,21,0,1.0000,0.0000,0.0000,6.0000,0,0,0,0,0,0,0,0,0,24,0,7
20,L,7,0,0,21,21,0,1.0000,0.0000,0.0000,6.0000,0,0,0,0,0,0,0,0,0,25,0,7
21,L,7,0,0,21,21,0,1.0000,0.0000,0.0000,6.0000,0,0,0,0,0,0,0,0,0,28,0,7
22,L,7,0,0,21,21,0,1.0000,0.0000,0.0000,6.0000,0,0,0,0,0,0,0,0,0,29,0,7
23,L,7,0,0,21,21,0,1.0000,0.0000,0.0000,6.0000,0,0,0,0,0,0,0,0,0,30,0,7
24,L,7,0,0,21,21,0,1.0000,0.0000,0.0000,6.0000,0,0,0,0,0,0,0,0,0,31,0,7
25,L,7,0,0,21,19,0,1.0000,0.0000,0.0000,5.4286,1,0,1,0,0,0,0,0,0,34,0,7
26,L,7,0,0,21,18,0,1.0000,0.0000,0.0000,5.1429,1,0,2,0,0,0,0,0,0,36,0,7
27,L,7,0,0,21,18,0,1.0000,0.0000,0.0000,5.1429,0,0,2,0,0,0,0,0,0,37,0,7
28,L,7,0,0,21,17,0,1.0000,0.0000,0.0000,4.8571,0,0,2,0,0,0,0,0,0,37,0,7
29,L,7,0,0,21,16,0,1.0000,0.0000,0.0000,4.5714,0,0,2,0,0,0,0,0,0,37,0,7
30,L,7,0,0,21,16,0,1.0000,0.0000,0.0000,4.5714,0,0,2,0,0,0,0,0,0,38,0,7
31,L,7,0,0,21,16,0,1.0000,0.0000,0.0000,4.5714,0,0,2,0,0,0,0,0,0,39,0,7
32,L,7,0,0,21,16,1,1.0000,0.0000,0.0000,4.5714,1,0,3,0,0,0,0,0,1,42,0,7
33,L,7,0,0,21,16,1,1.0000,0.0000,0.0000,4.5714,0,0,3,0,0,0,0,0,1,43,0,7
34,L,7,0,0,21,16,1,1.0000,0.0000,0.0000,4.5714,0,0,3,0,0,0,0,0,1,45,0,7
35,L,7,0,0,21,16,1,1.0000,0.0000,0.0000,4.5714,0,0,3,0,0,0,0,0,1,46,0,7
36,L,7,0,0,21,16,1,1.0000,0.0000,0.0000,4.5714,0,0,3,0,0,0,0,0,1,47,0,7
37,L,7,0,0,21,15,1,1.0000,0.0000,0.0000,4.2857,0,0,3,0,0,0,0,0,1,47,0,7
38,L,7,0,0,21,15,1,1.0000,0.0000,0.0000,4.2857,0,0,3,0,0,0,0,0,1,48,0,7
39,L,7,0,0,20,15,1,1.0000,0.0000,0.0000,4.2857,0,0,3,0,0,0,0,0,1,48,0,7
40,L,7,0,0,20,14,1,1.0000,0.0000,0.0000,4.0000,0,0,3,0,0,0,0,0,1,48,0,7
41,L,7,0,0,19,14,1,1.0000,0.0000,0.0000,4.0000,0,0,3,0,0,0,0,0,1,49,0,7
42,L,7,0,0,19,14,1,1.0000,0.0000,0.0000,4.0000,0,0,3,0,0,0,0,0,1,49,0,7
43,L,7,0,0,20,14,1,1.0000,0.0000,0.0000,4.0000,0,0,3,0,0,0,0,0,1,51,0,7
44,L,7,0,0,20,14,1,1.0000,0.0000,0.0000,4.0000,0,0,3,0,0,0,0,0,1,51,0,7
45,L,7,0,0,20,13,1,1.0000,0.0000,0.0000,3.7143,0,0,3,0,0,0,0,0,1,52,0,7
46,L,7,0,0,20,13,1,1.0000,0.0000,0.0000,3.7143,0,0,3,0,0,0,0,0,1,53,0,7
47,L,7,0,0,21,13,1,1.0000,0.0000,0.0000,3.7143,0,0,3,0,0,0,0,0,1,54,0,7
48,L,7,0,0,21,13,1,1.0000,0.0000,0.0000,3.7143,0,0,3,0,0,0,0,0,1,55,0,7
49,L,7,0,0,21,13,1,1.0000,0.0000,0.0000,3.7143,0,0,3,0,0,0,0,0,1,57,0,7
50,L,7,0,0,21,13,1,1.0000,0.0000,0.0000,3.7143,0,0,3,0,0,0,0,0,1,58,0,7
51,L,7,0,0,20,13,1,1.0000,0.0000,0.0000,3.7143,0,0,3,0,0,0,0,0,1,58,0,7
52,L,7,0,0,20,12,1,1.0000,0.0000,0.0000,3.4286,0,0,3,0,0,0,0,0,1,60,0,7
53,L,7,0,0,20,11,1,0.8571,0.0000,0.1429,3.1429,0,0,3,0,0,0,0,0,1,60,1,7
54,L,7,0,0,20,11,1,0.8571,0.0000,0.1429,3.1429,0,0,3,0,0,0,0,0,1,61,1,7
55,L,7,0,0,19,11,1,0.8571,0.0000,0.1429,3.1429,0,0,3,0,0,0,0,0,1,61,1,7
56,L,7,0,0,18,10,1,0.8571,0.0000,0.1429,2.8571,0,0,3,0,0,0,0,0,1,62,1,7
57,L,7,0,0,18,10,1,0.8571,0.0000,0.1429,2.8571,0,0,3,0,0,0,0,0,1,65,1,7
58,L,7,0,0,18,8,1,0.8571,0.0000,0.1429,2.2857,1,0,4,0,0,0,0,0,1,67,1,7
59,L,7,0,0,19,8,1,0.8571,0.0000,0.1429,2.2857,0,0,4,0,0,0,0,0,1,68,1,7
60,L,7,0,0,19,8,1,0.8571,0.0000,0.1429,2.2857,0,0,4,0,0,0,0,0,1,69,1,7
61,L,7,0,0,18,8,1,0.8571,0.0000,0.1429,2.2857,0,0,4,0,0,0,0,0,1,69,1,7
62,L,7,0,0,19,8,1,0.8571,0.0000,0.1429,2.2857,0,0,4,0,0,0,0,0,1,70,1,7
63,L,7,0,0,20,8,1,0.8571,0.0000,0.1429,2.2857,0,0,4,0,0,0,0,0,1,70,1,7
64,L,7,0,0,19,8,1,0.8571,0.0000,0.1429,2.2857,0,0,4,0,0,0,0,0,1,71,1,7
65,L,7,0,0,19,8,1,0.8571,0.0000,0.1429,2.2857,0,0,4,0,0,0,0,0,1,72,1,7
66,L,7,0,0,18,8,1,0.8571,0.0000,0.1429,2.2857,0,0,4,0,0,0,0,0,1,72,1,7
67,L,7,0,0,19,8,1,0.8571,0.0000,0.1429,2.2857,0,0,4,0,0,0,0,0,1,73,1,7
68,L,7,0,0,18,8,1,0.8571,0.0000,0.1429,2.2857,0,0,4,0,0,0,0,0,1,73,1,7
69,L,7,0,0,17,8,1,0.8571,0.0000,0.1429,2.2857,0,0,4,0,0,0,0,0,1,73,1,7
70,L,7,0,0,16,8,1,0.8571,0.0000,0.1429,2.2857,0,0,4,0,0,0,0,0,1,73,1,7
71,L,7,0,0,16,8,1,0.8571,0.0000,0.1429,2.2857,0,0,4,0,0,0,0,0,1,74,1,7
72,L,7,0,0,15,8,1,0.8571,0.0000,0.1429,2.2857,0,0,4,0,0,0,0,0,1,76,1,7
73,L,7,0,0,14,7,1,0.8571,0.0000,0.1429,2.0000,0,0,4,0,0,0,0,0,1,77,1,7
74,L,7,0,0,16,7,1,0.8571,0.0000,0.1429,2.0000,0,0,4,0,0,0,0,0,1,77,1,7
75,L,7,0,0,16,7,1,0.8571,0.0000,0.1429,2.0000,0,0,4,0,0,0,0,0,1,78,1,7
76,L,7,0,0,16,7,1,0.8571,0.0000,0.1429,2.0000,0,0,4,0,0,0,0,0,1,79,1,7
77,L,7,0,0,17,8,1,0.8571,0.0000,0.1429,2.2857,0,0,4,0,0,0,0,0,1,79,1,7
78,L,7,0,0,17,9,1,0.8571,0.0000,0.1429,2.5714,0,0,4,0,0,0,0,0,1,81,1,7
79,L,7,0,0,16,9,1,0.8571,0.0000,0.1429,2.5714,0,0,4,0,0,0,0,0,1,82,1,7
80,L,7,0,0,16,9,1,0.8571,0.0000,0.1429,2.5714,0,0,4,0,0,0,0,0,1,82,1,7
81,L,7,0,0,15,9,1,0.8571,0.0000,0.1429,2.5714,0,0,4,0,0,0,0,0,1,83,1,7
82,L,7,0,0,15,9,1,0.8571,0.0000,0.1429,2.5714,0,0,4,0,0,0,0,0,1,83,1,7
83,L,7,0,0,14,9,1,0.8571,0.0000,0.1429,2.5714,0,0,4,0,0,0,0,0,1,84,1,7
84,L,7,0,0,15,10,1,0.8571,0.0000,0.1429,2.8571,1,0,5,0,0,0,0,1,1,85,1,7
85,L,7,0,0,14,9,1,0.8571,0.0000,0.1429,2.5714,0,0,5,0,0,0,0,1,1,85,1,7
86,L,7,0,0,15,9,1,0.8571,0.0000,0.1429,2.5714,0,0,5,0,0,0,0,1,1,86,1,7
87,L,7,0,0,15,9,1,0.8571,0.0000,0.1429,2.5714,0,0,5,0,0,0,0,1,1,87,1,7
88,L,7,0,0,16,9,1,0.8571,0.0000,0.1429,2.5714,0,0,5,0,0,0,0,1,1,88,1,7
89,L,7,0,0,19,9,1,0.8571,0.0000,0.1429,2.5714,0,0,5,0,0,0,0,1,1,89,1,7
90,L,7,0,0,18,9,1,0.8571,0.0000,0.1429,2.5714,0,0,5,0,0,0,0,1,1,90,1,7
91,L,7,0,0,18,9,1,0.8571,0.0000,0.1429,2.5714,0,0,5,0,0,0,0,1,1,91,1,7
92,L,7,0,0,17,9,1,0.8571,0.0000,0.1429,2.5714,0,0,5,0,0,0,0,1,1,92,1,7
93,L,7,0,0,15,9,1,0.8571,0.0000,0.1429,2.5714,0,0,5,0,0,0,0,1,1,93,1,7
94,L,7,0,0,16,9,1,0.8571,0.0000,0.1429,2.5714,0,0,5,0,0,0,0,1,1,95,1,7
95,L,7,0,0,15,9,1,0.8571,0.0000,0.1429,2.5714,0,0,5,0,0,0,0,1,1,96,1,7
96,L,7,0,0,17,9,1,0.8571,0.0000,0.1429,2.5714,0,0,5,0,0,0,0,1,1,97,1,7
97,L,7,0,0,17,9,1,0.8571,0.0000,0.1429,2.5714,0,0,5,0,0,0,0,1,1,98,1,7
98,L,7,0,0,18,9,1,0.8571,0.0000,0.1429,2.5714,0,0,5,0,0,0,0,1,1,99,1,7
99,L,7,0,0,17,9,1,0.8571,0.0000,0.1429,2.5714,0,0,5,0,0,0,0,1,1,100,1,7
100,L,7,0,0,18,9,1,0.8571,0.0000,0.1429,2.5714,0,0,5,0,0,0,0,1,1,102,1,7
101,L,7,0,0,16,9,1,0.8571,0.0000,0.1429,2.5714,0,0,5,0,0,0,0,1,1,103,1,7
102,L,7,0,0,13,9,1,0.8571,0.0000,0.1429,2.5714,0,0,5,0,0,0,0,1,1,104,1,7
103,L,7,0,0,14,9,1,0.8571,0.0000,0.1429,2.5714,0,0,5,0,0,0,0,1,1,105,1,7
104,L,7,0,0,13,7,1,0.7143,0.0000,0.2857,2.0000,0,0,5,0,0,0,0,1,1,106,2,7
105,L,7,0,0,16,7,1,0.7143,0.0000,0.2857,2.0000,0,0,5,0,0,0,0,1,1,106,2,7
106,L,7,0,0,17,7,1,0.7143,0.0000,0.2857,2.0000,0,0,5,0,0,0,0,1,1,107,2,7
107,L,7,0,0,17,6,2,0.7143,0.0000,0.2857,1.7143,1,0,6,0,0,0,0,1,2,109,2,7
108,L,7,0,0,16,6,2,0.7143,0.0000,0.2857,1.7143,0,0,6,0,0,0,0,1,2,110,2,7
109,L,7,0,0,18,6,2,0.7143,0.0000,0.2857,1.7143,0,0,6,0,0,0,0,1,2,112,2,7
110,L,7,0,0,16,6,2,0.7143,0.0000,0.2857,1.7143,0,0,6,0,0,0,0,1,2,113,2,7
111,L,7,0,0,15,6,2,0.7143,0.0000,0.2857,1.7143,0,0,6,0,0,0,0,1,2,113,2,7
112,L,7,0,0,16,6,2,0.7143,0.0000,0.2857,1.7143,0,0,6,0,0,0,0,1,2,113,2,7
113,L,7,0,0,17,6,2,0.7143,0.0000,0.2857,1.7143,0,0,6,0,0,0,0,1,2,113,2,7
114,L,7,0,0,18,6,2,0.7143,0.0000,0.2857,1.7143,0,0,6,0,0,0,0,1,2,113,2,7
115,L,7,0,0,17,6,2,0.7143,0.0000,0.2857,1.7143,0,0,6,0,0,0,0,1,2,115,2,7
116,L,7,0,0,17,6,2,0.7143,0.0000,0.2857,1.7143,0,0,6,0,0,0,0,1,2,116,2,7
117,L,7,0,0,15,5,2,0.5714,0.0000,0.4286,1.4286,0,0,6,0,0,0,0,1,2,118,3,7
118,L,7,0,0,15,5,2,0.5714,0.0000,0.4286,1.4286,0,0,6,0,0,0,0,1,2,119,3,7
119,L,7,0,0,15,5,2,0.5714,0.0000,0.4286,1.4286,0,0,6,0,0,0,0,1,2,120,3,7
120,L,7,0,0,14,5,2,0.5714,0.0000,0.4286,1.4286,0,0,6,0,0,0,0,1,2,122,3,7
121,L,7,0,0,14,5,2,0.5714,0.0000,0.4286,1.4286,0,0,6,0,0,0,0,1,2,123,3,7
122,L,7,0,0,16,5,2,0.5714,0.0000,0.4286,1.4286,0,0,6,0,0,0,0,1,2,124,3,7
123,L,7,0,0,16,5,2,0.5714,0.0000,0.4286,1.4286,0,0,6,0,0,0,0,1,2,125,3,7
124,L,7,0,0,15,5,2,0.5714,0.0000,0.4286,1.4286,0,0,6,0,0,0,0,1,2,126,3,7
125,L,7,0,0,15,5,2,0.5714,0.0000,0.4286,1.4286,0,0,6,0,0,0,0,1,2,129,3,7
126,L,7,0,0,14,5,2,0.5714,0.0000,0.4286,1.4286,0,0,6,0,0,0,0,1,2,129,3,7
127,L,7,0,0,14,4,2,0.5714,0.0000,0.4286,1.1429,0,0,6,0,0,0,0,1,2,130,3,7
128,L,7,0,0,13,4,2,0.5714,0.0000,0.4286,1.1429,0,0,6,0,0,0,0,1,2,131,3,7
129,L,7,0,0,14,4,2,0.5714,0.0000,0.4286,1.1429,0,0,6,0,0,0,0,1,2,132,3,7
130,L,7,0,0,14,4,2,0.5714,0.0000,0.4286,1.1429,0,0,6,0,0,0,0,1,2,132,3,7
131,L,7,0,0,16,4,2,0.5714,0.0000,0.4286,1.1429,0,0,6,0,0,0,0,1,2,132,3,7
132,L,7,0,0,17,4,2,0.5714,0.0000,0.4286,1.1429,0,0,6,0,0,0,0,1,2,133,3,7
133,L,7,0,0,16,4,2,0.5714,0.0000,0.4286,1.1429,0,0,6,0,0,0,0,1,2,133,3,7
134,L,7,0,0,15,4,2,0.5714,0.0000,0.4286,1.1429,0,0,6,0,0,0,0,1,2,133,3,7
135,L,7,0,0,13,4,2,0.5714,0.0000,0.4286,1.1429,0,0,6,0,0,0,0,1,2,136,3,7
136,L,7,0,0,15,4,2,0.5714,0.0000,0.4286,1.1429,0,0,6,0,0,0,0,1,2,136,3,7
137,L,7,0,0,17,4,2,0.5714,0.0000,0.4286,1.1429,0,0,6,0,0,0,0,1,2,137,3,7
138,L,7,0,0,16,4,2,0.5714,0.0000,0.4286,1.1429,0,0,6,0,0,0,0,1,2,137,3,7
139,L,7,0,0,16,5,2,0.7143,0.0000,0.2857,1.4286,0,0,6,0,0,0,0,1,2,137,2,7
140,L,7,0,0,15,5,2,0.7143,0.0000,0.2857,1.4286,0,0,6,0,0,0,0,1,2,137,2,7
141,L,7,0,0,15,5,2,0.7143,0.0000,0.2857,1.4286,0,0,6,0,0,0,0,1,2,138,2,7
142,L,7,0,0,15,5,2,0.7143,0.0000,0.2857,1.4286,0,0,6,0,0,0,0,1,2,138,2,7
143,L,7,0,0,14,5,2,0.7143,0.0000,0.2857,1.4286,0,0,6,0,0,0,0,1,2,138,2,7
144,L,7,0,0,13,5,2,0.7143,0.0000,0.2857,1.4286,0,0,6,0,0,0,0,1,2,139,2,7
145,L,7,0,0,15,5,2,0.7143,0.0000,0.2857,1.4286,0,0,6,0,0,0,0,1,2,139,2,7
146,L,7,0,0,15,6,2,0.8571,0.0000,0.1429,1.7143,1,0,7,0,0,0,0,2,2,140,1,7
147,L,7,0,0,14,6,2,0.8571,0.0000,0.1429,1.7143,0,0,7,0,0,0,0,2,2,140,1,7
148,L,7,0,0,17,6,2,0.8571,0.0000,0.1429,1.7143,0,0,7,0,0,0,0,2,2,141,1,7
149,L,7,0,0,19,6,2,0.8571,0.0000,0.1429,1.7143,0,0,7,0,0,0,0,2,2,142,1,7
150,L,7,0,0,18,6,2,0.8571,0.0000,0.1429,1.7143,0,0,7,0,0,0,0,2,2,145,1,7
151,L,7,0,0,17,6,2,0.8571,0.0000,0.1429,1.7143,0,0,7,0,0,0,0,2,2,146,1,7
152,L,7,0,0,16,6,2,0.8571,0.0000,0.1429,1.7143,0,0,7,0,0,0,0,2,2,147,1,7
153,L,7,0,0,17,6,2,0.8571,0.0000,0.1429,1.7143,0,0,7,0,0,0,0,2,2,147,1,7
154,L,7,0,0,17,6,2,0.8571,0.0000,0.1429,1.7143,0,0,7,0,0,0,0,2,2,149,1,7
155,L,7,0,0,17,6,2,0.8571,0.0000,0.1429,1.7143,0,0,7,0,0,0,0,2,2,150,1,7
156,L,7,0,0,15,6,2,0.8571,0.0000,0.1429,1.7143,0,0,7,0,0,0,0,2,2,151,1,7
157,L,7,0,0,14,6,2,0.8571,0.0000,0.1429,1.7143,0,0,7,0,0,0,0,2,2,151,1,7
158,L,7,0,0,12,6,2,0.8571,0.0000,0.1429,1.7143,0,0,7,0,0,0,0,2,2,153,1,7
159,L,7,0,0,13,6,2,0.8571,0.0000,0.1429,1.7143,0,0,7,0,0,0,0,2,2,154,1,7
160,L,7,0,0,11,6,2,0.8571,0.0000,0.1429,1.7143,0,0,7,0,0,0,0,2,2,154,1,7
161,L,7,0,0,15,6,2,0.8571,0.0000,0.1429,1.7143,0,0,7,0,0,0,0,2,2,154,1,7
162,L,7,0,0,15,6,2,0.8571,0.0000,0.1429,1.7143,0,0,7,0,0,0,0,2,2,156,1,7
163,L,7,0,0,15,6,2,0.8571,0.0000,0.1429,1.7143,0,0,7,0,0,0,0,2,2,156,1,7
164,L,7,0,0,15,6,2,0.8571,0.0000,0.1429,1.7143,0,0,7,0,0,0,0,2,2,157,1,7
165,L,7,0,0,14,6,2,0.8571,0.0000,0.1429,1.7143,0,0,7,0,0,0,0,2,2,157,1,7
166,L,7,0,0,13,6,2,0.8571,0.0000,0.1429,1.7143,0,0,7,0,0,0,0,2,2,158,1,7
167,L,7,0,0,13,6,2,0.8571,0.0000,0.1429,1.7143,0,0,7,0,0,0,0,2,2,160,1,7
168,L,7,0,0,13,6,2,0.8571,0.0000,0.1429,1.7143,0,0,7,0,0,0,0,2,2,161,1,7
169,L,7,0,0,15,5,2,0.7143,0.0000,0.2857,1.4286,0,0,7,0,0,0,0,2,2,162,2,7
170,L,7,0,0,14,5,2,0.7143,0.0000,0.2857,1.4286,0,0,7,0,0,0,0,2,2,163,2,7
171,L,7,0,0,14,5,2,0.7143,0.0000,0.2857,1.4286,0,0,7,0,0,0,0,2,2,165,2,7
172,L,7,0,0,13,5,2,0.7143,0.0000,0.2857,1.4286,0,0,7,0,0,0,0,2,2,166,2,7
173,L,7,0,0,13,5,2,0.7143,0.0000,0.2857,1.4286,0,0,7,0,0,0,0,2,2,167,2,7
174,L,7,0,0,13,5,2,0.7143,0.0000,0.2857,1.4286,0,0,7,0,0,0,0,2,2,168,2,7
175,L,7,0,0,13,5,2,0.7143,0.0000,0.2857,1.4286,0,0,7,0,0,0,0,2,2,169,2,7
176,L,7,0,0,14,5,2,0.7143,0.0000,0.2857,1.4286,0,0,7,0,0,0,0,2,2,170,2,7
177,L,7,0,0,16,4,2,0.7143,0.0000,0.2857,1.1429,0,0,7,0,0,0,0,2,2,172,2,7
178,L,7,0,0,15,4,2,0.7143,0.0000,0.2857,1.1429,0,0,7,0,0,0,0,2,2,173,2,7
179,L,7,0,0,15,4,2,0.7143,0.0000,0.2857,1.1429,0,0,7,0,0,0,0,2,2,174,2,7
180,L,7,0,0,16,4,2,0.7143,0.0000,0.2857,1.1429,0,0,7,0,0,0,0,2,2,176,2,7
181,L,7,0,0,15,4,2,0.7143,0.0000,0.2857,1.1429,0,0,7,0,0,0,0,2,2,177,2,7
182,L,7,0,0,12,4,2,0.7143,0.0000,0.2857,1.1429,0,0,7,0,0,0,0,2,2,178,2,7
183,L,7,0,0,13,4,2,0.7143,0.0000,0.2857,1.1429,0,0,7,0,0,0,0,2,2,180,2,7
184,L,7,0,0,14,4,2,0.7143,0.0000,0.2857,1.1429,0,0,7,0,0,0,0,2,2,181,2,7
185,L,7,0,0,15,3,2,0.4286,0.2857,0.2857,0.8571,0,0,7,0,0,0,0,2,2,182,2,7
186,L,7,0,0,16,3,2,0.4286,0.2857,0.2857,0.8571,0,0,7,0,0,0,0,2,2,183,2,7
187,L,7,0,0,15,3,2,0.4286,0.2857,0.2857,0.8571,0,0,7,0,0,0,0,2,2,184,2,7
188,L,7,0,0,13,3,2,0.4286,0.2857,0.2857,0.8571,0,0,7,0,0,0,0,2,2,185,2,7
189,L,7,0,0,13,3,2,0.4286,0.2857,0.2857,0.8571,0,0,7,0,0,0,0,2,2,186,2,7
190,L,7,0,0,12,3,2,0.4286,0.2857,0.2857,0.8571,0,0,7,0,0,0,0,2,2,187,2,7
191,L,7,0,0,12,3,2,0.4286,0.2857,0.2857,0.8571,0,0,7,0,0,0,0,2,2,187,2,7
192,L,7,0,0,11,3,2,0.4286,0.2857,0.2857,0.8571,0,0,7,0,0,0,0,2,2,187,2,7
193,L,7,0,0,10,2,2,0.2857,0.2857,0.4286,0.5714,0,0,7,0,0,0,0,2,2,188,3,7
194,L,7,0,0,11,2,2,0.2857,0.2857,0.4286,0.5714,0,0,7,0,0,0,0,2,2,188,3,7
195,L,7,0,0,12,3,2,0.5714,0.0000,0.4286,0.8571,0,0,7,0,0,0,0,2,2,189,3,7
196,L,7,0,0,11,3,2,0.5714,0.0000,0.4286,0.8571,0,0,7,0,0,0,0,2,2,189,3,7
197,L,7,0,0,13,3,2,0.5714,0.0000,0.4286,0.8571,0,0,7,0,0,0,0,2,2,191,3,7
198,L,7,0,0,14,3,2,0.5714,0.0000,0.4286,0.8571,0,0,7,0,0,0,0,2,2,192,3,7
199,L,7,0,0,12,3,2,0.5714,0.0000,0.4286,0.8571,0,0,7,0,0,0,0,2,2,193,3,7
200,L,7,0,0,13,3,2,0.5714,0.0000,0.4286,0.8571,0,0,7,0,0,0,0,2,2,194,3,7
201,L,7,0,0,15,3,2,0.5714,0.0000,0.4286,0.8571,0,0,7,0,0,0,0,2,2,195,3,7
202,L,7,0,0,14,3,2,0.5714,0.0000,0.4286,0.8571,0,0,7,0,0,0,0,2,2,197,3,7
203,L,7,0,0,12,3,2,0.5714,0.0000,0.4286,0.8571,0,0,7,0,0,0,0,2,2,198,3,7
204,L,7,0,0,12,3,2,0.5714,0.0000,0.4286,0.8571,0,0,7,0,0,0,0,2,2,199,3,7
205,L,7,0,0,13,3,2,0.5714,0.0000,0.4286,0.8571,0,0,7,0,0,0,0,2,2,200,3,7
206,L,7,0,0,13,3,2,0.5714,0.0000,0.4286,0.8571,0,0,7,0,0,0,0,2,2,201,3,7
207,L,7,0,0,11,3,2,0.5714,0.0000,0.4286,0.8571,0,0,7,0,0,0,0,2,2,203,3,7
208,L,7,0,0,10,3,2,0.5714,0.0000,0.4286,0.8571,0,0,7,0,0,0,0,2,2,204,3,7
209,L,7,0,0,11,3,2,0.5714,0.0000,0.4286,0.8571,0,0,7,0,0,0,0,2,2,205,3,7
210,L,7,0,0,14,3,2,0.5714,0.0000,0.4286,0.8571,0,0,7,0,0,0,0,2,2,206,3,7
211,L,7,0,0,13,3,2,0.5714,0.0000,0.4286,0.8571,0,0,7,0,0,0,0,2,2,207,3,7
212,L,7,0,0,17,3,2,0.5714,0.0000,0.4286,0.8571,0,0,7,0,0,0,0,2,2,208,3,7
213,L,7,0,0,14,3,2,0.5714,0.0000,0.4286,0.8571,0,0,7,0,0,0,0,2,2,209,3,7
214,L,7,0,0,12,3,2,0.5714,0.0000,0.4286,0.8571,0,0,7,0,0,0,0,2,2,211,3,7
215,L,7,0,0,12,3,2,0.5714,0.0000,0.4286,0.8571,0,0,7,0,0,0,0,2,2,212,3,7
216,L,7,0,0,12,3,2,0.5714,0.0000,0.4286,0.8571,0,0,7,0,0,0,0,2,2,213,3,7
217,L,7,0,0,12,3,2,0.5714,0.0000,0.4286,0.8571,0,0,7,0,0,0,0,2,2,214,3,7
218,L,7,0,0,13,3,2,0.5714,0.0000,0.4286,0.8571,0,0,7,0,0,0,0,2,2,215,3,7
219,L,7,0,0,12,3,2,0.5714,0.0000,0.4286,0.8571,0,0,7,0,0,0,0,2,2,216,3,7
220,L,7,0,0,14,3,2,0.5714,0.0000,0.4286,0.8571,0,0,7,0,0,0,0,2,2,218,3,7
221,L,7,0,0,14,3,2,0.5714,0.0000,0.4286,0.8571,0,0,7,0,0,0,0,2,2,219,3,7
222,L,7,0,0,11,3,2,0.5714,0.0000,0.4286,0.8571,0,0,7,0,0,0,0,2,2,220,3,7
223,L,7,0,0,12,3,2,0.5714,0.0000,0.4286,0.8571,0,0,7,0,0,0,0,2,2,221,3,7
224,L,7,0,0,10,2,2,0.2857,0.2857,0.4286,0.5714,0,0,7,0,0,0,0,2,2,222,3,7
225,L,7,0,0,12,2,2,0.2857,0.2857,0.4286,0.5714,0,0,7,0,0,0,0,2,2,223,3,7
226,L,7,0,0,12,2,2,0.2857,0.2857,0.4286,0.5714,0,0,7,0,0,0,0,2,2,224,3,7
227,L,7,0,0,13,2,2,0.2857,0.2857,0.4286,0.5714,0,0,7,0,0,0,0,2,2,225,3,7
228,L,7,0,0,15,2,2,0.2857,0.2857,0.4286,0.5714,0,0,7,0,0,0,0,2,2,226,3,7
229,L,7,0,0,15,2,2,0.2857,0.2857,0.4286,0.5714,0,0,7,0,0,0,0,2,2,227,3,7
230,L,7,0,0,16,2,2,0.2857,0.2857,0.4286,0.5714,0,0,7,0,0,0,0,2,2,228,3,7
231,L,7,0,0,16,2,2,0.2857,0.2857,0.4286,0.5714,0,0,7,0,0,0,0,2,2,230,3,7
232,L,7,0,0,16,2,2,0.2857,0.2857,0.4286,0.5714,0,0,7,0,0,0,0,2,2,231,3,7
233,L,7,0,0,14,2,2,0.2857,0.2857,0.4286,0.5714,0,0,7,0,0,0,0,2,2,232,3,7
234,L,7,0,0,15,2,2,0.2857,0.2857,0.4286,0.5714,0,0,7,0,0,0,0,2,2,233,3,7
235,L,7,0,0,15,2,2,0.2857,0.2857,0.4286,0.5714,0,0,7,0,0,0,0,2,2,234,3,7
236,L,7,0,0,13,2,2,0.2857,0.2857,0.4286,0.5714,0,0,7,0,0,0,0,2,2,235,3,7
237,L,7,0,0,13,2,2,0.2857,0.2857,0.4286,0.5714,0,0,7,0,0,0,0,2,2,236,3,7
238,L,7,0,0,13,2,2,0.2857,0.2857,0.4286,0.5714,0,0,7,0,0,0,0,2,2,237,3,7
239,L,7,0,0,13,2,2,0.2857,0.2857,0.4286,0.5714,0,0,7,0,0,0,0,2,2,238,3,7
240,L,7,0,0,16,2,2,0.2857,0.2857,0.4286,0.5714,0,0,7,0,0,0,0,2,2,239,3,7
241,L,7,0,0,16,2,2,0.2857,0.2857,0.4286,0.5714,0,0,7,0,0,0,0,2,2,240,3,7
242,L,7,0,0,14,2,2,0.2857,0.2857,0.4286,0.5714,0,0,7,0,0,0,0,2,2,242,3,7
243,L,7,0,0,14,2,2,0.2857,0.2857,0.4286,0.5714,0,0,7,0,0,0,0,2,2,243,3,7
244,L,7,0,0,11,2,2,0.2857,0.2857,0.4286,0.5714,0,0,7,0,0,0,0,2,2,244,3,7
245,L,7,0,0,11,2,2,0.2857,0.2857,0.4286,0.5714,0,0,7,0,0,0,0,2,2,245,3,7
246,L,7,0,0,13,2,2,0.2857,0.2857,0.4286,0.5714,0,0,7,0,0,0,0,2,2,246,3,7
247,L,7,0,0,13,2,2,0.2857,0.2857,0.4286,0.5714,0,0,7,0,0,0,0,2,2,247,3,7
248,L,7,0,0,10,2,2,0.2857,0.2857,0.4286,0.5714,0,0,7,0,0,0,0,2,2,248,3,7
249,L,7,0,0,8,2,2,0.2857,0.2857,0.4286,0.5714,0,0,7,0,0,0,0,2,2,249,3,7
250,L,7,0,0,10,2,2,0.2857,0.2857,0.4286,0.5714,0,0,7,0,0,0,0,2,2,250,3,7
251,L,7,0,0,11,2,2,0.2857,0.2857,0.4286,0.5714,0,0,7,0,0,0,0,2,2,251,3,7
252,L,7,0,0,11,2,2,0.2857,0.2857,0.4286,0.5714,0,0,7,0,0,0,0,2,2,252,3,7
253,L,7,0,0,10,2,2,0.2857,0.2857,0.4286,0.5714,0,0,7,0,0,0,0,2,2,253,3,7
254,L,7,0,0,12,2,2,0.2857,0.2857,0.4286,0.5714,0,0,7,0,0,0,0,2,2,254,3,7
255,L,7,0,0,13,2,2,0.2857,0.2857,0.4286,0.5714,0,0,7,0,0,0,0,2,2,255,3,7
256,L,7,0,0,12,2,2,0.2857,0.2857,0.4286,0.5714,0,0,7,0,0,0,0,2,2,256,3,7
257,L,7,0,0,10,2,2,0.2857,0.2857,0.4286,0.5714,0,0,7,0,0,0,0,2,2,257,3,7
258,L,7,0,0,12,2,2,0.2857,0.2857,0.4286,0.5714,0,0,7,0,0,0,0,2,2,258,3,7
259,L,7,0,0,12,2,2,0.2857,0.2857,0.4286,0.5714,0,0,7,0,0,0,0,2,2,259,3,7
260,L,7,0,0,11,2,2,0.2857,0.2857,0.4286,0.5714,0,0,7,0,0,0,0,2,2,260,3,7
261,L,7,0,0,12,2,2,0.2857,0.2857,0.4286,0.5714,0,0,7,0,0,0,0,2,2,261,3,7
262,L,7,0,0,9,2,2,0.2857,0.2857,0.4286,0.5714,0,0,7,0,0,0,0,2,2,262,3,7
263,L,7,0,0,10,2,2,0.2857,0.2857,0.4286,0.5714,0,0,7,0,0,0,0,2,2,264,3,7
264,L,7,0,0,10,2,2,0.2857,0.2857,0.4286,0.5714,0,0,7,0,0,0,0,2,2,265,3,7
265,L,7,0,0,10,2,2,0.2857,0.2857,0.4286,0.5714,0,0,7,0,0,0,0,2,2,266,3,7
266,L,7,0,0,11,2,2,0.2857,0.2857,0.4286,0.5714,0,0,7,0,0,0,0,2,2,268,3,7
267,L,7,0,0,12,2,2,0.2857,0.2857,0.4286,0.5714,0,0,7,0,0,0,0,2,2,270,3,7
268,L,7,0,0,9,2,2,0.2857,0.2857,0.4286,0.5714,0,0,7,0,0,0,0,2,2,272,3,7
269,L,7,0,0,12,2,2,0.2857,0.2857,0.4286,0.5714,0,0,7,0,0,0,0,2,2,273,3,7
270,L,7,0,0,12,2,2,0.2857,0.2857,0.4286,0.5714,0,0,7,0,0,0,0,2,2,274,3,7
271,L,7,0,0,13,2,2,0.2857,0.2857,0.4286,0.5714,0,0,7,0,0,0,0,2,2,275,3,7
272,L,7,0,0,11,2,2,0.2857,0.2857,0.4286,0.5714,0,0,7,0,0,0,0,2,2,276,3,7
273,L,7,0,0,12,2,2,0.2857,0.2857,0.4286,0.5714,0,0,7,0,0,0,0,2,2,277,3,7
274,L,7,0,0,11,2,2,0.2857,0.2857,0.4286,0.5714,0,0,7,0,0,0,0,2,2,278,3,7
275,L,7,0,0,11,2,2,0.2857,0.2857,0.4286,0.5714,0,0,7,0,0,0,0,2,2,279,3,7
276,L,7,0,0,11,2,2,0.2857,0.2857,0.4286,0.5714,0,0,7,0,0,0,0,2,2,280,3,7
277,L,7,0,0,14,2,2,0.2857,0.2857,0.4286,0.5714,0,0,7,0,0,0,0,2,2,282,3,7
278,L,7,0,0,13,2,2,0.2857,0.2857,0.4286,0.5714,0,0,7,0,0,0,0,2,2,283,3,7
279,L,7,0,0,14,2,2,0.2857,0.2857,0.4286,0.5714,0,0,7,0,0,0,0,2,2,284,3,7
280,L,7,0,0,15,2,2,0.2857,0.2857,0.4286,0.5714,0,0,7,0,0,0,0,2,2,284,3,7
281,L,8,1,0,15,3,2,0.3750,0.2500,0.3750,0.7500,0,0,7,0,0,0,0,2,2,286,3,7
282,L,8,1,0,15,3,2,0.3750,0.2500,0.3750,0.7500,0,0,7,0,0,0,0,2,2,287,3,7
283,L,8,1,0,15,3,2,0.3750,0.2500,0.3750,0.7500,0,0,7,0,0,0,0,2,2,289,3,7
284,L,9,2,0,17,4,2,0.4444,0.2222,0.3333,0.8889,0,0,7,0,0,0,0,2,2,291,3,7
285,L,9,2,0,17,4,2,0.4444,0.2222,0.3333,0.8889,0,0,7,0,0,0,0,2,2,292,3,7
286,L,9,2,0,18,4,2,0.4444,0.2222,0.3333,0.8889,0,0,7,0,0,0,0,2,2,293,3,7
287,L,10,3,0,20,5,2,0.4000,0.2000,0.2000,1.0000,0,0,7,0,0,0,0,2,2,296,2,7
288,L,11,4,0,25,6,2,0.3636,0.1818,0.0909,1.0909,0,0,7,0,0,0,0,2,2,300,1,7
289,L,11,4,0,27,6,2,0.3636,0.1818,0.0909,1.0909,0,0,7,0,0,0,0,2,2,301,1,7
290,S,12,5,0,31,7,2,0.3333,0.2500,0.0833,1.1667,0,0,7,0,0,0,0,2,2,304,1,7
291,S,12,5,0,43,8,2,0.5000,0.2500,0.0833,1.3333,1,0,8,0,0,0,0,3,2,305,1,7
292,S,12,5,0,45,8,2,0.5000,0.2500,0.0833,1.3333,0,0,8,0,0,0,0,3,2,306,1,7
293,S,12,5,0,47,11,2,0.9167,0.0000,0.0833,1.8333,2,0,10,0,0,0,0,6,2,308,1,7
294,S,12,5,0,46,11,2,0.9167,0.0000,0.0833,1.8333,0,0,10,0,0,0,0,6,2,308,1,7
295,S,12,5,0,43,11,2,0.9167,0.0000,0.0833,1.8333,0,0,10,0,0,0,0,6,2,308,1,7
296,S,12,5,0,44,12,2,0.9167,0.0000,0.0833,2.0000,1,0,11,0,0,0,0,7,2,309,1,7
297,S,12,5,0,45,12,3,0.9167,0.0000,0.0833,2.0000,1,0,12,0,0,0,0,7,3,311,1,7
298,S,12,5,0,41,12,4,0.9167,0.0000,0.0833,2.0000,0,0,12,0,0,0,0,7,4,312,1,7
299,S,12,5,0,40,12,4,0.9167,0.0000,0.0833,2.0000,0,0,12,0,0,0,0,7,4,312,1,7
300,S,12,5,0,39,12,5,0.9167,0.0000,0.0833,2.0000,0,0,12,0,0,0,0,7,5,313,1,7
301,S,12,5,0,38,12,6,0.9167,0.0000,0.0833,2.0000,1,0,13,0,0,0,0,7,6,315,1,7
302,S,12,5,0,41,12,6,0.9167,0.0000,0.0833,2.0000,0,0,13,0,0,0,0,7,6,315,1,7
303,S,12,5,0,41,12,6,0.9167,0.0000,0.0833,2.0000,0,0,13,0,0,0,0,7,6,316,1,7
304,S,12,5,0,38,12,6,0.9167,0.0000,0.0833,2.0000,0,0,13,0,0,0,0,7,6,316,1,7
305,S,12,5,0,44,12,6,0.9167,0.0000,0.0833,2.0000,0,0,13,0,0,0,0,7,6,317,1,7
306,S,12,5,0,45,12,6,0.9167,0.0000,0.0833,2.0000,0,0,13,0,0,0,0,7,6,318,1,7
307,S,12,5,0,48,12,6,0.9167,0.0000,0.0833,2.0000,0,0,13,0,0,0,0,7,6,319,1,7
308,S,12,5,0,49,12,6,0.9167,0.0000,0.0833,2.0000,0,0,13,0,0,0,0,7,6,320,1,7
309,S,12,5,0,47,12,6,0.9167,0.0000,0.0833,2.0000,0,0,13,0,0,0,0,7,6,321,1,7
310,S,12,5,0,45,11,6,0.9167,0.0000,0.0833,1.8333,0,0,13,0,0,0,0,7,6,322,1,7
311,S,12,5,0,42,11,6,0.9167,0.0000,0.0833,1.8333,0,0,13,0,0,0,0,7,6,323,1,7
312,S,13,6,0,46,13,6,0.9231,0.0000,0.0769,2.0000,1,0,14,0,0,0,0,8,6,326,1,7
313,S,13,6,0,48,13,6,0.9231,0.0000,0.0769,2.0000,0,0,14,0,0,0,0,8,6,327,1,7
314,S,13,6,0,48,12,6,0.9231,0.0000,0.0769,1.8462,0,0,14,0,0,0,0,8,6,330,1,7
315,S,13,6,0,50,14,6,0.9231,0.0000,0.0769,2.1538,0,0,14,0,0,0,0,10,6,331,1,7
316,S,13,6,0,50,16,6,0.9231,0.0000,0.0769,2.4615,1,0,15,0,0,1,0,12,6,333,1,7
317,S,13,6,0,46,17,6,0.9231,0.0000,0.0769,2.6154,0,0,15,0,0,1,0,13,6,334,1,7
318,S,13,6,0,45,17,6,0.9231,0.0000,0.0769,2.6154,0,0,15,0,0,1,0,13,6,335,1,7
319,S,13,6,0,44,17,6,0.9231,0.0000,0.0769,2.6154,0,0,15,0,0,1,0,13,6,336,1,7
320,S,13,6,0,45,17,6,0.9231,0.0000,0.0769,2.6154,0,0,15,0,0,1,0,13,6,337,1,7
321,S,13,6,0,45,17,7,0.9231,0.0000,0.0769,2.6154,0,0,15,0,0,1,0,13,7,338,1,7
322,S,13,6,0,44,17,7,0.9231,0.0000,0.0769,2.6154,0,0,15,0,0,1,0,13,7,339,1,7
323,S,13,6,0,43,17,8,0.9231,0.0000,0.0769,2.6154,0,0,15,0,0,1,0,13,8,340,1,7
324,S,13,6,0,40,17,9,0.9231,0.0000,0.0769,2.6154,0,0,15,0,0,1,0,13,9,343,1,7
325,S,13,6,0,39,17,9,0.9231,0.0000,0.0769,2.6154,0,0,15,0,0,1,0,13,9,344,1,7
326,S,13,6,0,40,17,10,0.9231,0.0000,0.0769,2.6154,0,0,15,0,0,1,0,13,10,345,1,7
327,S,13,6,0,40,17,10,0.9231,0.0000,0.0769,2.6154,0,0,15,0,0,1,0,13,10,347,1,7
328,S,13,6,0,40,17,10,0.9231,0.0000,0.0769,2.6154,0,0,15,0,0,1,0,13,10,348,1,7
329,S,13,6,0,44,18,10,0.9231,0.0000,0.0769,2.7692,0,0,15,0,0,1,0,14,10,349,1,7
330,S,13,6,0,50,18,10,0.9231,0.0000,0.0769,2.7692,0,0,15,0,0,1,0,14,10,350,1,7
331,S,13,6,0,45,18,10,0.9231,0.0000,0.0769,2.7692,0,0,15,0,0,1,0,14,10,352,1,7
332,S,13,6,0,51,17,10,0.9231,0.0000,0.0769,2.6154,0,0,15,0,0,1,0,14,10,353,1,7
333,S,13,6,0,48,17,10,0.9231,0.0000,0.0769,2.6154,0,0,15,0,0,1,0,14,10,354,1,7
334,S,13,6,0,45,16,10,0.7692,0.0000,0.2308,2.4615,0,0,15,0,0,1,0,15,10,355,3,7
335,S,13,6,0,42,16,10,0.7692,0.0000,0.2308,2.4615,0,0,15,0,0,1,0,15,10,356,3,7
336,S,13,6,0,42,16,10,0.7692,0.0000,0.2308,2.4615,0,0,15,0,0,1,0,15,10,357,3,7
337,S,13,6,0,41,17,10,0.8462,0.0000,0.1538,2.6154,0,0,15,0,0,1,0,16,10,358,2,7
338,S,13,6,0,38,16,10,0.8462,0.0000,0.1538,2.4615,0,0,15,0,0,1,0,16,10,359,2,7
339,S,13,6,0,45,16,10,0.8462,0.0000,0.1538,2.4615,0,0,15,0,0,1,0,16,10,360,2,7
340,S,13,6,0,47,16,10,0.8462,0.0000,0.1538,2.4615,0,0,15,0,0,1,0,16,10,363,2,7
341,S,13,6,0,42,16,10,0.8462,0.0000,0.1538,2.4615,0,0,15,0,0,1,0,16,10,365,2,7
342,S,13,6,0,43,16,10,0.8462,0.0000,0.1538,2.4615,0,0,15,0,0,1,0,16,10,366,2,7
343,S,13,6,0,41,16,10,0.8462,0.0000,0.1538,2.4615,0,0,15,0,0,1,0,16,10,367,2,7
344,S,13,6,0,41,16,10,0.8462,0.0000,0.1538,2.4615,0,0,15,0,0,1,0,16,10,368,2,7
345,S,13,6,0,44,17,10,0.9231,0.0000,0.0769,2.6154,0,0,15,0,0,1,0,17,10,369,1,7
346,S,13,6,0,41,17,10,0.9231,0.0000,0.0769,2.6154,0,0,15,0,0,1,0,17,10,370,1,7
347,S,13,6,0,42,17,10,0.9231,0.0000,0.0769,2.6154,0,0,15,0,0,1,0,17,10,371,1,7
348,S,13,6,0,45,17,10,0.9231,0.0000,0.0769,2.6154,0,0,15,0,0,1,0,17,10,373,1,7
349,S,13,6,0,46,17,10,0.9231,0.0000,0.0769,2.6154,0,0,15,0,0,1,0,17,10,374,1,7
350,S,13,6,0,43,17,10,0.9231,0.0000,0.0769,2.6154,0,0,15,0,0,1,0,17,10,375,1,7
351,S,13,6,0,42,16,10,0.9231,0.0000,0.0769,2.4615,0,0,15,0,0,1,0,17,10,377,1,7
352,S,13,6,0,45,16,10,0.9231,0.0000,0.0769,2.4615,0,0,15,0,0,1,0,17,10,378,1,7
353,S,13,6,0,47,15,10,0.6154,0.3077,0.0769,2.3077,0,0,15,0,0,1,0,17,10,379,1,7
354,S,13,6,0,45,15,10,0.6154,0.3077,0.0769,2.3077,0,0,15,0,0,1,0,17,10,381,1,7
355,S,13,6,0,43,15,10,0.6154,0.3077,0.0769,2.3077,0,0,15,0,0,1,0,17,10,382,1,7
356,S,13,6,0,42,15,10,0.6154,0.3077,0.0769,2.3077,0,0,15,0,0,1,0,17,10,384,1,7
357,S,13,6,0,44,16,10,0.6154,0.3077,0.0769,2.4615,0,0,15,0,0,1,0,18,10,385,1,7
358,S,13,6,0,43,17,10,0.6154,0.3077,0.0769,2.6154,0,0,15,0,0,1,0,19,10,386,1,7
359,S,13,6,0,40,17,10,0.6154,0.3077,0.0769,2.6154,0,0,15,0,0,1,0,19,10,387,1,7
360,S,13,6,0,41,18,10,0.6154,0.3077,0.0769,2.7692,0,0,15,0,0,1,0,19,10,388,1,7
361,S,13,6,0,41,18,10,0.6154,0.3077,0.0769,2.7692,0,0,15,0,0,1,0,19,10,389,1,7
362,S,13,6,0,46,19,10,0.6154,0.3077,0.0769,2.9231,0,0,15,0,0,1,0,20,10,390,1,7
363,S,13,6,0,41,20,10,0.6154,0.3077,0.0769,3.0769,0,0,15,0,0,1,0,21,10,391,1,7
364,S,13,6,0,41,21,10,0.6154,0.3077,0.0769,3.2308,0,0,15,0,0,1,0,22,10,392,1,7
365,S,13,6,0,41,21,10,0.6154,0.3077,0.0769,3.2308,0,0,15,0,0,1,0,22,10,393,1,7
366,S,13,6,0,43,21,10,0.6154,0.3077,0.0769,3.2308,0,0,15,0,0,1,0,22,10,394,1,7
367,S,13,6,0,44,21,10,0.6154,0.3077,0.0769,3.2308,0,0,15,0,0,1,0,22,10,395,1,7
368,S,13,6,0,45,21,10,0.6154,0.3077,0.0769,3.2308,0,0,15,0,0,1,0,22,10,396,1,7
369,S,13,6,0,41,21,10,0.6154,0.3077,0.0769,3.2308,0,0,15,0,0,1,0,22,10,397,1,7
370,S,13,6,0,51,22,10,0.6154,0.3077,0.0769,3.3846,0,0,15,0,0,1,0,23,10,398,1,7
371,S,13,6,0,48,22,10,0.6154,0.3077,0.0769,3.3846,0,0,15,0,0,1,0,23,10,400,1,7
372,S,12,6,1,45,19,8,0.6667,0.2500,0.0833,3.1667,0,2,15,0,0,1,0,23,10,404,1,6
373,S,12,6,1,44,19,8,0.6667,0.2500,0.0833,3.1667,0,0,15,0,0,1,0,23,10,407,1,6
374,S,12,6,1,43,19,8,0.6667,0.2500,0.0833,3.1667,0,0,15,0,0,1,0,23,10,408,1,6
375,S,11,6,2,34,15,5,0.6364,0.2727,0.0909,2.7273,0,2,15,0,0,1,0,23,10,413,1,6
376,S,10,6,3,26,10,3,0.6000,0.3000,0.1000,2.0000,0,2,15,0,0,1,0,23,10,417,1,6
377,S,10,6,3,27,10,3,0.6000,0.3000,0.1000,2.0000,0,0,15,0,0,1,0,23,10,418,1,6
378,S,10,6,3,24,10,3,0.6000,0.3000,0.1000,2.0000,0,0,15,0,0,1,0,23,10,419,1,6
379,S,10,6,3,24,10,3,0.6000,0.3000,0.1000,2.0000,0,0,15,0,0,1,0,23,10,420,1,6
380,S,10,6,3,26,10,3,0.6000,0.3000,0.1000,2.0000,0,0,15,0,0,1,0,23,10,421,1,6
381,S,10,6,3,23,10,3,0.6000,0.3000,0.1000,2.0000,0,0,15,0,0,1,0,23,10,422,1,6
382,S,10,6,3,22,10,3,0.6000,0.3000,0.1000,2.0000,0,0,15,0,0,1,0,23,10,423,1,6
383,S,10,6,3,22,10,3,0.6000,0.3000,0.1000,2.0000,0,0,15,0,0,1,0,23,10,424,1,6
384,S,10,6,3,25,10,3,0.6000,0.3000,0.1000,2.0000,0,0,15,0,0,1,0,23,10,425,1,6
385,S,10,6,3,26,10,3,0.6000,0.3000,0.1000,2.0000,0,0,15,0,0,1,0,23,10,425,1,6
386,S,10,6,3,24,10,3,0.6000,0.3000,0.1000,2.0000,0,0,15,0,0,1,0,23,10,426,1,6
387,S,10,6,3,23,10,3,0.6000,0.3000,0.1000,2.0000,0,0,15,0,0,1,0,23,10,427,1,6
388,S,10,6,3,25,10,3,0.6000,0.3000,0.1000,2.0000,0,0,15,0,0,1,0,23,10,429,1,6
389,S,10,6,3,23,10,3,0.6000,0.3000,0.1000,2.0000,0,0,15,0,0,1,0,23,10,430,1,6
390,S,10,6,3,26,10,3,0.6000,0.3000,0.1000,2.0000,0,0,15,0,0,1,0,23,10,432,1,6
391,S,10,6,3,27,10,3,0.6000,0.3000,0.1000,2.0000,0,0,15,0,0,1,0,23,10,433,1,6
392,S,10,6,3,27,10,3,0.6000,0.3000,0.1000,2.0000,0,0,15,0,0,1,0,23,10,434,1,6
393,S,10,6,3,25,10,3,0.6000,0.3000,0.1000,2.0000,0,0,15,0,0,1,0,23,10,435,1,6
394,S,10,6,3,23,9,3,0.6000,0.3000,0.1000,1.8000,0,0,15,0,0,1,0,23,10,436,1,6
395,S,10,6,3,23,9,3,0.6000,0.3000,0.1000,1.8000,0,0,15,0,0,1,0,23,10,437,1,6
396,S,10,6,3,25,9,3,0.6000,0.3000,0.1000,1.8000,0,0,15,0,0,1,0,23,10,439,1,6
397,S,8,6,5,15,4,1,0.3750,0.3750,0.2500,1.0000,0,3,15,0,0,1,0,23,10,446,2,5
398,S,7,6,6,12,3,1,0.4286,0.2857,0.2857,0.8571,0,1,15,0,0,1,0,23,10,448,2,4
399,S,7,6,6,15,2,1,0.4286,0.0000,0.5714,0.5714,0,0,15,0,0,1,0,23,10,448,3,4
400,S,7,6,6,15,2,1,0.4286,0.0000,0.5714,0.5714,0,0,15,0,0,1,0,23,10,448,3,4
401,S,7,6,6,15,2,1,0.4286,0.0000,0.5714,0.5714,0,0,15,0,0,1,0,23,10,450,3,4
402,S,7,6,6,15,2,1,0.4286,0.0000,0.5714,0.5714,0,0,15,0,0,1,0,23,10,450,3,4
403,S,7,6,6,15,2,1,0.4286,0.0000,0.5714,0.5714,0,0,15,0,0,1,0,23,10,450,3,4
404,S,7,6,6,16,2,1,0.4286,0.0000,0.5714,0.5714,0,0,15,0,0,1,0,23,10,450,3,4
405,S,7,6,6,16,2,1,0.4286,0.0000,0.5714,0.5714,0,0,15,0,0,1,0,23,10,450,3,4
406,S,7,6,6,14,2,1,0.4286,0.0000,0.5714,0.5714,0,0,15,0,0,1,0,23,10,450,3,4
407,S,7,6,6,14,2,1,0.4286,0.0000,0.5714,0.5714,0,0,15,0,0,1,0,23,10,450,3,4
408,S,7,6,6,14,2,1,0.4286,0.0000,0.5714,0.5714,0,0,15,0,0,1,0,23,10,450,3,4
409,S,7,6,6,11,2,1,0.4286,0.0000,0.5714,0.5714,0,0,15,0,0,1,0,23,10,450,3,4
410,S,7,6,6,11,2,1,0.4286,0.0000,0.5714,0.5714,0,0,15,0,0,1,0,23,10,450,3,4
411,S,7,6,6,12,2,1,0.4286,0.0000,0.5714,0.5714,0,0,15,0,0,1,0,23,10,451,3,4
412,S,7,6,6,11,2,1,0.4286,0.0000,0.5714,0.5714,0,0,15,0,0,1,0,23,10,451,3,4
413,S,7,6,6,9,2,1,0.4286,0.0000,0.5714,0.5714,0,0,15,0,0,1,0,23,10,451,3,4
414,S,7,6,6,10,2,1,0.4286,0.0000,0.5714,0.5714,0,0,15,0,0,1,0,23,10,452,3,4
415,S,7,6,6,9,2,1,0.4286,0.0000,0.5714,0.5714,0,0,15,0,0,1,0,23,10,452,3,4
416,S,7,6,6,8,2,1,0.4286,0.0000,0.5714,0.5714,0,0,15,0,0,1,0,23,10,452,3,4
417,S,7,6,6,10,2,1,0.4286,0.0000,0.5714,0.5714,0,0,15,0,0,1,0,23,10,452,3,4
418,S,7,6,6,8,2,1,0.4286,0.0000,0.5714,0.5714,0,0,15,0,0,1,0,23,10,453,3,4
419,S,7,6,6,7,2,1,0.4286,0.0000,0.5714,0.5714,0,0,15,0,0,1,0,23,10,453,3,4
420,S,7,6,6,9,2,1,0.4286,0.0000,0.5714,0.5714,0,0,15,0,0,1,0,23,10,453,3,4
421,S,7,6,6,8,2,1,0.4286,0.0000,0.5714,0.5714,0,0,15,0,0,1,0,23,10,453,3,4
422,S,7,6,6,8,2,1,0.4286,0.0000,0.5714,0.5714,0,0,15,0,0,1,0,23,10,453,3,4
423,S,7,6,6,9,2,1,0.4286,0.0000,0.5714,0.5714,0,0,15,0,0,1,0,23,10,453,3,4
424,S,7,6,6,9,1,1,0.2857,0.0000,0.7143,0.2857,0,0,15,0,0,1,0,23,10,453,4,4
425,S,7,6,6,9,1,1,0.2857,0.0000,0.7143,0.2857,0,0,15,0,0,1,0,23,10,454,4,4
426,S,7,6,6,8,1,1,0.2857,0.0000,0.7143,0.2857,0,0,15,0,0,1,0,23,10,455,4,4
427,S,7,6,6,7,1,1,0.2857,0.0000,0.7143,0.2857,0,0,15,0,0,1,0,23,10,455,4,4
428,S,7,6,6,7,1,1,0.2857,0.0000,0.7143,0.2857,0,0,15,0,0,1,0,23,10,456,4,4
429,S,7,6,6,8,1,1,0.2857,0.0000,0.7143,0.2857,0,0,15,0,0,1,0,23,10,456,4,4
430,S,7,6,6,10,1,1,0.2857,0.0000,0.7143,0.2857,0,0,15,0,0,1,0,23,10,456,4,4
431,S,7,6,6,10,1,1,0.2857,0.0000,0.7143,0.2857,0,0,15,0,0,1,0,23,10,456,4,4
432,S,7,6,6,9,1,1,0.2857,0.0000,0.7143,0.2857,0,0,15,0,0,1,0,23,10,456,4,4
433,S,7,6,6,9,1,1,0.2857,0.0000,0.7143,0.2857,0,0,15,0,0,1,0,23,10,457,4,4
434,S,7,6,6,8,1,1,0.2857,0.0000,0.7143,0.2857,0,0,15,0,0,1,0,23,10,458,4,4
435,S,7,6,6,8,1,1,0.2857,0.0000,0.7143,0.2857,0,0,15,0,0,1,0,23,10,460,4,4
436,S,7,6,6,9,1,1,0.2857,0.0000,0.7143,0.2857,0,0,15,0,0,1,0,23,10,461,4,4
437,S,7,6,6,8,1,1,0.2857,0.0000,0.7143,0.2857,0,0,15,0,0,1,0,23,10,462,4,4
438,S,7,6,6,10,1,1,0.2857,0.0000,0.7143,0.2857,0,0,15,0,0,1,0,23,10,463,4,4
439,S,7,6,6,10,1,1,0.2857,0.0000,0.7143,0.2857,0,0,15,0,0,1,0,23,10,464,4,4
440,S,7,6,6,9,1,1,0.2857,0.0000,0.7143,0.2857,0,0,15,0,0,1,0,23,10,467,4,4
441,S,7,6,6,8,1,1,0.2857,0.0000,0.7143,0.2857,0,0,15,0,0,1,0,23,10,468,4,4
442,S,7,6,6,9,1,1,0.2857,0.0000,0.7143,0.2857,0,0,15,0,0,1,0,23,10,469,4,4
443,S,7,6,6,7,1,1,0.2857,0.0000,0.7143,0.2857,0,0,15,0,0,1,0,23,10,470,4,4
444,S,7,6,6,7,1,1,0.2857,0.0000,0.7143,0.2857,0,0,15,0,0,1,0,23,10,471,4,4
445,S,7,6,6,8,1,1,0.2857,0.0000,0.7143,0.2857,0,0,15,0,0,1,0,23,10,472,4,4
446,S,7,6,6,9,1,1,0.2857,0.0000,0.7143,0.2857,0,0,15,0,0,1,0,23,10,473,4,4
447,S,7,6,6,9,1,1,0.2857,0.0000,0.7143,0.2857,0,0,15,0,0,1,0,23,10,475,4,4
448,S,7,6,6,8,1,1,0.2857,0.0000,0.7143,0.2857,0,0,15,0,0,1,0,23,10,476,4,4
449,S,7,6,6,9,1,1,0.2857,0.0000,0.7143,0.2857,0,0,15,0,0,1,0,23,10,477,4,4
450,S,7,6,6,9,1,1,0.2857,0.0000,0.7143,0.2857,0,0,15,0,0,1,0,23,10,479,4,4
451,S,7,6,6,9,1,1,0.2857,0.0000,0.7143,0.2857,0,0,15,0,0,1,0,23,10,480,4,4
452,S,7,6,6,8,1,1,0.2857,0.0000,0.7143,0.2857,0,0,15,0,0,1,0,23,10,481,4,4
453,S,7,6,6,7,1,1,0.2857,0.0000,0.7143,0.2857,0,0,15,0,0,1,0,23,10,482,4,4
454,S,7,6,6,7,1,1,0.2857,0.0000,0.7143,0.2857,0,0,15,0,0,1,0,23,10,483,4,4
455,S,7,6,6,9,1,1,0.2857,0.0000,0.7143,0.2857,0,0,15,0,0,1,0,23,10,484,4,4
456,S,7,6,6,8,1,1,0.2857,0.0000,0.7143,0.2857,0,0,15,0,0,1,0,23,10,485,4,4
457,S,7,6,6,8,1,1,0.2857,0.0000,0.7143,0.2857,0,0,15,0,0,1,0,23,10,486,4,4
458,S,7,6,6,8,1,1,0.2857,0.0000,0.7143,0.2857,0,0,15,0,0,1,0,23,10,488,4,4
459,S,7,6,6,7,1,1,0.2857,0.0000,0.7143,0.2857,0,0,15,0,0,1,0,23,10,488,4,4
460,S,7,6,6,7,1,1,0.2857,0.0000,0.7143,0.2857,0,0,15,0,0,1,0,23,10,488,4,4
461,S,7,6,6,8,1,1,0.2857,0.0000,0.7143,0.2857,0,0,15,0,0,1,0,23,10,488,4,4
462,S,7,6,6,7,1,1,0.2857,0.0000,0.7143,0.2857,0,0,15,0,0,1,0,23,10,488,4,4
463,S,7,6,6,7,1,1,0.2857,0.0000,0.7143,0.2857,0,0,15,0,0,1,0,23,10,488,4,4
464,S,7,6,6,7,1,1,0.2857,0.0000,0.7143,0.2857,0,0,15,0,0,1,0,23,10,488,4,4
465,S,7,6,6,9,1,1,0.2857,0.0000,0.7143,0.2857,0,0,15,0,0,1,0,23,10,488,4,4
466,S,7,6,6,9,1,1,0.2857,0.0000,0.7143,0.2857,0,0,15,0,0,1,0,23,10,488,4,4
467,S,7,6,6,9,1,1,0.2857,0.0000,0.7143,0.2857,0,0,15,0,0,1,0,23,10,490,4,4
468,S,7,6,6,9,1,1,0.2857,0.0000,0.7143,0.2857,0,0,15,0,0,1,0,23,10,490,4,4
469,S,7,6,6,8,1,1,0.2857,0.0000,0.7143,0.2857,0,0,15,0,0,1,0,23,10,490,4,4
470,S,7,6,6,8,1,1,0.2857,0.0000,0.7143,0.2857,0,0,15,0,0,1,0,23,10,491,4,4
471,S,7,6,6,7,1,1,0.2857,0.0000,0.7143,0.2857,0,0,15,0,0,1,0,23,10,491,4,4
472,S,7,6,6,6,1,1,0.2857,0.0000,0.7143,0.2857,0,0,15,0,0,1,0,23,10,492,4,4
473,S,7,6,6,7,1,1,0.2857,0.0000,0.7143,0.2857,0,0,15,0,0,1,0,23,10,492,4,4
474,S,7,6,6,6,1,1,0.2857,0.0000,0.7143,0.2857,0,0,15,0,0,1,0,23,10,492,4,4
475,S,7,6,6,5,1,1,0.2857,0.0000,0.7143,0.2857,0,0,15,0,0,1,0,23,10,493,4,4
476,S,7,6,6,5,1,1,0.2857,0.0000,0.7143,0.2857,0,0,15,0,0,1,0,23,10,493,4,4
477,S,7,6,6,5,1,1,0.2857,0.0000,0.7143,0.2857,0,0,15,0,0,1,0,23,10,493,4,4
478,S,7,6,6,5,1,1,0.2857,0.0000,0.7143,0.2857,0,0,15,0,0,1,0,23,10,494,4,4
479,S,7,6,6,5,1,1,0.2857,0.0000,0.7143,0.2857,0,0,15,0,0,1,0,23,10,494,4,4
480,S,7,6,6,4,1,1,0.2857,0.0000,0.7143,0.2857,0,0,15,0,0,1,0,23,10,494,4,4
481,S,7,6,6,4,1,1,0.2857,0.0000,0.7143,0.2857,0,0,15,0,0,1,0,23,10,495,4,4
482,S,7,6,6,4,1,1,0.2857,0.0000,0.7143,0.2857,0,0,15,0,0,1,0,23,10,496,4,4
483,S,7,6,6,4,1,1,0.2857,0.0000,0.7143,0.2857,0,0,15,0,0,1,0,23,10,497,4,4
484,S,7,6,6,6,1,1,0.2857,0.0000,0.7143,0.2857,0,0,15,0,0,1,0,23,10,497,4,4
485,S,7,6,6,6,1,1,0.2857,0.0000,0.7143,0.2857,0,0,15,0,0,1,0,23,10,498,4,4
486,S,7,6,6,7,1,1,0.2857,0.0000,0.7143,0.2857,0,0,15,0,0,1,0,23,10,498,4,4
487,S,7,6,6,5,1,1,0.2857,0.0000,0.7143,0.2857,0,0,15,0,0,1,0,23,10,498,4,4
488,S,7,6,6,7,1,1,0.2857,0.0000,0.7143,0.2857,0,0,15,0,0,1,0,23,10,498,4,4
489,S,7,6,6,6,1,1,0.2857,0.0000,0.7143,0.2857,0,0,15,0,0,1,0,23,10,498,4,4
490,S,7,6,6,7,1,1,0.2857,0.0000,0.7143,0.2857,0,0,15,0,0,1,0,23,10,499,4,4
491,S,7,6,6,8,1,1,0.2857,0.0000,0.7143,0.2857,0,0,15,0,0,1,0,23,10,499,4,4
492,S,7,6,6,7,1,1,0.2857,0.0000,0.7143,0.2857,0,0,15,0,0,1,0,23,10,499,4,4
493,S,7,6,6,7,1,1,0.2857,0.0000,0.7143,0.2857,0,0,15,0,0,1,0,23,10,500,4,4
494,S,7,6,6,7,1,1,0.2857,0.0000,0.7143,0.2857,0,0,15,0,0,1,0,23,10,500,4,4
495,S,7,6,6,6,1,1,0.2857,0.0000,0.7143,0.2857,0,0,15,0,0,1,0,23,10,500,4,4
496,S,7,6,6,3,1,1,0.2857,0.0000,0.7143,0.2857,0,0,15,0,0,1,0,23,10,500,4,4
497,S,7,6,6,3,1,1,0.2857,0.0000,0.7143,0.2857,0,0,15,0,0,1,0,23,10,500,4,4
498,S,7,6,6,4,1,1,0.2857,0.0000,0.7143,0.2857,0,0,15,0,0,1,0,23,10,500,4,4
499,S,7,6,6,4,1,1,0.2857,0.0000,0.7143,0.2857,0,0,15,0,0,1,0,23,10,500,4,4
500,S,7,6,6,6,1,1,0.2857,0.0000,0.7143,0.2857,0,0,15,0,0,1,0,23,10,500,4,4
501,S,7,6,6,7,1,1,0.2857,0.0000,0.7143,0.2857,0,0,15,0,0,1,0,23,10,500,4,4
502,S,7,6,6,7,1,1,0.2857,0.0000,0.7143,0.2857,0,0,15,0,0,1,0,23,10,500,4,4
503,S,7,6,6,6,1,1,0.2857,0.0000,0.7143,0.2857,0,0,15,0,0,1,0,23,10,500,4,4
504,S,7,6,6,7,1,1,0.2857,0.0000,0.7143,0.2857,0,0,15,0,0,1,0,23,10,500,4,4
505,S,7,6,6,7,1,1,0.2857,0.0000,0.7143,0.2857,0,0,15,0,0,1,0,23,10,500,4,4
506,S,7,6,6,6,1,1,0.2857,0.0000,0.7143,0.2857,0,0,15,0,0,1,0,23,10,500,4,4
507,S,7,6,6,6,1,1,0.2857,0.0000,0.7143,0.2857,0,0,15,0,0,1,0,23,10,500,4,4
508,S,7,6,6,6,1,1,0.2857,0.0000,0.7143,0.2857,0,0,15,0,0,1,0,23,10,500,4,4
509,S,7,6,6,6,1,1,0.2857,0.0000,0.7143,0.2857,0,0,15,0,0,1,0,23,10,500,4,4
510,S,7,6,6,8,1,1,0.2857,0.0000,0.7143,0.2857,0,0,15,0,0,1,0,23,10,500,4,4
511,S,7,6,6,6,1,1,0.2857,0.0000,0.7143,0.2857,0,0,15,0,0,1,0,23,10,500,4,4
512,S,7,6,6,6,1,1,0.2857,0.0000,0.7143,0.2857,0,0,15,0,0,1,0,23,10,500,4,4
513,S,7,6,6,8,1,1,0.2857,0.0000,0.7143,0.2857,0,0,15,0,0,1,0,23,10,500,4,4
514,S,7,6,6,8,1,1,0.2857,0.0000,0.7143,0.2857,0,0,15,0,0,1,0,23,10,500,4,4
515,S,7,6,6,6,1,1,0.2857,0.0000,0.7143,0.2857,0,0,15,0,0,1,0,23,10,500,4,4
516,S,7,6,6,7,1,1,0.2857,0.0000,0.7143,0.2857,0,0,15,0,0,1,0,23,10,500,4,4
517,S,7,6,6,6,1,1,0.2857,0.0000,0.7143,0.2857,0,0,15,0,0,1,0,23,10,500,4,4
518,S,7,6,6,6,1,1,0.2857,0.0000,0.7143,0.2857,0,0,15,0,0,1,0,23,10,500,4,4
519,S,7,6,6,5,1,1,0.2857,0.0000,0.7143,0.2857,0,0,15,0,0,1,0,23,10,500,4,4
520,S,7,6,6,7,1,1,0.2857,0.0000,0.7143,0.2857,0,0,15,0,0,1,0,23,10,500,4,4
521,S,7,6,6,6,1,1,0.2857,0.0000,0.7143,0.2857,0,0,15,0,0,1,0,23,10,500,4,4
522,S,7,6,6,7,1,1,0.2857,0.0000,0.7143,0.2857,0,0,15,0,0,1,0,23,10,500,4,4
523,S,7,6,6,7,1,1,0.2857,0.0000,0.7143,0.2857,0,0,15,0,0,1,0,23,10,500,4,4
524,S,7,6,6,6,1,1,0.2857,0.0000,0.7143,0.2857,0,0,15,0,0,1,0,23,10,500,4,4
525,S,7,6,6,7,1,1,0.2857,0.0000,0.7143,0.2857,0,0,15,0,0,1,0,23,10,500,4,4
526,S,7,6,6,8,1,1,0.2857,0.0000,0.7143,0.2857,0,0,15,0,0,1,0,23,10,500,4,4
527,S,7,6,6,8,1,1,0.2857,0.0000,0.7143,0.2857,0,0,15,0,0,1,0,23,10,500,4,4
528,S,7,6,6,7,1,1,0.2857,0.0000,0.7143,0.2857,0,0,15,0,0,1,0,23,10,500,4,4
529,S,7,6,6,7,1,1,0.2857,0.0000,0.7143,0.2857,0,0,15,0,0,1,0,23,10,500,4,4
530,S,7,6,6,6,1,1,0.2857,0.0000,0.7143,0.2857,0,0,15,0,0,1,0,23,10,500,4,4
531,S,7,6,6,5,1,1,0.2857,0.0000,0.7143,0.2857,0,0,15,0,0,1,0,23,10,500,4,4
532,S,7,6,6,7,1,1,0.2857,0.0000,0.7143,0.2857,0,0,15,0,0,1,0,23,10,500,4,4
533,S,7,6,6,8,1,1,0.2857,0.0000,0.7143,0.2857,0,0,15,0,0,1,0,23,10,500,4,4
534,S,7,6,6,7,1,1,0.2857,0.0000,0.7143,0.2857,0,0,15,0,0,1,0,23,10,500,4,4
535,S,7,6,6,7,1,1,0.2857,0.0000,0.7143,0.2857,0,0,15,0,0,1,0,23,10,500,4,4
536,S,7,6,6,6,2,1,0.2857,0.2857,0.4286,0.5714,0,0,15,0,0,1,0,24,10,500,3,4
537,S,7,6,6,6,2,1,0.2857,0.2857,0.4286,0.5714,0,0,15,0,0,1,0,24,10,500,3,4
538,S,7,6,6,7,2,1,0.2857,0.2857,0.4286,0.5714,0,0,15,0,0,1,0,24,10,500,3,4
539,S,7,6,6,8,2,1,0.2857,0.2857,0.4286,0.5714,0,0,15,0,0,1,0,24,10,500,3,4
540,S,7,6,6,8,2,1,0.2857,0.2857,0.4286,0.5714,0,0,15,0,0,1,0,24,10,500,3,4
541,S,7,6,6,9,2,1,0.2857,0.2857,0.4286,0.5714,0,0,15,0,0,1,0,24,10,500,3,4
542,S,7,6,6,9,2,1,0.2857,0.2857,0.4286,0.5714,0,0,15,0,0,1,0,24,10,500,3,4
543,S,7,6,6,9,2,1,0.2857,0.2857,0.4286,0.5714,0,0,15,0,0,1,0,24,10,500,3,4
544,S,7,6,6,8,2,1,0.2857,0.2857,0.4286,0.5714,0,0,15,0,0,1,0,24,10,500,3,4
545,S,7,6,6,8,2,1,0.2857,0.2857,0.4286,0.5714,0,0,15,0,0,1,0,24,10,500,3,4
546,S,7,6,6,8,2,1,0.2857,0.2857,0.4286,0.5714,0,0,15,0,0,1,0,24,10,500,3,4
547,S,7,6,6,7,2,1,0.2857,0.2857,0.4286,0.5714,0,0,15,0,0,1,0,24,10,500,3,4
548,S,8,7,6,9,3,1,0.2500,0.2500,0.2500,0.7500,0,0,15,0,0,1,0,24,10,500,2,4
549,S,8,7,6,10,3,1,0.2500,0.2500,0.2500,0.7500,0,0,15,0,0,1,0,24,10,500,2,4
550,S,8,7,6,12,3,1,0.2500,0.2500,0.2500,0.7500,0,0,15,0,0,1,0,24,10,500,2,4
551,S,8,7,6,10,3,1,0.2500,0.2500,0.2500,0.7500,0,0,15,0,0,1,0,24,10,500,2,4
552,S,8,7,6,14,3,1,0.2500,0.2500,0.2500,0.7500,0,0,15,0,0,1,0,24,10,500,2,4
553,S,8,7,6,13,4,1,0.5000,0.2500,0.2500,1.0000,1,0,16,0,0,1,0,25,10,500,2,4
554,S,8,7,6,13,4,1,0.5000,0.2500,0.2500,1.0000,0,0,16,0,0,1,0,25,10,500,2,4
555,S,9,8,6,19,5,1,0.4444,0.2222,0.1111,1.1111,0,0,16,0,0,1,0,25,10,500,1,4
556,S,9,8,6,18,5,1,0.4444,0.2222,0.1111,1.1111,0,0,16,0,0,1,0,25,10,500,1,4
557,S,10,9,6,24,6,1,0.5000,0.2000,0.1000,1.2000,0,0,16,0,0,1,0,25,10,500,1,4
558,S,8,9,8,17,4,0,0.3750,0.3750,0.2500,1.0000,1,3,17,0,0,1,0,26,10,500,0,3
559,S,6,9,10,6,0,0,0.1667,0.0000,1.0000,0.0000,0,4,17,0,0,1,0,27,10,500,3,3
560,S,5,9,11,5,1,0,0.4000,0.0000,0.6000,0.4000,0,0,17,0,0,1,0,28,10,500,1,2
561,S,5,9,11,3,1,0,0.4000,0.0000,0.6000,0.4000,0,0,17,0,0,1,0,28,10,500,1,2
562,S,5,9,11,3,2,0,0.6000,0.0000,0.4000,0.8000,1,0,18,0,0,1,0,29,10,500,1,2
563,S,5,9,11,5,2,0,0.6000,0.0000,0.4000,0.8000,0,0,18,0,0,1,0,29,10,500,1,2
564,S,5,9,11,5,2,0,0.6000,0.0000,0.4000,0.8000,0,0,18,0,0,1,0,29,10,500,1,2
565,S,5,9,11,5,2,0,0.6000,0.0000,0.4000,0.8000,0,0,18,0,0,1,0,29,10,500,1,2
566,S,5,9,11,5,2,0,0.6000,0.0000,0.4000,0.8000,0,0,18,0,0,1,0,29,10,500,1,2
567,S,5,9,11,5,2,0,0.6000,0.0000,0.4000,0.8000,0,0,18,0,0,1,0,29,10,500,1,2
568,S,5,9,11,5,2,0,0.6000,0.0000,0.4000,0.8000,0,0,18,0,0,1,0,29,10,500,1,2
569,S,5,9,11,5,2,0,0.6000,0.0000,0.4000,0.8000,0,0,18,0,0,1,0,29,10,500,1,2
570,S,5,9,11,5,2,0,0.6000,0.0000,0.4000,0.8000,0,0,18,0,0,1,0,29,10,500,1,2
571,S,5,9,11,5,2,1,0.6000,0.0000,0.4000,0.8000,1,0,19,0,0,1,0,29,11,500,1,2
572,S,5,9,11,5,2,1,0.6000,0.0000,0.4000,0.8000,0,0,19,0,0,1,0,29,11,500,1,2
573,S,5,9,11,5,2,1,0.6000,0.0000,0.4000,0.8000,0,0,19,0,0,1,0,29,11,500,1,2
574,S,5,9,11,5,2,1,0.6000,0.0000,0.4000,0.8000,0,0,19,0,0,1,0,29,11,500,1,2
575,S,5,9,11,5,2,1,0.6000,0.0000,0.4000,0.8000,0,0,19,0,0,1,0,29,11,500,1,2
576,S,5,9,11,5,2,1,0.6000,0.0000,0.4000,0.8000,0,0,19,0,0,1,0,29,11,500,1,2
577,S,5,9,11,5,2,1,0.6000,0.0000,0.4000,0.8000,0,0,19,0,0,1,0,29,11,500,1,2
578,S,5,9,11,5,2,1,0.6000,0.0000,0.4000,0.8000,0,0,19,0,0,1,0,29,11,500,1,2
579,S,5,9,11,5,2,1,0.6000,0.0000,0.4000,0.8000,0,0,19,0,0,1,0,29,11,500,1,2
580,S,6,10,11,7,3,1,0.6667,0.0000,0.3333,1.0000,0,0,19,0,0,1,0,29,11,500,1,2
581,S,4,10,13,3,1,1,0.5000,0.0000,0.5000,0.5000,0,1,19,0,0,1,0,29,11,500,1,1
582,S,2,10,15,1,0,0,0.5000,0.0000,1.0000,0.0000,0,1,19,0,0,1,0,29,11,500,1,1
583,S,0,10,17,0,0,0,0.0000,0.0000,0.0000,0.0000,0,0,19,0,0,1,0,29,11,500,0,0
584,S,0,10,17,0,0,0,0.0000,0.0000,0.0000,0.0000,0,0,19,0,0,1,0,29,11,500,0,0
585,S,0,10,17,0,0,0,0.0000,0.0000,0.0000,0.0000,0,0,19,0,0,1,0,29,11,500,0,0
586,S,0,10,17,0,0,0,0.0000,0.0000,0.0000,0.0000,0,0,19,0,0,1,0,29,11,500,0,0
587,S,0,10,17,0,0,0,0.0000,0.0000,0.0000,0.0000,0,0,19,0,0,1,0,29,11,500,0,0
588,S,0,10,17,0,0,0,0.0000,0.0000,0.0000,0.0000,0,0,19,0,0,1,0,29,11,500,0,0
589,S,0,10,17,0,0,0,0.0000,0.0000,0.0000,0.0000,0,0,19,0,0,1,0,29,11,500,0,0
590,S,0,10,17,0,0,0,0.0000,0.0000,0.0000,0.0000,0,0,19,0,0,1,0,29,11,500,0,0
591,S,0,10,17,0,0,0,0.0000,0.0000,0.0000,0.0000,0,0,19,0,0,1,0,29,11,500,0,0
592,S,0,10,17,0,0,0,0.0000,0.0000,0.0000,0.0000,0,0,19,0,0,1,0,29,11,500,0,0
593,S,0,10,17,0,0,0,0.0000,0.0000,0.0000,0.0000,0,0,19,0,0,1,0,29,11,500,0,0
594,S,0,10,17,0,0,0,0.0000,0.0000,0.0000,0.0000,0,0,19,0,0,1,0,29,11,500,0,0
595,S,0,10,17,0,0,0,0.0000,0.0000,0.0000,0.0000,0,0,19,0,0,1,0,29,11,500,0,0
596,S,0,10,17,0,0,0,0.0000,0.0000,0.0000,0.0000,0,0,19,0,0,1,0,29,11,500,0,0
597,S,0,10,17,0,0,0,0.0000,0.0000,0.0000,0.0000,0,0,19,0,0,1,0,29,11,500,0,0
598,S,0,10,17,0,0,0,0.0000,0.0000,0.0000,0.0000,0,0,19,0,0,1,0,29,11,500,0,0
599,S,0,10,17,0,0,0,0.0000,0.0000,0.0000,0.0000,0,0,19,0,0,1,0,29,11,500,0,0
600,S,0,10,17,0,0,0,0.0000,0.0000,0.0000,0.0000,0,0,19,0,0,1,0,29,11,500,0,0
601,S,0,10,17,0,0,0,0.0000,0.0000,0.0000,0.0000,0,0,19,0,0,1,0,29,11,500,0,0
602,S,0,10,17,0,0,0,0.0000,0.0000,0.0000,0.0000,0,0,19,0,0,1,0,29,11,500,0,0
603,S,0,10,17,0,0,0,0.0000,0.0000,0.0000,0.0000,0,0,19,0,0,1,0,29,11,500,0,0
604,S,0,10,17,0,0,0,0.0000,0.0000,0.0000,0.0000,0,0,19,0,0,1,0,29,11,500,0,0
605,S,0,10,17,0,0,0,0.0000,0.0000,0.0000,0.0000,0,0,19,0,0,1,0,29,11,500,0,0
606,S,0,10,17,0,0,0,0.0000,0.0000,0.0000,0.0000,0,0,19,0,0,1,0,29,11,500,0,0
607,S,0,10,17,0,0,0,0.0000,0.0000,0.0000,0.0000,0,0,19,0,0,1,0,29,11,500,0,0
608,S,0,10,17,0,0,0,0.0000,0.0000,0.0000,0.0000,0,0,19,0,0,1,0,29,11,500,0,0
609,S,0,10,17,0,0,0,0.0000,0.0000,0.0000,0.0000,0,0,19,0,0,1,0,29,11,500,0,0
610,S,0,10,17,0,0,0,0.0000,0.0000,0.0000,0.0000,0,0,19,0,0,1,0,29,11,500,0,0
611,S,0,10,17,0,0,0,0.0000,0.0000,0.0000,0.0000,0,0,19,0,0,1,0,29,11,500,0,0
612,S,0,10,17,0,0,0,0.0000,0.0000,0.0000,0.0000,0,0,19,0,0,1,0,29,11,500,0,0
613,S,0,10,17,0,0,0,0.0000,0.0000,0.0000,0.0000,0,0,19,0,0,1,0,29,11,500,0,0
614,S,0,10,17,0,0,0,0.0000,0.0000,0.0000,0.0000,0,0,19,0,0,1,0,29,11,500,0,0
615,S,0,10,17,0,0,0,0.0000,0.0000,0.0000,0.0000,0,0,19,0,0,1,0,29,11,500,0,0
616,S,0,10,17,0,0,0,0.0000,0.0000,0.0000,0.0000,0,0,19,0,0,1,0,29,11,500,0,0
617,S,0,10,17,0,0,0,0.0000,0.0000,0.0000,0.0000,0,0,19,0,0,1,0,29,11,500,0,0
618,S,0,10,17,0,0,0,0.0000,0.0000,0.0000,0.0000,0,0,19,0,0,1,0,29,11,500,0,0
619,S,0,10,17,0,0,0,0.0000,0.0000,0.0000,0.0000,0,0,19,0,0,1,0,29,11,500,0,0
620,S,0,10,17,0,0,0,0.0000,0.0000,0.0000,0.0000,0,0,19,0,0,1,0,29,11,500,0,0
621,S,0,10,17,0,0,0,0.0000,0.0000,0.0000,0.0000,0,0,19,0,0,1,0,29,11,500,0,0
622,S,0,10,17,0,0,0,0.0000,0.0000,0.0000,0.0000,0,0,19,0,0,1,0,29,11,500,0,0
623,S,0,10,17,0,0,0,0.0000,0.0000,0.0000,0.0000,0,0,19,0,0,1,0,29,11,500,0,0
624,S,0,10,17,0,0,0,0.0000,0.0000,0.0000,0.0000,0,0,19,0,0,1,0,29,11,500,0,0
625,S,0,10,17,0,0,0,0.0000,0.0000,0.0000,0.0000,0,0,19,0,0,1,0,29,11,500,0,0
626,S,0,10,17,0,0,0,0.0000,0.0000,0.0000,0.0000,0,0,19,0,0,1,0,29,11,500,0,0
627,S,0,10,17,0,0,0,0.0000,0.0000,0.0000,0.0000,0,0,19,0,0,1,0,29,11,500,0,0
628,S,0,10,17,0,0,0,0.0000,0.0000,0.0000,0.0000,0,0,19,0,0,1,0,29,11,500,0,0
629,S,0,10,17,0,0,0,0.0000,0.0000,0.0000,0.0000,0,0,19,0,0,1,0,29,11,500,0,0
630,S,0,10,17,0,0,0,0.0000,0.0000,0.0000,0.0000,0,0,19,0,0,1,0,29,11,500,0,0
631,S,0,10,17,0,0,0,0.0000,0.0000,0.0000,0.0000,0,0,19,0,0,1,0,29,11,500,0,0
632,S,0,10,17,0,0,0,0.0000,0.0000,0.0000,0.0000,0,0,19,0,0,1,0,29,11,500,0,0
633,S,0,10,17,0,0,0,0.0000,0.0000,0.0000,0.0000,0,0,19,0,0,1,0,29,11,500,0,0
634,S,0,10,17,0,0,0,0.0000,0.0000,0.0000,0.0000,0,0,19,0,0,1,0,29,11,500,0,0
635,S,0,10,17,0,0,0,0.0000,0.0000,0.0000,0.0000,0,0,19,0,0,1,0,29,11,500,0,0
636,S,0,10,17,0,0,0,0.0000,0.0000,0.0000,0.0000,0,0,19,0,0,1,0,29,11,500,0,0
637,S,0,10,17,0,0,0,0.0000,0.0000,0.0000,0.0000,0,0,19,0,0,1,0,29,11,500,0,0
638,S,0,10,17,0,0,0,0.0000,0.0000,0.0000,0.0000,0,0,19,0,0,1,0,29,11,500,0,0
639,S,0,10,17,0,0,0,0.0000,0.0000,0.0000,0.0000,0,0,19,0,0,1,0,29,11,500,0,0
640,S,0,10,17,0,0,0,0.0000,0.0000,0.0000,0.0000,0,0,19,0,0,1,0,29,11,500,0,0
641,S,0,10,17,0,0,0,0.0000,0.0000,0.0000,0.0000,0,0,19,0,0,1,0,29,11,500,0,0
642,S,0,10,17,0,0,0,0.0000,0.0000,0.0000,0.0000,0,0,19,0,0,1,0,29,11,500,0,0
643,S,0,10,17,0,0,0,0.0000,0.0000,0.0000,0.0000,0,0,19,0,0,1,0,29,11,500,0,0
644,S,0,10,17,0,0,0,0.0000,0.0000,0.0000,0.0000,0,0,19,0,0,1,0,29,11,500,0,0
645,S,0,10,17,0,0,0,0.0000,0.0000,0.0000,0.0000,0,0,19,0,0,1,0,29,11,500,0,0
646,S,0,10,17,0,0,0,0.0000,0.0000,0.0000,0.0000,0,0,19,0,0,1,0,29,11,500,0,0
647,S,0,10,17,0,0,0,0.0000,0.0000,0.0000,0.0000,0,0,19,0,0,1,0,29,11,500,0,0
648,S,0,10,17,0,0,0,0.0000,0.0000,0.0000,0.0000,0,0,19,0,0,1,0,29,11,500,0,0
649,S,0,10,17,0,0,0,0.0000,0.0000,0.0000,0.0000,0,0,19,0,0,1,0,29,11,500,0,0
650,S,0,10,17,0,0,0,0.0000,0.0000,0.0000,0.0000,0,0,19,0,0,1,0,29,11,500,0,0
651,S,0,10,17,0,0,0,0.0000,0.0000,0.0000,0.0000,0,0,19,0,0,1,0,29,11,500,0,0
652,S,0,10,17,0,0,0,0.0000,0.0000,0.0000,0.0000,0,0,19,0,0,1,0,29,11,500,0,0
653,S,0,10,17,0,0,0,0.0000,0.0000,0.0000,0.0000,0,0,19,0,0,1,0,29,11,500,0,0
654,S,0,10,17,0,0,0,0.0000,0.0000,0.0000,0.0000,0,0,19,0,0,1,0,29,11,500,0,0
655,S,0,10,17,0,0,0,0.0000,0.0000,0.0000,0.0000,0,0,19,0,0,1,0,29,11,500,0,0
656,S,0,10,17,0,0,0,0.0000,0.0000,0.0000,0.0000,0,0,19,0,0,1,0,29,11,500,0,0
657,S,0,10,17,0,0,0,0.0000,0.0000,0.0000,0.0000,0,0,19,0,0,1,0,29,11,500,0,0
658,S,0,10,17,0,0,0,0.0000,0.0000,0.0000,0.0000,0,0,19,0,0,1,0,29,11,500,0,0
659,S,0,10,17,0,0,0,0.0000,0.0000,0.0000,0.0000,0,0,19,0,0,1,0,29,11,500,0,0
660,S,0,10,17,0,0,0,0.0000,0.0000,0.0000,0.0000,0,0,19,0,0,1,0,29,11,500,0,0
661,S,0,10,17,0,0,0,0.0000,0.0000,0.0000,0.0000,0,0,19,0,0,1,0,29,11,500,0,0
662,S,0,10,17,0,0,0,0.0000,0.0000,0.0000,0.0000,0,0,19,0,0,1,0,29,11,500,0,0
663,S,0,10,17,0,0,0,0.0000,0.0000,0.0000,0.0000,0,0,19,0,0,1,0,29,11,500,0,0
664,S,0,10,17,0,0,0,0.0000,0.0000,0.0000,0.0000,0,0,19,0,0,1,0,29,11,500,0,0
665,S,0,10,17,0,0,0,0.0000,0.0000,0.0000,0.0000,0,0,19,0,0,1,0,29,11,500,0,0
666,S,0,10,17,0,0,0,0.0000,0.0000,0.0000,0.0000,0,0,19,0,0,1,0,29,11,500,0,0
667,S,0,10,17,0,0,0,0.0000,0.0000,0.0000,0.0000,0,0,19,0,0,1,0,29,11,500,0,0
668,S,0,10,17,0,0,0,0.0000,0.0000,0.0000,0.0000,0,0,19,0,0,1,0,29,11,500,0,0
669,S,0,10,17,0,0,0,0.0000,0.0000,0.0000,0.0000,0,0,19,0,0,1,0,29,11,500,0,0
670,S,0,10,17,0,0,0,0.0000,0.0000,0.0000,0.0000,0,0,19,0,0,1,0,29,11,500,0,0
671,S,0,10,17,0,0,0,0.0000,0.0000,0.0000,0.0000,0,0,19,0,0,1,0,29,11,500,0,0
672,S,0,10,17,0,0,0,0.0000,0.0000,0.0000,0.0000,0,0,19,0,0,1,0,29,11,500,0,0
673,S,0,10,17,0,0,0,0.0000,0.0000,0.0000,0.0000,0,0,19,0,0,1,0,29,11,500,0,0
674,S,0,10,17,0,0,0,0.0000,0.0000,0.0000,0.0000,0,0,19,0,0,1,0,29,11,500,0,0
675,S,0,10,17,0,0,0,0.0000,0.0000,0.0000,0.0000,0,0,19,0,0,1,0,29,11,500,0,0
676,S,0,10,17,0,0,0,0.0000,0.0000,0.0000,0.0000,0,0,19,0,0,1,0,29,11,500,0,0
677,S,0,10,17,0,0,0,0.0000,0.0000,0.0000,0.0000,0,0,19,0,0,1,0,29,11,500,0,0
678,S,0,10,17,0,0,0,0.0000,0.0000,0.0000,0.0000,0,0,19,0,0,1,0,29,11,500,0,0
679,S,0,10,17,0,0,0,0.0000,0.0000,0.0000,0.0000,0,0,19,0,0,1,0,29,11,500,0,0
680,S,0,10,17,0,0,0,0.0000,0.0000,0.0000,0.0000,0,0,19,0,0,1,0,29,11,500,0,0
681,S,0,10,17,0,0,0,0.0000,0.0000,0.0000,0.0000,0,0,19,0,0,1,0,29,11,500,0,0
682,S,0,10,17,0,0,0,0.0000,0.0000,0.0000,0.0000,0,0,19,0,0,1,0,29,11,500,0,0
683,S,0,10,17,0,0,0,0.0000,0.0000,0.0000,0.0000,0,0,19,0,0,1,0,29,11,500,0,0
684,S,0,10,17,0,0,0,0.0000,0.0000,0.0000,0.0000,0,0,19,0,0,1,0,29,11,500,0,0
685,S,0,10,17,0,0,0,0.0000,0.0000,0.0000,0.0000,0,0,19,0,0,1,0,29,11,500,0,0
686,S,0,10,17,0,0,0,0.0000,0.0000,0.0000,0.0000,0,0,19,0,0,1,0,29,11,500,0,0
687,S,0,10,17,0,0,0,0.0000,0.0000,0.0000,0.0000,0,0,19,0,0,1,0,29,11,500,0,0
688,S,0,10,17,0,0,0,0.0000,0.0000,0.0000,0.0000,0,0,19,0,0,1,0,29,11,500,0,0
689,S,0,10,17,0,0,0,0.0000,0.0000,0.0000,0.0000,0,0,19,0,0,1,0,29,11,500,0,0
690,S,0,10,17,0,0,0,0.0000,0.0000,0.0000,0.0000,0,0,19,0,0,1,0,29,11,500,0,0
691,S,0,10,17,0,0,0,0.0000,0.0000,0.0000,0.0000,0,0,19,0,0,1,0,29,11,500,0,0
692,S,0,10,17,0,0,0,0.0000,0.0000,0.0000,0.0000,0,0,19,0,0,1,0,29,11,500,0,0
693,S,0,10,17,0,0,0,0.0000,0.0000,0.0000,0.0000,0,0,19,0,0,1,0,29,11,500,0,0
694,S,0,10,17,0,0,0,0.0000,0.0000,0.0000,0.0000,0,0,19,0,0,1,0,29,11,500,0,0
695,S,0,10,17,0,0,0,0.0000,0.0000,0.0000,0.0000,0,0,19,0,0,1,0,29,11,500,0,0
696,S,0,10,17,0,0,0,0.0000,0.0000,0.0000,0.0000,0,0,19,0,0,1,0,29,11,500,0,0
697,S,0,10,17,0,0,0,0.0000,0.0000,0.0000,0.0000,0,0,19,0,0,1,0,29,11,500,0,0
698,S,0,10,17,0,0,0,0.0000,0.0000,0.0000,0.0000,0,0,19,0,0,1,0,29,11,500,0,0
699,S,0,10,17,0,0,0,0.0000,0.0000,0.0000,0.0000,0,0,19,0,0,1,0,29,11,500,0,0
700,S,0,10,17,0,0,0,0.0000,0.0000,0.0000,0.0000,0,0,19,0,0,1,0,29,11,500,0,0
701,S,0,10,17,0,0,0,0.0000,0.0000,0.0000,0.0000,0,0,19,0,0,1,0,29,11,500,0,0
702,S,0,10,17,0,0,0,0.0000,0.0000,0.0000,0.0000,0,0,19,0,0,1,0,29,11,500,0,0
703,S,0,10,17,0,0,0,0.0000,0.0000,0.0000,0.0000,0,0,19,0,0,1,0,29,11,500,0,0
704,S,0,10,17,0,0,0,0.0000,0.0000,0.0000,0.0000,0,0,19,0,0,1,0,29,11,500,0,0
705,S,0,10,17,0,0,0,0.0000,0.0000,0.0000,0.0000,0,0,19,0,0,1,0,29,11,500,0,0
706,S,0,10,17,0,0,0,0.0000,0.0000,0.0000,0.0000,0,0,19,0,0,1,0,29,11,500,0,0
707,S,0,10,17,0,0,0,0.0000,0.0000,0.0000,0.0000,0,0,19,0,0,1,0,29,11,500,0,0
708,S,0,10,17,0,0,0,0.0000,0.0000,0.0000,0.0000,0,0,19,0,0,1,0,29,11,500,0,0
709,S,0,10,17,0,0,0,0.0000,0.0000,0.0000,0.0000,0,0,19,0,0,1,0,29,11,500,0,0
710,S,0,10,17,0,0,0,0.0000,0.0000,0.0000,0.0000,0,0,19,0,0,1,0,29,11,500,0,0
711,S,0,10,17,0,0,0,0.0000,0.0000,0.0000,0.0000,0,0,19,0,0,1,0,29,11,500,0,0
712,S,0,10,17,0,0,0,0.0000,0.0000,0.0000,0.0000,0,0,19,0,0,1,0,29,11,500,0,0
713,S,0,10,17,0,0,0,0.0000,0.0000,0.0000,0.0000,0,0,19,0,0,1,0,29,11,500,0,0
714,S,0,10,17,0,0,0,0.0000,0.0000,0.0000,0.0000,0,0,19,0,0,1,0,29,11,500,0,0
715,S,0,10,17,0,0,0,0.0000,0.0000,0.0000,0.0000,0,0,19,0,0,1,0,29,11,500,0,0
716,S,0,10,17,0,0,0,0.0000,0.0000,0.0000,0.0000,0,0,19,0,0,1,0,29,11,500,0,0
717,S,0,10,17,0,0,0,0.0000,0.0000,0.0000,0.0000,0,0,19,0,0,1,0,29,11,500,0,0
718,S,0,10,17,0,0,0,0.0000,0.0000,0.0000,0.0000,0,0,19,0,0,1,0,29,11,500,0,0
719,S,0,10,17,0,0,0,0.0000,0.0000,0.0000,0.0000,0,0,19,0,0,1,0,29,11,500,0,0
720,S,0,10,17,0,0,0,0.0000,0.0000,0.0000,0.0000,0,0,19,0,0,1,0,29,11,500,0,0
721,S,0,10,17,0,0,0,0.0000,0.0000,0.0000,0.0000,0,0,19,0,0,1,0,29,11,500,0,0
722,S,0,10,17,0,0,0,0.0000,0.0000,0.0000,0.0000,0,0,19,0,0,1,0,29,11,500,0,0
723,S,0,10,17,0,0,0,0.0000,0.0000,0.0000,0.0000,0,0,19,0,0,1,0,29,11,500,0,0
724,S,0,10,17,0,0,0,0.0000,0.0000,0.0000,0.0000,0,0,19,0,0,1,0,29,11,500,0,0
725,S,0,10,17,0,0,0,0.0000,0.0000,0.0000,0.0000,0,0,19,0,0,1,0,29,11,500,0,0
726,S,0,10,17,0,0,0,0.0000,0.0000,0.0000,0.0000,0,0,19,0,0,1,0,29,11,500,0,0
727,S,0,10,17,0,0,0,0.0000,0.0000,0.0000,0.0000,0,0,19,0,0,1,0,29,11,500,0,0
728,S,0,10,17,0,0,0,0.0000,0.0000,0.0000,0.0000,0,0,19,0,0,1,0,29,11,500,0,0
729,S,0,10,17,0,0,0,0.0000,0.0000,0.0000,0.0000,0,0,19,0,0,1,0,29,11,500,0,0
730,S,0,10,17,0,0,0,0.0000,0.0000,0.0000,0.0000,0,0,19,0,0,1,0,29,11,500,0,0
731,S,0,10,17,0,0,0,0.0000,0.0000,0.0000,0.0000,0,0,19,0,0,1,0,29,11,500,0,0
732,S,0,10,17,0,0,0,0.0000,0.0000,0.0000,0.0000,0,0,19,0,0,1,0,29,11,500,0,0
733,S,0,10,17,0,0,0,0.0000,0.0000,0.0000,0.0000,0,0,19,0,0,1,0,29,11,500,0,0
734,S,0,10,17,0,0,0,0.0000,0.0000,0.0000,0.0000,0,0,19,0,0,1,0,29,11,500,0,0
735,S,0,10,17,0,0,0,0.0000,0.0000,0.0000,0.0000,0,0,19,0,0,1,0,29,11,500,0,0
736,S,0,10,17,0,0,0,0.0000,0.0000,0.0000,0.0000,0,0,19,0,0,1,0,29,11,500,0,0
737,S,0,10,17,0,0,0,0.0000,0.0000,0.0000,0.0000,0,0,19,0,0,1,0,29,11,500,0,0
738,S,0,10,17,0,0,0,0.0000,0.0000,0.0000,0.0000,0,0,19,0,0,1,0,29,11,500,0,0
739,S,0,10,17,0,0,0,0.0000,0.0000,0.0000,0.0000,0,0,19,0,0,1,0,29,11,500,0,0
740,S,0,10,17,0,0,0,0.0000,0.0000,0.0000,0.0000,0,0,19,0,0,1,0,29,11,500,0,0
741,S,0,10,17,0,0,0,0.0000,0.0000,0.0000,0.0000,0,0,19,0,0,1,0,29,11,500,0,0
742,S,0,10,17,0,0,0,0.0000,0.0000,0.0000,0.0000,0,0,19,0,0,1,0,29,11,500,0,0
743,S,0,10,17,0,0,0,0.0000,0.0000,0.0000,0.0000,0,0,19,0,0,1,0,29,11,500,0,0
744,S,0,10,17,0,0,0,0.0000,0.0000,0.0000,0.0000,0,0,19,0,0,1,0,29,11,500,0,0
745,S,0,10,17,0,0,0,0.0000,0.0000,0.0000,0.0000,0,0,19,0,0,1,0,29,11,500,0,0
746,S,0,10,17,0,0,0,0.0000,0.0000,0.0000,0.0000,0,0,19,0,0,1,0,29,11,500,0,0
747,S,0,10,17,0,0,0,0.0000,0.0000,0.0000,0.0000,0,0,19,0,0,1,0,29,11,500,0,0
748,S,0,10,17,0,0,0,0.0000,0.0000,0.0000,0.0000,0,0,19,0,0,1,0,29,11,500,0,0
749,S,0,10,17,0,0,0,0.0000,0.0000,0.0000,0.0000,0,0,19,0,0,1,0,29,11,500,0,0
750,S,0,10,17,0,0,0,0.0000,0.0000,0.0000,0.0000,0,0,19,0,0,1,0,29,11,500,0,0
751,S,0,10,17,0,0,0,0.0000,0.0000,0.0000,0.0000,0,0,19,0,0,1,0,29,11,500,0,0
752,S,0,10,17,0,0,0,0.0000,0.0000,0.0000,0.0000,0,0,19,0,0,1,0,29,11,500,0,0
753,S,0,10,17,0,0,0,0.0000,0.0000,0.0000,0.0000,0,0,19,0,0,1,0,29,11,500,0,0
754,S,0,10,17,0,0,0,0.0000,0.0000,0.0000,0.0000,0,0,19,0,0,1,0,29,11,500,0,0
755,S,0,10,17,0,0,0,0.0000,0.0000,0.0000,0.0000,0,0,19,0,0,1,0,29,11,500,0,0
756,S,0,10,17,0,0,0,0.0000,0.0000,0.0000,0.0000,0,0,19,0,0,1,0,29,11,500,0,0
757,S,0,10,17,0,0,0,0.0000,0.0000,0.0000,0.0000,0,0,19,0,0,1,0,29,11,500,0,0
758,S,0,10,17,0,0,0,0.0000,0.0000,0.0000,0.0000,0,0,19,0,0,1,0,29,11,500,0,0
759,S,0,10,17,0,0,0,0.0000,0.0000,0.0000,0.0000,0,0,19,0,0,1,0,29,11,500,0,0
760,S,0,10,17,0,0,0,0.0000,0.0000,0.0000,0.0000,0,0,19,0,0,1,0,29,11,500,0,0
761,S,0,10,17,0,0,0,0.0000,0.0000,0.0000,0.0000,0,0,19,0,0,1,0,29,11,500,0,0
762,S,0,10,17,0,0,0,0.0000,0.0000,0.0000,0.0000,0,0,19,0,0,1,0,29,11,500,0,0
763,S,0,10,17,0,0,0,0.0000,0.0000,0.0000,0.0000,0,0,19,0,0,1,0,29,11,500,0,0
764,S,0,10,17,0,0,0,0.0000,0.0000,0.0000,0.0000,0,0,19,0,0,1,0,29,11,500,0,0
765,S,0,10,17,0,0,0,0.0000,0.0000,0.0000,0.0000,0,0,19,0,0,1,0,29,11,500,0,0
766,S,0,10,17,0,0,0,0.0000,0.0000,0.0000,0.0000,0,0,19,0,0,1,0,29,11,500,0,0
767,S,0,10,17,0,0,0,0.0000,0.0000,0.0000,0.0000,0,0,19,0,0,1,0,29,11,500,0,0
768,S,0,10,17,0,0,0,0.0000,0.0000,0.0000,0.0000,0,0,19,0,0,1,0,29,11,500,0,0
769,S,0,10,17,0,0,0,0.0000,0.0000,0.0000,0.0000,0,0,19,0,0,1,0,29,11,500,0,0
770,S,0,10,17,0,0,0,0.0000,0.0000,0.0000,0.0000,0,0,19,0,0,1,0,29,11,500,0,0
771,S,0,10,17,0,0,0,0.0000,0.0000,0.0000,0.0000,0,0,19,0,0,1,0,29,11,500,0,0
772,S,0,10,17,0,0,0,0.0000,0.0000,0.0000,0.0000,0,0,19,0,0,1,0,29,11,500,0,0
773,S,0,10,17,0,0,0,0.0000,0.0000,0.0000,0.0000,0,0,19,0,0,1,0,29,11,500,0,0
774,S,0,10,17,0,0,0,0.0000,0.0000,0.0000,0.0000,0,0,19,0,0,1,0,29,11,500,0,0
775,S,0,10,17,0,0,0,0.0000,0.0000,0.0000,0.0000,0,0,19,0,0,1,0,29,11,500,0,0
776,S,0,10,17,0,0,0,0.0000,0.0000,0.0000,0.0000,0,0,19,0,0,1,0,29,11,500,0,0
777,S,0,10,17,0,0,0,0.0000,0.0000,0.0000,0.0000,0,0,19,0,0,1,0,29,11,500,0,0
778,S,0,10,17,0,0,0,0.0000,0.0000,0.0000,0.0000,0,0,19,0,0,1,0,29,11,500,0,0
779,S,0,10,17,0,0,0,0.0000,0.0000,0.0000,0.0000,0,0,19,0,0,1,0,29,11,500,0,0
780,S,0,10,17,0,0,0,0.0000,0.0000,0.0000,0.0000,0,0,19,0,0,1,0,29,11,500,0,0
781,S,0,10,17,0,0,0,0.0000,0.0000,0.0000,0.0000,0,0,19,0,0,1,0,29,11,500,0,0
782,S,0,10,17,0,0,0,0.0000,0.0000,0.0000,0.0000,0,0,19,0,0,1,0,29,11,500,0,0
783,S,0,10,17,0,0,0,0.0000,0.0000,0.0000,0.0000,0,0,19,0,0,1,0,29,11,500,0,0
784,S,0,10,17,0,0,0,0.0000,0.0000,0.0000,0.0000,0,0,19,0,0,1,0,29,11,500,0,0
785,S,0,10,17,0,0,0,0.0000,0.0000,0.0000,0.0000,0,0,19,0,0,1,0,29,11,500,0,0
786,S,0,10,17,0,0,0,0.0000,0.0000,0.0000,0.0000,0,0,19,0,0,1,0,29,11,500,0,0
787,S,0,10,17,0,0,0,0.0000,0.0000,0.0000,0.0000,0,0,19,0,0,1,0,29,11,500,0,0
788,S,0,10,17,0,0,0,0.0000,0.0000,0.0000,0.0000,0,0,19,0,0,1,0,29,11,500,0,0
789,S,0,10,17,0,0,0,0.0000,0.0000,0.0000,0.0000,0,0,19,0,0,1,0,29,11,500,0,0
790,S,0,10,17,0,0,0,0.0000,0.0000,0.0000,0.0000,0,0,19,0,0,1,0,29,11,500,0,0
791,S,0,10,17,0,0,0,0.0000,0.0000,0.0000,0.0000,0,0,19,0,0,1,0,29,11,500,0,0
792,S,0,10,17,0,0,0,0.0000,0.0000,0.0000,0.0000,0,0,19,0,0,1,0,29,11,500,0,0
793,S,0,10,17,0,0,0,0.0000,0.0000,0.0000,0.0000,0,0,19,0,0,1,0,29,11,500,0,0
794,S,0,10,17,0,0,0,0.0000,0.0000,0.0000,0.0000,0,0,19,0,0,1,0,29,11,500,0,0
795,S,0,10,17,0,0,0,0.0000,0.0000,0.0000,0.0000,0,0,19,0,0,1,0,29,11,500,0,0
796,S,0,10,17,0,0,0,0.0000,0.0000,0.0000,0.0000,0,0,19,0,0,1,0,29,11,500,0,0
797,S,0,10,17,0,0,0,0.0000,0.0000,0.0000,0.0000,0,0,19,0,0,1,0,29,11,500,0,0
798,S,0,10,17,0,0,0,0.0000,0.0000,0.0000,0.0000,0,0,19,0,0,1,0,29,11,500,0,0
799,S,0,10,17,0,0,0,0.0000,0.0000,0.0000,0.0000,0,0,19,0,0,1,0,29,11,500,0,0
800,S,0,10,17,0,0,0,0.0000,0.0000,0.0000,0.0000,0,0,19,0,0,1,0,29,11,500,0,0
801,S,0,10,17,0,0,0,0.0000,0.0000,0.0000,0.0000,0,0,19,0,0,1,0,29,11,500,0,0
802,S,0,10,17,0,0,0,0.0000,0.0000,0.0000,0.0000,0,0,19,0,0,1,0,29,11,500,0,0
803,S,0,10,17,0,0,0,0.0000,0.0000,0.0000,0.0000,0,0,19,0,0,1,0,29,11,500,0,0
804,S,0,10,17,0,0,0,0.0000,0.0000,0.0000,0.0000,0,0,19,0,0,1,0,29,11,500,0,0
805,S,0,10,17,0,0,0,0.0000,0.0000,0.0000,0.0000,0,0,19,0,0,1,0,29,11,500,0,0
806,S,0,10,17,0,0,0,0.0000,0.0000,0.0000,0.0000,0,0,19,0,0,1,0,29,11,500,0,0
807,S,0,10,17,0,0,0,0.0000,0.0000,0.0000,0.0000,0,0,19,0,0,1,0,29,11,500,0,0
808,S,0,10,17,0,0,0,0.0000,0.0000,0.0000,0.0000,0,0,19,0,0,1,0,29,11,500,0,0
809,S,0,10,17,0,0,0,0.0000,0.0000,0.0000,0.0000,0,0,19,0,0,1,0,29,11,500,0,0
810,S,0,10,17,0,0,0,0.0000,0.0000,0.0000,0.0000,0,0,19,0,0,1,0,29,11,500,0,0
811,S,0,10,17,0,0,0,0.0000,0.0000,0.0000,0.0000,0,0,19,0,0,1,0,29,11,500,0,0
812,S,0,10,17,0,0,0,0.0000,0.0000,0.0000,0.0000,0,0,19,0,0,1,0,29,11,500,0,0
813,S,0,10,17,0,0,0,0.0000,0.0000,0.0000,0.0000,0,0,19,0,0,1,0,29,11,500,0,0
814,S,0,10,17,0,0,0,0.0000,0.0000,0.0000,0.0000,0,0,19,0,0,1,0,29,11,500,0,0
815,S,0,10,17,0,0,0,0.0000,0.0000,0.0000,0.0000,0,0,19,0,0,1,0,29,11,500,0,0
816,S,0,10,17,0,0,0,0.0000,0.0000,0.0000,0.0000,0,0,19,0,0,1,0,29,11,500,0,0
817,S,0,10,17,0,0,0,0.0000,0.0000,0.0000,0.0000,0,0,19,0,0,1,0,29,11,500,0,0
818,S,0,10,17,0,0,0,0.0000,0.0000,0.0000,0.0000,0,0,19,0,0,1,0,29,11,500,0,0
819,S,0,10,17,0,0,0,0.0000,0.0000,0.0000,0.0000,0,0,19,0,0,1,0,29,11,500,0,0
820,S,0,10,17,0,0,0,0.0000,0.0000,0.0000,0.0000,0,0,19,0,0,1,0,29,11,500,0,0
821,S,0,10,17,0,0,0,0.0000,0.0000,0.0000,0.0000,0,0,19,0,0,1,0,29,11,500,0,0
822,S,0,10,17,0,0,0,0.0000,0.0000,0.0000,0.0000,0,0,19,0,0,1,0,29,11,500,0,0
823,S,0,10,17,0,0,0,0.0000,0.0000,0.0000,0.0000,0,0,19,0,0,1,0,29,11,500,0,0
824,S,0,10,17,0,0,0,0.0000,0.0000,0.0000,0.0000,0,0,19,0,0,1,0,29,11,500,0,0
825,S,0,10,17,0,0,0,0.0000,0.0000,0.0000,0.0000,0,0,19,0,0,1,0,29,11,500,0,0
826,S,0,10,17,0,0,0,0.0000,0.0000,0.0000,0.0000,0,0,19,0,0,1,0,29,11,500,0,0
827,S,0,10,17,0,0,0,0.0000,0.0000,0.0000,0.0000,0,0,19,0,0,1,0,29,11,500,0,0
828,S,0,10,17,0,0,0,0.0000,0.0000,0.0000,0.0000,0,0,19,0,0,1,0,29,11,500,0,0
829,S,0,10,17,0,0,0,0.0000,0.0000,0.0000,0.0000,0,0,19,0,0,1,0,29,11,500,0,0
830,S,0,10,17,0,0,0,0.0000,0.0000,0.0000,0.0000,0,0,19,0,0,1,0,29,11,500,0,0
831,S,0,10,17,0,0,0,0.0000,0.0000,0.0000,0.0000,0,0,19,0,0,1,0,29,11,500,0,0
832,S,0,10,17,0,0,0,0.0000,0.0000,0.0000,0.0000,0,0,19,0,0,1,0,29,11,500,0,0
833,S,0,10,17,0,0,0,0.0000,0.0000,0.0000,0.0000,0,0,19,0,0,1,0,29,11,500,0,0
834,S,0,10,17,0,0,0,0.0000,0.0000,0.0000,0.0000,0,0,19,0,0,1,0,29,11,500,0,0
835,S,0,10,17,0,0,0,0.0000,0.0000,0.0000,0.0000,0,0,19,0,0,1,0,29,11,500,0,0
836,S,0,10,17,0,0,0,0.0000,0.0000,0.0000,0.0000,0,0,19,0,0,1,0,29,11,500,0,0
837,S,0,10,17,0,0,0,0.0000,0.0000,0.0000,0.0000,0,0,19,0,0,1,0,29,11,500,0,0
838,S,0,10,17,0,0,0,0.0000,0.0000,0.0000,0.0000,0,0,19,0,0,1,0,29,11,500,0,0
839,S,0,10,17,0,0,0,0.0000,0.0000,0.0000,0.0000,0,0,19,0,0,1,0,29,11,500,0,0
840,S,0,10,17,0,0,0,0.0000,0.0000,0.0000,0.0000,0,0,19,0,0,1,0,29,11,500,0,0
841,S,0,10,17,0,0,0,0.0000,0.0000,0.0000,0.0000,0,0,19,0,0,1,0,29,11,500,0,0
842,S,0,10,17,0,0,0,0.0000,0.0000,0.0000,0.0000,0,0,19,0,0,1,0,29,11,500,0,0
843,S,0,10,17,0,0,0,0.0000,0.0000,0.0000,0.0000,0,0,19,0,0,1,0,29,11,500,0,0
844,S,0,10,17,0,0,0,0.0000,0.0000,0.0000,0.0000,0,0,19,0,0,1,0,29,11,500,0,0
845,S,0,10,17,0,0,0,0.0000,0.0000,0.0000,0.0000,0,0,19,0,0,1,0,29,11,500,0,0
846,S,0,10,17,0,0,0,0.0000,0.0000,0.0000,0.0000,0,0,19,0,0,1,0,29,11,500,0,0
847,S,0,10,17,0,0,0,0.0000,0.0000,0.0000,0.0000,0,0,19,0,0,1,0,29,11,500,0,0
848,S,0,10,17,0,0,0,0.0000,0.0000,0.0000,0.0000,0,0,19,0,0,1,0,29,11,500,0,0
849,S,0,10,17,0,0,0,0.0000,0.0000,0.0000,0.0000,0,0,19,0,0,1,0,29,11,500,0,0
850,S,0,10,17,0,0,0,0.0000,0.0000,0.0000,0.0000,0,0,19,0,0,1,0,29,11,500,0,0
851,S,0,10,17,0,0,0,0.0000,0.0000,0.0000,0.0000,0,0,19,0,0,1,0,29,11,500,0,0
852,S,0,10,17,0,0,0,0.0000,0.0000,0.0000,0.0000,0,0,19,0,0,1,0,29,11,500,0,0
853,S,0,10,17,0,0,0,0.0000,0.0000,0.0000,0.0000,0,0,19,0,0,1,0,29,11,500,0,0
854,S,0,10,17,0,0,0,0.0000,0.0000,0.0000,0.0000,0,0,19,0,0,1,0,29,11,500,0,0
855,S,0,10,17,0,0,0,0.0000,0.0000,0.0000,0.0000,0,0,19,0,0,1,0,29,11,500,0,0
856,S,0,10,17,0,0,0,0.0000,0.0000,0.0000,0.0000,0,0,19,0,0,1,0,29,11,500,0,0
857,S,0,10,17,0,0,0,0.0000,0.0000,0.0000,0.0000,0,0,19,0,0,1,0,29,11,500,0,0
858,S,0,10,17,0,0,0,0.0000,0.0000,0.0000,0.0000,0,0,19,0,0,1,0,29,11,500,0,0
859,S,0,10,17,0,0,0,0.0000,0.0000,0.0000,0.0000,0,0,19,0,0,1,0,29,11,500,0,0
860,S,0,10,17,0,0,0,0.0000,0.0000,0.0000,0.0000,0,0,19,0,0,1,0,29,11,500,0,0
861,S,0,10,17,0,0,0,0.0000,0.0000,0.0000,0.0000,0,0,19,0,0,1,0,29,11,500,0,0
862,S,0,10,17,0,0,0,0.0000,0.0000,0.0000,0.0000,0,0,19,0,0,1,0,29,11,500,0,0
863,S,0,10,17,0,0,0,0.0000,0.0000,0.0000,0.0000,0,0,19,0,0,1,0,29,11,500,0,0
864,S,0,10,17,0,0,0,0.0000,0.0000,0.0000,0.0000,0,0,19,0,0,1,0,29,11,500,0,0
865,S,0,10,17,0,0,0,0.0000,0.0000,0.0000,0.0000,0,0,19,0,0,1,0,29,11,500,0,0
866,S,0,10,17,0,0,0,0.0000,0.0000,0.0000,0.0000,0,0,19,0,0,1,0,29,11,500,0,0
867,S,0,10,17,0,0,0,0.0000,0.0000,0.0000,0.0000,0,0,19,0,0,1,0,29,11,500,0,0
868,S,0,10,17,0,0,0,0.0000,0.0000,0.0000,0.0000,0,0,19,0,0,1,0,29,11,500,0,0
869,S,0,10,17,0,0,0,0.0000,0.0000,0.0000,0.0000,0,0,19,0,0,1,0,29,11,500,0,0
870,S,0,10,17,0,0,0,0.0000,0.0000,0.0000,0.0000,0,0,19,0,0,1,0,29,11,500,0,0
871,S,0,10,17,0,0,0,0.0000,0.0000,0.0000,0.0000,0,0,19,0,0,1,0,29,11,500,0,0
872,S,0,10,17,0,0,0,0.0000,0.0000,0.0000,0.0000,0,0,19,0,0,1,0,29,11,500,0,0
873,S,0,10,17,0,0,0,0.0000,0.0000,0.0000,0.0000,0,0,19,0,0,1,0,29,11,500,0,0
874,S,0,10,17,0,0,0,0.0000,0.0000,0.0000,0.0000,0,0,19,0,0,1,0,29,11,500,0,0
875,S,0,10,17,0,0,0,0.0000,0.0000,0.0000,0.0000,0,0,19,0,0,1,0,29,11,500,0,0
876,S,0,10,17,0,0,0,0.0000,0.0000,0.0000,0.0000,0,0,19,0,0,1,0,29,11,500,0,0
877,S,0,10,17,0,0,0,0.0000,0.0000,0.0000,0.0000,0,0,19,0,0,1,0,29,11,500,0,0
878,S,0,10,17,0,0,0,0.0000,0.0000,0.0000,0.0000,0,0,19,0,0,1,0,29,11,500,0,0
879,S,0,10,17,0,0,0,0.0000,0.0000,0.0000,0.0000,0,0,19,0,0,1,0,29,11,500,0,0
880,S,0,10,17,0,0,0,0.0000,0.0000,0.0000,0.0000,0,0,19,0,0,1,0,29,11,500,0,0
881,S,0,10,17,0,0,0,0.0000,0.0000,0.0000,0.0000,0,0,19,0,0,1,0,29,11,500,0,0
882,S,0,10,17,0,0,0,0.0000,0.0000,0.0000,0.0000,0,0,19,0,0,1,0,29,11,500,0,0
883,S,0,10,17,0,0,0,0.0000,0.0000,0.0000,0.0000,0,0,19,0,0,1,0,29,11,500,0,0
884,S,0,10,17,0,0,0,0.0000,0.0000,0.0000,0.0000,0,0,19,0,0,1,0,29,11,500,0,0
885,S,0,10,17,0,0,0,0.0000,0.0000,0.0000,0.0000,0,0,19,0,0,1,0,29,11,500,0,0
886,S,0,10,17,0,0,0,0.0000,0.0000,0.0000,0.0000,0,0,19,0,0,1,0,29,11,500,0,0
887,S,0,10,17,0,0,0,0.0000,0.0000,0.0000,0.0000,0,0,19,0,0,1,0,29,11,500,0,0
888,S,0,10,17,0,0,0,0.0000,0.0000,0.0000,0.0000,0,0,19,0,0,1,0,29,11,500,0,0
889,S,0,10,17,0,0,0,0.0000,0.0000,0.0000,0.0000,0,0,19,0,0,1,0,29,11,500,0,0
890,S,0,10,17,0,0,0,0.0000,0.0000,0.0000,0.0000,0,0,19,0,0,1,0,29,11,500,0,0
891,S,0,10,17,0,0,0,0.0000,0.0000,0.0000,0.0000,0,0,19,0,0,1,0,29,11,500,0,0
892,S,0,10,17,0,0,0,0.0000,0.0000,0.0000,0.0000,0,0,19,0,0,1,0,29,11,500,0,0
893,S,0,10,17,0,0,0,0.0000,0.0000,0.0000,0.0000,0,0,19,0,0,1,0,29,11,500,0,0
894,S,0,10,17,0,0,0,0.0000,0.0000,0.0000,0.0000,0,0,19,0,0,1,0,29,11,500,0,0
895,S,0,10,17,0,0,0,0.0000,0.0000,0.0000,0.0000,0,0,19,0,0,1,0,29,11,500,0,0
896,S,0,10,17,0,0,0,0.0000,0.0000,0.0000,0.0000,0,0,19,0,0,1,0,29,11,500,0,0
897,S,0,10,17,0,0,0,0.0000,0.0000,0.0000,0.0000,0,0,19,0,0,1,0,29,11,500,0,0
898,S,0,10,17,0,0,0,0.0000,0.0000,0.0000,0.0000,0,0,19,0,0,1,0,29,11,500,0,0
899,S,0,10,17,0,0,0,0.0000,0.0000,0.0000,0.0000,0,0,19,0,0,1,0,29,11,500,0,0
900,S,0,10,17,0,0,0,0.0000,0.0000,0.0000,0.0000,0,0,19,0,0,1,0,29,11,500,0,0
901,S,0,10,17,0,0,0,0.0000,0.0000,0.0000,0.0000,0,0,19,0,0,1,0,29,11,500,0,0
902,S,0,10,17,0,0,0,0.0000,0.0000,0.0000,0.0000,0,0,19,0,0,1,0,29,11,500,0,0
903,S,0,10,17,0,0,0,0.0000,0.0000,0.0000,0.0000,0,0,19,0,0,1,0,29,11,500,0,0
904,S,0,10,17,0,0,0,0.0000,0.0000,0.0000,0.0000,0,0,19,0,0,1,0,29,11,500,0,0
905,S,0,10,17,0,0,0,0.0000,0.0000,0.0000,0.0000,0,0,19,0,0,1,0,29,11,500,0,0
906,S,0,10,17,0,0,0,0.0000,0.0000,0.0000,0.0000,0,0,19,0,0,1,0,29,11,500,0,0
907,S,0,10,17,0,0,0,0.0000,0.0000,0.0000,0.0000,0,0,19,0,0,1,0,29,11,500,0,0
908,S,0,10,17,0,0,0,0.0000,0.0000,0.0000,0.0000,0,0,19,0,0,1,0,29,11,500,0,0
909,S,0,10,17,0,0,0,0.0000,0.0000,0.0000,0.0000,0,0,19,0,0,1,0,29,11,500,0,0
910,S,0,10,17,0,0,0,0.0000,0.0000,0.0000,0.0000,0,0,19,0,0,1,0,29,11,500,0,0
911,S,0,10,17,0,0,0,0.0000,0.0000,0.0000,0.0000,0,0,19,0,0,1,0,29,11,500,0,0
912,S,0,10,17,0,0,0,0.0000,0.0000,0.0000,0.0000,0,0,19,0,0,1,0,29,11,500,0,0
913,S,0,10,17,0,0,0,0.0000,0.0000,0.0000,0.0000,0,0,19,0,0,1,0,29,11,500,0,0
914,S,0,10,17,0,0,0,0.0000,0.0000,0.0000,0.0000,0,0,19,0,0,1,0,29,11,500,0,0
915,S,0,10,17,0,0,0,0.0000,0.0000,0.0000,0.0000,0,0,19,0,0,1,0,29,11,500,0,0
916,S,0,10,17,0,0,0,0.0000,0.0000,0.0000,0.0000,0,0,19,0,0,1,0,29,11,500,0,0
917,S,0,10,17,0,0,0,0.0000,0.0000,0.0000,0.0000,0,0,19,0,0,1,0,29,11,500,0,0
918,S,0,10,17,0,0,0,0.0000,0.0000,0.0000,0.0000,0,0,19,0,0,1,0,29,11,500,0,0
919,S,0,10,17,0,0,0,0.0000,0.0000,0.0000,0.0000,0,0,19,0,0,1,0,29,11,500,0,0
920,S,0,10,17,0,0,0,0.0000,0.0000,0.0000,0.0000,0,0,19,0,0,1,0,29,11,500,0,0
921,S,0,10,17,0,0,0,0.0000,0.0000,0.0000,0.0000,0,0,19,0,0,1,0,29,11,500,0,0
922,S,0,10,17,0,0,0,0.0000,0.0000,0.0000,0.0000,0,0,19,0,0,1,0,29,11,500,0,0
923,S,0,10,17,0,0,0,0.0000,0.0000,0.0000,0.0000,0,0,19,0,0,1,0,29,11,500,0,0
924,S,0,10,17,0,0,0,0.0000,0.0000,0.0000,0.0000,0,0,19,0,0,1,0,29,11,500,0,0
925,S,0,10,17,0,0,0,0.0000,0.0000,0.0000,0.0000,0,0,19,0,0,1,0,29,11,500,0,0
926,S,0,10,17,0,0,0,0.0000,0.0000,0.0000,0.0000,0,0,19,0,0,1,0,29,11,500,0,0
927,S,0,10,17,0,0,0,0.0000,0.0000,0.0000,0.0000,0,0,19,0,0,1,0,29,11,500,0,0
928,S,0,10,17,0,0,0,0.0000,0.0000,0.0000,0.0000,0,0,19,0,0,1,0,29,11,500,0,0
929,S,0,10,17,0,0,0,0.0000,0.0000,0.0000,0.0000,0,0,19,0,0,1,0,29,11,500,0,0
930,S,0,10,17,0,0,0,0.0000,0.0000,0.0000,0.0000,0,0,19,0,0,1,0,29,11,500,0,0
931,S,0,10,17,0,0,0,0.0000,0.0000,0.0000,0.0000,0,0,19,0,0,1,0,29,11,500,0,0
932,S,0,10,17,0,0,0,0.0000,0.0000,0.0000,0.0000,0,0,19,0,0,1,0,29,11,500,0,0
933,S,0,10,17,0,0,0,0.0000,0.0000,0.0000,0.0000,0,0,19,0,0,1,0,29,11,500,0,0
934,S,0,10,17,0,0,0,0.0000,0.0000,0.0000,0.0000,0,0,19,0,0,1,0,29,11,500,0,0
935,S,0,10,17,0,0,0,0.0000,0.0000,0.0000,0.0000,0,0,19,0,0,1,0,29,11,500,0,0
936,S,0,10,17,0,0,0,0.0000,0.0000,0.0000,0.0000,0,0,19,0,0,1,0,29,11,500,0,0
937,S,0,10,17,0,0,0,0.0000,0.0000,0.0000,0.0000,0,0,19,0,0,1,0,29,11,500,0,0
938,S,0,10,17,0,0,0,0.0000,0.0000,0.0000,0.0000,0,0,19,0,0,1,0,29,11,500,0,0
939,S,0,10,17,0,0,0,0.0000,0.0000,0.0000,0.0000,0,0,19,0,0,1,0,29,11,500,0,0
940,S,0,10,17,0,0,0,0.0000,0.0000,0.0000,0.0000,0,0,19,0,0,1,0,29,11,500,0,0
941,S,0,10,17,0,0,0,0.0000,0.0000,0.0000,0.0000,0,0,19,0,0,1,0,29,11,500,0,0
942,S,0,10,17,0,0,0,0.0000,0.0000,0.0000,0.0000,0,0,19,0,0,1,0,29,11,500,0,0
943,S,0,10,17,0,0,0,0.0000,0.0000,0.0000,0.0000,0,0,19,0,0,1,0,29,11,500,0,0
944,S,0,10,17,0,0,0,0.0000,0.0000,0.0000,0.0000,0,0,19,0,0,1,0,29,11,500,0,0
945,S,0,10,17,0,0,0,0.0000,0.0000,0.0000,0.0000,0,0,19,0,0,1,0,29,11,500,0,0
946,S,0,10,17,0,0,0,0.0000,0.0000,0.0000,0.0000,0,0,19,0,0,1,0,29,11,500,0,0
947,S,0,10,17,0,0,0,0.0000,0.0000,0.0000,0.0000,0,0,19,0,0,1,0,29,11,500,0,0
948,S,0,10,17,0,0,0,0.0000,0.0000,0.0000,0.0000,0,0,19,0,0,1,0,29,11,500,0,0
949,S,0,10,17,0,0,0,0.0000,0.0000,0.0000,0.0000,0,0,19,0,0,1,0,29,11,500,0,0
950,S,0,10,17,0,0,0,0.0000,0.0000,0.0000,0.0000,0,0,19,0,0,1,0,29,11,500,0,0
951,S,0,10,17,0,0,0,0.0000,0.0000,0.0000,0.0000,0,0,19,0,0,1,0,29,11,500,0,0
952,S,0,10,17,0,0,0,0.0000,0.0000,0.0000,0.0000,0,0,19,0,0,1,0,29,11,500,0,0
953,S,0,10,17,0,0,0,0.0000,0.0000,0.0000,0.0000,0,0,19,0,0,1,0,29,11,500,0,0
954,S,0,10,17,0,0,0,0.0000,0.0000,0.0000,0.0000,0,0,19,0,0,1,0,29,11,500,0,0
955,S,0,10,17,0,0,0,0.0000,0.0000,0.0000,0.0000,0,0,19,0,0,1,0,29,11,500,0,0
956,S,0,10,17,0,0,0,0.0000,0.0000,0.0000,0.0000,0,0,19,0,0,1,0,29,11,500,0,0
957,S,0,10,17,0,0,0,0.0000,0.0000,0.0000,0.0000,0,0,19,0,0,1,0,29,11,500,0,0
958,S,0,10,17,0,0,0,0.0000,0.0000,0.0000,0.0000,0,0,19,0,0,1,0,29,11,500,0,0
959,S,0,10,17,0,0,0,0.0000,0.0000,0.0000,0.0000,0,0,19,0,0,1,0,29,11,500,0,0
960,S,0,10,17,0,0,0,0.0000,0.0000,0.0000,0.0000,0,0,19,0,0,1,0,29,11,500,0,0
961,S,0,10,17,0,0,0,0.0000,0.0000,0.0000,0.0000,0,0,19,0,0,1,0,29,11,500,0,0
962,S,0,10,17,0,0,0,0.0000,0.0000,0.0000,0.0000,0,0,19,0,0,1,0,29,11,500,0,0
963,S,0,10,17,0,0,0,0.0000,0.0000,0.0000,0.0000,0,0,19,0,0,1,0,29,11,500,0,0
964,S,0,10,17,0,0,0,0.0000,0.0000,0.0000,0.0000,0,0,19,0,0,1,0,29,11,500,0,0
965,S,0,10,17,0,0,0,0.0000,0.0000,0.0000,0.0000,0,0,19,0,0,1,0,29,11,500,0,0
966,S,0,10,17,0,0,0,0.0000,0.0000,0.0000,0.0000,0,0,19,0,0,1,0,29,11,500,0,0
967,S,0,10,17,0,0,0,0.0000,0.0000,0.0000,0.0000,0,0,19,0,0,1,0,29,11,500,0,0
968,S,0,10,17,0,0,0,0.0000,0.0000,0.0000,0.0000,0,0,19,0,0,1,0,29,11,500,0,0
969,S,0,10,17,0,0,0,0.0000,0.0000,0.0000,0.0000,0,0,19,0,0,1,0,29,11,500,0,0
970,S,0,10,17,0,0,0,0.0000,0.0000,0.0000,0.0000,0,0,19,0,0,1,0,29,11,500,0,0
971,S,0,10,17,0,0,0,0.0000,0.0000,0.0000,0.0000,0,0,19,0,0,1,0,29,11,500,0,0
972,S,0,10,17,0,0,0,0.0000,0.0000,0.0000,0.0000,0,0,19,0,0,1,0,29,11,500,0,0
973,S,0,10,17,0,0,0,0.0000,0.0000,0.0000,0.0000,0,0,19,0,0,1,0,29,11,500,0,0
974,S,0,10,17,0,0,0,0.0000,0.0000,0.0000,0.0000,0,0,19,0,0,1,0,29,11,500,0,0
975,S,0,10,17,0,0,0,0.0000,0.0000,0.0000,0.0000,0,0,19,0,0,1,0,29,11,500,0,0
976,S,0,10,17,0,0,0,0.0000,0.0000,0.0000,0.0000,0,0,19,0,0,1,0,29,11,500,0,0
977,S,0,10,17,0,0,0,0.0000,0.0000,0.0000,0.0000,0,0,19,0,0,1,0,29,11,500,0,0
978,S,0,10,17,0,0,0,0.0000,0.0000,0.0000,0.0000,0,0,19,0,0,1,0,29,11,500,0,0
979,S,0,10,17,0,0,0,0.0000,0.0000,0.0000,0.0000,0,0,19,0,0,1,0,29,11,500,0,0
980,S,0,10,17,0,0,0,0.0000,0.0000,0.0000,0.0000,0,0,19,0,0,1,0,29,11,500,0,0
981,S,0,10,17,0,0,0,0.0000,0.0000,0.0000,0.0000,0,0,19,0,0,1,0,29,11,500,0,0
982,S,0,10,17,0,0,0,0.0000,0.0000,0.0000,0.0000,0,0,19,0,0,1,0,29,11,500,0,0
983,S,0,10,17,0,0,0,0.0000,0.0000,0.0000,0.0000,0,0,19,0,0,1,0,29,11,500,0,0
984,S,0,10,17,0,0,0,0.0000,0.0000,0.0000,0.0000,0,0,19,0,0,1,0,29,11,500,0,0
985,S,0,10,17,0,0,0,0.0000,0.0000,0.0000,0.0000,0,0,19,0,0,1,0,29,11,500,0,0
986,S,0,10,17,0,0,0,0.0000,0.0000,0.0000,0.0000,0,0,19,0,0,1,0,29,11,500,0,0
987,S,0,10,17,0,0,0,0.0000,0.0000,0.0000,0.0000,0,0,19,0,0,1,0,29,11,500,0,0
988,S,0,10,17,0,0,0,0.0000,0.0000,0.0000,0.0000,0,0,19,0,0,1,0,29,11,500,0,0
989,S,0,10,17,0,0,0,0.0000,0.0000,0.0000,0.0000,0,0,19,0,0,1,0,29,11,500,0,0
990,S,0,10,17,0,0,0,0.0000,0.0000,0.0000,0.0000,0,0,19,0,0,1,0,29,11,500,0,0
991,S,0,10,17,0,0,0,0.0000,0.0000,0.0000,0.0000,0,0,19,0,0,1,0,29,11,500,0,0
992,S,0,10,17,0,0,0,0.0000,0.0000,0.0000,0.0000,0,0,19,0,0,1,0,29,11,500,0,0
993,S,0,10,17,0,0,0,0.0000,0.0000,0.0000,0.0000,0,0,19,0,0,1,0,29,11,500,0,0
994,S,0,10,17,0,0,0,0.0000,0.0000,0.0000,0.0000,0,0,19,0,0,1,0,29,11,500,0,0
995,S,0,10,17,0,0,0,0.0000,0.0000,0.0000,0.0000,0,0,19,0,0,1,0,29,11,500,0,0
996,S,0,10,17,0,0,0,0.0000,0.0000,0.0000,0.0000,0,0,19,0,0,1,0,29,11,500,0,0
997,S,0,10,17,0,0,0,0.0000,0.0000,0.0000,0.0000,0,0,19,0,0,1,0,29,11,500,0,0
998,S,0,10,17,0,0,0,0.0000,0.0000,0.0000,0.0000,0,0,19,0,0,1,0,29,11,500,0,0
999,S,0,10,17,0,0,0,0.0000,0.0000,0.0000,0.0000,0,0,19,0,0,1,0,29,11,500,0,0
1000,S,0,10,17,0,0,0,0.0000,0.0000,0.0000,0.0000,0,0,19,0,0,1,0,29,11,500,0,0
1001,S,0,10,17,0,0,0,0.0000,0.0000,0.0000,0.0000,0,0,19,0,0,1,0,29,11,500,0,0
1002,S,0,10,17,0,0,0,0.0000,0.0000,0.0000,0.0000,0,0,19,0,0,1,0,29,11,500,0,0
1003,S,0,10,17,0,0,0,0.0000,0.0000,0.0000,0.0000,0,0,19,0,0,1,0,29,11,500,0,0
1004,S,0,10,17,0,0,0,0.0000,0.0000,0.0000,0.0000,0,0,19,0,0,1,0,29,11,500,0,0
1005,S,0,10,17,0,0,0,0.0000,0.0000,0.0000,0.0000,0,0,19,0,0,1,0,29,11,500,0,0
1006,S,0,10,17,0,0,0,0.0000,0.0000,0.0000,0.0000,0,0,19,0,0,1,0,29,11,500,0,0
1007,S,0,10,17,0,0,0,0.0000,0.0000,0.0000,0.0000,0,0,19,0,0,1,0,29,11,500,0,0
1008,S,0,10,17,0,0,0,0.0000,0.0000,0.0000,0.0000,0,0,19,0,0,1,0,29,11,500,0,0
1009,S,0,10,17,0,0,0,0.0000,0.0000,0.0000,0.0000,0,0,19,0,0,1,0,29,11,500,0,0
1010,S,0,10,17,0,0,0,0.0000,0.0000,0.0000,0.0000,0,0,19,0,0,1,0,29,11,500,0,0
1011,S,0,10,17,0,0,0,0.0000,0.0000,0.0000,0.0000,0,0,19,0,0,1,0,29,11,500,0,0
1012,S,0,10,17,0,0,0,0.0000,0.0000,0.0000,0.0000,0,0,19,0,0,1,0,29,11,500,0,0
1013,S,0,10,17,0,0,0,0.0000,0.0000,0.0000,0.0000,0,0,19,0,0,1,0,29,11,500,0,0
1014,S,0,10,17,0,0,0,0.0000,0.0000,0.0000,0.0000,0,0,19,0,0,1,0,29,11,500,0,0
1015,S,0,10,17,0,0,0,0.0000,0.0000,0.0000,0.0000,0,0,19,0,0,1,0,29,11,500,0,0
1016,S,0,10,17,0,0,0,0.0000,0.0000,0.0000,0.0000,0,0,19,0,0,1,0,29,11,500,0,0
1017,S,0,10,17,0,0,0,0.0000,0.0000,0.0000,0.0000,0,0,19,0,0,1,0,29,11,500,0,0
1018,S,0,10,17,0,0,0,0.0000,0.0000,0.0000,0.0000,0,0,19,0,0,1,0,29,11,500,0,0
1019,S,0,10,17,0,0,0,0.0000,0.0000,0.0000,0.0000,0,0,19,0,0,1,0,29,11,500,0,0
1020,S,0,10,17,0,0,0,0.0000,0.0000,0.0000,0.0000,0,0,19,0,0,1,0,29,11,500,0,0
1021,S,0,10,17,0,0,0,0.0000,0.0000,0.0000,0.0000,0,0,19,0,0,1,0,29,11,500,0,0
1022,S,0,10,17,0,0,0,0.0000,0.0000,0.0000,0.0000,0,0,19,0,0,1,0,29,11,500,0,0
1023,S,0,10,17,0,0,0,0.0000,0.0000,0.0000,0.0000,0,0,19,0,0,1,0,29,11,500,0,0
1024,S,0,10,17,0,0,0,0.0000,0.0000,0.0000,0.0000,0,0,19,0,0,1,0,29,11,500,0,0
1025,S,0,10,17,0,0,0,0.0000,0.0000,0.0000,0.0000,0,0,19,0,0,1,0,29,11,500,0,0
1026,S,0,10,17,0,0,0,0.0000,0.0000,0.0000,0.0000,0,0,19,0,0,1,0,29,11,500,0,0
1027,S,0,10,17,0,0,0,0.0000,0.0000,0.0000,0.0000,0,0,19,0,0,1,0,29,11,500,0,0
1028,S,0,10,17,0,0,0,0.0000,0.0000,0.0000,0.0000,0,0,19,0,0,1,0,29,11,500,0,0
1029,S,0,10,17,0,0,0,0.0000,0.0000,0.0000,0.0000,0,0,19,0,0,1,0,29,11,500,0,0
1030,S,0,10,17,0,0,0,0.0000,0.0000,0.0000,0.0000,0,0,19,0,0,1,0,29,11,500,0,0
1031,S,0,10,17,0,0,0,0.0000,0.0000,0.0000,0.0000,0,0,19,0,0,1,0,29,11,500,0,0
1032,S,0,10,17,0,0,0,0.0000,0.0000,0.0000,0.0000,0,0,19,0,0,1,0,29,11,500,0,0
1033,S,0,10,17,0,0,0,0.0000,0.0000,0.0000,0.0000,0,0,19,0,0,1,0,29,11,500,0,0
1034,S,0,10,17,0,0,0,0.0000,0.0000,0.0000,0.0000,0,0,19,0,0,1,0,29,11,500,0,0
1035,S,0,10,17,0,0,0,0.0000,0.0000,0.0000,0.0000,0,0,19,0,0,1,0,29,11,500,0,0
1036,S,0,10,17,0,0,0,0.0000,0.0000,0.0000,0.0000,0,0,19,0,0,1,0,29,11,500,0,0
1037,S,0,10,17,0,0,0,0.0000,0.0000,0.0000,0.0000,0,0,19,0,0,1,0,29,11,500,0,0
1038,S,0,10,17,0,0,0,0.0000,0.0000,0.0000,0.0000,0,0,19,0,0,1,0,29,11,500,0,0
1039,S,0,10,17,0,0,0,0.0000,0.0000,0.0000,0.0000,0,0,19,0,0,1,0,29,11,500,0,0
1040,S,0,10,17,0,0,0,0.0000,0.0000,0.0000,0.0000,0,0,19,0,0,1,0,29,11,500,0,0
1041,S,0,10,17,0,0,0,0.0000,0.0000,0.0000,0.0000,0,0,19,0,0,1,0,29,11,500,0,0
1042,S,0,10,17,0,0,0,0.0000,0.0000,0.0000,0.0000,0,0,19,0,0,1,0,29,11,500,0,0
1043,S,0,10,17,0,0,0,0.0000,0.0000,0.0000,0.0000,0,0,19,0,0,1,0,29,11,500,0,0
1044,S,0,10,17,0,0,0,0.0000,0.0000,0.0000,0.0000,0,0,19,0,0,1,0,29,11,500,0,0
1045,S,0,10,17,0,0,0,0.0000,0.0000,0.0000,0.0000,0,0,19,0,0,1,0,29,11,500,0,0
1046,S,0,10,17,0,0,0,0.0000,0.0000,0.0000,0.0000,0,0,19,0,0,1,0,29,11,500,0,0
1047,S,0,10,17,0,0,0,0.0000,0.0000,0.0000,0.0000,0,0,19,0,0,1,0,29,11,500,0,0
1048,S,0,10,17,0,0,0,0.0000,0.0000,0.0000,0.0000,0,0,19,0,0,1,0,29,11,500,0,0
1049,S,0,10,17,0,0,0,0.0000,0.0000,0.0000,0.0000,0,0,19,0,0,1,0,29,11,500,0,0
1050,S,0,10,17,0,0,0,0.0000,0.0000,0.0000,0.0000,0,0,19,0,0,1,0,29,11,500,0,0
1051,S,0,10,17,0,0,0,0.0000,0.0000,0.0000,0.0000,0,0,19,0,0,1,0,29,11,500,0,0
1052,S,0,10,17,0,0,0,0.0000,0.0000,0.0000,0.0000,0,0,19,0,0,1,0,29,11,500,0,0
1053,S,0,10,17,0,0,0,0.0000,0.0000,0.0000,0.0000,0,0,19,0,0,1,0,29,11,500,0,0
1054,S,0,10,17,0,0,0,0.0000,0.0000,0.0000,0.0000,0,0,19,0,0,1,0,29,11,500,0,0
1055,S,0,10,17,0,0,0,0.0000,0.0000,0.0000,0.0000,0,0,19,0,0,1,0,29,11,500,0,0
1056,S,0,10,17,0,0,0,0.0000,0.0000,0.0000,0.0000,0,0,19,0,0,1,0,29,11,500,0,0
1057,S,0,10,17,0,0,0,0.0000,0.0000,0.0000,0.0000,0,0,19,0,0,1,0,29,11,500,0,0
1058,S,0,10,17,0,0,0,0.0000,0.0000,0.0000,0.0000,0,0,19,0,0,1,0,29,11,500,0,0
1059,S,0,10,17,0,0,0,0.0000,0.0000,0.0000,0.0000,0,0,19,0,0,1,0,29,11,500,0,0
1060,S,0,10,17,0,0,0,0.0000,0.0000,0.0000,0.0000,0,0,19,0,0,1,0,29,11,500,0,0
1061,S,0,10,17,0,0,0,0.0000,0.0000,0.0000,0.0000,0,0,19,0,0,1,0,29,11,500,0,0
1062,S,0,10,17,0,0,0,0.0000,0.0000,0.0000,0.0000,0,0,19,0,0,1,0,29,11,500,0,0
1063,S,0,10,17,0,0,0,0.0000,0.0000,0.0000,0.0000,0,0,19,0,0,1,0,29,11,500,0,0
1064,S,0,10,17,0,0,0,0.0000,0.0000,0.0000,0.0000,0,0,19,0,0,1,0,29,11,500,0,0
1065,S,0,10,17,0,0,0,0.0000,0.0000,0.0000,0.0000,0,0,19,0,0,1,0,29,11,500,0,0
1066,S,0,10,17,0,0,0,0.0000,0.0000,0.0000,0.0000,0,0,19,0,0,1,0,29,11,500,0,0
1067,S,0,10,17,0,0,0,0.0000,0.0000,0.0000,0.0000,0,0,19,0,0,1,0,29,11,500,0,0
1068,S,0,10,17,0,0,0,0.0000,0.0000,0.0000,0.0000,0,0,19,0,0,1,0,29,11,500,0,0
1069,S,0,10,17,0,0,0,0.0000,0.0000,0.0000,0.0000,0,0,19,0,0,1,0,29,11,500,0,0
1070,S,0,10,17,0,0,0,0.0000,0.0000,0.0000,0.0000,0,0,19,0,0,1,0,29,11,500,0,0
1071,S,0,10,17,0,0,0,0.0000,0.0000,0.0000,0.0000,0,0,19,0,0,1,0,29,11,500,0,0
1072,S,0,10,17,0,0,0,0.0000,0.0000,0.0000,0.0000,0,0,19,0,0,1,0,29,11,500,0,0
1073,S,0,10,17,0,0,0,0.0000,0.0000,0.0000,0.0000,0,0,19,0,0,1,0,29,11,500,0,0
1074,S,0,10,17,0,0,0,0.0000,0.0000,0.0000,0.0000,0,0,19,0,0,1,0,29,11,500,0,0
1075,S,0,10,17,0,0,0,0.0000,0.0000,0.0000,0.0000,0,0,19,0,0,1,0,29,11,500,0,0
1076,S,0,10,17,0,0,0,0.0000,0.0000,0.0000,0.0000,0,0,19,0,0,1,0,29,11,500,0,0
1077,S,0,10,17,0,0,0,0.0000,0.0000,0.0000,0.0000,0,0,19,0,0,1,0,29,11,500,0,0
1078,S,0,10,17,0,0,0,0.0000,0.0000,0.0000,0.0000,0,0,19,0,0,1,0,29,11,500,0,0
1079,S,0,10,17,0,0,0,0.0000,0.0000,0.0000,0.0000,0,0,19,0,0,1,0,29,11,500,0,0
1080,S,0,10,17,0,0,0,0.0000,0.0000,0.0000,0.0000,0,0,19,0,0,1,0,29,11,500,0,0
1081,S,0,10,17,0,0,0,0.0000,0.0000,0.0000,0.0000,0,0,19,0,0,1,0,29,11,500,0,0
1082,S,0,10,17,0,0,0,0.0000,0.0000,0.0000,0.0000,0,0,19,0,0,1,0,29,11,500,0,0
1083,S,0,10,17,0,0,0,0.0000,0.0000,0.0000,0.0000,0,0,19,0,0,1,0,29,11,500,0,0
1084,S,0,10,17,0,0,0,0.0000,0.0000,0.0000,0.0000,0,0,19,0,0,1,0,29,11,500,0,0
1085,S,0,10,17,0,0,0,0.0000,0.0000,0.0000,0.0000,0,0,19,0,0,1,0,29,11,500,0,0
1086,S,0,10,17,0,0,0,0.0000,0.0000,0.0000,0.0000,0,0,19,0,0,1,0,29,11,500,0,0
1087,S,0,10,17,0,0,0,0.0000,0.0000,0.0000,0.0000,0,0,19,0,0,1,0,29,11,500,0,0
1088,S,0,10,17,0,0,0,0.0000,0.0000,0.0000,0.0000,0,0,19,0,0,1,0,29,11,500,0,0
1089,S,0,10,17,0,0,0,0.0000,0.0000,0.0000,0.0000,0,0,19,0,0,1,0,29,11,500,0,0
1090,S,0,10,17,0,0,0,0.0000,0.0000,0.0000,0.0000,0,0,19,0,0,1,0,29,11,500,0,0
1091,S,0,10,17,0,0,0,0.0000,0.0000,0.0000,0.0000,0,0,19,0,0,1,0,29,11,500,0,0
1092,S,0,10,17,0,0,0,0.0000,0.0000,0.0000,0.0000,0,0,19,0,0,1,0,29,11,500,0,0
1093,S,0,10,17,0,0,0,0.0000,0.0000,0.0000,0.0000,0,0,19,0,0,1,0,29,11,500,0,0
1094,S,0,10,17,0,0,0,0.0000,0.0000,0.0000,0.0000,0,0,19,0,0,1,0,29,11,500,0,0
1095,S,0,10,17,0,0,0,0.0000,0.0000,0.0000,0.0000,0,0,19,0,0,1,0,29,11,500,0,0
1096,S,0,10,17,0,0,0,0.0000,0.0000,0.0000,0.0000,0,0,19,0,0,1,0,29,11,500,0,0
1097,S,0,10,17,0,0,0,0.0000,0.0000,0.0000,0.0000,0,0,19,0,0,1,0,29,11,500,0,0
1098,S,0,10,17,0,0,0,0.0000,0.0000,0.0000,0.0000,0,0,19,0,0,1,0,29,11,500,0,0
1099,S,0,10,17,0,0,0,0.0000,0.0000,0.0000,0.0000,0,0,19,0,0,1,0,29,11,500,0,0
1100,S,0,10,17,0,0,0,0.0000,0.0000,0.0000,0.0000,0,0,19,0,0,1,0,29,11,500,0,0
1101,S,0,10,17,0,0,0,0.0000,0.0000,0.0000,0.0000,0,0,19,0,0,1,0,29,11,500,0,0
1102,S,0,10,17,0,0,0,0.0000,0.0000,0.0000,0.0000,0,0,19,0,0,1,0,29,11,500,0,0
1103,S,0,10,17,0,0,0,0.0000,0.0000,0.0000,0.0000,0,0,19,0,0,1,0,29,11,500,0,0
1104,S,0,10,17,0,0,0,0.0000,0.0000,0.0000,0.0000,0,0,19,0,0,1,0,29,11,500,0,0
1105,S,0,10,17,0,0,0,0.0000,0.0000,0.0000,0.0000,0,0,19,0,0,1,0,29,11,500,0,0
1106,S,0,10,17,0,0,0,0.0000,0.0000,0.0000,0.0000,0,0,19,0,0,1,0,29,11,500,0,0
1107,S,0,10,17,0,0,0,0.0000,0.0000,0.0000,0.0000,0,0,19,0,0,1,0,29,11,500,0,0
1108,S,0,10,17,0,0,0,0.0000,0.0000,0.0000,0.0000,0,0,19,0,0,1,0,29,11,500,0,0
1109,S,0,10,17,0,0,0,0.0000,0.0000,0.0000,0.0000,0,0,19,0,0,1,0,29,11,500,0,0
1110,S,0,10,17,0,0,0,0.0000,0.0000,0.0000,0.0000,0,0,19,0,0,1,0,29,11,500,0,0
1111,S,0,10,17,0,0,0,0.0000,0.0000,0.0000,0.0000,0,0,19,0,0,1,0,29,11,500,0,0
1112,S,0,10,17,0,0,0,0.0000,0.0000,0.0000,0.0000,0,0,19,0,0,1,0,29,11,500,0,0
1113,S,0,10,17,0,0,0,0.0000,0.0000,0.0000,0.0000,0,0,19,0,0,1,0,29,11,500,0,0
1114,S,0,10,17,0,0,0,0.0000,0.0000,0.0000,0.0000,0,0,19,0,0,1,0,29,11,500,0,0
1115,S,0,10,17,0,0,0,0.0000,0.0000,0.0000,0.0000,0,0,19,0,0,1,0,29,11,500,0,0
1116,S,0,10,17,0,0,0,0.0000,0.0000,0.0000,0.0000,0,0,19,0,0,1,0,29,11,500,0,0
1117,S,0,10,17,0,0,0,0.0000,0.0000,0.0000,0.0000,0,0,19,0,0,1,0,29,11,500,0,0
1118,S,0,10,17,0,0,0,0.0000,0.0000,0.0000,0.0000,0,0,19,0,0,1,0,29,11,500,0,0
1119,S,0,10,17,0,0,0,0.0000,0.0000,0.0000,0.0000,0,0,19,0,0,1,0,29,11,500,0,0
1120,S,0,10,17,0,0,0,0.0000,0.0000,0.0000,0.0000,0,0,19,0,0,1,0,29,11,500,0,0
1121,S,0,10,17,0,0,0,0.0000,0.0000,0.0000,0.0000,0,0,19,0,0,1,0,29,11,500,0,0
1122,S,0,10,17,0,0,0,0.0000,0.0000,0.0000,0.0000,0,0,19,0,0,1,0,29,11,500,0,0
1123,S,0,10,17,0,0,0,0.0000,0.0000,0.0000,0.0000,0,0,19,0,0,1,0,29,11,500,0,0
1124,S,0,10,17,0,0,0,0.0000,0.0000,0.0000,0.0000,0,0,19,0,0,1,0,29,11,500,0,0
1125,S,0,10,17,0,0,0,0.0000,0.0000,0.0000,0.0000,0,0,19,0,0,1,0,29,11,500,0,0
1126,S,0,10,17,0,0,0,0.0000,0.0000,0.0000,0.0000,0,0,19,0,0,1,0,29,11,500,0,0
1127,S,0,10,17,0,0,0,0.0000,0.0000,0.0000,0.0000,0,0,19,0,0,1,0,29,11,500,0,0
1128,S,0,10,17,0,0,0,0.0000,0.0000,0.0000,0.0000,0,0,19,0,0,1,0,29,11,500,0,0
1129,S,0,10,17,0,0,0,0.0000,0.0000,0.0000,0.0000,0,0,19,0,0,1,0,29,11,500,0,0
1130,S,0,10,17,0,0,0,0.0000,0.0000,0.0000,0.0000,0,0,19,0,0,1,0,29,11,500,0,0
1131,S,0,10,17,0,0,0,0.0000,0.0000,0.0000,0.0000,0,0,19,0,0,1,0,29,11,500,0,0
1132,S,0,10,17,0,0,0,0.0000,0.0000,0.0000,0.0000,0,0,19,0,0,1,0,29,11,500,0,0
1133,S,0,10,17,0,0,0,0.0000,0.0000,0.0000,0.0000,0,0,19,0,0,1,0,29,11,500,0,0
1134,S,0,10,17,0,0,0,0.0000,0.0000,0.0000,0.0000,0,0,19,0,0,1,0,29,11,500,0,0
1135,S,0,10,17,0,0,0,0.0000,0.0000,0.0000,0.0000,0,0,19,0,0,1,0,29,11,500,0,0
1136,S,0,10,17,0,0,0,0.0000,0.0000,0.0000,0.0000,0,0,19,0,0,1,0,29,11,500,0,0
1137,S,0,10,17,0,0,0,0.0000,0.0000,0.0000,0.0000,0,0,19,0,0,1,0,29,11,500,0,0
1138,S,0,10,17,0,0,0,0.0000,0.0000,0.0000,0.0000,0,0,19,0,0,1,0,29,11,500,0,0
1139,S,0,10,17,0,0,0,0.0000,0.0000,0.0000,0.0000,0,0,19,0,0,1,0,29,11,500,0,0
1140,S,0,10,17,0,0,0,0.0000,0.0000,0.0000,0.0000,0,0,19,0,0,1,0,29,11,500,0,0
1141,S,0,10,17,0,0,0,0.0000,0.0000,0.0000,0.0000,0,0,19,0,0,1,0,29,11,500,0,0
1142,S,0,10,17,0,0,0,0.0000,0.0000,0.0000,0.0000,0,0,19,0,0,1,0,29,11,500,0,0
1143,S,0,10,17,0,0,0,0.0000,0.0000,0.0000,0.0000,0,0,19,0,0,1,0,29,11,500,0,0
1144,S,0,10,17,0,0,0,0.0000,0.0000,0.0000,0.0000,0,0,19,0,0,1,0,29,11,500,0,0
1145,S,0,10,17,0,0,0,0.0000,0.0000,0.0000,0.0000,0,0,19,0,0,1,0,29,11,500,0,0
1146,S,0,10,17,0,0,0,0.0000,0.0000,0.0000,0.0000,0,0,19,0,0,1,0,29,11,500,0,0
1147,S,0,10,17,0,0,0,0.0000,0.0000,0.0000,0.0000,0,0,19,0,0,1,0,29,11,500,0,0
1148,S,0,10,17,0,0,0,0.0000,0.0000,0.0000,0.0000,0,0,19,0,0,1,0,29,11,500,0,0
1149,S,0,10,17,0,0,0,0.0000,0.0000,0.0000,0.0000,0,0,19,0,0,1,0,29,11,500,0,0
1150,S,0,10,17,0,0,0,0.0000,0.0000,0.0000,0.0000,0,0,19,0,0,1,0,29,11,500,0,0
1151,S,0,10,17,0,0,0,0.0000,0.0000,0.0000,0.0000,0,0,19,0,0,1,0,29,11,500,0,0
1152,S,0,10,17,0,0,0,0.0000,0.0000,0.0000,0.0000,0,0,19,0,0,1,0,29,11,500,0,0
1153,S,0,10,17,0,0,0,0.0000,0.0000,0.0000,0.0000,0,0,19,0,0,1,0,29,11,500,0,0
1154,S,0,10,17,0,0,0,0.0000,0.0000,0.0000,0.0000,0,0,19,0,0,1,0,29,11,500,0,0
1155,S,0,10,17,0,0,0,0.0000,0.0000,0.0000,0.0000,0,0,19,0,0,1,0,29,11,500,0,0
1156,S,0,10,17,0,0,0,0.0000,0.0000,0.0000,0.0000,0,0,19,0,0,1,0,29,11,500,0,0
1157,S,0,10,17,0,0,0,0.0000,0.0000,0.0000,0.0000,0,0,19,0,0,1,0,29,11,500,0,0
1158,S,0,10,17,0,0,0,0.0000,0.0000,0.0000,0.0000,0,0,19,0,0,1,0,29,11,500,0,0
1159,S,0,10,17,0,0,0,0.0000,0.0000,0.0000,0.0000,0,0,19,0,0,1,0,29,11,500,0,0
1160,S,0,10,17,0,0,0,0.0000,0.0000,0.0000,0.0000,0,0,19,0,0,1,0,29,11,500,0,0
1161,S,0,10,17,0,0,0,0.0000,0.0000,0.0000,0.0000,0,0,19,0,0,1,0,29,11,500,0,0
1162,S,0,10,17,0,0,0,0.0000,0.0000,0.0000,0.0000,0,0,19,0,0,1,0,29,11,500,0,0
1163,S,0,10,17,0,0,0,0.0000,0.0000,0.0000,0.0000,0,0,19,0,0,1,0,29,11,500,0,0
1164,S,0,10,17,0,0,0,0.0000,0.0000,0.0000,0.0000,0,0,19,0,0,1,0,29,11,500,0,0
1165,S,0,10,17,0,0,0,0.0000,0.0000,0.0000,0.0000,0,0,19,0,0,1,0,29,11,500,0,0
1166,S,0,10,17,0,0,0,0.0000,0.0000,0.0000,0.0000,0,0,19,0,0,1,0,29,11,500,0,0
1167,S,0,10,17,0,0,0,0.0000,0.0000,0.0000,0.0000,0,0,19,0,0,1,0,29,11,500,0,0
1168,S,0,10,17,0,0,0,0.0000,0.0000,0.0000,0.0000,0,0,19,0,0,1,0,29,11,500,0,0
1169,S,0,10,17,0,0,0,0.0000,0.0000,0.0000,0.0000,0,0,19,0,0,1,0,29,11,500,0,0
1170,S,0,10,17,0,0,0,0.0000,0.0000,0.0000,0.0000,0,0,19,0,0,1,0,29,11,500,0,0
1171,S,0,10,17,0,0,0,0.0000,0.0000,0.0000,0.0000,0,0,19,0,0,1,0,29,11,500,0,0
1172,S,0,10,17,0,0,0,0.0000,0.0000,0.0000,0.0000,0,0,19,0,0,1,0,29,11,500,0,0
1173,S,0,10,17,0,0,0,0.0000,0.0000,0.0000,0.0000,0,0,19,0,0,1,0,29,11,500,0,0
1174,S,0,10,17,0,0,0,0.0000,0.0000,0.0000,0.0000,0,0,19,0,0,1,0,29,11,500,0,0
1175,S,0,10,17,0,0,0,0.0000,0.0000,0.0000,0.0000,0,0,19,0,0,1,0,29,11,500,0,0
1176,S,0,10,17,0,0,0,0.0000,0.0000,0.0000,0.0000,0,0,19,0,0,1,0,29,11,500,0,0
1177,S,0,10,17,0,0,0,0.0000,0.0000,0.0000,0.0000,0,0,19,0,0,1,0,29,11,500,0,0
1178,S,0,10,17,0,0,0,0.0000,0.0000,0.0000,0.0000,0,0,19,0,0,1,0,29,11,500,0,0
1179,S,0,10,17,0,0,0,0.0000,0.0000,0.0000,0.0000,0,0,19,0,0,1,0,29,11,500,0,0
1180,S,0,10,17,0,0,0,0.0000,0.0000,0.0000,0.0000,0,0,19,0,0,1,0,29,11,500,0,0
1181,S,0,10,17,0,0,0,0.0000,0.0000,0.0000,0.0000,0,0,19,0,0,1,0,29,11,500,0,0
1182,S,0,10,17,0,0,0,0.0000,0.0000,0.0000,0.0000,0,0,19,0,0,1,0,29,11,500,0,0
1183,S,0,10,17,0,0,0,0.0000,0.0000,0.0000,0.0000,0,0,19,0,0,1,0,29,11,500,0,0
1184,S,0,10,17,0,0,0,0.0000,0.0000,0.0000,0.0000,0,0,19,0,0,1,0,29,11,500,0,0
1185,S,0,10,17,0,0,0,0.0000,0.0000,0.0000,0.0000,0,0,19,0,0,1,0,29,11,500,0,0
1186,S,0,10,17,0,0,0,0.0000,0.0000,0.0000,0.0000,0,0,19,0,0,1,0,29,11,500,0,0
1187,S,0,10,17,0,0,0,0.0000,0.0000,0.0000,0.0000,0,0,19,0,0,1,0,29,11,500,0,0
1188,S,0,10,17,0,0,0,0.0000,0.0000,0.0000,0.0000,0,0,19,0,0,1,0,29,11,500,0,0
1189,S,0,10,17,0,0,0,0.0000,0.0000,0.0000,0.0000,0,0,19,0,0,1,0,29,11,500,0,0
1190,S,0,10,17,0,0,0,0.0000,0.0000,0.0000,0.0000,0,0,19,0,0,1,0,29,11,500,0,0
1191,S,0,10,17,0,0,0,0.0000,0.0000,0.0000,0.0000,0,0,19,0,0,1,0,29,11,500,0,0
1192,S,0,10,17,0,0,0,0.0000,0.0000,0.0000,0.0000,0,0,19,0,0,1,0,29,11,500,0,0
1193,S,0,10,17,0,0,0,0.0000,0.0000,0.0000,0.0000,0,0,19,0,0,1,0,29,11,500,0,0
1194,S,0,10,17,0,0,0,0.0000,0.0000,0.0000,0.0000,0,0,19,0,0,1,0,29,11,500,0,0
1195,S,0,10,17,0,0,0,0.0000,0.0000,0.0000,0.0000,0,0,19,0,0,1,0,29,11,500,0,0
1196,S,0,10,17,0,0,0,0.0000,0.0000,0.0000,0.0000,0,0,19,0,0,1,0,29,11,500,0,0
1197,S,0,10,17,0,0,0,0.0000,0.0000,0.0000,0.0000,0,0,19,0,0,1,0,29,11,500,0,0
1198,S,0,10,17,0,0,0,0.0000,0.0000,0.0000,0.0000,0,0,19,0,0,1,0,29,11,500,0,0
1199,S,0,10,17,0,0,0,0.0000,0.0000,0.0000,0.0000,0,0,19,0,0,1,0,29,11,500,0,0
1200,S,0,10,17,0,0,0,0.0000,0.0000,0.0000,0.0000,0,0,19,0,0,1,0,29,11,500,0,0
1201,S,0,10,17,0,0,0,0.0000,0.0000,0.0000,0.0000,0,0,19,0,0,1,0,29,11,500,0,0
1202,S,0,10,17,0,0,0,0.0000,0.0000,0.0000,0.0000,0,0,19,0,0,1,0,29,11,500,0,0
1203,S,0,10,17,0,0,0,0.0000,0.0000,0.0000,0.0000,0,0,19,0,0,1,0,29,11,500,0,0
1204,S,0,10,17,0,0,0,0.0000,0.0000,0.0000,0.0000,0,0,19,0,0,1,0,29,11,500,0,0
1205,S,0,10,17,0,0,0,0.0000,0.0000,0.0000,0.0000,0,0,19,0,0,1,0,29,11,500,0,0
1206,S,0,10,17,0,0,0,0.0000,0.0000,0.0000,0.0000,0,0,19,0,0,1,0,29,11,500,0,0
1207,S,0,10,17,0,0,0,0.0000,0.0000,0.0000,0.0000,0,0,19,0,0,1,0,29,11,500,0,0
1208,S,0,10,17,0,0,0,0.0000,0.0000,0.0000,0.0000,0,0,19,0,0,1,0,29,11,500,0,0
1209,S,0,10,17,0,0,0,0.0000,0.0000,0.0000,0.0000,0,0,19,0,0,1,0,29,11,500,0,0
1210,S,0,10,17,0,0,0,0.0000,0.0000,0.0000,0.0000,0,0,19,0,0,1,0,29,11,500,0,0
1211,S,0,10,17,0,0,0,0.0000,0.0000,0.0000,0.0000,0,0,19,0,0,1,0,29,11,500,0,0
1212,S,0,10,17,0,0,0,0.0000,0.0000,0.0000,0.0000,0,0,19,0,0,1,0,29,11,500,0,0
1213,S,0,10,17,0,0,0,0.0000,0.0000,0.0000,0.0000,0,0,19,0,0,1,0,29,11,500,0,0
1214,S,0,10,17,0,0,0,0.0000,0.0000,0.0000,0.0000,0,0,19,0,0,1,0,29,11,500,0,0
1215,S,0,10,17,0,0,0,0.0000,0.0000,0.0000,0.0000,0,0,19,0,0,1,0,29,11,500,0,0
1216,S,0,10,17,0,0,0,0.0000,0.0000,0.0000,0.0000,0,0,19,0,0,1,0,29,11,500,0,0
1217,S,0,10,17,0,0,0,0.0000,0.0000,0.0000,0.0000,0,0,19,0,0,1,0,29,11,500,0,0
1218,S,0,10,17,0,0,0,0.0000,0.0000,0.0000,0.0000,0,0,19,0,0,1,0,29,11,500,0,0
1219,S,0,10,17,0,0,0,0.0000,0.0000,0.0000,0.0000,0,0,19,0,0,1,0,29,11,500,0,0
1220,S,0,10,17,0,0,0,0.0000,0.0000,0.0000,0.0000,0,0,19,0,0,1,0,29,11,500,0,0
1221,S,0,10,17,0,0,0,0.0000,0.0000,0.0000,0.0000,0,0,19,0,0,1,0,29,11,500,0,0
1222,S,0,10,17,0,0,0,0.0000,0.0000,0.0000,0.0000,0,0,19,0,0,1,0,29,11,500,0,0
1223,S,0,10,17,0,0,0,0.0000,0.0000,0.0000,0.0000,0,0,19,0,0,1,0,29,11,500,0,0
1224,S,0,10,17,0,0,0,0.0000,0.0000,0.0000,0.0000,0,0,19,0,0,1,0,29,11,500,0,0
1225,S,0,10,17,0,0,0,0.0000,0.0000,0.0000,0.0000,0,0,19,0,0,1,0,29,11,500,0,0
1226,S,0,10,17,0,0,0,0.0000,0.0000,0.0000,0.0000,0,0,19,0,0,1,0,29,11,500,0,0
1227,S,0,10,17,0,0,0,0.0000,0.0000,0.0000,0.0000,0,0,19,0,0,1,0,29,11,500,0,0
1228,S,0,10,17,0,0,0,0.0000,0.0000,0.0000,0.0000,0,0,19,0,0,1,0,29,11,500,0,0
1229,S,0,10,17,0,0,0,0.0000,0.0000,0.0000,0.0000,0,0,19,0,0,1,0,29,11,500,0,0
1230,S,0,10,17,0,0,0,0.0000,0.0000,0.0000,0.0000,0,0,19,0,0,1,0,29,11,500,0,0
1231,S,0,10,17,0,0,0,0.0000,0.0000,0.0000,0.0000,0,0,19,0,0,1,0,29,11,500,0,0
1232,S,0,10,17,0,0,0,0.0000,0.0000,0.0000,0.0000,0,0,19,0,0,1,0,29,11,500,0,0
1233,S,0,10,17,0,0,0,0.0000,0.0000,0.0000,0.0000,0,0,19,0,0,1,0,29,11,500,0,0
1234,S,0,10,17,0,0,0,0.0000,0.0000,0.0000,0.0000,0,0,19,0,0,1,0,29,11,500,0,0
1235,S,0,10,17,0,0,0,0.0000,0.0000,0.0000,0.0000,0,0,19,0,0,1,0,29,11,500,0,0
1236,S,0,10,17,0,0,0,0.0000,0.0000,0.0000,0.0000,0,0,19,0,0,1,0,29,11,500,0,0
1237,S,0,10,17,0,0,0,0.0000,0.0000,0.0000,0.0000,0,0,19,0,0,1,0,29,11,500,0,0
1238,S,0,10,17,0,0,0,0.0000,0.0000,0.0000,0.0000,0,0,19,0,0,1,0,29,11,500,0,0
1239,S,0,10,17,0,0,0,0.0000,0.0000,0.0000,0.0000,0,0,19,0,0,1,0,29,11,500,0,0
1240,S,0,10,17,0,0,0,0.0000,0.0000,0.0000,0.0000,0,0,19,0,0,1,0,29,11,500,0,0
1241,S,0,10,17,0,0,0,0.0000,0.0000,0.0000,0.0000,0,0,19,0,0,1,0,29,11,500,0,0
1242,S,0,10,17,0,0,0,0.0000,0.0000,0.0000,0.0000,0,0,19,0,0,1,0,29,11,500,0,0
1243,S,0,10,17,0,0,0,0.0000,0.0000,0.0000,0.0000,0,0,19,0,0,1,0,29,11,500,0,0
1244,S,0,10,17,0,0,0,0.0000,0.0000,0.0000,0.0000,0,0,19,0,0,1,0,29,11,500,0,0
1245,S,0,10,17,0,0,0,0.0000,0.0000,0.0000,0.0000,0,0,19,0,0,1,0,29,11,500,0,0
1246,S,0,10,17,0,0,0,0.0000,0.0000,0.0000,0.0000,0,0,19,0,0,1,0,29,11,500,0,0
1247,S,0,10,17,0,0,0,0.0000,0.0000,0.0000,0.0000,0,0,19,0,0,1,0,29,11,500,0,0
1248,S,0,10,17,0,0,0,0.0000,0.0000,0.0000,0.0000,0,0,19,0,0,1,0,29,11,500,0,0
1249,S,0,10,17,0,0,0,0.0000,0.0000,0.0000,0.0000,0,0,19,0,0,1,0,29,11,500,0,0
1250,S,0,10,17,0,0,0,0.0000,0.0000,0.0000,0.0000,0,0,19,0,0,1,0,29,11,500,0,0
1251,S,0,10,17,0,0,0,0.0000,0.0000,0.0000,0.0000,0,0,19,0,0,1,0,29,11,500,0,0
1252,S,0,10,17,0,0,0,0.0000,0.0000,0.0000,0.0000,0,0,19,0,0,1,0,29,11,500,0,0
1253,S,0,10,17,0,0,0,0.0000,0.0000,0.0000,0.0000,0,0,19,0,0,1,0,29,11,500,0,0
1254,S,0,10,17,0,0,0,0.0000,0.0000,0.0000,0.0000,0,0,19,0,0,1,0,29,11,500,0,0
1255,S,0,10,17,0,0,0,0.0000,0.0000,0.0000,0.0000,0,0,19,0,0,1,0,29,11,500,0,0
1256,S,0,10,17,0,0,0,0.0000,0.0000,0.0000,0.0000,0,0,19,0,0,1,0,29,11,500,0,0
1257,S,0,10,17,0,0,0,0.0000,0.0000,0.0000,0.0000,0,0,19,0,0,1,0,29,11,500,0,0
1258,S,0,10,17,0,0,0,0.0000,0.0000,0.0000,0.0000,0,0,19,0,0,1,0,29,11,500,0,0
1259,S,0,10,17,0,0,0,0.0000,0.0000,0.0000,0.0000,0,0,19,0,0,1,0,29,11,500,0,0
1260,S,0,10,17,0,0,0,0.0000,0.0000,0.0000,0.0000,0,0,19,0,0,1,0,29,11,500,0,0
1261,S,0,10,17,0,0,0,0.0000,0.0000,0.0000,0.0000,0,0,19,0,0,1,0,29,11,500,0,0
1262,S,0,10,17,0,0,0,0.0000,0.0000,0.0000,0.0000,0,0,19,0,0,1,0,29,11,500,0,0
1263,S,0,10,17,0,0,0,0.0000,0.0000,0.0000,0.0000,0,0,19,0,0,1,0,29,11,500,0,0
1264,S,0,10,17,0,0,0,0.0000,0.0000,0.0000,0.0000,0,0,19,0,0,1,0,29,11,500,0,0
1265,S,0,10,17,0,0,0,0.0000,0.0000,0.0000,0.0000,0,0,19,0,0,1,0,29,11,500,0,0
1266,S,0,10,17,0,0,0,0.0000,0.0000,0.0000,0.0000,0,0,19,0,0,1,0,29,11,500,0,0
1267,S,0,10,17,0,0,0,0.0000,0.0000,0.0000,0.0000,0,0,19,0,0,1,0,29,11,500,0,0
1268,S,0,10,17,0,0,0,0.0000,0.0000,0.0000,0.0000,0,0,19,0,0,1,0,29,11,500,0,0
1269,S,0,10,17,0,0,0,0.0000,0.0000,0.0000,0.0000,0,0,19,0,0,1,0,29,11,500,0,0
1270,S,0,10,17,0,0,0,0.0000,0.0000,0.0000,0.0000,0,0,19,0,0,1,0,29,11,500,0,0
1271,S,0,10,17,0,0,0,0.0000,0.0000,0.0000,0.0000,0,0,19,0,0,1,0,29,11,500,0,0
1272,S,0,10,17,0,0,0,0.0000,0.0000,0.0000,0.0000,0,0,19,0,0,1,0,29,11,500,0,0
1273,S,0,10,17,0,0,0,0.0000,0.0000,0.0000,0.0000,0,0,19,0,0,1,0,29,11,500,0,0
1274,S,0,10,17,0,0,0,0.0000,0.0000,0.0000,0.0000,0,0,19,0,0,1,0,29,11,500,0,0
1275,S,0,10,17,0,0,0,0.0000,0.0000,0.0000,0.0000,0,0,19,0,0,1,0,29,11,500,0,0
1276,S,0,10,17,0,0,0,0.0000,0.0000,0.0000,0.0000,0,0,19,0,0,1,0,29,11,500,0,0
1277,S,0,10,17,0,0,0,0.0000,0.0000,0.0000,0.0000,0,0,19,0,0,1,0,29,11,500,0,0
1278,S,0,10,17,0,0,0,0.0000,0.0000,0.0000,0.0000,0,0,19,0,0,1,0,29,11,500,0,0
1279,S,0,10,17,0,0,0,0.0000,0.0000,0.0000,0.0000,0,0,19,0,0,1,0,29,11,500,0,0
1280,S,0,10,17,0,0,0,0.0000,0.0000,0.0000,0.0000,0,0,19,0,0,1,0,29,11,500,0,0
1281,S,0,10,17,0,0,0,0.0000,0.0000,0.0000,0.0000,0,0,19,0,0,1,0,29,11,500,0,0
1282,S,0,10,17,0,0,0,0.0000,0.0000,0.0000,0.0000,0,0,19,0,0,1,0,29,11,500,0,0
1283,S,0,10,17,0,0,0,0.0000,0.0000,0.0000,0.0000,0,0,19,0,0,1,0,29,11,500,0,0
1284,S,0,10,17,0,0,0,0.0000,0.0000,0.0000,0.0000,0,0,19,0,0,1,0,29,11,500,0,0
1285,S,0,10,17,0,0,0,0.0000,0.0000,0.0000,0.0000,0,0,19,0,0,1,0,29,11,500,0,0
1286,S,0,10,17,0,0,0,0.0000,0.0000,0.0000,0.0000,0,0,19,0,0,1,0,29,11,500,0,0
1287,S,0,10,17,0,0,0,0.0000,0.0000,0.0000,0.0000,0,0,19,0,0,1,0,29,11,500,0,0
1288,S,0,10,17,0,0,0,0.0000,0.0000,0.0000,0.0000,0,0,19,0,0,1,0,29,11,500,0,0
1289,S,0,10,17,0,0,0,0.0000,0.0000,0.0000,0.0000,0,0,19,0,0,1,0,29,11,500,0,0
1290,S,0,10,17,0,0,0,0.0000,0.0000,0.0000,0.0000,0,0,19,0,0,1,0,29,11,500,0,0
1291,S,0,10,17,0,0,0,0.0000,0.0000,0.0000,0.0000,0,0,19,0,0,1,0,29,11,500,0,0
1292,S,0,10,17,0,0,0,0.0000,0.0000,0.0000,0.0000,0,0,19,0,0,1,0,29,11,500,0,0
1293,S,0,10,17,0,0,0,0.0000,0.0000,0.0000,0.0000,0,0,19,0,0,1,0,29,11,500,0,0
1294,S,0,10,17,0,0,0,0.0000,0.0000,0.0000,0.0000,0,0,19,0,0,1,0,29,11,500,0,0
1295,S,0,10,17,0,0,0,0.0000,0.0000,0.0000,0.0000,0,0,19,0,0,1,0,29,11,500,0,0
1296,S,0,10,17,0,0,0,0.0000,0.0000,0.0000,0.0000,0,0,19,0,0,1,0,29,11,500,0,0
1297,S,0,10,17,0,0,0,0.0000,0.0000,0.0000,0.0000,0,0,19,0,0,1,0,29,11,500,0,0
1298,S,0,10,17,0,0,0,0.0000,0.0000,0.0000,0.0000,0,0,19,0,0,1,0,29,11,500,0,0
1299,S,0,10,17,0,0,0,0.0000,0.0000,0.0000,0.0000,0,0,19,0,0,1,0,29,11,500,0,0
1300,S,0,10,17,0,0,0,0.0000,0.0000,0.0000,0.0000,0,0,19,0,0,1,0,29,11,500,0,0
1301,S,0,10,17,0,0,0,0.0000,0.0000,0.0000,0.0000,0,0,19,0,0,1,0,29,11,500,0,0
1302,S,0,10,17,0,0,0,0.0000,0.0000,0.0000,0.0000,0,0,19,0,0,1,0,29,11,500,0,0
1303,S,0,10,17,0,0,0,0.0000,0.0000,0.0000,0.0000,0,0,19,0,0,1,0,29,11,500,0,0
1304,S,0,10,17,0,0,0,0.0000,0.0000,0.0000,0.0000,0,0,19,0,0,1,0,29,11,500,0,0
1305,S,0,10,17,0,0,0,0.0000,0.0000,0.0000,0.0000,0,0,19,0,0,1,0,29,11,500,0,0
1306,S,0,10,17,0,0,0,0.0000,0.0000,0.0000,0.0000,0,0,19,0,0,1,0,29,11,500,0,0
1307,S,0,10,17,0,0,0,0.0000,0.0000,0.0000,0.0000,0,0,19,0,0,1,0,29,11,500,0,0
1308,S,0,10,17,0,0,0,0.0000,0.0000,0.0000,0.0000,0,0,19,0,0,1,0,29,11,500,0,0
1309,S,0,10,17,0,0,0,0.0000,0.0000,0.0000,0.0000,0,0,19,0,0,1,0,29,11,500,0,0
1310,S,0,10,17,0,0,0,0.0000,0.0000,0.0000,0.0000,0,0,19,0,0,1,0,29,11,500,0,0
1311,S,0,10,17,0,0,0,0.0000,0.0000,0.0000,0.0000,0,0,19,0,0,1,0,29,11,500,0,0
1312,S,0,10,17,0,0,0,0.0000,0.0000,0.0000,0.0000,0,0,19,0,0,1,0,29,11,500,0,0
1313,S,0,10,17,0,0,0,0.0000,0.0000,0.0000,0.0000,0,0,19,0,0,1,0,29,11,500,0,0
1314,S,0,10,17,0,0,0,0.0000,0.0000,0.0000,0.0000,0,0,19,0,0,1,0,29,11,500,0,0
1315,S,0,10,17,0,0,0,0.0000,0.0000,0.0000,0.0000,0,0,19,0,0,1,0,29,11,500,0,0
1316,S,0,10,17,0,0,0,0.0000,0.0000,0.0000,0.0000,0,0,19,0,0,1,0,29,11,500,0,0
1317,S,0,10,17,0,0,0,0.0000,0.0000,0.0000,0.0000,0,0,19,0,0,1,0,29,11,500,0,0
1318,S,0,10,17,0,0,0,0.0000,0.0000,0.0000,0.0000,0,0,19,0,0,1,0,29,11,500,0,0
1319,S,0,10,17,0,0,0,0.0000,0.0000,0.0000,0.0000,0,0,19,0,0,1,0,29,11,500,0,0
1320,S,0,10,17,0,0,0,0.0000,0.0000,0.0000,0.0000,0,0,19,0,0,1,0,29,11,500,0,0
1321,S,0,10,17,0,0,0,0.0000,0.0000,0.0000,0.0000,0,0,19,0,0,1,0,29,11,500,0,0
1322,S,0,10,17,0,0,0,0.0000,0.0000,0.0000,0.0000,0,0,19,0,0,1,0,29,11,500,0,0
1323,S,0,10,17,0,0,0,0.0000,0.0000,0.0000,0.0000,0,0,19,0,0,1,0,29,11,500,0,0
1324,S,0,10,17,0,0,0,0.0000,0.0000,0.0000,0.0000,0,0,19,0,0,1,0,29,11,500,0,0
1325,S,0,10,17,0,0,0,0.0000,0.0000,0.0000,0.0000,0,0,19,0,0,1,0,29,11,500,0,0
1326,S,0,10,17,0,0,0,0.0000,0.0000,0.0000,0.0000,0,0,19,0,0,1,0,29,11,500,0,0
1327,S,0,10,17,0,0,0,0.0000,0.0000,0.0000,0.0000,0,0,19,0,0,1,0,29,11,500,0,0
1328,S,0,10,17,0,0,0,0.0000,0.0000,0.0000,0.0000,0,0,19,0,0,1,0,29,11,500,0,0
1329,S,0,10,17,0,0,0,0.0000,0.0000,0.0000,0.0000,0,0,19,0,0,1,0,29,11,500,0,0
1330,S,0,10,17,0,0,0,0.0000,0.0000,0.0000,0.0000,0,0,19,0,0,1,0,29,11,500,0,0
1331,S,0,10,17,0,0,0,0.0000,0.0000,0.0000,0.0000,0,0,19,0,0,1,0,29,11,500,0,0
1332,S,0,10,17,0,0,0,0.0000,0.0000,0.0000,0.0000,0,0,19,0,0,1,0,29,11,500,0,0
1333,S,0,10,17,0,0,0,0.0000,0.0000,0.0000,0.0000,0,0,19,0,0,1,0,29,11,500,0,0
1334,S,0,10,17,0,0,0,0.0000,0.0000,0.0000,0.0000,0,0,19,0,0,1,0,29,11,500,0,0
1335,S,0,10,17,0,0,0,0.0000,0.0000,0.0000,0.0000,0,0,19,0,0,1,0,29,11,500,0,0
1336,S,0,10,17,0,0,0,0.0000,0.0000,0.0000,0.0000,0,0,19,0,0,1,0,29,11,500,0,0
1337,S,0,10,17,0,0,0,0.0000,0.0000,0.0000,0.0000,0,0,19,0,0,1,0,29,11,500,0,0
1338,S,0,10,17,0,0,0,0.0000,0.0000,0.0000,0.0000,0,0,19,0,0,1,0,29,11,500,0,0
1339,S,0,10,17,0,0,0,0.0000,0.0000,0.0000,0.0000,0,0,19,0,0,1,0,29,11,500,0,0
1340,S,0,10,17,0,0,0,0.0000,0.0000,0.0000,0.0000,0,0,19,0,0,1,0,29,11,500,0,0
1341,S,0,10,17,0,0,0,0.0000,0.0000,0.0000,0.0000,0,0,19,0,0,1,0,29,11,500,0,0
1342,S,0,10,17,0,0,0,0.0000,0.0000,0.0000,0.0000,0,0,19,0,0,1,0,29,11,500,0,0
1343,S,0,10,17,0,0,0,0.0000,0.0000,0.0000,0.0000,0,0,19,0,0,1,0,29,11,500,0,0
1344,S,0,10,17,0,0,0,0.0000,0.0000,0.0000,0.0000,0,0,19,0,0,1,0,29,11,500,0,0
1345,S,0,10,17,0,0,0,0.0000,0.0000,0.0000,0.0000,0,0,19,0,0,1,0,29,11,500,0,0
1346,S,0,10,17,0,0,0,0.0000,0.0000,0.0000,0.0000,0,0,19,0,0,1,0,29,11,500,0,0
1347,S,0,10,17,0,0,0,0.0000,0.0000,0.0000,0.0000,0,0,19,0,0,1,0,29,11,500,0,0
1348,S,0,10,17,0,0,0,0.0000,0.0000,0.0000,0.0000,0,0,19,0,0,1,0,29,11,500,0,0
1349,S,0,10,17,0,0,0,0.0000,0.0000,0.0000,0.0000,0,0,19,0,0,1,0,29,11,500,0,0
1350,S,0,10,17,0,0,0,0.0000,0.0000,0.0000,0.0000,0,0,19,0,0,1,0,29,11,500,0,0
1351,S,0,10,17,0,0,0,0.0000,0.0000,0.0000,0.0000,0,0,19,0,0,1,0,29,11,500,0,0
1352,S,0,10,17,0,0,0,0.0000,0.0000,0.0000,0.0000,0,0,19,0,0,1,0,29,11,500,0,0
1353,S,0,10,17,0,0,0,0.0000,0.0000,0.0000,0.0000,0,0,19,0,0,1,0,29,11,500,0,0
1354,S,0,10,17,0,0,0,0.0000,0.0000,0.0000,0.0000,0,0,19,0,0,1,0,29,11,500,0,0
1355,S,0,10,17,0,0,0,0.0000,0.0000,0.0000,0.0000,0,0,19,0,0,1,0,29,11,500,0,0
1356,S,0,10,17,0,0,0,0.0000,0.0000,0.0000,0.0000,0,0,19,0,0,1,0,29,11,500,0,0
1357,S,0,10,17,0,0,0,0.0000,0.0000,0.0000,0.0000,0,0,19,0,0,1,0,29,11,500,0,0
1358,S,0,10,17,0,0,0,0.0000,0.0000,0.0000,0.0000,0,0,19,0,0,1,0,29,11,500,0,0
1359,S,0,10,17,0,0,0,0.0000,0.0000,0.0000,0.0000,0,0,19,0,0,1,0,29,11,500,0,0
1360,S,0,10,17,0,0,0,0.0000,0.0000,0.0000,0.0000,0,0,19,0,0,1,0,29,11,500,0,0
1361,S,0,10,17,0,0,0,0.0000,0.0000,0.0000,0.0000,0,0,19,0,0,1,0,29,11,500,0,0
1362,S,0,10,17,0,0,0,0.0000,0.0000,0.0000,0.0000,0,0,19,0,0,1,0,29,11,500,0,0
1363,S,0,10,17,0,0,0,0.0000,0.0000,0.0000,0.0000,0,0,19,0,0,1,0,29,11,500,0,0
1364,S,0,10,17,0,0,0,0.0000,0.0000,0.0000,0.0000,0,0,19,0,0,1,0,29,11,500,0,0
1365,S,0,10,17,0,0,0,0.0000,0.0000,0.0000,0.0000,0,0,19,0,0,1,0,29,11,500,0,0
1366,S,0,10,17,0,0,0,0.0000,0.0000,0.0000,0.0000,0,0,19,0,0,1,0,29,11,500,0,0
1367,S,0,10,17,0,0,0,0.0000,0.0000,0.0000,0.0000,0,0,19,0,0,1,0,29,11,500,0,0
1368,S,0,10,17,0,0,0,0.0000,0.0000,0.0000,0.0000,0,0,19,0,0,1,0,29,11,500,0,0
1369,S,0,10,17,0,0,0,0.0000,0.0000,0.0000,0.0000,0,0,19,0,0,1,0,29,11,500,0,0
1370,S,0,10,17,0,0,0,0.0000,0.0000,0.0000,0.0000,0,0,19,0,0,1,0,29,11,500,0,0
1371,S,0,10,17,0,0,0,0.0000,0.0000,0.0000,0.0000,0,0,19,0,0,1,0,29,11,500,0,0
1372,S,0,10,17,0,0,0,0.0000,0.0000,0.0000,0.0000,0,0,19,0,0,1,0,29,11,500,0,0
1373,S,0,10,17,0,0,0,0.0000,0.0000,0.0000,0.0000,0,0,19,0,0,1,0,29,11,500,0,0
1374,S,0,10,17,0,0,0,0.0000,0.0000,0.0000,0.0000,0,0,19,0,0,1,0,29,11,500,0,0
1375,S,0,10,17,0,0,0,0.0000,0.0000,0.0000,0.0000,0,0,19,0,0,1,0,29,11,500,0,0
1376,S,0,10,17,0,0,0,0.0000,0.0000,0.0000,0.0000,0,0,19,0,0,1,0,29,11,500,0,0
1377,S,0,10,17,0,0,0,0.0000,0.0000,0.0000,0.0000,0,0,19,0,0,1,0,29,11,500,0,0
1378,S,0,10,17,0,0,0,0.0000,0.0000,0.0000,0.0000,0,0,19,0,0,1,0,29,11,500,0,0
1379,S,0,10,17,0,0,0,0.0000,0.0000,0.0000,0.0000,0,0,19,0,0,1,0,29,11,500,0,0
1380,S,0,10,17,0,0,0,0.0000,0.0000,0.0000,0.0000,0,0,19,0,0,1,0,29,11,500,0,0
1381,S,0,10,17,0,0,0,0.0000,0.0000,0.0000,0.0000,0,0,19,0,0,1,0,29,11,500,0,0
1382,S,0,10,17,0,0,0,0.0000,0.0000,0.0000,0.0000,0,0,19,0,0,1,0,29,11,500,0,0
1383,S,0,10,17,0,0,0,0.0000,0.0000,0.0000,0.0000,0,0,19,0,0,1,0,29,11,500,0,0
1384,S,0,10,17,0,0,0,0.0000,0.0000,0.0000,0.0000,0,0,19,0,0,1,0,29,11,500,0,0
1385,S,0,10,17,0,0,0,0.0000,0.0000,0.0000,0.0000,0,0,19,0,0,1,0,29,11,500,0,0
1386,S,0,10,17,0,0,0,0.0000,0.0000,0.0000,0.0000,0,0,19,0,0,1,0,29,11,500,0,0
1387,S,0,10,17,0,0,0,0.0000,0.0000,0.0000,0.0000,0,0,19,0,0,1,0,29,11,500,0,0
1388,S,0,10,17,0,0,0,0.0000,0.0000,0.0000,0.0000,0,0,19,0,0,1,0,29,11,500,0,0
1389,S,0,10,17,0,0,0,0.0000,0.0000,0.0000,0.0000,0,0,19,0,0,1,0,29,11,500,0,0
1390,S,0,10,17,0,0,0,0.0000,0.0000,0.0000,0.0000,0,0,19,0,0,1,0,29,11,500,0,0
1391,S,0,10,17,0,0,0,0.0000,0.0000,0.0000,0.0000,0,0,19,0,0,1,0,29,11,500,0,0
1392,S,0,10,17,0,0,0,0.0000,0.0000,0.0000,0.0000,0,0,19,0,0,1,0,29,11,500,0,0
1393,S,0,10,17,0,0,0,0.0000,0.0000,0.0000,0.0000,0,0,19,0,0,1,0,29,11,500,0,0
1394,S,0,10,17,0,0,0,0.0000,0.0000,0.0000,0.0000,0,0,19,0,0,1,0,29,11,500,0,0
1395,S,0,10,17,0,0,0,0.0000,0.0000,0.0000,0.0000,0,0,19,0,0,1,0,29,11,500,0,0
1396,S,0,10,17,0,0,0,0.0000,0.0000,0.0000,0.0000,0,0,19,0,0,1,0,29,11,500,0,0
1397,S,0,10,17,0,0,0,0.0000,0.0000,0.0000,0.0000,0,0,19,0,0,1,0,29,11,500,0,0
1398,S,0,10,17,0,0,0,0.0000,0.0000,0.0000,0.0000,0,0,19,0,0,1,0,29,11,500,0,0
1399,S,0,10,17,0,0,0,0.0000,0.0000,0.0000,0.0000,0,0,19,0,0,1,0,29,11,500,0,0
1400,S,0,10,17,0,0,0,0.0000,0.0000,0.0000,0.0000,0,0,19,0,0,1,0,29,11,500,0,0
1401,S,0,10,17,0,0,0,0.0000,0.0000,0.0000,0.0000,0,0,19,0,0,1,0,29,11,500,0,0
1402,S,0,10,17,0,0,0,0.0000,0.0000,0.0000,0.0000,0,0,19,0,0,1,0,29,11,500,0,0
1403,S,0,10,17,0,0,0,0.0000,0.0000,0.0000,0.0000,0,0,19,0,0,1,0,29,11,500,0,0
1404,S,0,10,17,0,0,0,0.0000,0.0000,0.0000,0.0000,0,0,19,0,0,1,0,29,11,500,0,0
1405,S,0,10,17,0,0,0,0.0000,0.0000,0.0000,0.0000,0,0,19,0,0,1,0,29,11,500,0,0
1406,S,0,10,17,0,0,0,0.0000,0.0000,0.0000,0.0000,0,0,19,0,0,1,0,29,11,500,0,0
1407,S,0,10,17,0,0,0,0.0000,0.0000,0.0000,0.0000,0,0,19,0,0,1,0,29,11,500,0,0
1408,S,0,10,17,0,0,0,0.0000,0.0000,0.0000,0.0000,0,0,19,0,0,1,0,29,11,500,0,0
1409,S,0,10,17,0,0,0,0.0000,0.0000,0.0000,0.0000,0,0,19,0,0,1,0,29,11,500,0,0
1410,S,0,10,17,0,0,0,0.0000,0.0000,0.0000,0.0000,0,0,19,0,0,1,0,29,11,500,0,0
1411,S,0,10,17,0,0,0,0.0000,0.0000,0.0000,0.0000,0,0,19,0,0,1,0,29,11,500,0,0
1412,S,0,10,17,0,0,0,0.0000,0.0000,0.0000,0.0000,0,0,19,0,0,1,0,29,11,500,0,0
1413,S,0,10,17,0,0,0,0.0000,0.0000,0.0000,0.0000,0,0,19,0,0,1,0,29,11,500,0,0
1414,S,0,10,17,0,0,0,0.0000,0.0000,0.0000,0.0000,0,0,19,0,0,1,0,29,11,500,0,0
1415,S,0,10,17,0,0,0,0.0000,0.0000,0.0000,0.0000,0,0,19,0,0,1,0,29,11,500,0,0
1416,S,0,10,17,0,0,0,0.0000,0.0000,0.0000,0.0000,0,0,19,0,0,1,0,29,11,500,0,0
1417,S,0,10,17,0,0,0,0.0000,0.0000,0.0000,0.0000,0,0,19,0,0,1,0,29,11,500,0,0
1418,S,0,10,17,0,0,0,0.0000,0.0000,0.0000,0.0000,0,0,19,0,0,1,0,29,11,500,0,0
1419,S,0,10,17,0,0,0,0.0000,0.0000,0.0000,0.0000,0,0,19,0,0,1,0,29,11,500,0,0
1420,S,0,10,17,0,0,0,0.0000,0.0000,0.0000,0.0000,0,0,19,0,0,1,0,29,11,500,0,0
1421,S,0,10,17,0,0,0,0.0000,0.0000,0.0000,0.0000,0,0,19,0,0,1,0,29,11,500,0,0
1422,S,0,10,17,0,0,0,0.0000,0.0000,0.0000,0.0000,0,0,19,0,0,1,0,29,11,500,0,0
1423,S,0,10,17,0,0,0,0.0000,0.0000,0.0000,0.0000,0,0,19,0,0,1,0,29,11,500,0,0
1424,S,0,10,17,0,0,0,0.0000,0.0000,0.0000,0.0000,0,0,19,0,0,1,0,29,11,500,0,0
1425,S,0,10,17,0,0,0,0.0000,0.0000,0.0000,0.0000,0,0,19,0,0,1,0,29,11,500,0,0
1426,S,0,10,17,0,0,0,0.0000,0.0000,0.0000,0.0000,0,0,19,0,0,1,0,29,11,500,0,0
1427,S,0,10,17,0,0,0,0.0000,0.0000,0.0000,0.0000,0,0,19,0,0,1,0,29,11,500,0,0
1428,S,0,10,17,0,0,0,0.0000,0.0000,0.0000,0.0000,0,0,19,0,0,1,0,29,11,500,0,0
1429,S,0,10,17,0,0,0,0.0000,0.0000,0.0000,0.0000,0,0,19,0,0,1,0,29,11,500,0,0
1430,S,0,10,17,0,0,0,0.0000,0.0000,0.0000,0.0000,0,0,19,0,0,1,0,29,11,500,0,0
1431,S,0,10,17,0,0,0,0.0000,0.0000,0.0000,0.0000,0,0,19,0,0,1,0,29,11,500,0,0
1432,S,0,10,17,0,0,0,0.0000,0.0000,0.0000,0.0000,0,0,19,0,0,1,0,29,11,500,0,0
1433,S,0,10,17,0,0,0,0.0000,0.0000,0.0000,0.0000,0,0,19,0,0,1,0,29,11,500,0,0
1434,S,0,10,17,0,0,0,0.0000,0.0000,0.0000,0.0000,0,0,19,0,0,1,0,29,11,500,0,0
1435,S,0,10,17,0,0,0,0.0000,0.0000,0.0000,0.0000,0,0,19,0,0,1,0,29,11,500,0,0
1436,S,0,10,17,0,0,0,0.0000,0.0000,0.0000,0.0000,0,0,19,0,0,1,0,29,11,500,0,0
1437,S,0,10,17,0,0,0,0.0000,0.0000,0.0000,0.0000,0,0,19,0,0,1,0,29,11,500,0,0
1438,S,0,10,17,0,0,0,0.0000,0.0000,0.0000,0.0000,0,0,19,0,0,1,0,29,11,500,0,0
1439,S,0,10,17,0,0,0,0.0000,0.0000,0.0000,0.0000,0,0,19,0,0,1,0,29,11,500,0,0
1440,S,0,10,17,0,0,0,0.0000,0.0000,0.0000,0.0000,0,0,19,0,0,1,0,29,11,500,0,0
1441,S,0,10,17,0,0,0,0.0000,0.0000,0.0000,0.0000,0,0,19,0,0,1,0,29,11,500,0,0
1442,S,0,10,17,0,0,0,0.0000,0.0000,0.0000,0.0000,0,0,19,0,0,1,0,29,11,500,0,0
1443,S,0,10,17,0,0,0,0.0000,0.0000,0.0000,0.0000,0,0,19,0,0,1,0,29,11,500,0,0
1444,S,0,10,17,0,0,0,0.0000,0.0000,0.0000,0.0000,0,0,19,0,0,1,0,29,11,500,0,0
1445,S,0,10,17,0,0,0,0.0000,0.0000,0.0000,0.0000,0,0,19,0,0,1,0,29,11,500,0,0
1446,S,0,10,17,0,0,0,0.0000,0.0000,0.0000,0.0000,0,0,19,0,0,1,0,29,11,500,0,0
1447,S,0,10,17,0,0,0,0.0000,0.0000,0.0000,0.0000,0,0,19,0,0,1,0,29,11,500,0,0
1448,S,0,10,17,0,0,0,0.0000,0.0000,0.0000,0.0000,0,0,19,0,0,1,0,29,11,500,0,0
1449,S,0,10,17,0,0,0,0.0000,0.0000,0.0000,0.0000,0,0,19,0,0,1,0,29,11,500,0,0
1450,S,0,10,17,0,0,0,0.0000,0.0000,0.0000,0.0000,0,0,19,0,0,1,0,29,11,500,0,0
1451,S,0,10,17,0,0,0,0.0000,0.0000,0.0000,0.0000,0,0,19,0,0,1,0,29,11,500,0,0
1452,S,0,10,17,0,0,0,0.0000,0.0000,0.0000,0.0000,0,0,19,0,0,1,0,29,11,500,0,0
1453,S,0,10,17,0,0,0,0.0000,0.0000,0.0000,0.0000,0,0,19,0,0,1,0,29,11,500,0,0
1454,S,0,10,17,0,0,0,0.0000,0.0000,0.0000,0.0000,0,0,19,0,0,1,0,29,11,500,0,0
1455,S,0,10,17,0,0,0,0.0000,0.0000,0.0000,0.0000,0,0,19,0,0,1,0,29,11,500,0,0
1456,S,0,10,17,0,0,0,0.0000,0.0000,0.0000,0.0000,0,0,19,0,0,1,0,29,11,500,0,0
1457,S,0,10,17,0,0,0,0.0000,0.0000,0.0000,0.0000,0,0,19,0,0,1,0,29,11,500,0,0
1458,S,0,10,17,0,0,0,0.0000,0.0000,0.0000,0.0000,0,0,19,0,0,1,0,29,11,500,0,0
1459,S,0,10,17,0,0,0,0.0000,0.0000,0.0000,0.0000,0,0,19,0,0,1,0,29,11,500,0,0
1460,S,0,10,17,0,0,0,0.0000,0.0000,0.0000,0.0000,0,0,19,0,0,1,0,29,11,500,0,0
1461,S,0,10,17,0,0,0,0.0000,0.0000,0.0000,0.0000,0,0,19,0,0,1,0,29,11,500,0,0
1462,S,0,10,17,0,0,0,0.0000,0.0000,0.0000,0.0000,0,0,19,0,0,1,0,29,11,500,0,0
1463,S,0,10,17,0,0,0,0.0000,0.0000,0.0000,0.0000,0,0,19,0,0,1,0,29,11,500,0,0
1464,S,0,10,17,0,0,0,0.0000,0.0000,0.0000,0.0000,0,0,19,0,0,1,0,29,11,500,0,0
1465,S,0,10,17,0,0,0,0.0000,0.0000,0.0000,0.0000,0,0,19,0,0,1,0,29,11,500,0,0
1466,S,0,10,17,0,0,0,0.0000,0.0000,0.0000,0.0000,0,0,19,0,0,1,0,29,11,500,0,0
1467,S,0,10,17,0,0,0,0.0000,0.0000,0.0000,0.0000,0,0,19,0,0,1,0,29,11,500,0,0
1468,S,0,10,17,0,0,0,0.0000,0.0000,0.0000,0.0000,0,0,19,0,0,1,0,29,11,500,0,0
1469,S,0,10,17,0,0,0,0.0000,0.0000,0.0000,0.0000,0,0,19,0,0,1,0,29,11,500,0,0
1470,S,0,10,17,0,0,0,0.0000,0.0000,0.0000,0.0000,0,0,19,0,0,1,0,29,11,500,0,0
1471,S,0,10,17,0,0,0,0.0000,0.0000,0.0000,0.0000,0,0,19,0,0,1,0,29,11,500,0,0
1472,S,0,10,17,0,0,0,0.0000,0.0000,0.0000,0.0000,0,0,19,0,0,1,0,29,11,500,0,0
1473,S,0,10,17,0,0,0,0.0000,0.0000,0.0000,0.0000,0,0,19,0,0,1,0,29,11,500,0,0
1474,S,0,10,17,0,0,0,0.0000,0.0000,0.0000,0.0000,0,0,19,0,0,1,0,29,11,500,0,0
1475,S,0,10,17,0,0,0,0.0000,0.0000,0.0000,0.0000,0,0,19,0,0,1,0,29,11,500,0,0
1476,S,0,10,17,0,0,0,0.0000,0.0000,0.0000,0.0000,0,0,19,0,0,1,0,29,11,500,0,0
1477,S,0,10,17,0,0,0,0.0000,0.0000,0.0000,0.0000,0,0,19,0,0,1,0,29,11,500,0,0
1478,S,0,10,17,0,0,0,0.0000,0.0000,0.0000,0.0000,0,0,19,0,0,1,0,29,11,500,0,0
1479,S,0,10,17,0,0,0,0.0000,0.0000,0.0000,0.0000,0,0,19,0,0,1,0,29,11,500,0,0
1480,S,0,10,17,0,0,0,0.0000,0.0000,0.0000,0.0000,0,0,19,0,0,1,0,29,11,500,0,0
1481,S,0,10,17,0,0,0,0.0000,0.0000,0.0000,0.0000,0,0,19,0,0,1,0,29,11,500,0,0
1482,S,0,10,17,0,0,0,0.0000,0.0000,0.0000,0.0000,0,0,19,0,0,1,0,29,11,500,0,0
1483,S,0,10,17,0,0,0,0.0000,0.0000,0.0000,0.0000,0,0,19,0,0,1,0,29,11,500,0,0
1484,S,0,10,17,0,0,0,0.0000,0.0000,0.0000,0.0000,0,0,19,0,0,1,0,29,11,500,0,0
1485,S,0,10,17,0,0,0,0.0000,0.0000,0.0000,0.0000,0,0,19,0,0,1,0,29,11,500,0,0
1486,S,0,10,17,0,0,0,0.0000,0.0000,0.0000,0.0000,0,0,19,0,0,1,0,29,11,500,0,0
1487,S,0,10,17,0,0,0,0.0000,0.0000,0.0000,0.0000,0,0,19,0,0,1,0,29,11,500,0,0
1488,S,0,10,17,0,0,0,0.0000,0.0000,0.0000,0.0000,0,0,19,0,0,1,0,29,11,500,0,0
1489,S,0,10,17,0,0,0,0.0000,0.0000,0.0000,0.0000,0,0,19,0,0,1,0,29,11,500,0,0
1490,S,0,10,17,0,0,0,0.0000,0.0000,0.0000,0.0000,0,0,19,0,0,1,0,29,11,500,0,0
1491,S,0,10,17,0,0,0,0.0000,0.0000,0.0000,0.0000,0,0,19,0,0,1,0,29,11,500,0,0
1492,S,0,10,17,0,0,0,0.0000,0.0000,0.0000,0.0000,0,0,19,0,0,1,0,29,11,500,0,0
1493,S,0,10,17,0,0,0,0.0000,0.0000,0.0000,0.0000,0,0,19,0,0,1,0,29,11,500,0,0
1494,S,0,10,17,0,0,0,0.0000,0.0000,0.0000,0.0000,0,0,19,0,0,1,0,29,11,500,0,0
1495,S,0,10,17,0,0,0,0.0000,0.0000,0.0000,0.0000,0,0,19,0,0,1,0,29,11,500,0,0
1496,S,0,10,17,0,0,0,0.0000,0.0000,0.0000,0.0000,0,0,19,0,0,1,0,29,11,500,0,0
1497,S,0,10,17,0,0,0,0.0000,0.0000,0.0000,0.0000,0,0,19,0,0,1,0,29,11,500,0,0
1498,S,0,10,17,0,0,0,0.0000,0.0000,0.0000,0.0000,0,0,19,0,0,1,0,29,11,500,0,0
1499,S,0,10,17,0,0,0,0.0000,0.0000,0.0000,0.0000,0,0,19,0,0,1,0,29,11,500,0,0
1500,S,0,10,17,0,0,0,0.0000,0.0000,0.0000,0.0000,0,0,19,0,0,1,0,29,11,500,0,0
