sol,age,pop,births,deaths,pairs,friend_pairs,close_pairs,web,second,lonely,friends_mean,lines,grief,lines_cum,capped_cum,dropped_cum,stale_cum,pending,formed_cum,close_cum,log_size
1,L,7,0,0,21,21,0,1.0000,0.0000,0.0000,6.0000,0,0,0,0,0,0,0,0,0,2
2,L,7,0,0,21,21,0,1.0000,0.0000,0.0000,6.0000,0,0,0,0,0,0,0,0,0,2
3,L,7,0,0,21,21,0,1.0000,0.0000,0.0000,6.0000,0,0,0,0,0,0,0,0,0,3
4,L,7,0,0,21,21,0,1.0000,0.0000,0.0000,6.0000,0,0,0,0,0,0,0,0,0,5
5,L,7,0,0,21,21,0,1.0000,0.0000,0.0000,6.0000,0,0,0,0,0,0,0,0,0,6
6,L,7,0,0,21,21,0,1.0000,0.0000,0.0000,6.0000,0,0,0,0,0,0,0,0,0,7
7,L,7,0,0,21,21,0,1.0000,0.0000,0.0000,6.0000,0,0,0,0,0,0,0,0,0,8
8,L,7,0,0,21,21,0,1.0000,0.0000,0.0000,6.0000,0,0,0,0,0,0,0,0,0,8
9,L,7,0,0,21,21,0,1.0000,0.0000,0.0000,6.0000,0,0,0,0,0,0,0,0,0,9
10,L,7,0,0,21,21,0,1.0000,0.0000,0.0000,6.0000,0,0,0,0,0,0,0,0,0,10
11,L,7,0,0,21,21,0,1.0000,0.0000,0.0000,6.0000,0,0,0,0,0,0,0,0,0,11
12,L,7,0,0,21,21,0,1.0000,0.0000,0.0000,6.0000,0,0,0,0,0,0,0,0,0,13
13,L,7,0,0,21,21,0,1.0000,0.0000,0.0000,6.0000,0,0,0,0,0,0,0,0,0,14
14,L,7,0,0,21,21,0,1.0000,0.0000,0.0000,6.0000,0,0,0,0,0,0,0,0,0,16
15,L,7,0,0,21,21,1,1.0000,0.0000,0.0000,6.0000,1,0,1,0,0,0,0,0,1,18
16,L,7,0,0,21,21,1,1.0000,0.0000,0.0000,6.0000,0,0,1,0,0,0,0,0,1,19
17,L,7,0,0,21,21,1,1.0000,0.0000,0.0000,6.0000,0,0,1,0,0,0,0,0,1,20
18,L,7,0,0,21,21,1,1.0000,0.0000,0.0000,6.0000,0,0,1,0,0,0,0,0,1,20
19,L,7,0,0,21,21,1,1.0000,0.0000,0.0000,6.0000,0,0,1,0,0,0,0,0,1,23
20,L,7,0,0,21,21,1,1.0000,0.0000,0.0000,6.0000,0,0,1,0,0,0,0,0,1,24
21,L,7,0,0,21,21,1,1.0000,0.0000,0.0000,6.0000,0,0,1,0,0,0,0,0,1,24
22,L,7,0,0,21,21,1,1.0000,0.0000,0.0000,6.0000,0,0,1,0,0,0,0,0,1,26
23,L,7,0,0,21,21,1,1.0000,0.0000,0.0000,6.0000,0,0,1,0,0,0,0,0,1,27
24,L,7,0,0,21,21,1,1.0000,0.0000,0.0000,6.0000,0,0,1,0,0,0,0,0,1,28
25,L,7,0,0,21,21,1,1.0000,0.0000,0.0000,6.0000,0,0,1,0,0,0,0,0,1,29
26,L,7,0,0,21,21,1,1.0000,0.0000,0.0000,6.0000,0,0,1,0,0,0,0,0,1,30
27,L,7,0,0,21,21,1,1.0000,0.0000,0.0000,6.0000,0,0,1,0,0,0,0,0,1,31
28,L,7,0,0,21,21,1,1.0000,0.0000,0.0000,6.0000,0,0,1,0,0,0,0,0,1,32
29,L,7,0,0,21,21,1,1.0000,0.0000,0.0000,6.0000,0,0,1,0,0,0,0,0,1,33
30,L,7,0,0,21,21,1,1.0000,0.0000,0.0000,6.0000,0,0,1,0,0,0,0,0,1,34
31,L,7,0,0,21,21,1,1.0000,0.0000,0.0000,6.0000,0,0,1,0,0,0,0,0,1,35
32,L,7,0,0,21,21,1,1.0000,0.0000,0.0000,6.0000,0,0,1,0,0,0,0,0,1,37
33,L,7,0,0,21,21,1,1.0000,0.0000,0.0000,6.0000,0,0,1,0,0,0,0,0,1,38
34,L,7,0,0,21,21,1,1.0000,0.0000,0.0000,6.0000,0,0,1,0,0,0,0,0,1,40
35,L,7,0,0,21,21,1,1.0000,0.0000,0.0000,6.0000,0,0,1,0,0,0,0,0,1,41
36,L,7,0,0,21,21,1,1.0000,0.0000,0.0000,6.0000,0,0,1,0,0,0,0,0,1,42
37,L,7,0,0,21,20,1,1.0000,0.0000,0.0000,5.7143,1,0,2,0,0,0,0,0,1,45
38,L,7,0,0,21,20,1,1.0000,0.0000,0.0000,5.7143,0,0,2,0,0,0,0,0,1,46
39,L,7,0,0,21,20,1,1.0000,0.0000,0.0000,5.7143,0,0,2,0,0,0,0,0,1,47
40,L,7,0,0,21,19,1,1.0000,0.0000,0.0000,5.4286,0,0,2,0,0,0,0,0,1,48
41,L,7,0,0,21,19,1,1.0000,0.0000,0.0000,5.4286,0,0,2,0,0,0,0,0,1,49
42,L,7,0,0,21,19,1,1.0000,0.0000,0.0000,5.4286,0,0,2,0,0,0,0,0,1,50
43,L,7,0,0,21,19,1,1.0000,0.0000,0.0000,5.4286,0,0,2,0,0,0,0,0,1,51
44,L,7,0,0,21,19,1,1.0000,0.0000,0.0000,5.4286,0,0,2,0,0,0,0,0,1,52
45,L,7,0,0,21,19,1,1.0000,0.0000,0.0000,5.4286,0,0,2,0,0,0,0,0,1,54
46,L,7,0,0,21,19,1,1.0000,0.0000,0.0000,5.4286,0,0,2,0,0,0,0,0,1,55
47,L,7,0,0,21,18,1,1.0000,0.0000,0.0000,5.1429,1,0,3,0,0,0,0,0,1,57
48,L,7,0,0,21,18,1,1.0000,0.0000,0.0000,5.1429,0,0,3,0,0,0,0,0,1,59
49,L,7,0,0,21,17,1,1.0000,0.0000,0.0000,4.8571,0,0,3,0,0,0,0,0,1,60
50,L,7,0,0,21,16,1,1.0000,0.0000,0.0000,4.5714,0,0,3,0,0,0,0,0,1,63
51,L,7,0,0,21,16,1,1.0000,0.0000,0.0000,4.5714,0,0,3,0,0,0,0,0,1,64
52,L,7,0,0,21,16,1,1.0000,0.0000,0.0000,4.5714,0,0,3,0,0,0,0,0,1,65
53,L,7,0,0,21,15,1,1.0000,0.0000,0.0000,4.2857,0,0,3,0,0,0,0,0,1,66
54,L,7,0,0,21,15,1,1.0000,0.0000,0.0000,4.2857,0,0,3,0,0,0,0,0,1,67
55,L,7,0,0,21,15,1,1.0000,0.0000,0.0000,4.2857,0,0,3,0,0,0,0,0,1,68
56,L,7,0,0,21,14,1,1.0000,0.0000,0.0000,4.0000,0,0,3,0,0,0,0,0,1,69
57,L,7,0,0,21,13,1,1.0000,0.0000,0.0000,3.7143,1,0,4,0,0,0,0,0,1,71
58,L,7,0,0,21,13,1,1.0000,0.0000,0.0000,3.7143,0,0,4,0,0,0,0,0,1,72
59,L,7,0,0,21,13,1,1.0000,0.0000,0.0000,3.7143,0,0,4,0,0,0,0,0,1,73
60,L,7,0,0,21,13,1,1.0000,0.0000,0.0000,3.7143,0,0,4,0,0,0,0,0,1,74
61,L,7,0,0,21,13,1,1.0000,0.0000,0.0000,3.7143,0,0,4,0,0,0,0,0,1,76
62,L,7,0,0,21,13,1,1.0000,0.0000,0.0000,3.7143,0,0,4,0,0,0,0,0,1,77
63,L,7,0,0,21,11,1,1.0000,0.0000,0.0000,3.1429,0,0,4,0,0,0,0,0,1,79
64,L,7,0,0,20,11,1,1.0000,0.0000,0.0000,3.1429,0,0,4,0,0,0,0,0,1,80
65,L,7,0,0,21,11,1,1.0000,0.0000,0.0000,3.1429,0,0,4,0,0,0,0,0,1,81
66,L,7,0,0,21,11,1,1.0000,0.0000,0.0000,3.1429,0,0,4,0,0,0,0,0,1,83
67,L,7,0,0,21,11,1,1.0000,0.0000,0.0000,3.1429,0,0,4,0,0,0,0,0,1,84
68,L,7,0,0,21,11,1,1.0000,0.0000,0.0000,3.1429,0,0,4,0,0,0,0,0,1,85
69,L,7,0,0,21,11,2,1.0000,0.0000,0.0000,3.1429,0,0,4,0,0,0,0,0,2,86
70,L,7,0,0,20,11,2,1.0000,0.0000,0.0000,3.1429,0,0,4,0,0,0,0,0,2,88
71,L,7,0,0,20,11,2,1.0000,0.0000,0.0000,3.1429,0,0,4,0,0,0,0,0,2,89
72,L,7,0,0,19,11,2,1.0000,0.0000,0.0000,3.1429,0,0,4,0,0,0,0,0,2,91
73,L,7,0,0,19,11,2,1.0000,0.0000,0.0000,3.1429,0,0,4,0,0,0,0,0,2,92
74,L,7,0,0,19,12,2,1.0000,0.0000,0.0000,3.4286,0,0,4,0,0,0,0,0,2,94
75,L,7,0,0,19,11,2,1.0000,0.0000,0.0000,3.1429,0,0,4,0,0,0,0,0,2,95
76,L,7,0,0,18,10,2,1.0000,0.0000,0.0000,2.8571,0,0,4,0,0,0,0,0,2,97
77,L,7,0,0,19,10,2,1.0000,0.0000,0.0000,2.8571,0,0,4,0,0,0,0,0,2,98
78,L,7,0,0,19,10,2,1.0000,0.0000,0.0000,2.8571,0,0,4,0,0,0,0,0,2,99
79,L,7,0,0,18,10,2,1.0000,0.0000,0.0000,2.8571,0,0,4,0,0,0,0,0,2,100
80,L,7,0,0,18,10,2,1.0000,0.0000,0.0000,2.8571,0,0,4,0,0,0,0,0,2,101
81,L,7,0,0,19,10,2,1.0000,0.0000,0.0000,2.8571,0,0,4,0,0,0,0,0,2,102
82,L,7,0,0,21,10,2,1.0000,0.0000,0.0000,2.8571,0,0,4,0,0,0,0,0,2,103
83,L,7,0,0,21,10,2,1.0000,0.0000,0.0000,2.8571,0,0,4,0,0,0,0,0,2,104
84,L,7,0,0,20,9,2,0.8571,0.0000,0.1429,2.5714,0,0,4,0,0,0,0,0,2,105
85,L,7,0,0,19,9,2,0.8571,0.0000,0.1429,2.5714,0,0,4,0,0,0,0,0,2,106
86,L,7,0,0,19,8,2,0.8571,0.0000,0.1429,2.2857,0,0,4,0,0,0,0,0,2,109
87,L,7,0,0,18,8,2,0.8571,0.0000,0.1429,2.2857,0,0,4,0,0,0,0,0,2,110
88,L,7,0,0,18,8,2,0.8571,0.0000,0.1429,2.2857,0,0,4,0,0,0,0,0,2,112
89,L,7,0,0,18,8,2,0.8571,0.0000,0.1429,2.2857,0,0,4,0,0,0,0,0,2,113
90,L,7,0,0,18,8,2,0.8571,0.0000,0.1429,2.2857,0,0,4,0,0,0,0,0,2,114
91,L,7,0,0,16,7,2,0.8571,0.0000,0.1429,2.0000,0,0,4,0,0,0,0,0,2,116
92,L,7,0,0,17,7,2,0.8571,0.0000,0.1429,2.0000,0,0,4,0,0,0,0,0,2,119
93,L,7,0,0,18,7,2,0.8571,0.0000,0.1429,2.0000,0,0,4,0,0,0,0,0,2,121
94,L,7,0,0,19,7,2,0.8571,0.0000,0.1429,2.0000,0,0,4,0,0,0,0,0,2,122
95,L,7,0,0,18,7,2,0.8571,0.0000,0.1429,2.0000,0,0,4,0,0,0,0,0,2,123
96,L,7,0,0,18,7,2,0.8571,0.0000,0.1429,2.0000,0,0,4,0,0,0,0,0,2,123
97,L,7,0,0,20,7,2,0.8571,0.0000,0.1429,2.0000,0,0,4,0,0,0,0,0,2,125
98,L,7,0,0,19,7,2,0.8571,0.0000,0.1429,2.0000,0,0,4,0,0,0,0,0,2,126
99,L,7,0,0,19,7,2,0.8571,0.0000,0.1429,2.0000,0,0,4,0,0,0,0,0,2,127
100,L,7,0,0,19,7,2,0.8571,0.0000,0.1429,2.0000,0,0,4,0,0,0,0,0,2,127
101,L,7,0,0,20,7,2,0.8571,0.0000,0.1429,2.0000,0,0,4,0,0,0,0,0,2,127
102,L,7,0,0,19,7,2,0.8571,0.0000,0.1429,2.0000,0,0,4,0,0,0,0,0,2,127
103,L,7,0,0,18,7,2,0.8571,0.0000,0.1429,2.0000,0,0,4,0,0,0,0,0,2,128
104,L,7,0,0,16,8,2,0.8571,0.0000,0.1429,2.2857,0,0,4,0,0,0,0,0,2,128
105,L,7,0,0,16,8,2,0.8571,0.0000,0.1429,2.2857,0,0,4,0,0,0,0,0,2,128
106,L,7,0,0,16,8,2,0.8571,0.0000,0.1429,2.2857,0,0,4,0,0,0,0,0,2,129
107,L,7,0,0,17,8,2,0.8571,0.0000,0.1429,2.2857,0,0,4,0,0,0,0,0,2,129
108,L,7,0,0,19,8,2,0.8571,0.0000,0.1429,2.2857,0,0,4,0,0,0,0,0,2,129
109,L,7,0,0,18,8,2,0.8571,0.0000,0.1429,2.2857,0,0,4,0,0,0,0,0,2,129
110,L,7,0,0,18,8,2,0.8571,0.0000,0.1429,2.2857,0,0,4,0,0,0,0,0,2,130
111,L,7,0,0,19,8,2,0.8571,0.0000,0.1429,2.2857,0,0,4,0,0,0,0,0,2,130
112,L,7,0,0,17,8,2,0.8571,0.0000,0.1429,2.2857,0,0,4,0,0,0,0,0,2,130
113,L,7,0,0,18,8,2,0.8571,0.0000,0.1429,2.2857,0,0,4,0,0,0,0,0,2,130
114,L,7,0,0,18,8,2,0.8571,0.0000,0.1429,2.2857,0,0,4,0,0,0,0,0,2,130
115,L,7,0,0,20,8,2,0.8571,0.0000,0.1429,2.2857,0,0,4,0,0,0,0,0,2,130
116,L,7,0,0,17,8,2,0.8571,0.0000,0.1429,2.2857,0,0,4,0,0,0,0,0,2,131
117,L,7,0,0,16,8,2,0.8571,0.0000,0.1429,2.2857,0,0,4,0,0,0,0,0,2,131
118,L,7,0,0,19,8,2,0.8571,0.0000,0.1429,2.2857,0,0,4,0,0,0,0,0,2,131
119,L,7,0,0,19,8,2,0.8571,0.0000,0.1429,2.2857,0,0,4,0,0,0,0,0,2,131
120,L,7,0,0,19,8,2,0.8571,0.0000,0.1429,2.2857,0,0,4,0,0,0,0,0,2,132
121,L,7,0,0,18,8,2,0.8571,0.0000,0.1429,2.2857,0,0,4,0,0,0,0,0,2,133
122,L,7,0,0,19,8,2,0.8571,0.0000,0.1429,2.2857,0,0,4,0,0,0,0,0,2,134
123,L,7,0,0,18,8,2,0.8571,0.0000,0.1429,2.2857,0,0,4,0,0,0,0,0,2,136
124,L,7,0,0,18,8,2,0.8571,0.0000,0.1429,2.2857,0,0,4,0,0,0,0,0,2,137
125,L,7,0,0,18,8,2,0.8571,0.0000,0.1429,2.2857,0,0,4,0,0,0,0,0,2,138
126,L,7,0,0,17,8,2,0.8571,0.0000,0.1429,2.2857,0,0,4,0,0,0,0,0,2,139
127,L,7,0,0,18,8,2,0.8571,0.0000,0.1429,2.2857,0,0,4,0,0,0,0,0,2,139
128,L,7,0,0,20,8,2,0.8571,0.0000,0.1429,2.2857,0,0,4,0,0,0,0,0,2,139
129,L,7,0,0,19,8,2,0.8571,0.0000,0.1429,2.2857,0,0,4,0,0,0,0,0,2,139
130,L,7,0,0,19,8,2,0.8571,0.0000,0.1429,2.2857,0,0,4,0,0,0,0,0,2,139
131,L,7,0,0,18,8,2,0.8571,0.0000,0.1429,2.2857,0,0,4,0,0,0,0,0,2,139
132,L,7,0,0,17,8,2,0.8571,0.0000,0.1429,2.2857,0,0,4,0,0,0,0,0,2,139
133,L,7,0,0,18,8,2,0.8571,0.0000,0.1429,2.2857,0,0,4,0,0,0,0,0,2,139
134,L,7,0,0,18,8,2,0.8571,0.0000,0.1429,2.2857,0,0,4,0,0,0,0,0,2,139
135,L,7,0,0,17,8,2,0.8571,0.0000,0.1429,2.2857,0,0,4,0,0,0,0,0,2,139
136,L,7,0,0,18,8,2,0.8571,0.0000,0.1429,2.2857,0,0,4,0,0,0,0,0,2,140
137,L,7,0,0,19,8,2,0.8571,0.0000,0.1429,2.2857,0,0,4,0,0,0,0,0,2,141
138,L,7,0,0,17,8,2,0.8571,0.0000,0.1429,2.2857,0,0,4,0,0,0,0,0,2,141
139,L,7,0,0,21,8,2,0.8571,0.0000,0.1429,2.2857,0,0,4,0,0,0,0,0,2,141
140,L,7,0,0,21,8,2,0.8571,0.0000,0.1429,2.2857,0,0,4,0,0,0,0,0,2,142
141,L,7,0,0,20,8,2,0.8571,0.0000,0.1429,2.2857,0,0,4,0,0,0,0,0,2,143
142,L,7,0,0,20,8,2,0.8571,0.0000,0.1429,2.2857,0,0,4,0,0,0,0,0,2,146
143,L,7,0,0,20,8,2,0.8571,0.0000,0.1429,2.2857,0,0,4,0,0,0,0,0,2,147
144,L,7,0,0,21,8,2,0.8571,0.0000,0.1429,2.2857,0,0,4,0,0,0,0,0,2,148
145,L,7,0,0,20,8,2,0.8571,0.0000,0.1429,2.2857,0,0,4,0,0,0,0,0,2,150
146,L,7,0,0,19,8,2,0.8571,0.0000,0.1429,2.2857,0,0,4,0,0,0,0,0,2,151
147,L,7,0,0,17,8,2,0.8571,0.0000,0.1429,2.2857,0,0,4,0,0,0,0,0,2,152
148,L,7,0,0,17,8,2,0.8571,0.0000,0.1429,2.2857,0,0,4,0,0,0,0,0,2,152
149,L,7,0,0,17,8,2,0.8571,0.0000,0.1429,2.2857,0,0,4,0,0,0,0,0,2,153
150,L,7,0,0,18,9,2,1.0000,0.0000,0.0000,2.5714,0,0,4,0,0,0,0,0,2,154
151,L,7,0,0,20,9,2,1.0000,0.0000,0.0000,2.5714,0,0,4,0,0,0,0,0,2,155
152,L,7,0,0,20,9,2,1.0000,0.0000,0.0000,2.5714,0,0,4,0,0,0,0,0,2,156
153,L,7,0,0,19,9,2,1.0000,0.0000,0.0000,2.5714,0,0,4,0,0,0,0,0,2,157
154,L,7,0,0,20,8,2,1.0000,0.0000,0.0000,2.2857,0,0,4,0,0,0,0,0,2,157
155,L,7,0,0,19,7,2,0.8571,0.0000,0.1429,2.0000,0,0,4,0,0,0,0,0,2,157
156,L,7,0,0,18,7,2,0.8571,0.0000,0.1429,2.0000,0,0,4,0,0,0,0,0,2,157
157,L,7,0,0,19,7,2,0.8571,0.0000,0.1429,2.0000,0,0,4,0,0,0,0,0,2,157
158,L,7,0,0,18,7,2,0.8571,0.0000,0.1429,2.0000,0,0,4,0,0,0,0,0,2,157
159,L,7,0,0,20,7,2,0.8571,0.0000,0.1429,2.0000,0,0,4,0,0,0,0,0,2,157
160,L,7,0,0,21,7,2,0.8571,0.0000,0.1429,2.0000,0,0,4,0,0,0,0,0,2,157
161,L,7,0,0,20,8,2,0.8571,0.0000,0.1429,2.2857,1,0,5,0,0,0,0,1,2,158
162,L,7,0,0,20,8,2,0.8571,0.0000,0.1429,2.2857,0,0,5,0,0,0,0,1,2,158
163,L,7,0,0,20,8,2,0.8571,0.0000,0.1429,2.2857,0,0,5,0,0,0,0,1,2,160
164,L,7,0,0,19,8,2,0.8571,0.0000,0.1429,2.2857,0,0,5,0,0,0,0,1,2,162
165,L,7,0,0,18,8,2,0.8571,0.0000,0.1429,2.2857,0,0,5,0,0,0,0,1,2,163
166,L,7,0,0,18,8,2,0.8571,0.0000,0.1429,2.2857,0,0,5,0,0,0,0,1,2,163
167,L,7,0,0,19,8,2,0.8571,0.0000,0.1429,2.2857,0,0,5,0,0,0,0,1,2,165
168,L,7,0,0,19,8,2,0.8571,0.0000,0.1429,2.2857,0,0,5,0,0,0,0,1,2,166
169,L,7,0,0,19,9,2,0.8571,0.0000,0.1429,2.5714,0,0,5,0,0,0,0,1,2,167
170,L,7,0,0,17,9,2,0.8571,0.0000,0.1429,2.5714,0,0,5,0,0,0,0,1,2,168
171,L,7,0,0,17,9,2,0.8571,0.0000,0.1429,2.5714,0,0,5,0,0,0,0,1,2,168
172,L,7,0,0,17,9,2,0.8571,0.0000,0.1429,2.5714,0,0,5,0,0,0,0,1,2,169
173,L,7,0,0,17,9,2,0.8571,0.0000,0.1429,2.5714,0,0,5,0,0,0,0,1,2,171
174,L,7,0,0,18,9,2,0.8571,0.0000,0.1429,2.5714,0,0,5,0,0,0,0,1,2,172
175,L,7,0,0,19,9,2,0.8571,0.0000,0.1429,2.5714,0,0,5,0,0,0,0,1,2,172
176,L,7,0,0,19,10,2,0.8571,0.0000,0.1429,2.8571,1,0,6,0,0,0,0,2,2,174
177,L,7,0,0,20,10,2,0.8571,0.0000,0.1429,2.8571,0,0,6,0,0,0,0,2,2,175
178,L,7,0,0,18,10,2,0.8571,0.0000,0.1429,2.8571,0,0,6,0,0,0,0,2,2,175
179,L,7,0,0,19,10,2,0.8571,0.0000,0.1429,2.8571,0,0,6,0,0,0,0,2,2,177
180,L,7,0,0,20,10,2,0.8571,0.0000,0.1429,2.8571,0,0,6,0,0,0,0,2,2,178
181,L,7,0,0,18,10,2,0.8571,0.0000,0.1429,2.8571,0,0,6,0,0,0,0,2,2,179
182,L,7,0,0,18,10,2,0.8571,0.0000,0.1429,2.8571,0,0,6,0,0,0,0,2,2,180
183,L,7,0,0,19,10,2,0.8571,0.0000,0.1429,2.8571,0,0,6,0,0,0,0,2,2,181
184,L,7,0,0,19,10,2,0.8571,0.0000,0.1429,2.8571,0,0,6,0,0,0,0,2,2,182
185,L,7,0,0,20,10,2,0.8571,0.0000,0.1429,2.8571,0,0,6,0,0,0,0,2,2,183
186,L,7,0,0,20,10,2,0.8571,0.0000,0.1429,2.8571,0,0,6,0,0,0,0,2,2,184
187,L,7,0,0,20,10,2,0.8571,0.0000,0.1429,2.8571,0,0,6,0,0,0,0,2,2,185
188,L,7,0,0,19,10,2,0.8571,0.0000,0.1429,2.8571,0,0,6,0,0,0,0,2,2,187
189,L,7,0,0,19,10,2,0.8571,0.0000,0.1429,2.8571,0,0,6,0,0,0,0,2,2,188
190,L,7,0,0,19,10,2,0.8571,0.0000,0.1429,2.8571,0,0,6,0,0,0,0,2,2,190
191,L,7,0,0,20,10,2,0.8571,0.0000,0.1429,2.8571,0,0,6,0,0,0,0,2,2,191
192,L,7,0,0,18,10,2,0.8571,0.0000,0.1429,2.8571,0,0,6,0,0,0,0,2,2,193
193,L,7,0,0,18,10,2,0.8571,0.0000,0.1429,2.8571,0,0,6,0,0,0,0,2,2,194
194,L,7,0,0,18,10,2,0.8571,0.0000,0.1429,2.8571,0,0,6,0,0,0,0,2,2,195
195,L,7,0,0,19,9,2,0.8571,0.0000,0.1429,2.5714,0,0,6,0,0,0,0,2,2,196
196,L,7,0,0,16,9,2,0.8571,0.0000,0.1429,2.5714,0,0,6,0,0,0,0,2,2,197
197,L,7,0,0,14,9,2,0.8571,0.0000,0.1429,2.5714,0,0,6,0,0,0,0,2,2,198
198,L,7,0,0,14,9,2,0.8571,0.0000,0.1429,2.5714,0,0,6,0,0,0,0,2,2,199
199,L,7,0,0,14,9,2,0.8571,0.0000,0.1429,2.5714,0,0,6,0,0,0,0,2,2,201
200,L,7,0,0,16,9,2,0.8571,0.0000,0.1429,2.5714,0,0,6,0,0,0,0,2,2,202
201,L,7,0,0,17,9,2,0.8571,0.0000,0.1429,2.5714,0,0,6,0,0,0,0,2,2,203
202,L,7,0,0,17,9,2,0.8571,0.0000,0.1429,2.5714,0,0,6,0,0,0,0,2,2,205
203,L,7,0,0,15,9,2,0.8571,0.0000,0.1429,2.5714,0,0,6,0,0,0,0,2,2,206
204,L,7,0,0,15,9,2,0.8571,0.0000,0.1429,2.5714,0,0,6,0,0,0,0,2,2,208
205,L,7,0,0,16,9,2,0.8571,0.0000,0.1429,2.5714,0,0,6,0,0,0,0,2,2,209
206,L,7,0,0,14,8,2,0.7143,0.0000,0.2857,2.2857,0,0,6,0,0,0,0,2,2,210
207,L,7,0,0,15,7,2,0.7143,0.0000,0.2857,2.0000,0,0,6,0,0,0,0,2,2,212
208,L,7,0,0,15,7,2,0.7143,0.0000,0.2857,2.0000,0,0,6,0,0,0,0,2,2,213
209,L,7,0,0,15,7,2,0.7143,0.0000,0.2857,2.0000,0,0,6,0,0,0,0,2,2,214
210,L,7,0,0,16,7,2,0.7143,0.0000,0.2857,2.0000,0,0,6,0,0,0,0,2,2,216
211,L,7,0,0,18,7,2,0.7143,0.0000,0.2857,2.0000,0,0,6,0,0,0,0,2,2,217
212,L,7,0,0,17,7,2,0.7143,0.0000,0.2857,2.0000,0,0,6,0,0,0,0,2,2,218
213,L,7,0,0,16,7,2,0.7143,0.0000,0.2857,2.0000,0,0,6,0,0,0,0,2,2,219
214,L,7,0,0,16,7,2,0.7143,0.0000,0.2857,2.0000,0,0,6,0,0,0,0,2,2,219
215,L,7,0,0,17,7,2,0.7143,0.0000,0.2857,2.0000,0,0,6,0,0,0,0,2,2,221
216,L,7,0,0,15,7,2,0.7143,0.0000,0.2857,2.0000,0,0,6,0,0,0,0,2,2,223
217,L,7,0,0,15,7,2,0.7143,0.0000,0.2857,2.0000,0,0,6,0,0,0,0,2,2,224
218,L,7,0,0,17,7,2,0.7143,0.0000,0.2857,2.0000,0,0,6,0,0,0,0,2,2,225
219,L,7,0,0,16,7,2,0.7143,0.0000,0.2857,2.0000,0,0,6,0,0,0,0,2,2,227
220,L,7,0,0,18,7,2,0.7143,0.0000,0.2857,2.0000,0,0,6,0,0,0,0,2,2,228
221,L,7,0,0,20,7,2,0.7143,0.0000,0.2857,2.0000,0,0,6,0,0,0,0,2,2,229
222,L,7,0,0,16,7,2,0.7143,0.0000,0.2857,2.0000,0,0,6,0,0,0,0,2,2,230
223,L,7,0,0,15,7,2,0.7143,0.0000,0.2857,2.0000,0,0,6,0,0,0,0,2,2,231
224,L,7,0,0,16,7,2,0.7143,0.0000,0.2857,2.0000,0,0,6,0,0,0,0,2,2,234
225,L,7,0,0,16,6,2,0.5714,0.0000,0.4286,1.7143,0,0,6,0,0,0,0,2,2,235
226,L,7,0,0,19,6,2,0.5714,0.0000,0.4286,1.7143,0,0,6,0,0,0,0,2,2,237
227,L,7,0,0,17,6,2,0.5714,0.0000,0.4286,1.7143,0,0,6,0,0,0,0,2,2,238
228,L,7,0,0,16,6,2,0.5714,0.0000,0.4286,1.7143,0,0,6,0,0,0,0,2,2,240
229,L,7,0,0,16,6,2,0.5714,0.0000,0.4286,1.7143,0,0,6,0,0,0,0,2,2,241
230,L,7,0,0,16,6,2,0.5714,0.0000,0.4286,1.7143,0,0,6,0,0,0,0,2,2,242
231,L,7,0,0,15,6,2,0.5714,0.0000,0.4286,1.7143,0,0,6,0,0,0,0,2,2,243
232,L,7,0,0,17,6,2,0.5714,0.0000,0.4286,1.7143,0,0,6,0,0,0,0,2,2,245
233,L,7,0,0,16,5,2,0.5714,0.0000,0.4286,1.4286,0,0,6,0,0,0,0,2,2,246
234,L,7,0,0,17,5,2,0.5714,0.0000,0.4286,1.4286,0,0,6,0,0,0,0,2,2,247
235,L,7,0,0,16,5,2,0.5714,0.0000,0.4286,1.4286,0,0,6,0,0,0,0,2,2,248
236,L,7,0,0,17,5,2,0.5714,0.0000,0.4286,1.4286,0,0,6,0,0,0,0,2,2,249
237,L,7,0,0,16,5,2,0.5714,0.0000,0.4286,1.4286,0,0,6,0,0,0,0,2,2,250
238,L,7,0,0,15,5,2,0.5714,0.0000,0.4286,1.4286,0,0,6,0,0,0,0,2,2,251
239,L,7,0,0,15,5,2,0.5714,0.0000,0.4286,1.4286,0,0,6,0,0,0,0,2,2,252
240,L,7,0,0,16,5,2,0.5714,0.0000,0.4286,1.4286,0,0,6,0,0,0,0,2,2,253
241,L,7,0,0,14,5,2,0.5714,0.0000,0.4286,1.4286,0,0,6,0,0,0,0,2,2,255
242,L,7,0,0,15,5,2,0.5714,0.0000,0.4286,1.4286,0,0,6,0,0,0,0,2,2,256
243,L,7,0,0,14,5,2,0.5714,0.0000,0.4286,1.4286,0,0,6,0,0,0,0,2,2,257
244,L,7,0,0,15,5,2,0.5714,0.0000,0.4286,1.4286,0,0,6,0,0,0,0,2,2,258
245,L,7,0,0,13,5,2,0.5714,0.0000,0.4286,1.4286,0,0,6,0,0,0,0,2,2,260
246,L,7,0,0,11,5,2,0.5714,0.0000,0.4286,1.4286,0,0,6,0,0,0,0,2,2,261
247,L,7,0,0,14,5,2,0.5714,0.0000,0.4286,1.4286,0,0,6,0,0,0,0,2,2,262
248,L,7,0,0,14,5,2,0.5714,0.0000,0.4286,1.4286,0,0,6,0,0,0,0,2,2,262
249,L,7,0,0,12,4,2,0.5714,0.0000,0.4286,1.1429,0,0,6,0,0,0,0,2,2,264
250,L,7,0,0,13,5,2,0.7143,0.0000,0.2857,1.4286,1,0,7,0,0,0,0,3,2,265
251,L,7,0,0,12,5,2,0.7143,0.0000,0.2857,1.4286,0,0,7,0,0,0,0,3,2,267
252,L,7,0,0,15,5,2,0.7143,0.0000,0.2857,1.4286,0,0,7,0,0,0,0,3,2,268
253,L,7,0,0,20,5,2,0.7143,0.0000,0.2857,1.4286,0,0,7,0,0,0,0,3,2,269
254,L,7,0,0,20,5,2,0.7143,0.0000,0.2857,1.4286,0,0,7,0,0,0,0,3,2,270
255,L,7,0,0,17,5,2,0.7143,0.0000,0.2857,1.4286,0,0,7,0,0,0,0,3,2,272
256,L,7,0,0,16,5,2,0.7143,0.0000,0.2857,1.4286,0,0,7,0,0,0,0,3,2,274
257,L,7,0,0,17,5,2,0.7143,0.0000,0.2857,1.4286,0,0,7,0,0,0,0,3,2,275
258,L,7,0,0,18,5,2,0.7143,0.0000,0.2857,1.4286,0,0,7,0,0,0,0,3,2,277
259,L,7,0,0,17,5,2,0.7143,0.0000,0.2857,1.4286,0,0,7,0,0,0,0,3,2,278
260,L,7,0,0,16,5,2,0.7143,0.0000,0.2857,1.4286,0,0,7,0,0,0,0,3,2,279
261,L,7,0,0,19,5,2,0.7143,0.0000,0.2857,1.4286,0,0,7,0,0,0,0,3,2,281
262,L,7,0,0,17,5,2,0.7143,0.0000,0.2857,1.4286,0,0,7,0,0,0,0,3,2,281
263,L,7,0,0,17,5,2,0.7143,0.0000,0.2857,1.4286,0,0,7,0,0,0,0,3,2,282
264,L,7,0,0,15,5,2,0.7143,0.0000,0.2857,1.4286,0,0,7,0,0,0,0,3,2,282
265,L,7,0,0,15,5,2,0.7143,0.0000,0.2857,1.4286,0,0,7,0,0,0,0,3,2,282
266,L,7,0,0,15,5,2,0.7143,0.0000,0.2857,1.4286,0,0,7,0,0,0,0,3,2,282
267,L,7,0,0,13,6,2,0.7143,0.0000,0.2857,1.7143,0,0,7,0,0,0,0,4,2,283
268,L,7,0,0,18,6,2,0.7143,0.0000,0.2857,1.7143,0,0,7,0,0,0,0,4,2,283
269,L,7,0,0,16,6,2,0.7143,0.0000,0.2857,1.7143,0,0,7,0,0,0,0,4,2,283
270,L,7,0,0,17,6,2,0.7143,0.0000,0.2857,1.7143,0,0,7,0,0,0,0,4,2,283
271,L,7,0,0,17,6,2,0.7143,0.0000,0.2857,1.7143,0,0,7,0,0,0,0,4,2,284
272,L,7,0,0,15,6,2,0.7143,0.0000,0.2857,1.7143,0,0,7,0,0,0,0,4,2,284
273,L,7,0,0,14,6,2,0.7143,0.0000,0.2857,1.7143,0,0,7,0,0,0,0,4,2,286
274,L,7,0,0,14,6,2,0.7143,0.0000,0.2857,1.7143,0,0,7,0,0,0,0,4,2,286
275,L,7,0,0,13,6,2,0.7143,0.0000,0.2857,1.7143,0,0,7,0,0,0,0,4,2,286
276,L,7,0,0,13,6,2,0.7143,0.0000,0.2857,1.7143,0,0,7,0,0,0,0,4,2,287
277,L,7,0,0,13,6,2,0.7143,0.0000,0.2857,1.7143,0,0,7,0,0,0,0,4,2,287
278,L,7,0,0,14,6,2,0.7143,0.0000,0.2857,1.7143,0,0,7,0,0,0,0,4,2,287
279,L,7,0,0,13,6,2,0.7143,0.0000,0.2857,1.7143,0,0,7,0,0,0,0,4,2,290
280,L,7,0,0,15,6,2,0.7143,0.0000,0.2857,1.7143,0,0,7,0,0,0,0,4,2,292
281,L,7,0,0,16,6,2,0.7143,0.0000,0.2857,1.7143,0,0,7,0,0,0,0,4,2,294
282,L,7,0,0,15,6,2,0.7143,0.0000,0.2857,1.7143,0,0,7,0,0,0,0,4,2,294
283,L,7,0,0,16,6,2,0.7143,0.0000,0.2857,1.7143,0,0,7,0,0,0,0,4,2,295
284,L,7,0,0,16,6,2,0.7143,0.0000,0.2857,1.7143,0,0,7,0,0,0,0,4,2,296
285,L,7,0,0,17,6,2,0.7143,0.0000,0.2857,1.7143,0,0,7,0,0,0,0,4,2,297
286,L,8,1,0,19,7,2,0.7500,0.0000,0.2500,1.7500,0,0,7,0,0,0,0,4,2,300
287,L,9,2,0,21,8,2,0.7778,0.0000,0.2222,1.7778,0,0,7,0,0,0,0,4,2,302
288,L,10,3,0,21,9,2,0.8000,0.0000,0.2000,1.8000,0,0,7,0,0,0,0,4,2,304
289,L,11,4,0,31,10,2,0.8182,0.0000,0.1818,1.8182,1,0,8,0,0,0,0,5,2,308
290,L,11,4,0,32,10,2,0.8182,0.0000,0.1818,1.8182,0,0,8,0,0,0,0,5,2,309
291,L,12,5,0,45,11,2,0.8333,0.0000,0.1667,1.8333,0,0,8,0,0,0,0,5,2,312
292,L,12,5,0,48,12,2,0.8333,0.0000,0.1667,2.0000,1,0,9,0,0,0,0,6,2,314
293,L,12,5,0,52,11,2,0.8333,0.0000,0.1667,1.8333,0,0,9,0,0,0,0,6,2,315
294,L,12,5,0,49,15,2,0.8333,0.0000,0.1667,2.5000,2,0,11,0,0,1,0,10,2,317
295,L,12,5,0,52,16,2,0.8333,0.0000,0.1667,2.6667,0,0,11,0,0,1,0,11,2,319
296,L,12,5,0,47,16,2,0.8333,0.0000,0.1667,2.6667,0,0,11,0,0,1,0,11,2,319
297,L,12,5,0,47,16,2,0.8333,0.0000,0.1667,2.6667,0,0,11,0,0,1,0,11,2,320
298,L,12,5,0,45,17,2,0.8333,0.0000,0.1667,2.8333,0,0,11,0,0,1,0,12,2,320
299,L,12,5,0,53,17,2,0.8333,0.0000,0.1667,2.8333,0,0,11,0,0,1,0,12,2,320
300,L,12,5,0,51,17,4,0.8333,0.0000,0.1667,2.8333,1,0,12,0,0,1,0,12,4,323
301,L,12,5,0,49,17,7,0.8333,0.0000,0.1667,2.8333,0,0,12,0,0,1,0,12,7,323
302,L,12,5,0,47,18,8,0.8333,0.0000,0.1667,3.0000,0,0,12,0,0,1,0,13,8,325
303,L,12,5,0,48,21,8,0.8333,0.0000,0.1667,3.5000,0,0,12,0,0,1,0,16,8,325
304,L,12,5,0,50,21,9,0.8333,0.0000,0.1667,3.5000,0,0,12,0,0,1,0,16,9,326
305,L,12,5,0,50,21,9,0.8333,0.0000,0.1667,3.5000,0,0,12,0,0,1,0,16,9,328
306,L,12,5,0,53,23,9,0.8333,0.0000,0.1667,3.8333,0,0,12,0,0,1,0,18,9,328
307,L,12,5,0,54,22,9,0.8333,0.0000,0.1667,3.6667,0,0,12,0,0,1,0,18,9,328
308,L,12,5,0,54,23,10,0.8333,0.0000,0.1667,3.8333,0,0,12,0,0,1,0,18,10,328
309,L,12,5,0,57,23,11,0.8333,0.0000,0.1667,3.8333,0,0,12,0,0,1,0,18,11,328
310,L,12,5,0,56,23,12,0.8333,0.0000,0.1667,3.8333,0,0,12,0,0,1,0,18,12,328
311,L,12,5,0,55,23,12,0.8333,0.0000,0.1667,3.8333,0,0,12,0,0,1,0,18,12,328
312,L,12,5,0,52,23,12,0.8333,0.0000,0.1667,3.8333,0,0,12,0,0,1,0,18,12,330
313,L,12,5,0,53,23,12,0.8333,0.0000,0.1667,3.8333,0,0,12,0,0,1,0,18,12,330
314,L,12,5,0,51,22,12,0.7500,0.0000,0.2500,3.6667,0,0,12,0,0,1,0,18,12,330
315,L,12,5,0,50,22,12,0.7500,0.0000,0.2500,3.6667,0,0,12,0,0,1,0,18,12,332
316,L,12,5,0,50,22,12,0.7500,0.0000,0.2500,3.6667,0,0,12,0,0,1,0,18,12,332
317,L,12,5,0,49,22,12,0.7500,0.0000,0.2500,3.6667,0,0,12,0,0,1,0,18,12,332
318,L,12,5,0,48,22,12,0.7500,0.0000,0.2500,3.6667,0,0,12,0,0,1,0,18,12,333
319,L,12,5,0,47,22,12,0.7500,0.0000,0.2500,3.6667,0,0,12,0,0,1,0,18,12,334
320,L,12,5,0,56,22,12,0.7500,0.0000,0.2500,3.6667,0,0,12,0,0,1,0,18,12,334
321,L,12,5,0,54,22,12,0.7500,0.0000,0.2500,3.6667,0,0,12,0,0,1,0,18,12,335
322,L,12,5,0,50,23,12,0.8333,0.0000,0.1667,3.8333,1,0,13,0,0,1,0,19,12,338
323,L,12,5,0,53,23,12,0.8333,0.0000,0.1667,3.8333,0,0,13,0,0,1,0,19,12,338
324,L,12,5,0,52,23,12,0.8333,0.0000,0.1667,3.8333,0,0,13,0,0,1,0,19,12,338
325,L,12,5,0,58,23,12,0.8333,0.0000,0.1667,3.8333,0,0,13,0,0,1,0,19,12,338
326,L,12,5,0,59,23,12,0.8333,0.0000,0.1667,3.8333,0,0,13,0,0,1,0,19,12,338
327,L,12,5,0,57,24,12,0.9167,0.0000,0.0833,4.0000,1,0,14,0,0,1,0,20,12,340
328,S,12,5,0,57,24,12,0.9167,0.0000,0.0833,4.0000,0,0,14,0,0,1,0,20,12,342
329,S,12,5,0,59,26,12,0.9167,0.0000,0.0833,4.3333,0,0,14,0,0,1,0,22,12,343
330,S,12,5,0,58,27,12,0.9167,0.0000,0.0833,4.5000,0,0,14,0,0,1,0,23,12,343
331,S,12,5,0,57,27,12,0.9167,0.0000,0.0833,4.5000,0,0,14,0,0,1,0,23,12,344
332,S,12,5,0,56,27,12,0.9167,0.0000,0.0833,4.5000,0,0,14,0,0,1,0,23,12,345
333,S,12,5,0,55,27,12,0.9167,0.0000,0.0833,4.5000,0,0,14,0,0,1,0,23,12,346
334,S,12,5,0,54,27,12,0.9167,0.0000,0.0833,4.5000,0,0,14,0,0,1,0,23,12,346
335,S,12,5,0,56,27,12,0.9167,0.0000,0.0833,4.5000,0,0,14,0,0,1,0,23,12,346
336,S,12,5,0,56,28,12,0.9167,0.0000,0.0833,4.6667,0,0,14,0,0,1,0,24,12,347
337,S,12,5,0,56,28,12,0.9167,0.0000,0.0833,4.6667,0,0,14,0,0,1,0,24,12,348
338,S,12,5,0,53,28,12,0.9167,0.0000,0.0833,4.6667,0,0,14,0,0,1,0,24,12,350
339,S,12,5,0,55,29,12,0.9167,0.0000,0.0833,4.8333,0,0,14,0,0,1,0,25,12,351
340,S,12,5,0,54,29,12,0.9167,0.0000,0.0833,4.8333,0,0,14,0,0,1,0,25,12,351
341,S,12,5,0,53,29,12,0.9167,0.0000,0.0833,4.8333,0,0,14,0,0,1,0,25,12,352
342,S,12,5,0,52,29,12,0.9167,0.0000,0.0833,4.8333,0,0,14,0,0,1,0,25,12,352
343,S,12,5,0,49,29,12,0.9167,0.0000,0.0833,4.8333,0,0,14,0,0,1,0,25,12,355
344,S,12,5,0,49,29,12,0.9167,0.0000,0.0833,4.8333,0,0,14,0,0,1,0,25,12,357
345,S,12,5,0,50,28,12,0.9167,0.0000,0.0833,4.6667,0,0,14,0,0,1,0,25,12,358
346,S,12,5,0,49,28,12,0.9167,0.0000,0.0833,4.6667,0,0,14,0,0,1,0,25,12,358
347,S,12,5,0,48,28,12,0.9167,0.0000,0.0833,4.6667,0,0,14,0,0,1,0,25,12,358
348,S,12,5,0,45,28,12,0.9167,0.0000,0.0833,4.6667,0,0,14,0,0,1,0,25,12,358
349,S,12,5,0,43,28,12,0.9167,0.0000,0.0833,4.6667,0,0,14,0,0,1,0,25,12,360
350,S,12,5,0,45,28,12,0.9167,0.0000,0.0833,4.6667,0,0,14,0,0,1,0,25,12,360
351,S,12,5,0,44,28,12,0.9167,0.0000,0.0833,4.6667,0,0,14,0,0,1,0,25,12,361
352,S,12,5,0,43,28,12,0.9167,0.0000,0.0833,4.6667,0,0,14,0,0,1,0,25,12,362
353,S,12,5,0,43,28,12,0.9167,0.0000,0.0833,4.6667,0,0,14,0,0,1,0,25,12,362
354,S,12,5,0,46,27,12,0.8333,0.0000,0.1667,4.5000,0,0,14,0,0,1,0,25,12,362
355,S,12,5,0,44,27,12,0.8333,0.0000,0.1667,4.5000,0,0,14,0,0,1,0,25,12,362
356,S,12,5,0,45,27,12,0.8333,0.0000,0.1667,4.5000,0,0,14,0,0,1,0,25,12,364
357,S,12,5,0,43,27,12,0.8333,0.0000,0.1667,4.5000,0,0,14,0,0,1,0,25,12,364
358,S,12,5,0,42,27,12,0.8333,0.0000,0.1667,4.5000,0,0,14,0,0,1,0,25,12,365
359,S,12,5,0,40,27,12,0.8333,0.0000,0.1667,4.5000,0,0,14,0,0,1,0,25,12,365
360,S,12,5,0,40,27,12,0.8333,0.0000,0.1667,4.5000,0,0,14,0,0,1,0,25,12,365
361,S,12,5,0,43,27,12,0.8333,0.0000,0.1667,4.5000,0,0,14,0,0,1,0,25,12,365
362,S,12,5,0,45,27,12,0.8333,0.0000,0.1667,4.5000,0,0,14,0,0,1,0,25,12,367
363,S,12,5,0,43,27,12,0.8333,0.0000,0.1667,4.5000,0,0,14,0,0,1,0,25,12,368
364,S,12,5,0,43,27,12,0.8333,0.0000,0.1667,4.5000,0,0,14,0,0,1,0,25,12,370
365,S,12,5,0,41,27,12,0.8333,0.0000,0.1667,4.5000,0,0,14,0,0,1,0,25,12,371
366,S,12,5,0,42,27,12,0.8333,0.0000,0.1667,4.5000,0,0,14,0,0,1,0,25,12,373
367,S,12,5,0,44,27,12,0.8333,0.0000,0.1667,4.5000,0,0,14,0,0,1,0,25,12,373
368,S,12,5,0,44,27,12,0.8333,0.0000,0.1667,4.5000,0,0,14,0,0,1,0,25,12,373
369,S,12,5,0,43,27,12,0.8333,0.0000,0.1667,4.5000,0,0,14,0,0,1,0,25,12,374
370,S,12,5,0,43,27,12,0.8333,0.0000,0.1667,4.5000,0,0,14,0,0,1,0,25,12,374
371,S,12,5,0,45,27,12,0.8333,0.0000,0.1667,4.5000,0,0,14,0,0,1,0,25,12,375
372,S,12,5,0,43,26,12,0.8333,0.0000,0.1667,4.3333,0,0,14,0,0,1,0,25,12,375
373,S,12,5,0,43,25,12,0.8333,0.0000,0.1667,4.1667,0,0,14,0,0,1,0,25,12,376
374,S,12,5,0,43,24,12,0.8333,0.0000,0.1667,4.0000,0,0,14,0,0,1,0,25,12,376
375,S,12,5,0,42,22,12,0.8333,0.0000,0.1667,3.6667,0,0,14,0,0,1,0,25,12,376
376,S,12,5,0,44,22,12,0.8333,0.0000,0.1667,3.6667,0,0,14,0,0,1,0,25,12,376
377,S,12,5,0,43,22,12,0.8333,0.0000,0.1667,3.6667,0,0,14,0,0,1,0,25,12,377
378,S,12,5,0,41,22,12,0.8333,0.0000,0.1667,3.6667,0,0,14,0,0,1,0,25,12,380
379,S,12,5,0,41,22,12,0.8333,0.0000,0.1667,3.6667,0,0,14,0,0,1,0,25,12,380
380,S,12,5,0,42,22,12,0.8333,0.0000,0.1667,3.6667,0,0,14,0,0,1,0,25,12,380
381,S,12,5,0,42,22,12,0.8333,0.0000,0.1667,3.6667,0,0,14,0,0,1,0,25,12,382
382,S,12,5,0,42,22,12,0.8333,0.0000,0.1667,3.6667,0,0,14,0,0,1,0,25,12,382
383,S,12,5,0,42,22,12,0.8333,0.0000,0.1667,3.6667,0,0,14,0,0,1,0,25,12,382
384,S,12,5,0,43,22,12,0.8333,0.0000,0.1667,3.6667,0,0,14,0,0,1,0,25,12,383
385,S,12,5,0,41,23,12,0.8333,0.0000,0.1667,3.8333,0,0,14,0,0,1,0,26,12,383
386,S,12,5,0,40,25,12,0.8333,0.0000,0.1667,4.1667,0,0,14,0,0,1,0,28,12,384
387,S,12,5,0,37,24,12,0.8333,0.0000,0.1667,4.0000,0,0,14,0,0,1,0,28,12,386
388,S,12,5,0,38,24,12,0.8333,0.0000,0.1667,4.0000,0,0,14,0,0,1,0,28,12,386
389,S,12,5,0,41,24,12,0.8333,0.0000,0.1667,4.0000,0,0,14,0,0,1,0,28,12,389
390,S,12,5,0,40,24,12,0.8333,0.0000,0.1667,4.0000,0,0,14,0,0,1,0,28,12,389
391,S,11,5,1,33,17,9,0.8182,0.0000,0.1818,3.0909,0,2,14,0,0,1,0,28,12,393
392,S,9,5,3,23,11,6,0.7778,0.0000,0.2222,2.4444,0,4,14,0,0,1,0,28,12,400
393,S,9,5,3,22,11,6,0.7778,0.0000,0.2222,2.4444,0,0,14,0,0,1,0,28,12,401
394,S,9,5,3,22,10,6,0.6667,0.0000,0.3333,2.2222,0,0,14,0,0,1,0,28,12,401
395,S,9,5,3,23,10,6,0.6667,0.0000,0.3333,2.2222,0,0,14,0,0,1,0,28,12,402
396,S,9,5,3,23,10,6,0.6667,0.0000,0.3333,2.2222,0,0,14,0,0,1,0,28,12,403
397,S,8,5,4,16,5,3,0.5000,0.0000,0.5000,1.2500,0,2,14,0,0,1,0,28,12,407
398,S,8,5,4,17,5,3,0.5000,0.0000,0.5000,1.2500,0,0,14,0,0,1,0,28,12,407
399,L,8,5,4,15,5,3,0.5000,0.0000,0.5000,1.2500,0,0,14,0,0,1,0,28,12,409
400,L,7,5,5,10,3,2,0.4286,0.0000,0.5714,0.8571,0,2,14,0,0,1,0,28,12,414
401,L,7,5,5,11,3,2,0.4286,0.0000,0.5714,0.8571,0,0,14,0,0,1,0,28,12,414
402,L,7,5,5,14,3,3,0.4286,0.0000,0.5714,0.8571,0,0,14,0,0,1,0,28,13,414
403,L,5,5,7,3,0,0,0.2000,0.0000,1.0000,0.0000,0,3,14,0,0,1,0,28,13,422
404,L,5,5,7,3,0,0,0.2000,0.0000,1.0000,0.0000,0,0,14,0,0,1,0,28,13,423
405,L,5,5,7,3,0,0,0.2000,0.0000,1.0000,0.0000,0,0,14,0,0,1,0,28,13,424
406,L,5,5,7,4,0,0,0.2000,0.0000,1.0000,0.0000,0,0,14,0,0,1,0,28,13,424
407,L,5,5,7,4,0,0,0.2000,0.0000,1.0000,0.0000,0,0,14,0,0,1,0,28,13,426
408,L,5,5,7,3,0,0,0.2000,0.0000,1.0000,0.0000,0,0,14,0,0,1,0,28,13,426
409,L,5,5,7,3,0,0,0.2000,0.0000,1.0000,0.0000,0,0,14,0,0,1,0,28,13,427
410,L,5,5,7,4,0,0,0.2000,0.0000,1.0000,0.0000,0,0,14,0,0,1,0,28,13,428
411,L,5,5,7,5,0,0,0.2000,0.0000,1.0000,0.0000,0,0,14,0,0,1,0,28,13,428
412,L,5,5,7,7,0,0,0.2000,0.0000,1.0000,0.0000,0,0,14,0,0,1,0,28,13,428
413,L,5,5,7,6,0,0,0.2000,0.0000,1.0000,0.0000,0,0,14,0,0,1,0,28,13,429
414,L,5,5,7,5,0,0,0.2000,0.0000,1.0000,0.0000,0,0,14,0,0,1,0,28,13,429
415,L,5,5,7,6,0,0,0.2000,0.0000,1.0000,0.0000,0,0,14,0,0,1,0,28,13,429
416,L,5,5,7,6,0,0,0.2000,0.0000,1.0000,0.0000,0,0,14,0,0,1,0,28,13,430
417,L,5,5,7,5,1,0,0.4000,0.0000,0.6000,0.4000,0,0,14,0,0,1,0,29,13,430
418,L,5,5,7,6,1,0,0.4000,0.0000,0.6000,0.4000,0,0,14,0,0,1,0,29,13,431
419,L,5,5,7,6,1,0,0.4000,0.0000,0.6000,0.4000,0,0,14,0,0,1,0,29,13,432
420,L,5,5,7,4,1,0,0.4000,0.0000,0.6000,0.4000,0,0,14,0,0,1,0,29,13,434
421,L,5,5,7,4,1,0,0.4000,0.0000,0.6000,0.4000,0,0,14,0,0,1,0,29,13,435
422,L,5,5,7,6,1,0,0.4000,0.0000,0.6000,0.4000,0,0,14,0,0,1,0,29,13,435
423,L,5,5,7,4,1,0,0.4000,0.0000,0.6000,0.4000,0,0,14,0,0,1,0,29,13,435
424,L,5,5,7,4,1,0,0.4000,0.0000,0.6000,0.4000,0,0,14,0,0,1,0,29,13,436
425,L,5,5,7,4,1,0,0.4000,0.0000,0.6000,0.4000,0,0,14,0,0,1,0,29,13,437
426,L,5,5,7,3,1,0,0.4000,0.0000,0.6000,0.4000,0,0,14,0,0,1,0,29,13,437
427,L,5,5,7,1,1,0,0.4000,0.0000,0.6000,0.4000,0,0,14,0,0,1,0,29,13,438
428,L,5,5,7,3,1,0,0.4000,0.0000,0.6000,0.4000,0,0,14,0,0,1,0,29,13,438
429,L,5,5,7,3,1,0,0.4000,0.0000,0.6000,0.4000,0,0,14,0,0,1,0,29,13,439
430,L,5,5,7,4,1,0,0.4000,0.0000,0.6000,0.4000,0,0,14,0,0,1,0,29,13,440
431,L,5,5,7,4,1,0,0.4000,0.0000,0.6000,0.4000,0,0,14,0,0,1,0,29,13,441
432,L,5,5,7,4,1,0,0.4000,0.0000,0.6000,0.4000,0,0,14,0,0,1,0,29,13,442
433,L,5,5,7,3,1,0,0.4000,0.0000,0.6000,0.4000,0,0,14,0,0,1,0,29,13,443
434,L,5,5,7,3,1,0,0.4000,0.0000,0.6000,0.4000,0,0,14,0,0,1,0,29,13,443
435,L,5,5,7,4,1,0,0.4000,0.0000,0.6000,0.4000,0,0,14,0,0,1,0,29,13,445
436,L,5,5,7,2,1,0,0.4000,0.0000,0.6000,0.4000,0,0,14,0,0,1,0,29,13,445
437,L,5,5,7,3,1,0,0.4000,0.0000,0.6000,0.4000,0,0,14,0,0,1,0,29,13,447
438,L,5,5,7,3,1,0,0.4000,0.0000,0.6000,0.4000,0,0,14,0,0,1,0,29,13,448
439,L,5,5,7,4,1,0,0.4000,0.0000,0.6000,0.4000,0,0,14,0,0,1,0,29,13,448
440,L,5,5,7,4,1,0,0.4000,0.0000,0.6000,0.4000,0,0,14,0,0,1,0,29,13,450
441,L,5,5,7,3,1,0,0.4000,0.0000,0.6000,0.4000,0,0,14,0,0,1,0,29,13,451
442,L,5,5,7,3,1,0,0.4000,0.0000,0.6000,0.4000,0,0,14,0,0,1,0,29,13,452
443,L,5,5,7,3,1,0,0.4000,0.0000,0.6000,0.4000,0,0,14,0,0,1,0,29,13,453
444,L,5,5,7,2,1,0,0.4000,0.0000,0.6000,0.4000,0,0,14,0,0,1,0,29,13,454
445,L,5,5,7,2,1,0,0.4000,0.0000,0.6000,0.4000,0,0,14,0,0,1,0,29,13,454
446,L,5,5,7,3,1,0,0.4000,0.0000,0.6000,0.4000,0,0,14,0,0,1,0,29,13,455
447,L,5,5,7,3,1,0,0.4000,0.0000,0.6000,0.4000,0,0,14,0,0,1,0,29,13,455
448,L,5,5,7,3,1,0,0.4000,0.0000,0.6000,0.4000,0,0,14,0,0,1,0,29,13,456
449,L,5,5,7,2,1,0,0.4000,0.0000,0.6000,0.4000,0,0,14,0,0,1,0,29,13,456
450,L,5,5,7,4,1,0,0.4000,0.0000,0.6000,0.4000,0,0,14,0,0,1,0,29,13,456
451,L,5,5,7,3,1,0,0.4000,0.0000,0.6000,0.4000,0,0,14,0,0,1,0,29,13,456
452,L,5,5,7,2,1,0,0.4000,0.0000,0.6000,0.4000,0,0,14,0,0,1,0,29,13,456
453,L,5,5,7,2,1,0,0.4000,0.0000,0.6000,0.4000,0,0,14,0,0,1,0,29,13,457
454,L,5,5,7,2,1,0,0.4000,0.0000,0.6000,0.4000,0,0,14,0,0,1,0,29,13,457
455,L,5,5,7,3,1,0,0.4000,0.0000,0.6000,0.4000,0,0,14,0,0,1,0,29,13,457
456,L,5,5,7,1,0,0,0.2000,0.0000,1.0000,0.0000,0,0,14,0,0,1,0,29,13,460
457,L,5,5,7,1,0,0,0.2000,0.0000,1.0000,0.0000,0,0,14,0,0,1,0,29,13,460
458,L,5,5,7,1,0,0,0.2000,0.0000,1.0000,0.0000,0,0,14,0,0,1,0,29,13,461
459,L,5,5,7,1,0,0,0.2000,0.0000,1.0000,0.0000,0,0,14,0,0,1,0,29,13,461
460,L,5,5,7,2,0,0,0.2000,0.0000,1.0000,0.0000,0,0,14,0,0,1,0,29,13,461
461,L,5,5,7,2,0,0,0.2000,0.0000,1.0000,0.0000,0,0,14,0,0,1,0,29,13,462
462,L,5,5,7,2,0,0,0.2000,0.0000,1.0000,0.0000,0,0,14,0,0,1,0,29,13,463
463,L,5,5,7,3,0,0,0.2000,0.0000,1.0000,0.0000,0,0,14,0,0,1,0,29,13,464
464,L,5,5,7,3,0,0,0.2000,0.0000,1.0000,0.0000,0,0,14,0,0,1,0,29,13,464
465,L,5,5,7,3,0,0,0.2000,0.0000,1.0000,0.0000,0,0,14,0,0,1,0,29,13,465
466,L,5,5,7,4,0,0,0.2000,0.0000,1.0000,0.0000,0,0,14,0,0,1,0,29,13,465
467,L,5,5,7,2,0,0,0.2000,0.0000,1.0000,0.0000,0,0,14,0,0,1,0,29,13,465
468,L,5,5,7,4,0,0,0.2000,0.0000,1.0000,0.0000,0,0,14,0,0,1,0,29,13,467
469,L,5,5,7,4,0,0,0.2000,0.0000,1.0000,0.0000,0,0,14,0,0,1,0,29,13,467
470,L,5,5,7,5,0,0,0.2000,0.0000,1.0000,0.0000,0,0,14,0,0,1,0,29,13,468
471,L,5,5,7,4,0,0,0.2000,0.0000,1.0000,0.0000,0,0,14,0,0,1,0,29,13,468
472,L,5,5,7,3,0,0,0.2000,0.0000,1.0000,0.0000,0,0,14,0,0,1,0,29,13,469
473,L,5,5,7,2,0,0,0.2000,0.0000,1.0000,0.0000,0,0,14,0,0,1,0,29,13,469
474,L,5,5,7,2,0,0,0.2000,0.0000,1.0000,0.0000,0,0,14,0,0,1,0,29,13,470
475,L,5,5,7,1,0,0,0.2000,0.0000,1.0000,0.0000,0,0,14,0,0,1,0,29,13,472
476,L,5,5,7,1,0,0,0.2000,0.0000,1.0000,0.0000,0,0,14,0,0,1,0,29,13,474
477,L,5,5,7,1,0,0,0.2000,0.0000,1.0000,0.0000,0,0,14,0,0,1,0,29,13,474
478,L,5,5,7,1,0,0,0.2000,0.0000,1.0000,0.0000,0,0,14,0,0,1,0,29,13,475
479,L,5,5,7,3,0,0,0.2000,0.0000,1.0000,0.0000,0,0,14,0,0,1,0,29,13,475
480,L,5,5,7,2,0,0,0.2000,0.0000,1.0000,0.0000,0,0,14,0,0,1,0,29,13,475
481,L,5,5,7,3,0,0,0.2000,0.0000,1.0000,0.0000,0,0,14,0,0,1,0,29,13,476
482,L,5,5,7,2,0,0,0.2000,0.0000,1.0000,0.0000,0,0,14,0,0,1,0,29,13,476
483,L,5,5,7,3,0,0,0.2000,0.0000,1.0000,0.0000,0,0,14,0,0,1,0,29,13,477
484,L,5,5,7,1,0,0,0.2000,0.0000,1.0000,0.0000,0,0,14,0,0,1,0,29,13,477
485,L,5,5,7,0,0,0,0.2000,0.0000,1.0000,0.0000,0,0,14,0,0,1,0,29,13,478
486,L,5,5,7,0,0,0,0.2000,0.0000,1.0000,0.0000,0,0,14,0,0,1,0,29,13,479
487,L,5,5,7,0,0,0,0.2000,0.0000,1.0000,0.0000,0,0,14,0,0,1,0,29,13,479
488,L,5,5,7,0,0,0,0.2000,0.0000,1.0000,0.0000,0,0,14,0,0,1,0,29,13,479
489,L,5,5,7,1,0,0,0.2000,0.0000,1.0000,0.0000,0,0,14,0,0,1,0,29,13,481
490,L,5,5,7,3,0,0,0.2000,0.0000,1.0000,0.0000,0,0,14,0,0,1,0,29,13,481
491,L,5,5,7,2,0,0,0.2000,0.0000,1.0000,0.0000,0,0,14,0,0,1,0,29,13,482
492,L,5,5,7,1,0,0,0.2000,0.0000,1.0000,0.0000,0,0,14,0,0,1,0,29,13,483
493,L,5,5,7,1,0,0,0.2000,0.0000,1.0000,0.0000,0,0,14,0,0,1,0,29,13,483
494,L,5,5,7,1,0,0,0.2000,0.0000,1.0000,0.0000,0,0,14,0,0,1,0,29,13,483
495,L,5,5,7,1,0,0,0.2000,0.0000,1.0000,0.0000,0,0,14,0,0,1,0,29,13,484
496,L,5,5,7,1,0,0,0.2000,0.0000,1.0000,0.0000,0,0,14,0,0,1,0,29,13,484
497,L,5,5,7,1,0,0,0.2000,0.0000,1.0000,0.0000,0,0,14,0,0,1,0,29,13,485
498,L,5,5,7,3,0,0,0.2000,0.0000,1.0000,0.0000,0,0,14,0,0,1,0,29,13,486
499,L,5,5,7,2,0,0,0.2000,0.0000,1.0000,0.0000,0,0,14,0,0,1,0,29,13,488
500,L,5,5,7,1,0,0,0.2000,0.0000,1.0000,0.0000,0,0,14,0,0,1,0,29,13,489
501,L,5,5,7,4,0,0,0.2000,0.0000,1.0000,0.0000,0,0,14,0,0,1,0,29,13,489
502,L,5,5,7,3,0,0,0.2000,0.0000,1.0000,0.0000,0,0,14,0,0,1,0,29,13,490
503,L,5,5,7,3,0,0,0.2000,0.0000,1.0000,0.0000,0,0,14,0,0,1,0,29,13,491
504,L,5,5,7,3,0,0,0.2000,0.0000,1.0000,0.0000,0,0,14,0,0,1,0,29,13,492
505,L,5,5,7,3,0,0,0.2000,0.0000,1.0000,0.0000,0,0,14,0,0,1,0,29,13,492
506,L,5,5,7,3,0,0,0.2000,0.0000,1.0000,0.0000,0,0,14,0,0,1,0,29,13,494
507,L,5,5,7,3,0,0,0.2000,0.0000,1.0000,0.0000,0,0,14,0,0,1,0,29,13,494
508,L,5,5,7,3,0,0,0.2000,0.0000,1.0000,0.0000,0,0,14,0,0,1,0,29,13,494
509,L,5,5,7,3,0,0,0.2000,0.0000,1.0000,0.0000,0,0,14,0,0,1,0,29,13,495
510,L,5,5,7,3,0,0,0.2000,0.0000,1.0000,0.0000,0,0,14,0,0,1,0,29,13,495
511,L,5,5,7,3,0,0,0.2000,0.0000,1.0000,0.0000,0,0,14,0,0,1,0,29,13,496
512,L,5,5,7,2,0,0,0.2000,0.0000,1.0000,0.0000,0,0,14,0,0,1,0,29,13,497
513,L,5,5,7,3,0,0,0.2000,0.0000,1.0000,0.0000,0,0,14,0,0,1,0,29,13,498
514,L,5,5,7,2,0,0,0.2000,0.0000,1.0000,0.0000,0,0,14,0,0,1,0,29,13,499
515,L,5,5,7,2,0,0,0.2000,0.0000,1.0000,0.0000,0,0,14,0,0,1,0,29,13,499
516,L,5,5,7,2,0,0,0.2000,0.0000,1.0000,0.0000,0,0,14,0,0,1,0,29,13,500
517,L,5,5,7,2,0,0,0.2000,0.0000,1.0000,0.0000,0,0,14,0,0,1,0,29,13,500
518,L,5,5,7,2,0,0,0.2000,0.0000,1.0000,0.0000,0,0,14,0,0,1,0,29,13,500
519,L,5,5,7,2,0,0,0.2000,0.0000,1.0000,0.0000,0,0,14,0,0,1,0,29,13,500
520,L,5,5,7,2,0,0,0.2000,0.0000,1.0000,0.0000,0,0,14,0,0,1,0,29,13,500
521,L,5,5,7,3,0,0,0.2000,0.0000,1.0000,0.0000,0,0,14,0,0,1,0,29,13,500
522,L,5,5,7,3,0,0,0.2000,0.0000,1.0000,0.0000,0,0,14,0,0,1,0,29,13,500
523,L,5,5,7,3,0,0,0.2000,0.0000,1.0000,0.0000,0,0,14,0,0,1,0,29,13,500
524,L,5,5,7,2,0,0,0.2000,0.0000,1.0000,0.0000,0,0,14,0,0,1,0,29,13,500
525,L,5,5,7,3,0,0,0.2000,0.0000,1.0000,0.0000,0,0,14,0,0,1,0,29,13,500
526,L,5,5,7,3,0,0,0.2000,0.0000,1.0000,0.0000,0,0,14,0,0,1,0,29,13,500
527,L,5,5,7,3,0,0,0.2000,0.0000,1.0000,0.0000,0,0,14,0,0,1,0,29,13,500
528,L,5,5,7,2,0,0,0.2000,0.0000,1.0000,0.0000,0,0,14,0,0,1,0,29,13,500
529,L,5,5,7,3,0,0,0.2000,0.0000,1.0000,0.0000,0,0,14,0,0,1,0,29,13,500
530,L,5,5,7,3,0,0,0.2000,0.0000,1.0000,0.0000,0,0,14,0,0,1,0,29,13,500
531,L,5,5,7,3,0,0,0.2000,0.0000,1.0000,0.0000,0,0,14,0,0,1,0,29,13,500
532,L,5,5,7,3,0,0,0.2000,0.0000,1.0000,0.0000,0,0,14,0,0,1,0,29,13,500
533,L,5,5,7,2,0,0,0.2000,0.0000,1.0000,0.0000,0,0,14,0,0,1,0,29,13,500
534,L,5,5,7,2,0,0,0.2000,0.0000,1.0000,0.0000,0,0,14,0,0,1,0,29,13,500
535,L,5,5,7,3,0,0,0.2000,0.0000,1.0000,0.0000,0,0,14,0,0,1,0,29,13,500
536,L,5,5,7,4,0,0,0.2000,0.0000,1.0000,0.0000,0,0,14,0,0,1,0,29,13,500
537,L,5,5,7,4,0,0,0.2000,0.0000,1.0000,0.0000,0,0,14,0,0,1,0,29,13,500
538,L,5,5,7,3,0,0,0.2000,0.0000,1.0000,0.0000,0,0,14,0,0,1,0,29,13,500
539,L,5,5,7,3,0,0,0.2000,0.0000,1.0000,0.0000,0,0,14,0,0,1,0,29,13,500
540,L,5,5,7,4,0,0,0.2000,0.0000,1.0000,0.0000,0,0,14,0,0,1,0,29,13,500
541,L,5,5,7,4,0,0,0.2000,0.0000,1.0000,0.0000,0,0,14,0,0,1,0,29,13,500
542,L,5,5,7,5,0,0,0.2000,0.0000,1.0000,0.0000,0,0,14,0,0,1,0,29,13,500
543,L,5,5,7,5,0,0,0.2000,0.0000,1.0000,0.0000,0,0,14,0,0,1,0,29,13,500
544,L,5,5,7,5,0,0,0.2000,0.0000,1.0000,0.0000,0,0,14,0,0,1,0,29,13,500
545,L,5,5,7,4,0,0,0.2000,0.0000,1.0000,0.0000,0,0,14,0,0,1,0,29,13,500
546,L,5,5,7,4,0,0,0.2000,0.0000,1.0000,0.0000,0,0,14,0,0,1,0,29,13,500
547,L,5,5,7,4,0,0,0.2000,0.0000,1.0000,0.0000,0,0,14,0,0,1,0,29,13,500
548,L,5,5,7,3,0,0,0.2000,0.0000,1.0000,0.0000,0,0,14,0,0,1,0,29,13,500
549,L,5,5,7,3,0,0,0.2000,0.0000,1.0000,0.0000,0,0,14,0,0,1,0,29,13,500
550,L,5,5,7,3,0,0,0.2000,0.0000,1.0000,0.0000,0,0,14,0,0,1,0,29,13,500
551,L,5,5,7,4,0,0,0.2000,0.0000,1.0000,0.0000,0,0,14,0,0,1,0,29,13,500
552,L,5,5,7,5,0,0,0.2000,0.0000,1.0000,0.0000,0,0,14,0,0,1,0,29,13,500
553,L,5,5,7,5,0,0,0.2000,0.0000,1.0000,0.0000,0,0,14,0,0,1,0,29,13,500
554,L,5,5,7,3,0,0,0.2000,0.0000,1.0000,0.0000,0,0,14,0,0,1,0,29,13,500
555,L,5,5,7,2,0,0,0.2000,0.0000,1.0000,0.0000,0,0,14,0,0,1,0,29,13,500
556,L,5,5,7,2,0,0,0.2000,0.0000,1.0000,0.0000,0,0,14,0,0,1,0,29,13,500
557,L,5,5,7,2,0,0,0.2000,0.0000,1.0000,0.0000,0,0,14,0,0,1,0,29,13,500
558,L,5,5,7,3,0,0,0.2000,0.0000,1.0000,0.0000,0,0,14,0,0,1,0,29,13,500
559,L,5,5,7,4,0,0,0.2000,0.0000,1.0000,0.0000,0,0,14,0,0,1,0,29,13,500
560,L,5,5,7,4,0,0,0.2000,0.0000,1.0000,0.0000,0,0,14,0,0,1,0,29,13,500
561,L,5,5,7,4,0,0,0.2000,0.0000,1.0000,0.0000,0,0,14,0,0,1,0,29,13,500
562,L,5,5,7,6,0,0,0.2000,0.0000,1.0000,0.0000,0,0,14,0,0,1,0,29,13,500
563,L,5,5,7,5,0,0,0.2000,0.0000,1.0000,0.0000,0,0,14,0,0,1,0,29,13,500
564,L,5,5,7,6,0,0,0.2000,0.0000,1.0000,0.0000,0,0,14,0,0,1,0,29,13,500
565,L,5,5,7,4,0,0,0.2000,0.0000,1.0000,0.0000,0,0,14,0,0,1,0,29,13,500
566,L,5,5,7,3,0,0,0.2000,0.0000,1.0000,0.0000,0,0,14,0,0,1,0,29,13,500
567,L,5,5,7,4,0,0,0.2000,0.0000,1.0000,0.0000,0,0,14,0,0,1,0,29,13,500
568,L,5,5,7,5,0,0,0.2000,0.0000,1.0000,0.0000,0,0,14,0,0,1,0,29,13,500
569,L,5,5,7,5,0,0,0.2000,0.0000,1.0000,0.0000,0,0,14,0,0,1,0,29,13,500
570,L,5,5,7,4,0,0,0.2000,0.0000,1.0000,0.0000,0,0,14,0,0,1,0,29,13,500
571,L,5,5,7,5,0,0,0.2000,0.0000,1.0000,0.0000,0,0,14,0,0,1,0,29,13,500
572,L,5,5,7,5,0,0,0.2000,0.0000,1.0000,0.0000,0,0,14,0,0,1,0,29,13,500
573,L,5,5,7,5,0,0,0.2000,0.0000,1.0000,0.0000,0,0,14,0,0,1,0,29,13,500
574,L,5,5,7,4,0,0,0.2000,0.0000,1.0000,0.0000,0,0,14,0,0,1,0,29,13,500
575,L,5,5,7,4,0,0,0.2000,0.0000,1.0000,0.0000,0,0,14,0,0,1,0,29,13,500
576,L,5,5,7,4,0,0,0.2000,0.0000,1.0000,0.0000,0,0,14,0,0,1,0,29,13,500
577,L,5,5,7,2,0,0,0.2000,0.0000,1.0000,0.0000,0,0,14,0,0,1,0,29,13,500
578,L,5,5,7,4,0,0,0.2000,0.0000,1.0000,0.0000,0,0,14,0,0,1,0,29,13,500
579,L,5,5,7,2,0,0,0.2000,0.0000,1.0000,0.0000,0,0,14,0,0,1,0,29,13,500
580,L,5,5,7,2,0,0,0.2000,0.0000,1.0000,0.0000,0,0,14,0,0,1,0,29,13,500
581,L,5,5,7,3,0,0,0.2000,0.0000,1.0000,0.0000,0,0,14,0,0,1,0,29,13,500
582,L,5,5,7,7,0,0,0.2000,0.0000,1.0000,0.0000,0,0,14,0,0,1,0,29,13,500
583,L,5,5,7,5,0,0,0.2000,0.0000,1.0000,0.0000,0,0,14,0,0,1,0,29,13,500
584,L,5,5,7,5,0,0,0.2000,0.0000,1.0000,0.0000,0,0,14,0,0,1,0,29,13,500
585,L,5,5,7,4,0,0,0.2000,0.0000,1.0000,0.0000,0,0,14,0,0,1,0,29,13,500
586,L,5,5,7,2,0,0,0.2000,0.0000,1.0000,0.0000,0,0,14,0,0,1,0,29,13,500
587,L,5,5,7,2,0,0,0.2000,0.0000,1.0000,0.0000,0,0,14,0,0,1,0,29,13,500
588,L,5,5,7,3,0,0,0.2000,0.0000,1.0000,0.0000,0,0,14,0,0,1,0,29,13,500
589,L,5,5,7,2,0,0,0.2000,0.0000,1.0000,0.0000,0,0,14,0,0,1,0,29,13,500
590,L,5,5,7,2,0,0,0.2000,0.0000,1.0000,0.0000,0,0,14,0,0,1,0,29,13,500
591,L,5,5,7,3,0,0,0.2000,0.0000,1.0000,0.0000,0,0,14,0,0,1,0,29,13,500
592,L,5,5,7,5,0,0,0.2000,0.0000,1.0000,0.0000,0,0,14,0,0,1,0,29,13,500
593,L,5,5,7,6,0,0,0.2000,0.0000,1.0000,0.0000,0,0,14,0,0,1,0,29,13,500
594,L,5,5,7,7,0,0,0.2000,0.0000,1.0000,0.0000,0,0,14,0,0,1,0,29,13,500
595,L,5,5,7,7,0,0,0.2000,0.0000,1.0000,0.0000,0,0,14,0,0,1,0,29,13,500
596,L,5,5,7,6,0,0,0.2000,0.0000,1.0000,0.0000,0,0,14,0,0,1,0,29,13,500
597,L,5,5,7,4,0,0,0.2000,0.0000,1.0000,0.0000,0,0,14,0,0,1,0,29,13,500
598,L,5,5,7,3,0,0,0.2000,0.0000,1.0000,0.0000,0,0,14,0,0,1,0,29,13,500
599,L,5,5,7,3,0,0,0.2000,0.0000,1.0000,0.0000,0,0,14,0,0,1,0,29,13,500
600,L,5,5,7,3,0,0,0.2000,0.0000,1.0000,0.0000,0,0,14,0,0,1,0,29,13,500
601,L,5,5,7,2,0,0,0.2000,0.0000,1.0000,0.0000,0,0,14,0,0,1,0,29,13,500
602,L,5,5,7,2,0,0,0.2000,0.0000,1.0000,0.0000,0,0,14,0,0,1,0,29,13,500
603,L,5,5,7,3,0,0,0.2000,0.0000,1.0000,0.0000,0,0,14,0,0,1,0,29,13,500
604,L,5,5,7,3,0,0,0.2000,0.0000,1.0000,0.0000,0,0,14,0,0,1,0,29,13,500
605,L,6,6,7,4,1,0,0.3333,0.0000,0.6667,0.3333,0,0,14,0,0,1,0,29,13,500
606,L,6,6,7,3,1,0,0.3333,0.0000,0.6667,0.3333,0,0,14,0,0,1,0,29,13,500
607,L,6,6,7,4,1,0,0.3333,0.0000,0.6667,0.3333,0,0,14,0,0,1,0,29,13,500
608,L,6,6,7,4,1,0,0.3333,0.0000,0.6667,0.3333,0,0,14,0,0,1,0,29,13,500
609,L,6,6,7,5,1,0,0.3333,0.0000,0.6667,0.3333,0,0,14,0,0,1,0,29,13,500
610,L,6,6,7,4,1,0,0.3333,0.0000,0.6667,0.3333,0,0,14,0,0,1,0,29,13,500
611,L,7,7,7,7,2,0,0.2857,0.2857,0.4286,0.5714,0,0,14,0,0,1,0,29,13,500
612,L,7,7,7,9,2,0,0.2857,0.2857,0.4286,0.5714,0,0,14,0,0,1,0,29,13,500
613,L,7,7,7,10,2,0,0.2857,0.2857,0.4286,0.5714,0,0,14,0,0,1,0,29,13,500
614,L,7,7,7,8,2,0,0.2857,0.2857,0.4286,0.5714,0,0,14,0,0,1,0,29,13,500
615,L,8,8,7,11,3,0,0.2500,0.2500,0.2500,0.7500,0,0,14,0,0,1,0,29,13,500
616,L,8,8,7,11,4,0,0.5000,0.2500,0.2500,1.0000,1,0,15,0,0,1,0,30,13,500
617,L,8,8,7,10,4,0,0.5000,0.2500,0.2500,1.0000,0,0,15,0,0,1,0,30,13,500
618,L,8,8,7,13,4,0,0.5000,0.2500,0.2500,1.0000,0,0,15,0,0,1,0,30,13,500
619,L,8,8,7,15,6,0,0.7500,0.0000,0.2500,1.5000,1,0,16,0,0,1,0,32,13,500
620,L,8,8,7,13,6,0,0.7500,0.0000,0.2500,1.5000,0,0,16,0,0,1,0,32,13,500
621,L,8,8,7,13,6,0,0.7500,0.0000,0.2500,1.5000,0,0,16,0,0,1,0,32,13,500
622,L,8,8,7,13,6,0,0.7500,0.0000,0.2500,1.5000,0,0,16,0,0,1,0,32,13,500
623,L,8,8,7,17,6,1,0.7500,0.0000,0.2500,1.5000,1,0,17,0,0,1,0,32,14,500
624,L,8,8,7,13,6,1,0.7500,0.0000,0.2500,1.5000,0,0,17,0,0,1,0,32,14,500
625,L,8,8,7,13,6,2,0.7500,0.0000,0.2500,1.5000,0,0,17,0,0,1,0,32,15,500
626,L,8,8,7,13,6,3,0.7500,0.0000,0.2500,1.5000,0,0,17,0,0,1,0,32,16,500
627,L,8,8,7,13,6,3,0.7500,0.0000,0.2500,1.5000,0,0,17,0,0,1,0,32,16,500
628,L,8,8,7,12,6,3,0.7500,0.0000,0.2500,1.5000,0,0,17,0,0,1,0,32,16,500
629,L,8,8,7,11,5,3,0.6250,0.0000,0.3750,1.2500,0,0,17,0,0,1,0,32,16,500
630,L,8,8,7,14,5,3,0.6250,0.0000,0.3750,1.2500,0,0,17,0,0,1,0,32,16,500
631,L,8,8,7,15,5,3,0.6250,0.0000,0.3750,1.2500,0,0,17,0,0,1,0,32,16,500
632,L,8,8,7,13,4,3,0.5000,0.0000,0.5000,1.0000,0,0,17,0,0,1,0,32,16,500
633,L,8,8,7,13,4,3,0.5000,0.0000,0.5000,1.0000,0,0,17,0,0,1,0,32,16,500
634,L,8,8,7,12,4,3,0.5000,0.0000,0.5000,1.0000,0,0,17,0,0,1,0,32,16,500
635,L,8,8,7,12,4,3,0.5000,0.0000,0.5000,1.0000,0,0,17,0,0,1,0,32,16,500
636,L,8,8,7,11,4,3,0.5000,0.0000,0.5000,1.0000,0,0,17,0,0,1,0,32,16,500
637,L,8,8,7,11,3,3,0.3750,0.0000,0.6250,0.7500,0,0,17,0,0,1,0,32,16,500
638,L,8,8,7,11,3,3,0.3750,0.0000,0.6250,0.7500,0,0,17,0,0,1,0,32,16,500
639,L,8,8,7,10,3,3,0.3750,0.0000,0.6250,0.7500,0,0,17,0,0,1,0,32,16,500
640,L,8,8,7,13,3,3,0.3750,0.0000,0.6250,0.7500,0,0,17,0,0,1,0,32,16,500
641,L,8,8,7,13,3,3,0.3750,0.0000,0.6250,0.7500,0,0,17,0,0,1,0,32,16,500
642,L,8,8,7,13,3,3,0.3750,0.0000,0.6250,0.7500,0,0,17,0,0,1,0,32,16,500
643,L,8,8,7,13,3,3,0.3750,0.0000,0.6250,0.7500,0,0,17,0,0,1,0,32,16,500
644,L,8,8,7,17,3,3,0.3750,0.0000,0.6250,0.7500,0,0,17,0,0,1,0,32,16,500
645,L,8,8,7,15,3,3,0.3750,0.0000,0.6250,0.7500,0,0,17,0,0,1,0,32,16,500
646,L,8,8,7,15,3,3,0.3750,0.0000,0.6250,0.7500,0,0,17,0,0,1,0,32,16,500
647,L,8,8,7,15,3,3,0.3750,0.0000,0.6250,0.7500,0,0,17,0,0,1,0,32,16,500
648,L,7,8,8,12,1,1,0.2857,0.0000,0.7143,0.2857,0,2,17,0,0,1,0,32,16,500
649,L,6,8,9,9,1,1,0.3333,0.0000,0.6667,0.3333,0,0,17,0,0,1,0,32,16,500
650,L,6,8,9,9,1,1,0.3333,0.0000,0.6667,0.3333,0,0,17,0,0,1,0,32,16,500
651,L,6,8,9,7,1,1,0.3333,0.0000,0.6667,0.3333,0,0,17,0,0,1,0,32,16,500
652,L,5,8,10,4,1,1,0.4000,0.0000,0.6000,0.4000,0,0,17,0,0,1,0,32,16,500
653,L,4,8,11,2,1,1,0.5000,0.0000,0.5000,0.5000,0,0,17,0,0,1,0,32,16,500
654,L,4,8,11,3,1,1,0.5000,0.0000,0.5000,0.5000,0,0,17,0,0,1,0,32,16,500
655,L,4,8,11,2,1,1,0.5000,0.0000,0.5000,0.5000,0,0,17,0,0,1,0,32,16,500
656,L,4,8,11,2,1,1,0.5000,0.0000,0.5000,0.5000,0,0,17,0,0,1,0,32,16,500
657,L,3,8,12,1,0,0,0.3333,0.0000,1.0000,0.0000,0,1,17,0,0,1,0,32,16,500
658,L,0,8,15,0,0,0,0.0000,0.0000,0.0000,0.0000,0,0,17,0,0,1,0,32,16,500
659,L,0,8,15,0,0,0,0.0000,0.0000,0.0000,0.0000,0,0,17,0,0,1,0,32,16,500
660,L,0,8,15,0,0,0,0.0000,0.0000,0.0000,0.0000,0,0,17,0,0,1,0,32,16,500
661,L,0,8,15,0,0,0,0.0000,0.0000,0.0000,0.0000,0,0,17,0,0,1,0,32,16,500
662,L,0,8,15,0,0,0,0.0000,0.0000,0.0000,0.0000,0,0,17,0,0,1,0,32,16,500
663,L,0,8,15,0,0,0,0.0000,0.0000,0.0000,0.0000,0,0,17,0,0,1,0,32,16,500
664,L,0,8,15,0,0,0,0.0000,0.0000,0.0000,0.0000,0,0,17,0,0,1,0,32,16,500
665,L,0,8,15,0,0,0,0.0000,0.0000,0.0000,0.0000,0,0,17,0,0,1,0,32,16,500
666,L,0,8,15,0,0,0,0.0000,0.0000,0.0000,0.0000,0,0,17,0,0,1,0,32,16,500
667,L,0,8,15,0,0,0,0.0000,0.0000,0.0000,0.0000,0,0,17,0,0,1,0,32,16,500
668,L,0,8,15,0,0,0,0.0000,0.0000,0.0000,0.0000,0,0,17,0,0,1,0,32,16,500
669,L,0,8,15,0,0,0,0.0000,0.0000,0.0000,0.0000,0,0,17,0,0,1,0,32,16,500
670,L,0,8,15,0,0,0,0.0000,0.0000,0.0000,0.0000,0,0,17,0,0,1,0,32,16,500
671,L,0,8,15,0,0,0,0.0000,0.0000,0.0000,0.0000,0,0,17,0,0,1,0,32,16,500
672,L,0,8,15,0,0,0,0.0000,0.0000,0.0000,0.0000,0,0,17,0,0,1,0,32,16,500
673,L,0,8,15,0,0,0,0.0000,0.0000,0.0000,0.0000,0,0,17,0,0,1,0,32,16,500
674,L,0,8,15,0,0,0,0.0000,0.0000,0.0000,0.0000,0,0,17,0,0,1,0,32,16,500
675,L,0,8,15,0,0,0,0.0000,0.0000,0.0000,0.0000,0,0,17,0,0,1,0,32,16,500
676,L,0,8,15,0,0,0,0.0000,0.0000,0.0000,0.0000,0,0,17,0,0,1,0,32,16,500
677,L,0,8,15,0,0,0,0.0000,0.0000,0.0000,0.0000,0,0,17,0,0,1,0,32,16,500
678,L,0,8,15,0,0,0,0.0000,0.0000,0.0000,0.0000,0,0,17,0,0,1,0,32,16,500
679,L,0,8,15,0,0,0,0.0000,0.0000,0.0000,0.0000,0,0,17,0,0,1,0,32,16,500
680,L,0,8,15,0,0,0,0.0000,0.0000,0.0000,0.0000,0,0,17,0,0,1,0,32,16,500
681,L,0,8,15,0,0,0,0.0000,0.0000,0.0000,0.0000,0,0,17,0,0,1,0,32,16,500
682,L,0,8,15,0,0,0,0.0000,0.0000,0.0000,0.0000,0,0,17,0,0,1,0,32,16,500
683,L,0,8,15,0,0,0,0.0000,0.0000,0.0000,0.0000,0,0,17,0,0,1,0,32,16,500
684,L,0,8,15,0,0,0,0.0000,0.0000,0.0000,0.0000,0,0,17,0,0,1,0,32,16,500
685,L,0,8,15,0,0,0,0.0000,0.0000,0.0000,0.0000,0,0,17,0,0,1,0,32,16,500
686,L,0,8,15,0,0,0,0.0000,0.0000,0.0000,0.0000,0,0,17,0,0,1,0,32,16,500
687,L,0,8,15,0,0,0,0.0000,0.0000,0.0000,0.0000,0,0,17,0,0,1,0,32,16,500
688,L,0,8,15,0,0,0,0.0000,0.0000,0.0000,0.0000,0,0,17,0,0,1,0,32,16,500
689,L,0,8,15,0,0,0,0.0000,0.0000,0.0000,0.0000,0,0,17,0,0,1,0,32,16,500
690,L,0,8,15,0,0,0,0.0000,0.0000,0.0000,0.0000,0,0,17,0,0,1,0,32,16,500
691,L,0,8,15,0,0,0,0.0000,0.0000,0.0000,0.0000,0,0,17,0,0,1,0,32,16,500
692,L,0,8,15,0,0,0,0.0000,0.0000,0.0000,0.0000,0,0,17,0,0,1,0,32,16,500
693,L,0,8,15,0,0,0,0.0000,0.0000,0.0000,0.0000,0,0,17,0,0,1,0,32,16,500
694,L,0,8,15,0,0,0,0.0000,0.0000,0.0000,0.0000,0,0,17,0,0,1,0,32,16,500
695,L,0,8,15,0,0,0,0.0000,0.0000,0.0000,0.0000,0,0,17,0,0,1,0,32,16,500
696,L,0,8,15,0,0,0,0.0000,0.0000,0.0000,0.0000,0,0,17,0,0,1,0,32,16,500
697,L,0,8,15,0,0,0,0.0000,0.0000,0.0000,0.0000,0,0,17,0,0,1,0,32,16,500
698,L,0,8,15,0,0,0,0.0000,0.0000,0.0000,0.0000,0,0,17,0,0,1,0,32,16,500
699,L,0,8,15,0,0,0,0.0000,0.0000,0.0000,0.0000,0,0,17,0,0,1,0,32,16,500
700,L,0,8,15,0,0,0,0.0000,0.0000,0.0000,0.0000,0,0,17,0,0,1,0,32,16,500
701,L,0,8,15,0,0,0,0.0000,0.0000,0.0000,0.0000,0,0,17,0,0,1,0,32,16,500
702,L,0,8,15,0,0,0,0.0000,0.0000,0.0000,0.0000,0,0,17,0,0,1,0,32,16,500
703,L,0,8,15,0,0,0,0.0000,0.0000,0.0000,0.0000,0,0,17,0,0,1,0,32,16,500
704,L,0,8,15,0,0,0,0.0000,0.0000,0.0000,0.0000,0,0,17,0,0,1,0,32,16,500
705,L,0,8,15,0,0,0,0.0000,0.0000,0.0000,0.0000,0,0,17,0,0,1,0,32,16,500
706,L,0,8,15,0,0,0,0.0000,0.0000,0.0000,0.0000,0,0,17,0,0,1,0,32,16,500
707,L,0,8,15,0,0,0,0.0000,0.0000,0.0000,0.0000,0,0,17,0,0,1,0,32,16,500
708,L,0,8,15,0,0,0,0.0000,0.0000,0.0000,0.0000,0,0,17,0,0,1,0,32,16,500
709,L,0,8,15,0,0,0,0.0000,0.0000,0.0000,0.0000,0,0,17,0,0,1,0,32,16,500
710,L,0,8,15,0,0,0,0.0000,0.0000,0.0000,0.0000,0,0,17,0,0,1,0,32,16,500
711,L,0,8,15,0,0,0,0.0000,0.0000,0.0000,0.0000,0,0,17,0,0,1,0,32,16,500
712,L,0,8,15,0,0,0,0.0000,0.0000,0.0000,0.0000,0,0,17,0,0,1,0,32,16,500
713,L,0,8,15,0,0,0,0.0000,0.0000,0.0000,0.0000,0,0,17,0,0,1,0,32,16,500
714,L,0,8,15,0,0,0,0.0000,0.0000,0.0000,0.0000,0,0,17,0,0,1,0,32,16,500
715,L,0,8,15,0,0,0,0.0000,0.0000,0.0000,0.0000,0,0,17,0,0,1,0,32,16,500
716,L,0,8,15,0,0,0,0.0000,0.0000,0.0000,0.0000,0,0,17,0,0,1,0,32,16,500
717,L,0,8,15,0,0,0,0.0000,0.0000,0.0000,0.0000,0,0,17,0,0,1,0,32,16,500
718,L,0,8,15,0,0,0,0.0000,0.0000,0.0000,0.0000,0,0,17,0,0,1,0,32,16,500
719,L,0,8,15,0,0,0,0.0000,0.0000,0.0000,0.0000,0,0,17,0,0,1,0,32,16,500
720,L,0,8,15,0,0,0,0.0000,0.0000,0.0000,0.0000,0,0,17,0,0,1,0,32,16,500
721,L,0,8,15,0,0,0,0.0000,0.0000,0.0000,0.0000,0,0,17,0,0,1,0,32,16,500
722,L,0,8,15,0,0,0,0.0000,0.0000,0.0000,0.0000,0,0,17,0,0,1,0,32,16,500
723,L,0,8,15,0,0,0,0.0000,0.0000,0.0000,0.0000,0,0,17,0,0,1,0,32,16,500
724,L,0,8,15,0,0,0,0.0000,0.0000,0.0000,0.0000,0,0,17,0,0,1,0,32,16,500
725,L,0,8,15,0,0,0,0.0000,0.0000,0.0000,0.0000,0,0,17,0,0,1,0,32,16,500
726,L,0,8,15,0,0,0,0.0000,0.0000,0.0000,0.0000,0,0,17,0,0,1,0,32,16,500
727,L,0,8,15,0,0,0,0.0000,0.0000,0.0000,0.0000,0,0,17,0,0,1,0,32,16,500
728,L,0,8,15,0,0,0,0.0000,0.0000,0.0000,0.0000,0,0,17,0,0,1,0,32,16,500
729,L,0,8,15,0,0,0,0.0000,0.0000,0.0000,0.0000,0,0,17,0,0,1,0,32,16,500
730,L,0,8,15,0,0,0,0.0000,0.0000,0.0000,0.0000,0,0,17,0,0,1,0,32,16,500
731,L,0,8,15,0,0,0,0.0000,0.0000,0.0000,0.0000,0,0,17,0,0,1,0,32,16,500
732,L,0,8,15,0,0,0,0.0000,0.0000,0.0000,0.0000,0,0,17,0,0,1,0,32,16,500
733,L,0,8,15,0,0,0,0.0000,0.0000,0.0000,0.0000,0,0,17,0,0,1,0,32,16,500
734,L,0,8,15,0,0,0,0.0000,0.0000,0.0000,0.0000,0,0,17,0,0,1,0,32,16,500
735,L,0,8,15,0,0,0,0.0000,0.0000,0.0000,0.0000,0,0,17,0,0,1,0,32,16,500
736,L,0,8,15,0,0,0,0.0000,0.0000,0.0000,0.0000,0,0,17,0,0,1,0,32,16,500
737,L,0,8,15,0,0,0,0.0000,0.0000,0.0000,0.0000,0,0,17,0,0,1,0,32,16,500
738,L,0,8,15,0,0,0,0.0000,0.0000,0.0000,0.0000,0,0,17,0,0,1,0,32,16,500
739,L,0,8,15,0,0,0,0.0000,0.0000,0.0000,0.0000,0,0,17,0,0,1,0,32,16,500
740,L,0,8,15,0,0,0,0.0000,0.0000,0.0000,0.0000,0,0,17,0,0,1,0,32,16,500
741,L,0,8,15,0,0,0,0.0000,0.0000,0.0000,0.0000,0,0,17,0,0,1,0,32,16,500
742,L,0,8,15,0,0,0,0.0000,0.0000,0.0000,0.0000,0,0,17,0,0,1,0,32,16,500
743,L,0,8,15,0,0,0,0.0000,0.0000,0.0000,0.0000,0,0,17,0,0,1,0,32,16,500
744,L,0,8,15,0,0,0,0.0000,0.0000,0.0000,0.0000,0,0,17,0,0,1,0,32,16,500
745,L,0,8,15,0,0,0,0.0000,0.0000,0.0000,0.0000,0,0,17,0,0,1,0,32,16,500
746,L,0,8,15,0,0,0,0.0000,0.0000,0.0000,0.0000,0,0,17,0,0,1,0,32,16,500
747,L,0,8,15,0,0,0,0.0000,0.0000,0.0000,0.0000,0,0,17,0,0,1,0,32,16,500
748,L,0,8,15,0,0,0,0.0000,0.0000,0.0000,0.0000,0,0,17,0,0,1,0,32,16,500
749,L,0,8,15,0,0,0,0.0000,0.0000,0.0000,0.0000,0,0,17,0,0,1,0,32,16,500
750,L,0,8,15,0,0,0,0.0000,0.0000,0.0000,0.0000,0,0,17,0,0,1,0,32,16,500
751,L,0,8,15,0,0,0,0.0000,0.0000,0.0000,0.0000,0,0,17,0,0,1,0,32,16,500
752,L,0,8,15,0,0,0,0.0000,0.0000,0.0000,0.0000,0,0,17,0,0,1,0,32,16,500
753,L,0,8,15,0,0,0,0.0000,0.0000,0.0000,0.0000,0,0,17,0,0,1,0,32,16,500
754,L,0,8,15,0,0,0,0.0000,0.0000,0.0000,0.0000,0,0,17,0,0,1,0,32,16,500
755,L,0,8,15,0,0,0,0.0000,0.0000,0.0000,0.0000,0,0,17,0,0,1,0,32,16,500
756,L,0,8,15,0,0,0,0.0000,0.0000,0.0000,0.0000,0,0,17,0,0,1,0,32,16,500
757,L,0,8,15,0,0,0,0.0000,0.0000,0.0000,0.0000,0,0,17,0,0,1,0,32,16,500
758,L,0,8,15,0,0,0,0.0000,0.0000,0.0000,0.0000,0,0,17,0,0,1,0,32,16,500
759,L,0,8,15,0,0,0,0.0000,0.0000,0.0000,0.0000,0,0,17,0,0,1,0,32,16,500
760,L,0,8,15,0,0,0,0.0000,0.0000,0.0000,0.0000,0,0,17,0,0,1,0,32,16,500
761,L,0,8,15,0,0,0,0.0000,0.0000,0.0000,0.0000,0,0,17,0,0,1,0,32,16,500
762,L,0,8,15,0,0,0,0.0000,0.0000,0.0000,0.0000,0,0,17,0,0,1,0,32,16,500
763,L,0,8,15,0,0,0,0.0000,0.0000,0.0000,0.0000,0,0,17,0,0,1,0,32,16,500
764,L,0,8,15,0,0,0,0.0000,0.0000,0.0000,0.0000,0,0,17,0,0,1,0,32,16,500
765,L,0,8,15,0,0,0,0.0000,0.0000,0.0000,0.0000,0,0,17,0,0,1,0,32,16,500
766,L,0,8,15,0,0,0,0.0000,0.0000,0.0000,0.0000,0,0,17,0,0,1,0,32,16,500
767,L,0,8,15,0,0,0,0.0000,0.0000,0.0000,0.0000,0,0,17,0,0,1,0,32,16,500
768,L,0,8,15,0,0,0,0.0000,0.0000,0.0000,0.0000,0,0,17,0,0,1,0,32,16,500
769,L,0,8,15,0,0,0,0.0000,0.0000,0.0000,0.0000,0,0,17,0,0,1,0,32,16,500
770,L,0,8,15,0,0,0,0.0000,0.0000,0.0000,0.0000,0,0,17,0,0,1,0,32,16,500
771,L,0,8,15,0,0,0,0.0000,0.0000,0.0000,0.0000,0,0,17,0,0,1,0,32,16,500
772,L,0,8,15,0,0,0,0.0000,0.0000,0.0000,0.0000,0,0,17,0,0,1,0,32,16,500
773,L,0,8,15,0,0,0,0.0000,0.0000,0.0000,0.0000,0,0,17,0,0,1,0,32,16,500
774,L,0,8,15,0,0,0,0.0000,0.0000,0.0000,0.0000,0,0,17,0,0,1,0,32,16,500
775,L,0,8,15,0,0,0,0.0000,0.0000,0.0000,0.0000,0,0,17,0,0,1,0,32,16,500
776,L,0,8,15,0,0,0,0.0000,0.0000,0.0000,0.0000,0,0,17,0,0,1,0,32,16,500
777,L,0,8,15,0,0,0,0.0000,0.0000,0.0000,0.0000,0,0,17,0,0,1,0,32,16,500
778,L,0,8,15,0,0,0,0.0000,0.0000,0.0000,0.0000,0,0,17,0,0,1,0,32,16,500
779,L,0,8,15,0,0,0,0.0000,0.0000,0.0000,0.0000,0,0,17,0,0,1,0,32,16,500
780,L,0,8,15,0,0,0,0.0000,0.0000,0.0000,0.0000,0,0,17,0,0,1,0,32,16,500
781,L,0,8,15,0,0,0,0.0000,0.0000,0.0000,0.0000,0,0,17,0,0,1,0,32,16,500
782,L,0,8,15,0,0,0,0.0000,0.0000,0.0000,0.0000,0,0,17,0,0,1,0,32,16,500
783,L,0,8,15,0,0,0,0.0000,0.0000,0.0000,0.0000,0,0,17,0,0,1,0,32,16,500
784,L,0,8,15,0,0,0,0.0000,0.0000,0.0000,0.0000,0,0,17,0,0,1,0,32,16,500
785,L,0,8,15,0,0,0,0.0000,0.0000,0.0000,0.0000,0,0,17,0,0,1,0,32,16,500
786,L,0,8,15,0,0,0,0.0000,0.0000,0.0000,0.0000,0,0,17,0,0,1,0,32,16,500
787,L,0,8,15,0,0,0,0.0000,0.0000,0.0000,0.0000,0,0,17,0,0,1,0,32,16,500
788,L,0,8,15,0,0,0,0.0000,0.0000,0.0000,0.0000,0,0,17,0,0,1,0,32,16,500
789,L,0,8,15,0,0,0,0.0000,0.0000,0.0000,0.0000,0,0,17,0,0,1,0,32,16,500
790,L,0,8,15,0,0,0,0.0000,0.0000,0.0000,0.0000,0,0,17,0,0,1,0,32,16,500
791,L,0,8,15,0,0,0,0.0000,0.0000,0.0000,0.0000,0,0,17,0,0,1,0,32,16,500
792,L,0,8,15,0,0,0,0.0000,0.0000,0.0000,0.0000,0,0,17,0,0,1,0,32,16,500
793,L,0,8,15,0,0,0,0.0000,0.0000,0.0000,0.0000,0,0,17,0,0,1,0,32,16,500
794,L,0,8,15,0,0,0,0.0000,0.0000,0.0000,0.0000,0,0,17,0,0,1,0,32,16,500
795,L,0,8,15,0,0,0,0.0000,0.0000,0.0000,0.0000,0,0,17,0,0,1,0,32,16,500
796,L,0,8,15,0,0,0,0.0000,0.0000,0.0000,0.0000,0,0,17,0,0,1,0,32,16,500
797,L,0,8,15,0,0,0,0.0000,0.0000,0.0000,0.0000,0,0,17,0,0,1,0,32,16,500
798,L,0,8,15,0,0,0,0.0000,0.0000,0.0000,0.0000,0,0,17,0,0,1,0,32,16,500
799,L,0,8,15,0,0,0,0.0000,0.0000,0.0000,0.0000,0,0,17,0,0,1,0,32,16,500
800,L,0,8,15,0,0,0,0.0000,0.0000,0.0000,0.0000,0,0,17,0,0,1,0,32,16,500
801,L,0,8,15,0,0,0,0.0000,0.0000,0.0000,0.0000,0,0,17,0,0,1,0,32,16,500
802,L,0,8,15,0,0,0,0.0000,0.0000,0.0000,0.0000,0,0,17,0,0,1,0,32,16,500
803,L,0,8,15,0,0,0,0.0000,0.0000,0.0000,0.0000,0,0,17,0,0,1,0,32,16,500
804,L,0,8,15,0,0,0,0.0000,0.0000,0.0000,0.0000,0,0,17,0,0,1,0,32,16,500
805,L,0,8,15,0,0,0,0.0000,0.0000,0.0000,0.0000,0,0,17,0,0,1,0,32,16,500
806,L,0,8,15,0,0,0,0.0000,0.0000,0.0000,0.0000,0,0,17,0,0,1,0,32,16,500
807,L,0,8,15,0,0,0,0.0000,0.0000,0.0000,0.0000,0,0,17,0,0,1,0,32,16,500
808,L,0,8,15,0,0,0,0.0000,0.0000,0.0000,0.0000,0,0,17,0,0,1,0,32,16,500
809,L,0,8,15,0,0,0,0.0000,0.0000,0.0000,0.0000,0,0,17,0,0,1,0,32,16,500
810,L,0,8,15,0,0,0,0.0000,0.0000,0.0000,0.0000,0,0,17,0,0,1,0,32,16,500
811,L,0,8,15,0,0,0,0.0000,0.0000,0.0000,0.0000,0,0,17,0,0,1,0,32,16,500
812,L,0,8,15,0,0,0,0.0000,0.0000,0.0000,0.0000,0,0,17,0,0,1,0,32,16,500
813,L,0,8,15,0,0,0,0.0000,0.0000,0.0000,0.0000,0,0,17,0,0,1,0,32,16,500
814,L,0,8,15,0,0,0,0.0000,0.0000,0.0000,0.0000,0,0,17,0,0,1,0,32,16,500
815,L,0,8,15,0,0,0,0.0000,0.0000,0.0000,0.0000,0,0,17,0,0,1,0,32,16,500
816,L,0,8,15,0,0,0,0.0000,0.0000,0.0000,0.0000,0,0,17,0,0,1,0,32,16,500
817,L,0,8,15,0,0,0,0.0000,0.0000,0.0000,0.0000,0,0,17,0,0,1,0,32,16,500
818,L,0,8,15,0,0,0,0.0000,0.0000,0.0000,0.0000,0,0,17,0,0,1,0,32,16,500
819,L,0,8,15,0,0,0,0.0000,0.0000,0.0000,0.0000,0,0,17,0,0,1,0,32,16,500
820,L,0,8,15,0,0,0,0.0000,0.0000,0.0000,0.0000,0,0,17,0,0,1,0,32,16,500
821,L,0,8,15,0,0,0,0.0000,0.0000,0.0000,0.0000,0,0,17,0,0,1,0,32,16,500
822,L,0,8,15,0,0,0,0.0000,0.0000,0.0000,0.0000,0,0,17,0,0,1,0,32,16,500
823,L,0,8,15,0,0,0,0.0000,0.0000,0.0000,0.0000,0,0,17,0,0,1,0,32,16,500
824,L,0,8,15,0,0,0,0.0000,0.0000,0.0000,0.0000,0,0,17,0,0,1,0,32,16,500
825,L,0,8,15,0,0,0,0.0000,0.0000,0.0000,0.0000,0,0,17,0,0,1,0,32,16,500
826,L,0,8,15,0,0,0,0.0000,0.0000,0.0000,0.0000,0,0,17,0,0,1,0,32,16,500
827,L,0,8,15,0,0,0,0.0000,0.0000,0.0000,0.0000,0,0,17,0,0,1,0,32,16,500
828,L,0,8,15,0,0,0,0.0000,0.0000,0.0000,0.0000,0,0,17,0,0,1,0,32,16,500
829,L,0,8,15,0,0,0,0.0000,0.0000,0.0000,0.0000,0,0,17,0,0,1,0,32,16,500
830,L,0,8,15,0,0,0,0.0000,0.0000,0.0000,0.0000,0,0,17,0,0,1,0,32,16,500
831,L,0,8,15,0,0,0,0.0000,0.0000,0.0000,0.0000,0,0,17,0,0,1,0,32,16,500
832,L,0,8,15,0,0,0,0.0000,0.0000,0.0000,0.0000,0,0,17,0,0,1,0,32,16,500
833,L,0,8,15,0,0,0,0.0000,0.0000,0.0000,0.0000,0,0,17,0,0,1,0,32,16,500
834,L,0,8,15,0,0,0,0.0000,0.0000,0.0000,0.0000,0,0,17,0,0,1,0,32,16,500
835,L,0,8,15,0,0,0,0.0000,0.0000,0.0000,0.0000,0,0,17,0,0,1,0,32,16,500
836,L,0,8,15,0,0,0,0.0000,0.0000,0.0000,0.0000,0,0,17,0,0,1,0,32,16,500
837,L,0,8,15,0,0,0,0.0000,0.0000,0.0000,0.0000,0,0,17,0,0,1,0,32,16,500
838,L,0,8,15,0,0,0,0.0000,0.0000,0.0000,0.0000,0,0,17,0,0,1,0,32,16,500
839,L,0,8,15,0,0,0,0.0000,0.0000,0.0000,0.0000,0,0,17,0,0,1,0,32,16,500
840,L,0,8,15,0,0,0,0.0000,0.0000,0.0000,0.0000,0,0,17,0,0,1,0,32,16,500
841,L,0,8,15,0,0,0,0.0000,0.0000,0.0000,0.0000,0,0,17,0,0,1,0,32,16,500
842,L,0,8,15,0,0,0,0.0000,0.0000,0.0000,0.0000,0,0,17,0,0,1,0,32,16,500
843,L,0,8,15,0,0,0,0.0000,0.0000,0.0000,0.0000,0,0,17,0,0,1,0,32,16,500
844,L,0,8,15,0,0,0,0.0000,0.0000,0.0000,0.0000,0,0,17,0,0,1,0,32,16,500
845,L,0,8,15,0,0,0,0.0000,0.0000,0.0000,0.0000,0,0,17,0,0,1,0,32,16,500
846,L,0,8,15,0,0,0,0.0000,0.0000,0.0000,0.0000,0,0,17,0,0,1,0,32,16,500
847,L,0,8,15,0,0,0,0.0000,0.0000,0.0000,0.0000,0,0,17,0,0,1,0,32,16,500
848,L,0,8,15,0,0,0,0.0000,0.0000,0.0000,0.0000,0,0,17,0,0,1,0,32,16,500
849,L,0,8,15,0,0,0,0.0000,0.0000,0.0000,0.0000,0,0,17,0,0,1,0,32,16,500
850,L,0,8,15,0,0,0,0.0000,0.0000,0.0000,0.0000,0,0,17,0,0,1,0,32,16,500
851,L,0,8,15,0,0,0,0.0000,0.0000,0.0000,0.0000,0,0,17,0,0,1,0,32,16,500
852,L,0,8,15,0,0,0,0.0000,0.0000,0.0000,0.0000,0,0,17,0,0,1,0,32,16,500
853,L,0,8,15,0,0,0,0.0000,0.0000,0.0000,0.0000,0,0,17,0,0,1,0,32,16,500
854,L,0,8,15,0,0,0,0.0000,0.0000,0.0000,0.0000,0,0,17,0,0,1,0,32,16,500
855,L,0,8,15,0,0,0,0.0000,0.0000,0.0000,0.0000,0,0,17,0,0,1,0,32,16,500
856,L,0,8,15,0,0,0,0.0000,0.0000,0.0000,0.0000,0,0,17,0,0,1,0,32,16,500
857,L,0,8,15,0,0,0,0.0000,0.0000,0.0000,0.0000,0,0,17,0,0,1,0,32,16,500
858,L,0,8,15,0,0,0,0.0000,0.0000,0.0000,0.0000,0,0,17,0,0,1,0,32,16,500
859,L,0,8,15,0,0,0,0.0000,0.0000,0.0000,0.0000,0,0,17,0,0,1,0,32,16,500
860,L,0,8,15,0,0,0,0.0000,0.0000,0.0000,0.0000,0,0,17,0,0,1,0,32,16,500
861,L,0,8,15,0,0,0,0.0000,0.0000,0.0000,0.0000,0,0,17,0,0,1,0,32,16,500
862,L,0,8,15,0,0,0,0.0000,0.0000,0.0000,0.0000,0,0,17,0,0,1,0,32,16,500
863,L,0,8,15,0,0,0,0.0000,0.0000,0.0000,0.0000,0,0,17,0,0,1,0,32,16,500
864,L,0,8,15,0,0,0,0.0000,0.0000,0.0000,0.0000,0,0,17,0,0,1,0,32,16,500
865,L,0,8,15,0,0,0,0.0000,0.0000,0.0000,0.0000,0,0,17,0,0,1,0,32,16,500
866,L,0,8,15,0,0,0,0.0000,0.0000,0.0000,0.0000,0,0,17,0,0,1,0,32,16,500
867,L,0,8,15,0,0,0,0.0000,0.0000,0.0000,0.0000,0,0,17,0,0,1,0,32,16,500
868,L,0,8,15,0,0,0,0.0000,0.0000,0.0000,0.0000,0,0,17,0,0,1,0,32,16,500
869,L,0,8,15,0,0,0,0.0000,0.0000,0.0000,0.0000,0,0,17,0,0,1,0,32,16,500
870,L,0,8,15,0,0,0,0.0000,0.0000,0.0000,0.0000,0,0,17,0,0,1,0,32,16,500
871,L,0,8,15,0,0,0,0.0000,0.0000,0.0000,0.0000,0,0,17,0,0,1,0,32,16,500
872,L,0,8,15,0,0,0,0.0000,0.0000,0.0000,0.0000,0,0,17,0,0,1,0,32,16,500
873,L,0,8,15,0,0,0,0.0000,0.0000,0.0000,0.0000,0,0,17,0,0,1,0,32,16,500
874,L,0,8,15,0,0,0,0.0000,0.0000,0.0000,0.0000,0,0,17,0,0,1,0,32,16,500
875,L,0,8,15,0,0,0,0.0000,0.0000,0.0000,0.0000,0,0,17,0,0,1,0,32,16,500
876,L,0,8,15,0,0,0,0.0000,0.0000,0.0000,0.0000,0,0,17,0,0,1,0,32,16,500
877,L,0,8,15,0,0,0,0.0000,0.0000,0.0000,0.0000,0,0,17,0,0,1,0,32,16,500
878,L,0,8,15,0,0,0,0.0000,0.0000,0.0000,0.0000,0,0,17,0,0,1,0,32,16,500
879,L,0,8,15,0,0,0,0.0000,0.0000,0.0000,0.0000,0,0,17,0,0,1,0,32,16,500
880,L,0,8,15,0,0,0,0.0000,0.0000,0.0000,0.0000,0,0,17,0,0,1,0,32,16,500
881,L,0,8,15,0,0,0,0.0000,0.0000,0.0000,0.0000,0,0,17,0,0,1,0,32,16,500
882,L,0,8,15,0,0,0,0.0000,0.0000,0.0000,0.0000,0,0,17,0,0,1,0,32,16,500
883,L,0,8,15,0,0,0,0.0000,0.0000,0.0000,0.0000,0,0,17,0,0,1,0,32,16,500
884,L,0,8,15,0,0,0,0.0000,0.0000,0.0000,0.0000,0,0,17,0,0,1,0,32,16,500
885,L,0,8,15,0,0,0,0.0000,0.0000,0.0000,0.0000,0,0,17,0,0,1,0,32,16,500
886,L,0,8,15,0,0,0,0.0000,0.0000,0.0000,0.0000,0,0,17,0,0,1,0,32,16,500
887,L,0,8,15,0,0,0,0.0000,0.0000,0.0000,0.0000,0,0,17,0,0,1,0,32,16,500
888,L,0,8,15,0,0,0,0.0000,0.0000,0.0000,0.0000,0,0,17,0,0,1,0,32,16,500
889,L,0,8,15,0,0,0,0.0000,0.0000,0.0000,0.0000,0,0,17,0,0,1,0,32,16,500
890,L,0,8,15,0,0,0,0.0000,0.0000,0.0000,0.0000,0,0,17,0,0,1,0,32,16,500
891,L,0,8,15,0,0,0,0.0000,0.0000,0.0000,0.0000,0,0,17,0,0,1,0,32,16,500
892,L,0,8,15,0,0,0,0.0000,0.0000,0.0000,0.0000,0,0,17,0,0,1,0,32,16,500
893,L,0,8,15,0,0,0,0.0000,0.0000,0.0000,0.0000,0,0,17,0,0,1,0,32,16,500
894,L,0,8,15,0,0,0,0.0000,0.0000,0.0000,0.0000,0,0,17,0,0,1,0,32,16,500
895,L,0,8,15,0,0,0,0.0000,0.0000,0.0000,0.0000,0,0,17,0,0,1,0,32,16,500
896,L,0,8,15,0,0,0,0.0000,0.0000,0.0000,0.0000,0,0,17,0,0,1,0,32,16,500
897,L,0,8,15,0,0,0,0.0000,0.0000,0.0000,0.0000,0,0,17,0,0,1,0,32,16,500
898,L,0,8,15,0,0,0,0.0000,0.0000,0.0000,0.0000,0,0,17,0,0,1,0,32,16,500
899,L,0,8,15,0,0,0,0.0000,0.0000,0.0000,0.0000,0,0,17,0,0,1,0,32,16,500
900,L,0,8,15,0,0,0,0.0000,0.0000,0.0000,0.0000,0,0,17,0,0,1,0,32,16,500
901,L,0,8,15,0,0,0,0.0000,0.0000,0.0000,0.0000,0,0,17,0,0,1,0,32,16,500
902,L,0,8,15,0,0,0,0.0000,0.0000,0.0000,0.0000,0,0,17,0,0,1,0,32,16,500
903,L,0,8,15,0,0,0,0.0000,0.0000,0.0000,0.0000,0,0,17,0,0,1,0,32,16,500
904,L,0,8,15,0,0,0,0.0000,0.0000,0.0000,0.0000,0,0,17,0,0,1,0,32,16,500
905,L,0,8,15,0,0,0,0.0000,0.0000,0.0000,0.0000,0,0,17,0,0,1,0,32,16,500
906,L,0,8,15,0,0,0,0.0000,0.0000,0.0000,0.0000,0,0,17,0,0,1,0,32,16,500
907,L,0,8,15,0,0,0,0.0000,0.0000,0.0000,0.0000,0,0,17,0,0,1,0,32,16,500
908,L,0,8,15,0,0,0,0.0000,0.0000,0.0000,0.0000,0,0,17,0,0,1,0,32,16,500
909,L,0,8,15,0,0,0,0.0000,0.0000,0.0000,0.0000,0,0,17,0,0,1,0,32,16,500
910,L,0,8,15,0,0,0,0.0000,0.0000,0.0000,0.0000,0,0,17,0,0,1,0,32,16,500
911,L,0,8,15,0,0,0,0.0000,0.0000,0.0000,0.0000,0,0,17,0,0,1,0,32,16,500
912,L,0,8,15,0,0,0,0.0000,0.0000,0.0000,0.0000,0,0,17,0,0,1,0,32,16,500
913,L,0,8,15,0,0,0,0.0000,0.0000,0.0000,0.0000,0,0,17,0,0,1,0,32,16,500
914,L,0,8,15,0,0,0,0.0000,0.0000,0.0000,0.0000,0,0,17,0,0,1,0,32,16,500
915,L,0,8,15,0,0,0,0.0000,0.0000,0.0000,0.0000,0,0,17,0,0,1,0,32,16,500
916,L,0,8,15,0,0,0,0.0000,0.0000,0.0000,0.0000,0,0,17,0,0,1,0,32,16,500
917,L,0,8,15,0,0,0,0.0000,0.0000,0.0000,0.0000,0,0,17,0,0,1,0,32,16,500
918,L,0,8,15,0,0,0,0.0000,0.0000,0.0000,0.0000,0,0,17,0,0,1,0,32,16,500
919,L,0,8,15,0,0,0,0.0000,0.0000,0.0000,0.0000,0,0,17,0,0,1,0,32,16,500
920,L,0,8,15,0,0,0,0.0000,0.0000,0.0000,0.0000,0,0,17,0,0,1,0,32,16,500
921,L,0,8,15,0,0,0,0.0000,0.0000,0.0000,0.0000,0,0,17,0,0,1,0,32,16,500
922,L,0,8,15,0,0,0,0.0000,0.0000,0.0000,0.0000,0,0,17,0,0,1,0,32,16,500
923,L,0,8,15,0,0,0,0.0000,0.0000,0.0000,0.0000,0,0,17,0,0,1,0,32,16,500
924,L,0,8,15,0,0,0,0.0000,0.0000,0.0000,0.0000,0,0,17,0,0,1,0,32,16,500
925,L,0,8,15,0,0,0,0.0000,0.0000,0.0000,0.0000,0,0,17,0,0,1,0,32,16,500
926,L,0,8,15,0,0,0,0.0000,0.0000,0.0000,0.0000,0,0,17,0,0,1,0,32,16,500
927,L,0,8,15,0,0,0,0.0000,0.0000,0.0000,0.0000,0,0,17,0,0,1,0,32,16,500
928,L,0,8,15,0,0,0,0.0000,0.0000,0.0000,0.0000,0,0,17,0,0,1,0,32,16,500
929,L,0,8,15,0,0,0,0.0000,0.0000,0.0000,0.0000,0,0,17,0,0,1,0,32,16,500
930,L,0,8,15,0,0,0,0.0000,0.0000,0.0000,0.0000,0,0,17,0,0,1,0,32,16,500
931,L,0,8,15,0,0,0,0.0000,0.0000,0.0000,0.0000,0,0,17,0,0,1,0,32,16,500
932,L,0,8,15,0,0,0,0.0000,0.0000,0.0000,0.0000,0,0,17,0,0,1,0,32,16,500
933,L,0,8,15,0,0,0,0.0000,0.0000,0.0000,0.0000,0,0,17,0,0,1,0,32,16,500
934,L,0,8,15,0,0,0,0.0000,0.0000,0.0000,0.0000,0,0,17,0,0,1,0,32,16,500
935,L,0,8,15,0,0,0,0.0000,0.0000,0.0000,0.0000,0,0,17,0,0,1,0,32,16,500
936,L,0,8,15,0,0,0,0.0000,0.0000,0.0000,0.0000,0,0,17,0,0,1,0,32,16,500
937,L,0,8,15,0,0,0,0.0000,0.0000,0.0000,0.0000,0,0,17,0,0,1,0,32,16,500
938,L,0,8,15,0,0,0,0.0000,0.0000,0.0000,0.0000,0,0,17,0,0,1,0,32,16,500
939,L,0,8,15,0,0,0,0.0000,0.0000,0.0000,0.0000,0,0,17,0,0,1,0,32,16,500
940,L,0,8,15,0,0,0,0.0000,0.0000,0.0000,0.0000,0,0,17,0,0,1,0,32,16,500
941,L,0,8,15,0,0,0,0.0000,0.0000,0.0000,0.0000,0,0,17,0,0,1,0,32,16,500
942,L,0,8,15,0,0,0,0.0000,0.0000,0.0000,0.0000,0,0,17,0,0,1,0,32,16,500
943,L,0,8,15,0,0,0,0.0000,0.0000,0.0000,0.0000,0,0,17,0,0,1,0,32,16,500
944,L,0,8,15,0,0,0,0.0000,0.0000,0.0000,0.0000,0,0,17,0,0,1,0,32,16,500
945,L,0,8,15,0,0,0,0.0000,0.0000,0.0000,0.0000,0,0,17,0,0,1,0,32,16,500
946,L,0,8,15,0,0,0,0.0000,0.0000,0.0000,0.0000,0,0,17,0,0,1,0,32,16,500
947,L,0,8,15,0,0,0,0.0000,0.0000,0.0000,0.0000,0,0,17,0,0,1,0,32,16,500
948,L,0,8,15,0,0,0,0.0000,0.0000,0.0000,0.0000,0,0,17,0,0,1,0,32,16,500
949,L,0,8,15,0,0,0,0.0000,0.0000,0.0000,0.0000,0,0,17,0,0,1,0,32,16,500
950,L,0,8,15,0,0,0,0.0000,0.0000,0.0000,0.0000,0,0,17,0,0,1,0,32,16,500
951,L,0,8,15,0,0,0,0.0000,0.0000,0.0000,0.0000,0,0,17,0,0,1,0,32,16,500
952,L,0,8,15,0,0,0,0.0000,0.0000,0.0000,0.0000,0,0,17,0,0,1,0,32,16,500
953,L,0,8,15,0,0,0,0.0000,0.0000,0.0000,0.0000,0,0,17,0,0,1,0,32,16,500
954,L,0,8,15,0,0,0,0.0000,0.0000,0.0000,0.0000,0,0,17,0,0,1,0,32,16,500
955,L,0,8,15,0,0,0,0.0000,0.0000,0.0000,0.0000,0,0,17,0,0,1,0,32,16,500
956,L,0,8,15,0,0,0,0.0000,0.0000,0.0000,0.0000,0,0,17,0,0,1,0,32,16,500
957,L,0,8,15,0,0,0,0.0000,0.0000,0.0000,0.0000,0,0,17,0,0,1,0,32,16,500
958,L,0,8,15,0,0,0,0.0000,0.0000,0.0000,0.0000,0,0,17,0,0,1,0,32,16,500
959,L,0,8,15,0,0,0,0.0000,0.0000,0.0000,0.0000,0,0,17,0,0,1,0,32,16,500
960,L,0,8,15,0,0,0,0.0000,0.0000,0.0000,0.0000,0,0,17,0,0,1,0,32,16,500
961,L,0,8,15,0,0,0,0.0000,0.0000,0.0000,0.0000,0,0,17,0,0,1,0,32,16,500
962,L,0,8,15,0,0,0,0.0000,0.0000,0.0000,0.0000,0,0,17,0,0,1,0,32,16,500
963,L,0,8,15,0,0,0,0.0000,0.0000,0.0000,0.0000,0,0,17,0,0,1,0,32,16,500
964,L,0,8,15,0,0,0,0.0000,0.0000,0.0000,0.0000,0,0,17,0,0,1,0,32,16,500
965,L,0,8,15,0,0,0,0.0000,0.0000,0.0000,0.0000,0,0,17,0,0,1,0,32,16,500
966,L,0,8,15,0,0,0,0.0000,0.0000,0.0000,0.0000,0,0,17,0,0,1,0,32,16,500
967,L,0,8,15,0,0,0,0.0000,0.0000,0.0000,0.0000,0,0,17,0,0,1,0,32,16,500
968,L,0,8,15,0,0,0,0.0000,0.0000,0.0000,0.0000,0,0,17,0,0,1,0,32,16,500
969,L,0,8,15,0,0,0,0.0000,0.0000,0.0000,0.0000,0,0,17,0,0,1,0,32,16,500
970,L,0,8,15,0,0,0,0.0000,0.0000,0.0000,0.0000,0,0,17,0,0,1,0,32,16,500
971,L,0,8,15,0,0,0,0.0000,0.0000,0.0000,0.0000,0,0,17,0,0,1,0,32,16,500
972,L,0,8,15,0,0,0,0.0000,0.0000,0.0000,0.0000,0,0,17,0,0,1,0,32,16,500
973,L,0,8,15,0,0,0,0.0000,0.0000,0.0000,0.0000,0,0,17,0,0,1,0,32,16,500
974,L,0,8,15,0,0,0,0.0000,0.0000,0.0000,0.0000,0,0,17,0,0,1,0,32,16,500
975,L,0,8,15,0,0,0,0.0000,0.0000,0.0000,0.0000,0,0,17,0,0,1,0,32,16,500
976,L,0,8,15,0,0,0,0.0000,0.0000,0.0000,0.0000,0,0,17,0,0,1,0,32,16,500
977,L,0,8,15,0,0,0,0.0000,0.0000,0.0000,0.0000,0,0,17,0,0,1,0,32,16,500
978,L,0,8,15,0,0,0,0.0000,0.0000,0.0000,0.0000,0,0,17,0,0,1,0,32,16,500
979,L,0,8,15,0,0,0,0.0000,0.0000,0.0000,0.0000,0,0,17,0,0,1,0,32,16,500
980,L,0,8,15,0,0,0,0.0000,0.0000,0.0000,0.0000,0,0,17,0,0,1,0,32,16,500
981,L,0,8,15,0,0,0,0.0000,0.0000,0.0000,0.0000,0,0,17,0,0,1,0,32,16,500
982,L,0,8,15,0,0,0,0.0000,0.0000,0.0000,0.0000,0,0,17,0,0,1,0,32,16,500
983,L,0,8,15,0,0,0,0.0000,0.0000,0.0000,0.0000,0,0,17,0,0,1,0,32,16,500
984,L,0,8,15,0,0,0,0.0000,0.0000,0.0000,0.0000,0,0,17,0,0,1,0,32,16,500
985,L,0,8,15,0,0,0,0.0000,0.0000,0.0000,0.0000,0,0,17,0,0,1,0,32,16,500
986,L,0,8,15,0,0,0,0.0000,0.0000,0.0000,0.0000,0,0,17,0,0,1,0,32,16,500
987,L,0,8,15,0,0,0,0.0000,0.0000,0.0000,0.0000,0,0,17,0,0,1,0,32,16,500
988,L,0,8,15,0,0,0,0.0000,0.0000,0.0000,0.0000,0,0,17,0,0,1,0,32,16,500
989,L,0,8,15,0,0,0,0.0000,0.0000,0.0000,0.0000,0,0,17,0,0,1,0,32,16,500
990,L,0,8,15,0,0,0,0.0000,0.0000,0.0000,0.0000,0,0,17,0,0,1,0,32,16,500
991,L,0,8,15,0,0,0,0.0000,0.0000,0.0000,0.0000,0,0,17,0,0,1,0,32,16,500
992,L,0,8,15,0,0,0,0.0000,0.0000,0.0000,0.0000,0,0,17,0,0,1,0,32,16,500
993,L,0,8,15,0,0,0,0.0000,0.0000,0.0000,0.0000,0,0,17,0,0,1,0,32,16,500
994,L,0,8,15,0,0,0,0.0000,0.0000,0.0000,0.0000,0,0,17,0,0,1,0,32,16,500
995,L,0,8,15,0,0,0,0.0000,0.0000,0.0000,0.0000,0,0,17,0,0,1,0,32,16,500
996,L,0,8,15,0,0,0,0.0000,0.0000,0.0000,0.0000,0,0,17,0,0,1,0,32,16,500
997,L,0,8,15,0,0,0,0.0000,0.0000,0.0000,0.0000,0,0,17,0,0,1,0,32,16,500
998,L,0,8,15,0,0,0,0.0000,0.0000,0.0000,0.0000,0,0,17,0,0,1,0,32,16,500
999,L,0,8,15,0,0,0,0.0000,0.0000,0.0000,0.0000,0,0,17,0,0,1,0,32,16,500
1000,L,0,8,15,0,0,0,0.0000,0.0000,0.0000,0.0000,0,0,17,0,0,1,0,32,16,500
1001,L,0,8,15,0,0,0,0.0000,0.0000,0.0000,0.0000,0,0,17,0,0,1,0,32,16,500
1002,L,0,8,15,0,0,0,0.0000,0.0000,0.0000,0.0000,0,0,17,0,0,1,0,32,16,500
1003,L,0,8,15,0,0,0,0.0000,0.0000,0.0000,0.0000,0,0,17,0,0,1,0,32,16,500
1004,L,0,8,15,0,0,0,0.0000,0.0000,0.0000,0.0000,0,0,17,0,0,1,0,32,16,500
1005,L,0,8,15,0,0,0,0.0000,0.0000,0.0000,0.0000,0,0,17,0,0,1,0,32,16,500
1006,L,0,8,15,0,0,0,0.0000,0.0000,0.0000,0.0000,0,0,17,0,0,1,0,32,16,500
1007,L,0,8,15,0,0,0,0.0000,0.0000,0.0000,0.0000,0,0,17,0,0,1,0,32,16,500
1008,L,0,8,15,0,0,0,0.0000,0.0000,0.0000,0.0000,0,0,17,0,0,1,0,32,16,500
1009,L,0,8,15,0,0,0,0.0000,0.0000,0.0000,0.0000,0,0,17,0,0,1,0,32,16,500
1010,L,0,8,15,0,0,0,0.0000,0.0000,0.0000,0.0000,0,0,17,0,0,1,0,32,16,500
1011,L,0,8,15,0,0,0,0.0000,0.0000,0.0000,0.0000,0,0,17,0,0,1,0,32,16,500
1012,L,0,8,15,0,0,0,0.0000,0.0000,0.0000,0.0000,0,0,17,0,0,1,0,32,16,500
1013,L,0,8,15,0,0,0,0.0000,0.0000,0.0000,0.0000,0,0,17,0,0,1,0,32,16,500
1014,L,0,8,15,0,0,0,0.0000,0.0000,0.0000,0.0000,0,0,17,0,0,1,0,32,16,500
1015,L,0,8,15,0,0,0,0.0000,0.0000,0.0000,0.0000,0,0,17,0,0,1,0,32,16,500
1016,L,0,8,15,0,0,0,0.0000,0.0000,0.0000,0.0000,0,0,17,0,0,1,0,32,16,500
1017,L,0,8,15,0,0,0,0.0000,0.0000,0.0000,0.0000,0,0,17,0,0,1,0,32,16,500
1018,L,0,8,15,0,0,0,0.0000,0.0000,0.0000,0.0000,0,0,17,0,0,1,0,32,16,500
1019,L,0,8,15,0,0,0,0.0000,0.0000,0.0000,0.0000,0,0,17,0,0,1,0,32,16,500
1020,L,0,8,15,0,0,0,0.0000,0.0000,0.0000,0.0000,0,0,17,0,0,1,0,32,16,500
1021,L,0,8,15,0,0,0,0.0000,0.0000,0.0000,0.0000,0,0,17,0,0,1,0,32,16,500
1022,L,0,8,15,0,0,0,0.0000,0.0000,0.0000,0.0000,0,0,17,0,0,1,0,32,16,500
1023,L,0,8,15,0,0,0,0.0000,0.0000,0.0000,0.0000,0,0,17,0,0,1,0,32,16,500
1024,L,0,8,15,0,0,0,0.0000,0.0000,0.0000,0.0000,0,0,17,0,0,1,0,32,16,500
1025,L,0,8,15,0,0,0,0.0000,0.0000,0.0000,0.0000,0,0,17,0,0,1,0,32,16,500
1026,L,0,8,15,0,0,0,0.0000,0.0000,0.0000,0.0000,0,0,17,0,0,1,0,32,16,500
1027,L,0,8,15,0,0,0,0.0000,0.0000,0.0000,0.0000,0,0,17,0,0,1,0,32,16,500
1028,L,0,8,15,0,0,0,0.0000,0.0000,0.0000,0.0000,0,0,17,0,0,1,0,32,16,500
1029,L,0,8,15,0,0,0,0.0000,0.0000,0.0000,0.0000,0,0,17,0,0,1,0,32,16,500
1030,L,0,8,15,0,0,0,0.0000,0.0000,0.0000,0.0000,0,0,17,0,0,1,0,32,16,500
1031,L,0,8,15,0,0,0,0.0000,0.0000,0.0000,0.0000,0,0,17,0,0,1,0,32,16,500
1032,L,0,8,15,0,0,0,0.0000,0.0000,0.0000,0.0000,0,0,17,0,0,1,0,32,16,500
1033,L,0,8,15,0,0,0,0.0000,0.0000,0.0000,0.0000,0,0,17,0,0,1,0,32,16,500
1034,L,0,8,15,0,0,0,0.0000,0.0000,0.0000,0.0000,0,0,17,0,0,1,0,32,16,500
1035,L,0,8,15,0,0,0,0.0000,0.0000,0.0000,0.0000,0,0,17,0,0,1,0,32,16,500
1036,L,0,8,15,0,0,0,0.0000,0.0000,0.0000,0.0000,0,0,17,0,0,1,0,32,16,500
1037,L,0,8,15,0,0,0,0.0000,0.0000,0.0000,0.0000,0,0,17,0,0,1,0,32,16,500
1038,L,0,8,15,0,0,0,0.0000,0.0000,0.0000,0.0000,0,0,17,0,0,1,0,32,16,500
1039,L,0,8,15,0,0,0,0.0000,0.0000,0.0000,0.0000,0,0,17,0,0,1,0,32,16,500
1040,L,0,8,15,0,0,0,0.0000,0.0000,0.0000,0.0000,0,0,17,0,0,1,0,32,16,500
1041,L,0,8,15,0,0,0,0.0000,0.0000,0.0000,0.0000,0,0,17,0,0,1,0,32,16,500
1042,L,0,8,15,0,0,0,0.0000,0.0000,0.0000,0.0000,0,0,17,0,0,1,0,32,16,500
1043,L,0,8,15,0,0,0,0.0000,0.0000,0.0000,0.0000,0,0,17,0,0,1,0,32,16,500
1044,L,0,8,15,0,0,0,0.0000,0.0000,0.0000,0.0000,0,0,17,0,0,1,0,32,16,500
1045,L,0,8,15,0,0,0,0.0000,0.0000,0.0000,0.0000,0,0,17,0,0,1,0,32,16,500
1046,L,0,8,15,0,0,0,0.0000,0.0000,0.0000,0.0000,0,0,17,0,0,1,0,32,16,500
1047,L,0,8,15,0,0,0,0.0000,0.0000,0.0000,0.0000,0,0,17,0,0,1,0,32,16,500
1048,L,0,8,15,0,0,0,0.0000,0.0000,0.0000,0.0000,0,0,17,0,0,1,0,32,16,500
1049,L,0,8,15,0,0,0,0.0000,0.0000,0.0000,0.0000,0,0,17,0,0,1,0,32,16,500
1050,L,0,8,15,0,0,0,0.0000,0.0000,0.0000,0.0000,0,0,17,0,0,1,0,32,16,500
1051,L,0,8,15,0,0,0,0.0000,0.0000,0.0000,0.0000,0,0,17,0,0,1,0,32,16,500
1052,L,0,8,15,0,0,0,0.0000,0.0000,0.0000,0.0000,0,0,17,0,0,1,0,32,16,500
1053,L,0,8,15,0,0,0,0.0000,0.0000,0.0000,0.0000,0,0,17,0,0,1,0,32,16,500
1054,L,0,8,15,0,0,0,0.0000,0.0000,0.0000,0.0000,0,0,17,0,0,1,0,32,16,500
1055,L,0,8,15,0,0,0,0.0000,0.0000,0.0000,0.0000,0,0,17,0,0,1,0,32,16,500
1056,L,0,8,15,0,0,0,0.0000,0.0000,0.0000,0.0000,0,0,17,0,0,1,0,32,16,500
1057,L,0,8,15,0,0,0,0.0000,0.0000,0.0000,0.0000,0,0,17,0,0,1,0,32,16,500
1058,L,0,8,15,0,0,0,0.0000,0.0000,0.0000,0.0000,0,0,17,0,0,1,0,32,16,500
1059,L,0,8,15,0,0,0,0.0000,0.0000,0.0000,0.0000,0,0,17,0,0,1,0,32,16,500
1060,L,0,8,15,0,0,0,0.0000,0.0000,0.0000,0.0000,0,0,17,0,0,1,0,32,16,500
1061,L,0,8,15,0,0,0,0.0000,0.0000,0.0000,0.0000,0,0,17,0,0,1,0,32,16,500
1062,L,0,8,15,0,0,0,0.0000,0.0000,0.0000,0.0000,0,0,17,0,0,1,0,32,16,500
1063,L,0,8,15,0,0,0,0.0000,0.0000,0.0000,0.0000,0,0,17,0,0,1,0,32,16,500
1064,L,0,8,15,0,0,0,0.0000,0.0000,0.0000,0.0000,0,0,17,0,0,1,0,32,16,500
1065,L,0,8,15,0,0,0,0.0000,0.0000,0.0000,0.0000,0,0,17,0,0,1,0,32,16,500
1066,L,0,8,15,0,0,0,0.0000,0.0000,0.0000,0.0000,0,0,17,0,0,1,0,32,16,500
1067,L,0,8,15,0,0,0,0.0000,0.0000,0.0000,0.0000,0,0,17,0,0,1,0,32,16,500
1068,L,0,8,15,0,0,0,0.0000,0.0000,0.0000,0.0000,0,0,17,0,0,1,0,32,16,500
1069,L,0,8,15,0,0,0,0.0000,0.0000,0.0000,0.0000,0,0,17,0,0,1,0,32,16,500
1070,L,0,8,15,0,0,0,0.0000,0.0000,0.0000,0.0000,0,0,17,0,0,1,0,32,16,500
1071,L,0,8,15,0,0,0,0.0000,0.0000,0.0000,0.0000,0,0,17,0,0,1,0,32,16,500
1072,L,0,8,15,0,0,0,0.0000,0.0000,0.0000,0.0000,0,0,17,0,0,1,0,32,16,500
1073,L,0,8,15,0,0,0,0.0000,0.0000,0.0000,0.0000,0,0,17,0,0,1,0,32,16,500
1074,L,0,8,15,0,0,0,0.0000,0.0000,0.0000,0.0000,0,0,17,0,0,1,0,32,16,500
1075,L,0,8,15,0,0,0,0.0000,0.0000,0.0000,0.0000,0,0,17,0,0,1,0,32,16,500
1076,L,0,8,15,0,0,0,0.0000,0.0000,0.0000,0.0000,0,0,17,0,0,1,0,32,16,500
1077,L,0,8,15,0,0,0,0.0000,0.0000,0.0000,0.0000,0,0,17,0,0,1,0,32,16,500
1078,L,0,8,15,0,0,0,0.0000,0.0000,0.0000,0.0000,0,0,17,0,0,1,0,32,16,500
1079,L,0,8,15,0,0,0,0.0000,0.0000,0.0000,0.0000,0,0,17,0,0,1,0,32,16,500
1080,L,0,8,15,0,0,0,0.0000,0.0000,0.0000,0.0000,0,0,17,0,0,1,0,32,16,500
1081,L,0,8,15,0,0,0,0.0000,0.0000,0.0000,0.0000,0,0,17,0,0,1,0,32,16,500
1082,L,0,8,15,0,0,0,0.0000,0.0000,0.0000,0.0000,0,0,17,0,0,1,0,32,16,500
1083,L,0,8,15,0,0,0,0.0000,0.0000,0.0000,0.0000,0,0,17,0,0,1,0,32,16,500
1084,L,0,8,15,0,0,0,0.0000,0.0000,0.0000,0.0000,0,0,17,0,0,1,0,32,16,500
1085,L,0,8,15,0,0,0,0.0000,0.0000,0.0000,0.0000,0,0,17,0,0,1,0,32,16,500
1086,L,0,8,15,0,0,0,0.0000,0.0000,0.0000,0.0000,0,0,17,0,0,1,0,32,16,500
1087,L,0,8,15,0,0,0,0.0000,0.0000,0.0000,0.0000,0,0,17,0,0,1,0,32,16,500
1088,L,0,8,15,0,0,0,0.0000,0.0000,0.0000,0.0000,0,0,17,0,0,1,0,32,16,500
1089,L,0,8,15,0,0,0,0.0000,0.0000,0.0000,0.0000,0,0,17,0,0,1,0,32,16,500
1090,L,0,8,15,0,0,0,0.0000,0.0000,0.0000,0.0000,0,0,17,0,0,1,0,32,16,500
1091,L,0,8,15,0,0,0,0.0000,0.0000,0.0000,0.0000,0,0,17,0,0,1,0,32,16,500
1092,L,0,8,15,0,0,0,0.0000,0.0000,0.0000,0.0000,0,0,17,0,0,1,0,32,16,500
1093,L,0,8,15,0,0,0,0.0000,0.0000,0.0000,0.0000,0,0,17,0,0,1,0,32,16,500
1094,L,0,8,15,0,0,0,0.0000,0.0000,0.0000,0.0000,0,0,17,0,0,1,0,32,16,500
1095,L,0,8,15,0,0,0,0.0000,0.0000,0.0000,0.0000,0,0,17,0,0,1,0,32,16,500
1096,L,0,8,15,0,0,0,0.0000,0.0000,0.0000,0.0000,0,0,17,0,0,1,0,32,16,500
1097,L,0,8,15,0,0,0,0.0000,0.0000,0.0000,0.0000,0,0,17,0,0,1,0,32,16,500
1098,L,0,8,15,0,0,0,0.0000,0.0000,0.0000,0.0000,0,0,17,0,0,1,0,32,16,500
1099,L,0,8,15,0,0,0,0.0000,0.0000,0.0000,0.0000,0,0,17,0,0,1,0,32,16,500
1100,L,0,8,15,0,0,0,0.0000,0.0000,0.0000,0.0000,0,0,17,0,0,1,0,32,16,500
1101,L,0,8,15,0,0,0,0.0000,0.0000,0.0000,0.0000,0,0,17,0,0,1,0,32,16,500
1102,L,0,8,15,0,0,0,0.0000,0.0000,0.0000,0.0000,0,0,17,0,0,1,0,32,16,500
1103,L,0,8,15,0,0,0,0.0000,0.0000,0.0000,0.0000,0,0,17,0,0,1,0,32,16,500
1104,L,0,8,15,0,0,0,0.0000,0.0000,0.0000,0.0000,0,0,17,0,0,1,0,32,16,500
1105,L,0,8,15,0,0,0,0.0000,0.0000,0.0000,0.0000,0,0,17,0,0,1,0,32,16,500
1106,L,0,8,15,0,0,0,0.0000,0.0000,0.0000,0.0000,0,0,17,0,0,1,0,32,16,500
1107,L,0,8,15,0,0,0,0.0000,0.0000,0.0000,0.0000,0,0,17,0,0,1,0,32,16,500
1108,L,0,8,15,0,0,0,0.0000,0.0000,0.0000,0.0000,0,0,17,0,0,1,0,32,16,500
1109,L,0,8,15,0,0,0,0.0000,0.0000,0.0000,0.0000,0,0,17,0,0,1,0,32,16,500
1110,L,0,8,15,0,0,0,0.0000,0.0000,0.0000,0.0000,0,0,17,0,0,1,0,32,16,500
1111,L,0,8,15,0,0,0,0.0000,0.0000,0.0000,0.0000,0,0,17,0,0,1,0,32,16,500
1112,L,0,8,15,0,0,0,0.0000,0.0000,0.0000,0.0000,0,0,17,0,0,1,0,32,16,500
1113,L,0,8,15,0,0,0,0.0000,0.0000,0.0000,0.0000,0,0,17,0,0,1,0,32,16,500
1114,L,0,8,15,0,0,0,0.0000,0.0000,0.0000,0.0000,0,0,17,0,0,1,0,32,16,500
1115,L,0,8,15,0,0,0,0.0000,0.0000,0.0000,0.0000,0,0,17,0,0,1,0,32,16,500
1116,L,0,8,15,0,0,0,0.0000,0.0000,0.0000,0.0000,0,0,17,0,0,1,0,32,16,500
1117,L,0,8,15,0,0,0,0.0000,0.0000,0.0000,0.0000,0,0,17,0,0,1,0,32,16,500
1118,L,0,8,15,0,0,0,0.0000,0.0000,0.0000,0.0000,0,0,17,0,0,1,0,32,16,500
1119,L,0,8,15,0,0,0,0.0000,0.0000,0.0000,0.0000,0,0,17,0,0,1,0,32,16,500
1120,L,0,8,15,0,0,0,0.0000,0.0000,0.0000,0.0000,0,0,17,0,0,1,0,32,16,500
1121,L,0,8,15,0,0,0,0.0000,0.0000,0.0000,0.0000,0,0,17,0,0,1,0,32,16,500
1122,L,0,8,15,0,0,0,0.0000,0.0000,0.0000,0.0000,0,0,17,0,0,1,0,32,16,500
1123,L,0,8,15,0,0,0,0.0000,0.0000,0.0000,0.0000,0,0,17,0,0,1,0,32,16,500
1124,L,0,8,15,0,0,0,0.0000,0.0000,0.0000,0.0000,0,0,17,0,0,1,0,32,16,500
1125,L,0,8,15,0,0,0,0.0000,0.0000,0.0000,0.0000,0,0,17,0,0,1,0,32,16,500
1126,L,0,8,15,0,0,0,0.0000,0.0000,0.0000,0.0000,0,0,17,0,0,1,0,32,16,500
1127,L,0,8,15,0,0,0,0.0000,0.0000,0.0000,0.0000,0,0,17,0,0,1,0,32,16,500
1128,L,0,8,15,0,0,0,0.0000,0.0000,0.0000,0.0000,0,0,17,0,0,1,0,32,16,500
1129,L,0,8,15,0,0,0,0.0000,0.0000,0.0000,0.0000,0,0,17,0,0,1,0,32,16,500
1130,L,0,8,15,0,0,0,0.0000,0.0000,0.0000,0.0000,0,0,17,0,0,1,0,32,16,500
1131,L,0,8,15,0,0,0,0.0000,0.0000,0.0000,0.0000,0,0,17,0,0,1,0,32,16,500
1132,L,0,8,15,0,0,0,0.0000,0.0000,0.0000,0.0000,0,0,17,0,0,1,0,32,16,500
1133,L,0,8,15,0,0,0,0.0000,0.0000,0.0000,0.0000,0,0,17,0,0,1,0,32,16,500
1134,L,0,8,15,0,0,0,0.0000,0.0000,0.0000,0.0000,0,0,17,0,0,1,0,32,16,500
1135,L,0,8,15,0,0,0,0.0000,0.0000,0.0000,0.0000,0,0,17,0,0,1,0,32,16,500
1136,L,0,8,15,0,0,0,0.0000,0.0000,0.0000,0.0000,0,0,17,0,0,1,0,32,16,500
1137,L,0,8,15,0,0,0,0.0000,0.0000,0.0000,0.0000,0,0,17,0,0,1,0,32,16,500
1138,L,0,8,15,0,0,0,0.0000,0.0000,0.0000,0.0000,0,0,17,0,0,1,0,32,16,500
1139,L,0,8,15,0,0,0,0.0000,0.0000,0.0000,0.0000,0,0,17,0,0,1,0,32,16,500
1140,L,0,8,15,0,0,0,0.0000,0.0000,0.0000,0.0000,0,0,17,0,0,1,0,32,16,500
1141,L,0,8,15,0,0,0,0.0000,0.0000,0.0000,0.0000,0,0,17,0,0,1,0,32,16,500
1142,L,0,8,15,0,0,0,0.0000,0.0000,0.0000,0.0000,0,0,17,0,0,1,0,32,16,500
1143,L,0,8,15,0,0,0,0.0000,0.0000,0.0000,0.0000,0,0,17,0,0,1,0,32,16,500
1144,L,0,8,15,0,0,0,0.0000,0.0000,0.0000,0.0000,0,0,17,0,0,1,0,32,16,500
1145,L,0,8,15,0,0,0,0.0000,0.0000,0.0000,0.0000,0,0,17,0,0,1,0,32,16,500
1146,L,0,8,15,0,0,0,0.0000,0.0000,0.0000,0.0000,0,0,17,0,0,1,0,32,16,500
1147,L,0,8,15,0,0,0,0.0000,0.0000,0.0000,0.0000,0,0,17,0,0,1,0,32,16,500
1148,L,0,8,15,0,0,0,0.0000,0.0000,0.0000,0.0000,0,0,17,0,0,1,0,32,16,500
1149,L,0,8,15,0,0,0,0.0000,0.0000,0.0000,0.0000,0,0,17,0,0,1,0,32,16,500
1150,L,0,8,15,0,0,0,0.0000,0.0000,0.0000,0.0000,0,0,17,0,0,1,0,32,16,500
1151,L,0,8,15,0,0,0,0.0000,0.0000,0.0000,0.0000,0,0,17,0,0,1,0,32,16,500
1152,L,0,8,15,0,0,0,0.0000,0.0000,0.0000,0.0000,0,0,17,0,0,1,0,32,16,500
1153,L,0,8,15,0,0,0,0.0000,0.0000,0.0000,0.0000,0,0,17,0,0,1,0,32,16,500
1154,L,0,8,15,0,0,0,0.0000,0.0000,0.0000,0.0000,0,0,17,0,0,1,0,32,16,500
1155,L,0,8,15,0,0,0,0.0000,0.0000,0.0000,0.0000,0,0,17,0,0,1,0,32,16,500
1156,L,0,8,15,0,0,0,0.0000,0.0000,0.0000,0.0000,0,0,17,0,0,1,0,32,16,500
1157,L,0,8,15,0,0,0,0.0000,0.0000,0.0000,0.0000,0,0,17,0,0,1,0,32,16,500
1158,L,0,8,15,0,0,0,0.0000,0.0000,0.0000,0.0000,0,0,17,0,0,1,0,32,16,500
1159,L,0,8,15,0,0,0,0.0000,0.0000,0.0000,0.0000,0,0,17,0,0,1,0,32,16,500
1160,L,0,8,15,0,0,0,0.0000,0.0000,0.0000,0.0000,0,0,17,0,0,1,0,32,16,500
1161,L,0,8,15,0,0,0,0.0000,0.0000,0.0000,0.0000,0,0,17,0,0,1,0,32,16,500
1162,L,0,8,15,0,0,0,0.0000,0.0000,0.0000,0.0000,0,0,17,0,0,1,0,32,16,500
1163,L,0,8,15,0,0,0,0.0000,0.0000,0.0000,0.0000,0,0,17,0,0,1,0,32,16,500
1164,L,0,8,15,0,0,0,0.0000,0.0000,0.0000,0.0000,0,0,17,0,0,1,0,32,16,500
1165,L,0,8,15,0,0,0,0.0000,0.0000,0.0000,0.0000,0,0,17,0,0,1,0,32,16,500
1166,L,0,8,15,0,0,0,0.0000,0.0000,0.0000,0.0000,0,0,17,0,0,1,0,32,16,500
1167,L,0,8,15,0,0,0,0.0000,0.0000,0.0000,0.0000,0,0,17,0,0,1,0,32,16,500
1168,L,0,8,15,0,0,0,0.0000,0.0000,0.0000,0.0000,0,0,17,0,0,1,0,32,16,500
1169,L,0,8,15,0,0,0,0.0000,0.0000,0.0000,0.0000,0,0,17,0,0,1,0,32,16,500
1170,L,0,8,15,0,0,0,0.0000,0.0000,0.0000,0.0000,0,0,17,0,0,1,0,32,16,500
1171,L,0,8,15,0,0,0,0.0000,0.0000,0.0000,0.0000,0,0,17,0,0,1,0,32,16,500
1172,L,0,8,15,0,0,0,0.0000,0.0000,0.0000,0.0000,0,0,17,0,0,1,0,32,16,500
1173,L,0,8,15,0,0,0,0.0000,0.0000,0.0000,0.0000,0,0,17,0,0,1,0,32,16,500
1174,L,0,8,15,0,0,0,0.0000,0.0000,0.0000,0.0000,0,0,17,0,0,1,0,32,16,500
1175,L,0,8,15,0,0,0,0.0000,0.0000,0.0000,0.0000,0,0,17,0,0,1,0,32,16,500
1176,L,0,8,15,0,0,0,0.0000,0.0000,0.0000,0.0000,0,0,17,0,0,1,0,32,16,500
1177,L,0,8,15,0,0,0,0.0000,0.0000,0.0000,0.0000,0,0,17,0,0,1,0,32,16,500
1178,L,0,8,15,0,0,0,0.0000,0.0000,0.0000,0.0000,0,0,17,0,0,1,0,32,16,500
1179,L,0,8,15,0,0,0,0.0000,0.0000,0.0000,0.0000,0,0,17,0,0,1,0,32,16,500
1180,L,0,8,15,0,0,0,0.0000,0.0000,0.0000,0.0000,0,0,17,0,0,1,0,32,16,500
1181,L,0,8,15,0,0,0,0.0000,0.0000,0.0000,0.0000,0,0,17,0,0,1,0,32,16,500
1182,L,0,8,15,0,0,0,0.0000,0.0000,0.0000,0.0000,0,0,17,0,0,1,0,32,16,500
1183,L,0,8,15,0,0,0,0.0000,0.0000,0.0000,0.0000,0,0,17,0,0,1,0,32,16,500
1184,L,0,8,15,0,0,0,0.0000,0.0000,0.0000,0.0000,0,0,17,0,0,1,0,32,16,500
1185,L,0,8,15,0,0,0,0.0000,0.0000,0.0000,0.0000,0,0,17,0,0,1,0,32,16,500
1186,L,0,8,15,0,0,0,0.0000,0.0000,0.0000,0.0000,0,0,17,0,0,1,0,32,16,500
1187,L,0,8,15,0,0,0,0.0000,0.0000,0.0000,0.0000,0,0,17,0,0,1,0,32,16,500
1188,L,0,8,15,0,0,0,0.0000,0.0000,0.0000,0.0000,0,0,17,0,0,1,0,32,16,500
1189,L,0,8,15,0,0,0,0.0000,0.0000,0.0000,0.0000,0,0,17,0,0,1,0,32,16,500
1190,L,0,8,15,0,0,0,0.0000,0.0000,0.0000,0.0000,0,0,17,0,0,1,0,32,16,500
1191,L,0,8,15,0,0,0,0.0000,0.0000,0.0000,0.0000,0,0,17,0,0,1,0,32,16,500
1192,L,0,8,15,0,0,0,0.0000,0.0000,0.0000,0.0000,0,0,17,0,0,1,0,32,16,500
1193,L,0,8,15,0,0,0,0.0000,0.0000,0.0000,0.0000,0,0,17,0,0,1,0,32,16,500
1194,L,0,8,15,0,0,0,0.0000,0.0000,0.0000,0.0000,0,0,17,0,0,1,0,32,16,500
1195,L,0,8,15,0,0,0,0.0000,0.0000,0.0000,0.0000,0,0,17,0,0,1,0,32,16,500
1196,L,0,8,15,0,0,0,0.0000,0.0000,0.0000,0.0000,0,0,17,0,0,1,0,32,16,500
1197,L,0,8,15,0,0,0,0.0000,0.0000,0.0000,0.0000,0,0,17,0,0,1,0,32,16,500
1198,L,0,8,15,0,0,0,0.0000,0.0000,0.0000,0.0000,0,0,17,0,0,1,0,32,16,500
1199,L,0,8,15,0,0,0,0.0000,0.0000,0.0000,0.0000,0,0,17,0,0,1,0,32,16,500
1200,L,0,8,15,0,0,0,0.0000,0.0000,0.0000,0.0000,0,0,17,0,0,1,0,32,16,500
1201,L,0,8,15,0,0,0,0.0000,0.0000,0.0000,0.0000,0,0,17,0,0,1,0,32,16,500
1202,L,0,8,15,0,0,0,0.0000,0.0000,0.0000,0.0000,0,0,17,0,0,1,0,32,16,500
1203,L,0,8,15,0,0,0,0.0000,0.0000,0.0000,0.0000,0,0,17,0,0,1,0,32,16,500
1204,L,0,8,15,0,0,0,0.0000,0.0000,0.0000,0.0000,0,0,17,0,0,1,0,32,16,500
1205,L,0,8,15,0,0,0,0.0000,0.0000,0.0000,0.0000,0,0,17,0,0,1,0,32,16,500
1206,L,0,8,15,0,0,0,0.0000,0.0000,0.0000,0.0000,0,0,17,0,0,1,0,32,16,500
1207,L,0,8,15,0,0,0,0.0000,0.0000,0.0000,0.0000,0,0,17,0,0,1,0,32,16,500
1208,L,0,8,15,0,0,0,0.0000,0.0000,0.0000,0.0000,0,0,17,0,0,1,0,32,16,500
1209,L,0,8,15,0,0,0,0.0000,0.0000,0.0000,0.0000,0,0,17,0,0,1,0,32,16,500
1210,L,0,8,15,0,0,0,0.0000,0.0000,0.0000,0.0000,0,0,17,0,0,1,0,32,16,500
1211,L,0,8,15,0,0,0,0.0000,0.0000,0.0000,0.0000,0,0,17,0,0,1,0,32,16,500
1212,L,0,8,15,0,0,0,0.0000,0.0000,0.0000,0.0000,0,0,17,0,0,1,0,32,16,500
1213,L,0,8,15,0,0,0,0.0000,0.0000,0.0000,0.0000,0,0,17,0,0,1,0,32,16,500
1214,L,0,8,15,0,0,0,0.0000,0.0000,0.0000,0.0000,0,0,17,0,0,1,0,32,16,500
1215,L,0,8,15,0,0,0,0.0000,0.0000,0.0000,0.0000,0,0,17,0,0,1,0,32,16,500
1216,L,0,8,15,0,0,0,0.0000,0.0000,0.0000,0.0000,0,0,17,0,0,1,0,32,16,500
1217,L,0,8,15,0,0,0,0.0000,0.0000,0.0000,0.0000,0,0,17,0,0,1,0,32,16,500
1218,L,0,8,15,0,0,0,0.0000,0.0000,0.0000,0.0000,0,0,17,0,0,1,0,32,16,500
1219,L,0,8,15,0,0,0,0.0000,0.0000,0.0000,0.0000,0,0,17,0,0,1,0,32,16,500
1220,L,0,8,15,0,0,0,0.0000,0.0000,0.0000,0.0000,0,0,17,0,0,1,0,32,16,500
1221,L,0,8,15,0,0,0,0.0000,0.0000,0.0000,0.0000,0,0,17,0,0,1,0,32,16,500
1222,L,0,8,15,0,0,0,0.0000,0.0000,0.0000,0.0000,0,0,17,0,0,1,0,32,16,500
1223,L,0,8,15,0,0,0,0.0000,0.0000,0.0000,0.0000,0,0,17,0,0,1,0,32,16,500
1224,L,0,8,15,0,0,0,0.0000,0.0000,0.0000,0.0000,0,0,17,0,0,1,0,32,16,500
1225,L,0,8,15,0,0,0,0.0000,0.0000,0.0000,0.0000,0,0,17,0,0,1,0,32,16,500
1226,L,0,8,15,0,0,0,0.0000,0.0000,0.0000,0.0000,0,0,17,0,0,1,0,32,16,500
1227,L,0,8,15,0,0,0,0.0000,0.0000,0.0000,0.0000,0,0,17,0,0,1,0,32,16,500
1228,L,0,8,15,0,0,0,0.0000,0.0000,0.0000,0.0000,0,0,17,0,0,1,0,32,16,500
1229,L,0,8,15,0,0,0,0.0000,0.0000,0.0000,0.0000,0,0,17,0,0,1,0,32,16,500
1230,L,0,8,15,0,0,0,0.0000,0.0000,0.0000,0.0000,0,0,17,0,0,1,0,32,16,500
1231,L,0,8,15,0,0,0,0.0000,0.0000,0.0000,0.0000,0,0,17,0,0,1,0,32,16,500
1232,L,0,8,15,0,0,0,0.0000,0.0000,0.0000,0.0000,0,0,17,0,0,1,0,32,16,500
1233,L,0,8,15,0,0,0,0.0000,0.0000,0.0000,0.0000,0,0,17,0,0,1,0,32,16,500
1234,L,0,8,15,0,0,0,0.0000,0.0000,0.0000,0.0000,0,0,17,0,0,1,0,32,16,500
1235,L,0,8,15,0,0,0,0.0000,0.0000,0.0000,0.0000,0,0,17,0,0,1,0,32,16,500
1236,L,0,8,15,0,0,0,0.0000,0.0000,0.0000,0.0000,0,0,17,0,0,1,0,32,16,500
1237,L,0,8,15,0,0,0,0.0000,0.0000,0.0000,0.0000,0,0,17,0,0,1,0,32,16,500
1238,L,0,8,15,0,0,0,0.0000,0.0000,0.0000,0.0000,0,0,17,0,0,1,0,32,16,500
1239,L,0,8,15,0,0,0,0.0000,0.0000,0.0000,0.0000,0,0,17,0,0,1,0,32,16,500
1240,L,0,8,15,0,0,0,0.0000,0.0000,0.0000,0.0000,0,0,17,0,0,1,0,32,16,500
1241,L,0,8,15,0,0,0,0.0000,0.0000,0.0000,0.0000,0,0,17,0,0,1,0,32,16,500
1242,L,0,8,15,0,0,0,0.0000,0.0000,0.0000,0.0000,0,0,17,0,0,1,0,32,16,500
1243,L,0,8,15,0,0,0,0.0000,0.0000,0.0000,0.0000,0,0,17,0,0,1,0,32,16,500
1244,L,0,8,15,0,0,0,0.0000,0.0000,0.0000,0.0000,0,0,17,0,0,1,0,32,16,500
1245,L,0,8,15,0,0,0,0.0000,0.0000,0.0000,0.0000,0,0,17,0,0,1,0,32,16,500
1246,L,0,8,15,0,0,0,0.0000,0.0000,0.0000,0.0000,0,0,17,0,0,1,0,32,16,500
1247,L,0,8,15,0,0,0,0.0000,0.0000,0.0000,0.0000,0,0,17,0,0,1,0,32,16,500
1248,L,0,8,15,0,0,0,0.0000,0.0000,0.0000,0.0000,0,0,17,0,0,1,0,32,16,500
1249,L,0,8,15,0,0,0,0.0000,0.0000,0.0000,0.0000,0,0,17,0,0,1,0,32,16,500
1250,L,0,8,15,0,0,0,0.0000,0.0000,0.0000,0.0000,0,0,17,0,0,1,0,32,16,500
1251,L,0,8,15,0,0,0,0.0000,0.0000,0.0000,0.0000,0,0,17,0,0,1,0,32,16,500
1252,L,0,8,15,0,0,0,0.0000,0.0000,0.0000,0.0000,0,0,17,0,0,1,0,32,16,500
1253,L,0,8,15,0,0,0,0.0000,0.0000,0.0000,0.0000,0,0,17,0,0,1,0,32,16,500
1254,L,0,8,15,0,0,0,0.0000,0.0000,0.0000,0.0000,0,0,17,0,0,1,0,32,16,500
1255,L,0,8,15,0,0,0,0.0000,0.0000,0.0000,0.0000,0,0,17,0,0,1,0,32,16,500
1256,L,0,8,15,0,0,0,0.0000,0.0000,0.0000,0.0000,0,0,17,0,0,1,0,32,16,500
1257,L,0,8,15,0,0,0,0.0000,0.0000,0.0000,0.0000,0,0,17,0,0,1,0,32,16,500
1258,L,0,8,15,0,0,0,0.0000,0.0000,0.0000,0.0000,0,0,17,0,0,1,0,32,16,500
1259,L,0,8,15,0,0,0,0.0000,0.0000,0.0000,0.0000,0,0,17,0,0,1,0,32,16,500
1260,L,0,8,15,0,0,0,0.0000,0.0000,0.0000,0.0000,0,0,17,0,0,1,0,32,16,500
1261,L,0,8,15,0,0,0,0.0000,0.0000,0.0000,0.0000,0,0,17,0,0,1,0,32,16,500
1262,L,0,8,15,0,0,0,0.0000,0.0000,0.0000,0.0000,0,0,17,0,0,1,0,32,16,500
1263,L,0,8,15,0,0,0,0.0000,0.0000,0.0000,0.0000,0,0,17,0,0,1,0,32,16,500
1264,L,0,8,15,0,0,0,0.0000,0.0000,0.0000,0.0000,0,0,17,0,0,1,0,32,16,500
1265,L,0,8,15,0,0,0,0.0000,0.0000,0.0000,0.0000,0,0,17,0,0,1,0,32,16,500
1266,L,0,8,15,0,0,0,0.0000,0.0000,0.0000,0.0000,0,0,17,0,0,1,0,32,16,500
1267,L,0,8,15,0,0,0,0.0000,0.0000,0.0000,0.0000,0,0,17,0,0,1,0,32,16,500
1268,L,0,8,15,0,0,0,0.0000,0.0000,0.0000,0.0000,0,0,17,0,0,1,0,32,16,500
1269,L,0,8,15,0,0,0,0.0000,0.0000,0.0000,0.0000,0,0,17,0,0,1,0,32,16,500
1270,L,0,8,15,0,0,0,0.0000,0.0000,0.0000,0.0000,0,0,17,0,0,1,0,32,16,500
1271,L,0,8,15,0,0,0,0.0000,0.0000,0.0000,0.0000,0,0,17,0,0,1,0,32,16,500
1272,L,0,8,15,0,0,0,0.0000,0.0000,0.0000,0.0000,0,0,17,0,0,1,0,32,16,500
1273,L,0,8,15,0,0,0,0.0000,0.0000,0.0000,0.0000,0,0,17,0,0,1,0,32,16,500
1274,L,0,8,15,0,0,0,0.0000,0.0000,0.0000,0.0000,0,0,17,0,0,1,0,32,16,500
1275,L,0,8,15,0,0,0,0.0000,0.0000,0.0000,0.0000,0,0,17,0,0,1,0,32,16,500
1276,L,0,8,15,0,0,0,0.0000,0.0000,0.0000,0.0000,0,0,17,0,0,1,0,32,16,500
1277,L,0,8,15,0,0,0,0.0000,0.0000,0.0000,0.0000,0,0,17,0,0,1,0,32,16,500
1278,L,0,8,15,0,0,0,0.0000,0.0000,0.0000,0.0000,0,0,17,0,0,1,0,32,16,500
1279,L,0,8,15,0,0,0,0.0000,0.0000,0.0000,0.0000,0,0,17,0,0,1,0,32,16,500
1280,L,0,8,15,0,0,0,0.0000,0.0000,0.0000,0.0000,0,0,17,0,0,1,0,32,16,500
1281,L,0,8,15,0,0,0,0.0000,0.0000,0.0000,0.0000,0,0,17,0,0,1,0,32,16,500
1282,L,0,8,15,0,0,0,0.0000,0.0000,0.0000,0.0000,0,0,17,0,0,1,0,32,16,500
1283,L,0,8,15,0,0,0,0.0000,0.0000,0.0000,0.0000,0,0,17,0,0,1,0,32,16,500
1284,L,0,8,15,0,0,0,0.0000,0.0000,0.0000,0.0000,0,0,17,0,0,1,0,32,16,500
1285,L,0,8,15,0,0,0,0.0000,0.0000,0.0000,0.0000,0,0,17,0,0,1,0,32,16,500
1286,L,0,8,15,0,0,0,0.0000,0.0000,0.0000,0.0000,0,0,17,0,0,1,0,32,16,500
1287,L,0,8,15,0,0,0,0.0000,0.0000,0.0000,0.0000,0,0,17,0,0,1,0,32,16,500
1288,L,0,8,15,0,0,0,0.0000,0.0000,0.0000,0.0000,0,0,17,0,0,1,0,32,16,500
1289,L,0,8,15,0,0,0,0.0000,0.0000,0.0000,0.0000,0,0,17,0,0,1,0,32,16,500
1290,L,0,8,15,0,0,0,0.0000,0.0000,0.0000,0.0000,0,0,17,0,0,1,0,32,16,500
1291,L,0,8,15,0,0,0,0.0000,0.0000,0.0000,0.0000,0,0,17,0,0,1,0,32,16,500
1292,L,0,8,15,0,0,0,0.0000,0.0000,0.0000,0.0000,0,0,17,0,0,1,0,32,16,500
1293,L,0,8,15,0,0,0,0.0000,0.0000,0.0000,0.0000,0,0,17,0,0,1,0,32,16,500
1294,L,0,8,15,0,0,0,0.0000,0.0000,0.0000,0.0000,0,0,17,0,0,1,0,32,16,500
1295,L,0,8,15,0,0,0,0.0000,0.0000,0.0000,0.0000,0,0,17,0,0,1,0,32,16,500
1296,L,0,8,15,0,0,0,0.0000,0.0000,0.0000,0.0000,0,0,17,0,0,1,0,32,16,500
1297,L,0,8,15,0,0,0,0.0000,0.0000,0.0000,0.0000,0,0,17,0,0,1,0,32,16,500
1298,L,0,8,15,0,0,0,0.0000,0.0000,0.0000,0.0000,0,0,17,0,0,1,0,32,16,500
1299,L,0,8,15,0,0,0,0.0000,0.0000,0.0000,0.0000,0,0,17,0,0,1,0,32,16,500
1300,L,0,8,15,0,0,0,0.0000,0.0000,0.0000,0.0000,0,0,17,0,0,1,0,32,16,500
1301,L,0,8,15,0,0,0,0.0000,0.0000,0.0000,0.0000,0,0,17,0,0,1,0,32,16,500
1302,L,0,8,15,0,0,0,0.0000,0.0000,0.0000,0.0000,0,0,17,0,0,1,0,32,16,500
1303,L,0,8,15,0,0,0,0.0000,0.0000,0.0000,0.0000,0,0,17,0,0,1,0,32,16,500
1304,L,0,8,15,0,0,0,0.0000,0.0000,0.0000,0.0000,0,0,17,0,0,1,0,32,16,500
1305,L,0,8,15,0,0,0,0.0000,0.0000,0.0000,0.0000,0,0,17,0,0,1,0,32,16,500
1306,L,0,8,15,0,0,0,0.0000,0.0000,0.0000,0.0000,0,0,17,0,0,1,0,32,16,500
1307,L,0,8,15,0,0,0,0.0000,0.0000,0.0000,0.0000,0,0,17,0,0,1,0,32,16,500
1308,L,0,8,15,0,0,0,0.0000,0.0000,0.0000,0.0000,0,0,17,0,0,1,0,32,16,500
1309,L,0,8,15,0,0,0,0.0000,0.0000,0.0000,0.0000,0,0,17,0,0,1,0,32,16,500
1310,L,0,8,15,0,0,0,0.0000,0.0000,0.0000,0.0000,0,0,17,0,0,1,0,32,16,500
1311,L,0,8,15,0,0,0,0.0000,0.0000,0.0000,0.0000,0,0,17,0,0,1,0,32,16,500
1312,L,0,8,15,0,0,0,0.0000,0.0000,0.0000,0.0000,0,0,17,0,0,1,0,32,16,500
1313,L,0,8,15,0,0,0,0.0000,0.0000,0.0000,0.0000,0,0,17,0,0,1,0,32,16,500
1314,L,0,8,15,0,0,0,0.0000,0.0000,0.0000,0.0000,0,0,17,0,0,1,0,32,16,500
1315,L,0,8,15,0,0,0,0.0000,0.0000,0.0000,0.0000,0,0,17,0,0,1,0,32,16,500
1316,L,0,8,15,0,0,0,0.0000,0.0000,0.0000,0.0000,0,0,17,0,0,1,0,32,16,500
1317,L,0,8,15,0,0,0,0.0000,0.0000,0.0000,0.0000,0,0,17,0,0,1,0,32,16,500
1318,L,0,8,15,0,0,0,0.0000,0.0000,0.0000,0.0000,0,0,17,0,0,1,0,32,16,500
1319,L,0,8,15,0,0,0,0.0000,0.0000,0.0000,0.0000,0,0,17,0,0,1,0,32,16,500
1320,L,0,8,15,0,0,0,0.0000,0.0000,0.0000,0.0000,0,0,17,0,0,1,0,32,16,500
1321,L,0,8,15,0,0,0,0.0000,0.0000,0.0000,0.0000,0,0,17,0,0,1,0,32,16,500
1322,L,0,8,15,0,0,0,0.0000,0.0000,0.0000,0.0000,0,0,17,0,0,1,0,32,16,500
1323,L,0,8,15,0,0,0,0.0000,0.0000,0.0000,0.0000,0,0,17,0,0,1,0,32,16,500
1324,L,0,8,15,0,0,0,0.0000,0.0000,0.0000,0.0000,0,0,17,0,0,1,0,32,16,500
1325,L,0,8,15,0,0,0,0.0000,0.0000,0.0000,0.0000,0,0,17,0,0,1,0,32,16,500
1326,L,0,8,15,0,0,0,0.0000,0.0000,0.0000,0.0000,0,0,17,0,0,1,0,32,16,500
1327,L,0,8,15,0,0,0,0.0000,0.0000,0.0000,0.0000,0,0,17,0,0,1,0,32,16,500
1328,L,0,8,15,0,0,0,0.0000,0.0000,0.0000,0.0000,0,0,17,0,0,1,0,32,16,500
1329,L,0,8,15,0,0,0,0.0000,0.0000,0.0000,0.0000,0,0,17,0,0,1,0,32,16,500
1330,L,0,8,15,0,0,0,0.0000,0.0000,0.0000,0.0000,0,0,17,0,0,1,0,32,16,500
1331,L,0,8,15,0,0,0,0.0000,0.0000,0.0000,0.0000,0,0,17,0,0,1,0,32,16,500
1332,L,0,8,15,0,0,0,0.0000,0.0000,0.0000,0.0000,0,0,17,0,0,1,0,32,16,500
1333,L,0,8,15,0,0,0,0.0000,0.0000,0.0000,0.0000,0,0,17,0,0,1,0,32,16,500
1334,L,0,8,15,0,0,0,0.0000,0.0000,0.0000,0.0000,0,0,17,0,0,1,0,32,16,500
1335,L,0,8,15,0,0,0,0.0000,0.0000,0.0000,0.0000,0,0,17,0,0,1,0,32,16,500
1336,L,0,8,15,0,0,0,0.0000,0.0000,0.0000,0.0000,0,0,17,0,0,1,0,32,16,500
1337,L,0,8,15,0,0,0,0.0000,0.0000,0.0000,0.0000,0,0,17,0,0,1,0,32,16,500
1338,L,0,8,15,0,0,0,0.0000,0.0000,0.0000,0.0000,0,0,17,0,0,1,0,32,16,500
1339,L,0,8,15,0,0,0,0.0000,0.0000,0.0000,0.0000,0,0,17,0,0,1,0,32,16,500
1340,L,0,8,15,0,0,0,0.0000,0.0000,0.0000,0.0000,0,0,17,0,0,1,0,32,16,500
1341,L,0,8,15,0,0,0,0.0000,0.0000,0.0000,0.0000,0,0,17,0,0,1,0,32,16,500
1342,L,0,8,15,0,0,0,0.0000,0.0000,0.0000,0.0000,0,0,17,0,0,1,0,32,16,500
1343,L,0,8,15,0,0,0,0.0000,0.0000,0.0000,0.0000,0,0,17,0,0,1,0,32,16,500
1344,L,0,8,15,0,0,0,0.0000,0.0000,0.0000,0.0000,0,0,17,0,0,1,0,32,16,500
1345,L,0,8,15,0,0,0,0.0000,0.0000,0.0000,0.0000,0,0,17,0,0,1,0,32,16,500
1346,L,0,8,15,0,0,0,0.0000,0.0000,0.0000,0.0000,0,0,17,0,0,1,0,32,16,500
1347,L,0,8,15,0,0,0,0.0000,0.0000,0.0000,0.0000,0,0,17,0,0,1,0,32,16,500
1348,L,0,8,15,0,0,0,0.0000,0.0000,0.0000,0.0000,0,0,17,0,0,1,0,32,16,500
1349,L,0,8,15,0,0,0,0.0000,0.0000,0.0000,0.0000,0,0,17,0,0,1,0,32,16,500
1350,L,0,8,15,0,0,0,0.0000,0.0000,0.0000,0.0000,0,0,17,0,0,1,0,32,16,500
1351,L,0,8,15,0,0,0,0.0000,0.0000,0.0000,0.0000,0,0,17,0,0,1,0,32,16,500
1352,L,0,8,15,0,0,0,0.0000,0.0000,0.0000,0.0000,0,0,17,0,0,1,0,32,16,500
1353,L,0,8,15,0,0,0,0.0000,0.0000,0.0000,0.0000,0,0,17,0,0,1,0,32,16,500
1354,L,0,8,15,0,0,0,0.0000,0.0000,0.0000,0.0000,0,0,17,0,0,1,0,32,16,500
1355,L,0,8,15,0,0,0,0.0000,0.0000,0.0000,0.0000,0,0,17,0,0,1,0,32,16,500
1356,L,0,8,15,0,0,0,0.0000,0.0000,0.0000,0.0000,0,0,17,0,0,1,0,32,16,500
1357,L,0,8,15,0,0,0,0.0000,0.0000,0.0000,0.0000,0,0,17,0,0,1,0,32,16,500
1358,L,0,8,15,0,0,0,0.0000,0.0000,0.0000,0.0000,0,0,17,0,0,1,0,32,16,500
1359,L,0,8,15,0,0,0,0.0000,0.0000,0.0000,0.0000,0,0,17,0,0,1,0,32,16,500
1360,L,0,8,15,0,0,0,0.0000,0.0000,0.0000,0.0000,0,0,17,0,0,1,0,32,16,500
1361,L,0,8,15,0,0,0,0.0000,0.0000,0.0000,0.0000,0,0,17,0,0,1,0,32,16,500
1362,L,0,8,15,0,0,0,0.0000,0.0000,0.0000,0.0000,0,0,17,0,0,1,0,32,16,500
1363,L,0,8,15,0,0,0,0.0000,0.0000,0.0000,0.0000,0,0,17,0,0,1,0,32,16,500
1364,L,0,8,15,0,0,0,0.0000,0.0000,0.0000,0.0000,0,0,17,0,0,1,0,32,16,500
1365,L,0,8,15,0,0,0,0.0000,0.0000,0.0000,0.0000,0,0,17,0,0,1,0,32,16,500
1366,L,0,8,15,0,0,0,0.0000,0.0000,0.0000,0.0000,0,0,17,0,0,1,0,32,16,500
1367,L,0,8,15,0,0,0,0.0000,0.0000,0.0000,0.0000,0,0,17,0,0,1,0,32,16,500
1368,L,0,8,15,0,0,0,0.0000,0.0000,0.0000,0.0000,0,0,17,0,0,1,0,32,16,500
1369,L,0,8,15,0,0,0,0.0000,0.0000,0.0000,0.0000,0,0,17,0,0,1,0,32,16,500
1370,L,0,8,15,0,0,0,0.0000,0.0000,0.0000,0.0000,0,0,17,0,0,1,0,32,16,500
1371,L,0,8,15,0,0,0,0.0000,0.0000,0.0000,0.0000,0,0,17,0,0,1,0,32,16,500
1372,L,0,8,15,0,0,0,0.0000,0.0000,0.0000,0.0000,0,0,17,0,0,1,0,32,16,500
1373,L,0,8,15,0,0,0,0.0000,0.0000,0.0000,0.0000,0,0,17,0,0,1,0,32,16,500
1374,L,0,8,15,0,0,0,0.0000,0.0000,0.0000,0.0000,0,0,17,0,0,1,0,32,16,500
1375,L,0,8,15,0,0,0,0.0000,0.0000,0.0000,0.0000,0,0,17,0,0,1,0,32,16,500
1376,L,0,8,15,0,0,0,0.0000,0.0000,0.0000,0.0000,0,0,17,0,0,1,0,32,16,500
1377,L,0,8,15,0,0,0,0.0000,0.0000,0.0000,0.0000,0,0,17,0,0,1,0,32,16,500
1378,L,0,8,15,0,0,0,0.0000,0.0000,0.0000,0.0000,0,0,17,0,0,1,0,32,16,500
1379,L,0,8,15,0,0,0,0.0000,0.0000,0.0000,0.0000,0,0,17,0,0,1,0,32,16,500
1380,L,0,8,15,0,0,0,0.0000,0.0000,0.0000,0.0000,0,0,17,0,0,1,0,32,16,500
1381,L,0,8,15,0,0,0,0.0000,0.0000,0.0000,0.0000,0,0,17,0,0,1,0,32,16,500
1382,L,0,8,15,0,0,0,0.0000,0.0000,0.0000,0.0000,0,0,17,0,0,1,0,32,16,500
1383,L,0,8,15,0,0,0,0.0000,0.0000,0.0000,0.0000,0,0,17,0,0,1,0,32,16,500
1384,L,0,8,15,0,0,0,0.0000,0.0000,0.0000,0.0000,0,0,17,0,0,1,0,32,16,500
1385,L,0,8,15,0,0,0,0.0000,0.0000,0.0000,0.0000,0,0,17,0,0,1,0,32,16,500
1386,L,0,8,15,0,0,0,0.0000,0.0000,0.0000,0.0000,0,0,17,0,0,1,0,32,16,500
1387,L,0,8,15,0,0,0,0.0000,0.0000,0.0000,0.0000,0,0,17,0,0,1,0,32,16,500
1388,L,0,8,15,0,0,0,0.0000,0.0000,0.0000,0.0000,0,0,17,0,0,1,0,32,16,500
1389,L,0,8,15,0,0,0,0.0000,0.0000,0.0000,0.0000,0,0,17,0,0,1,0,32,16,500
1390,L,0,8,15,0,0,0,0.0000,0.0000,0.0000,0.0000,0,0,17,0,0,1,0,32,16,500
1391,L,0,8,15,0,0,0,0.0000,0.0000,0.0000,0.0000,0,0,17,0,0,1,0,32,16,500
1392,L,0,8,15,0,0,0,0.0000,0.0000,0.0000,0.0000,0,0,17,0,0,1,0,32,16,500
1393,L,0,8,15,0,0,0,0.0000,0.0000,0.0000,0.0000,0,0,17,0,0,1,0,32,16,500
1394,L,0,8,15,0,0,0,0.0000,0.0000,0.0000,0.0000,0,0,17,0,0,1,0,32,16,500
1395,L,0,8,15,0,0,0,0.0000,0.0000,0.0000,0.0000,0,0,17,0,0,1,0,32,16,500
1396,L,0,8,15,0,0,0,0.0000,0.0000,0.0000,0.0000,0,0,17,0,0,1,0,32,16,500
1397,L,0,8,15,0,0,0,0.0000,0.0000,0.0000,0.0000,0,0,17,0,0,1,0,32,16,500
1398,L,0,8,15,0,0,0,0.0000,0.0000,0.0000,0.0000,0,0,17,0,0,1,0,32,16,500
1399,L,0,8,15,0,0,0,0.0000,0.0000,0.0000,0.0000,0,0,17,0,0,1,0,32,16,500
1400,L,0,8,15,0,0,0,0.0000,0.0000,0.0000,0.0000,0,0,17,0,0,1,0,32,16,500
1401,L,0,8,15,0,0,0,0.0000,0.0000,0.0000,0.0000,0,0,17,0,0,1,0,32,16,500
1402,L,0,8,15,0,0,0,0.0000,0.0000,0.0000,0.0000,0,0,17,0,0,1,0,32,16,500
1403,L,0,8,15,0,0,0,0.0000,0.0000,0.0000,0.0000,0,0,17,0,0,1,0,32,16,500
1404,L,0,8,15,0,0,0,0.0000,0.0000,0.0000,0.0000,0,0,17,0,0,1,0,32,16,500
1405,L,0,8,15,0,0,0,0.0000,0.0000,0.0000,0.0000,0,0,17,0,0,1,0,32,16,500
1406,L,0,8,15,0,0,0,0.0000,0.0000,0.0000,0.0000,0,0,17,0,0,1,0,32,16,500
1407,L,0,8,15,0,0,0,0.0000,0.0000,0.0000,0.0000,0,0,17,0,0,1,0,32,16,500
1408,L,0,8,15,0,0,0,0.0000,0.0000,0.0000,0.0000,0,0,17,0,0,1,0,32,16,500
1409,L,0,8,15,0,0,0,0.0000,0.0000,0.0000,0.0000,0,0,17,0,0,1,0,32,16,500
1410,L,0,8,15,0,0,0,0.0000,0.0000,0.0000,0.0000,0,0,17,0,0,1,0,32,16,500
1411,L,0,8,15,0,0,0,0.0000,0.0000,0.0000,0.0000,0,0,17,0,0,1,0,32,16,500
1412,L,0,8,15,0,0,0,0.0000,0.0000,0.0000,0.0000,0,0,17,0,0,1,0,32,16,500
1413,L,0,8,15,0,0,0,0.0000,0.0000,0.0000,0.0000,0,0,17,0,0,1,0,32,16,500
1414,L,0,8,15,0,0,0,0.0000,0.0000,0.0000,0.0000,0,0,17,0,0,1,0,32,16,500
1415,L,0,8,15,0,0,0,0.0000,0.0000,0.0000,0.0000,0,0,17,0,0,1,0,32,16,500
1416,L,0,8,15,0,0,0,0.0000,0.0000,0.0000,0.0000,0,0,17,0,0,1,0,32,16,500
1417,L,0,8,15,0,0,0,0.0000,0.0000,0.0000,0.0000,0,0,17,0,0,1,0,32,16,500
1418,L,0,8,15,0,0,0,0.0000,0.0000,0.0000,0.0000,0,0,17,0,0,1,0,32,16,500
1419,L,0,8,15,0,0,0,0.0000,0.0000,0.0000,0.0000,0,0,17,0,0,1,0,32,16,500
1420,L,0,8,15,0,0,0,0.0000,0.0000,0.0000,0.0000,0,0,17,0,0,1,0,32,16,500
1421,L,0,8,15,0,0,0,0.0000,0.0000,0.0000,0.0000,0,0,17,0,0,1,0,32,16,500
1422,L,0,8,15,0,0,0,0.0000,0.0000,0.0000,0.0000,0,0,17,0,0,1,0,32,16,500
1423,L,0,8,15,0,0,0,0.0000,0.0000,0.0000,0.0000,0,0,17,0,0,1,0,32,16,500
1424,L,0,8,15,0,0,0,0.0000,0.0000,0.0000,0.0000,0,0,17,0,0,1,0,32,16,500
1425,L,0,8,15,0,0,0,0.0000,0.0000,0.0000,0.0000,0,0,17,0,0,1,0,32,16,500
1426,L,0,8,15,0,0,0,0.0000,0.0000,0.0000,0.0000,0,0,17,0,0,1,0,32,16,500
1427,L,0,8,15,0,0,0,0.0000,0.0000,0.0000,0.0000,0,0,17,0,0,1,0,32,16,500
1428,L,0,8,15,0,0,0,0.0000,0.0000,0.0000,0.0000,0,0,17,0,0,1,0,32,16,500
1429,L,0,8,15,0,0,0,0.0000,0.0000,0.0000,0.0000,0,0,17,0,0,1,0,32,16,500
1430,L,0,8,15,0,0,0,0.0000,0.0000,0.0000,0.0000,0,0,17,0,0,1,0,32,16,500
1431,L,0,8,15,0,0,0,0.0000,0.0000,0.0000,0.0000,0,0,17,0,0,1,0,32,16,500
1432,L,0,8,15,0,0,0,0.0000,0.0000,0.0000,0.0000,0,0,17,0,0,1,0,32,16,500
1433,L,0,8,15,0,0,0,0.0000,0.0000,0.0000,0.0000,0,0,17,0,0,1,0,32,16,500
1434,L,0,8,15,0,0,0,0.0000,0.0000,0.0000,0.0000,0,0,17,0,0,1,0,32,16,500
1435,L,0,8,15,0,0,0,0.0000,0.0000,0.0000,0.0000,0,0,17,0,0,1,0,32,16,500
1436,L,0,8,15,0,0,0,0.0000,0.0000,0.0000,0.0000,0,0,17,0,0,1,0,32,16,500
1437,L,0,8,15,0,0,0,0.0000,0.0000,0.0000,0.0000,0,0,17,0,0,1,0,32,16,500
1438,L,0,8,15,0,0,0,0.0000,0.0000,0.0000,0.0000,0,0,17,0,0,1,0,32,16,500
1439,L,0,8,15,0,0,0,0.0000,0.0000,0.0000,0.0000,0,0,17,0,0,1,0,32,16,500
1440,L,0,8,15,0,0,0,0.0000,0.0000,0.0000,0.0000,0,0,17,0,0,1,0,32,16,500
1441,L,0,8,15,0,0,0,0.0000,0.0000,0.0000,0.0000,0,0,17,0,0,1,0,32,16,500
1442,L,0,8,15,0,0,0,0.0000,0.0000,0.0000,0.0000,0,0,17,0,0,1,0,32,16,500
1443,L,0,8,15,0,0,0,0.0000,0.0000,0.0000,0.0000,0,0,17,0,0,1,0,32,16,500
1444,L,0,8,15,0,0,0,0.0000,0.0000,0.0000,0.0000,0,0,17,0,0,1,0,32,16,500
1445,L,0,8,15,0,0,0,0.0000,0.0000,0.0000,0.0000,0,0,17,0,0,1,0,32,16,500
1446,L,0,8,15,0,0,0,0.0000,0.0000,0.0000,0.0000,0,0,17,0,0,1,0,32,16,500
1447,L,0,8,15,0,0,0,0.0000,0.0000,0.0000,0.0000,0,0,17,0,0,1,0,32,16,500
1448,L,0,8,15,0,0,0,0.0000,0.0000,0.0000,0.0000,0,0,17,0,0,1,0,32,16,500
1449,L,0,8,15,0,0,0,0.0000,0.0000,0.0000,0.0000,0,0,17,0,0,1,0,32,16,500
1450,L,0,8,15,0,0,0,0.0000,0.0000,0.0000,0.0000,0,0,17,0,0,1,0,32,16,500
1451,L,0,8,15,0,0,0,0.0000,0.0000,0.0000,0.0000,0,0,17,0,0,1,0,32,16,500
1452,L,0,8,15,0,0,0,0.0000,0.0000,0.0000,0.0000,0,0,17,0,0,1,0,32,16,500
1453,L,0,8,15,0,0,0,0.0000,0.0000,0.0000,0.0000,0,0,17,0,0,1,0,32,16,500
1454,L,0,8,15,0,0,0,0.0000,0.0000,0.0000,0.0000,0,0,17,0,0,1,0,32,16,500
1455,L,0,8,15,0,0,0,0.0000,0.0000,0.0000,0.0000,0,0,17,0,0,1,0,32,16,500
1456,L,0,8,15,0,0,0,0.0000,0.0000,0.0000,0.0000,0,0,17,0,0,1,0,32,16,500
1457,L,0,8,15,0,0,0,0.0000,0.0000,0.0000,0.0000,0,0,17,0,0,1,0,32,16,500
1458,L,0,8,15,0,0,0,0.0000,0.0000,0.0000,0.0000,0,0,17,0,0,1,0,32,16,500
1459,L,0,8,15,0,0,0,0.0000,0.0000,0.0000,0.0000,0,0,17,0,0,1,0,32,16,500
1460,L,0,8,15,0,0,0,0.0000,0.0000,0.0000,0.0000,0,0,17,0,0,1,0,32,16,500
1461,L,0,8,15,0,0,0,0.0000,0.0000,0.0000,0.0000,0,0,17,0,0,1,0,32,16,500
1462,L,0,8,15,0,0,0,0.0000,0.0000,0.0000,0.0000,0,0,17,0,0,1,0,32,16,500
1463,L,0,8,15,0,0,0,0.0000,0.0000,0.0000,0.0000,0,0,17,0,0,1,0,32,16,500
1464,L,0,8,15,0,0,0,0.0000,0.0000,0.0000,0.0000,0,0,17,0,0,1,0,32,16,500
1465,L,0,8,15,0,0,0,0.0000,0.0000,0.0000,0.0000,0,0,17,0,0,1,0,32,16,500
1466,L,0,8,15,0,0,0,0.0000,0.0000,0.0000,0.0000,0,0,17,0,0,1,0,32,16,500
1467,L,0,8,15,0,0,0,0.0000,0.0000,0.0000,0.0000,0,0,17,0,0,1,0,32,16,500
1468,L,0,8,15,0,0,0,0.0000,0.0000,0.0000,0.0000,0,0,17,0,0,1,0,32,16,500
1469,L,0,8,15,0,0,0,0.0000,0.0000,0.0000,0.0000,0,0,17,0,0,1,0,32,16,500
1470,L,0,8,15,0,0,0,0.0000,0.0000,0.0000,0.0000,0,0,17,0,0,1,0,32,16,500
1471,L,0,8,15,0,0,0,0.0000,0.0000,0.0000,0.0000,0,0,17,0,0,1,0,32,16,500
1472,L,0,8,15,0,0,0,0.0000,0.0000,0.0000,0.0000,0,0,17,0,0,1,0,32,16,500
1473,L,0,8,15,0,0,0,0.0000,0.0000,0.0000,0.0000,0,0,17,0,0,1,0,32,16,500
1474,L,0,8,15,0,0,0,0.0000,0.0000,0.0000,0.0000,0,0,17,0,0,1,0,32,16,500
1475,L,0,8,15,0,0,0,0.0000,0.0000,0.0000,0.0000,0,0,17,0,0,1,0,32,16,500
1476,L,0,8,15,0,0,0,0.0000,0.0000,0.0000,0.0000,0,0,17,0,0,1,0,32,16,500
1477,L,0,8,15,0,0,0,0.0000,0.0000,0.0000,0.0000,0,0,17,0,0,1,0,32,16,500
1478,L,0,8,15,0,0,0,0.0000,0.0000,0.0000,0.0000,0,0,17,0,0,1,0,32,16,500
1479,L,0,8,15,0,0,0,0.0000,0.0000,0.0000,0.0000,0,0,17,0,0,1,0,32,16,500
1480,L,0,8,15,0,0,0,0.0000,0.0000,0.0000,0.0000,0,0,17,0,0,1,0,32,16,500
1481,L,0,8,15,0,0,0,0.0000,0.0000,0.0000,0.0000,0,0,17,0,0,1,0,32,16,500
1482,L,0,8,15,0,0,0,0.0000,0.0000,0.0000,0.0000,0,0,17,0,0,1,0,32,16,500
1483,L,0,8,15,0,0,0,0.0000,0.0000,0.0000,0.0000,0,0,17,0,0,1,0,32,16,500
1484,L,0,8,15,0,0,0,0.0000,0.0000,0.0000,0.0000,0,0,17,0,0,1,0,32,16,500
1485,L,0,8,15,0,0,0,0.0000,0.0000,0.0000,0.0000,0,0,17,0,0,1,0,32,16,500
1486,L,0,8,15,0,0,0,0.0000,0.0000,0.0000,0.0000,0,0,17,0,0,1,0,32,16,500
1487,L,0,8,15,0,0,0,0.0000,0.0000,0.0000,0.0000,0,0,17,0,0,1,0,32,16,500
1488,L,0,8,15,0,0,0,0.0000,0.0000,0.0000,0.0000,0,0,17,0,0,1,0,32,16,500
1489,L,0,8,15,0,0,0,0.0000,0.0000,0.0000,0.0000,0,0,17,0,0,1,0,32,16,500
1490,L,0,8,15,0,0,0,0.0000,0.0000,0.0000,0.0000,0,0,17,0,0,1,0,32,16,500
1491,L,0,8,15,0,0,0,0.0000,0.0000,0.0000,0.0000,0,0,17,0,0,1,0,32,16,500
1492,L,0,8,15,0,0,0,0.0000,0.0000,0.0000,0.0000,0,0,17,0,0,1,0,32,16,500
1493,L,0,8,15,0,0,0,0.0000,0.0000,0.0000,0.0000,0,0,17,0,0,1,0,32,16,500
1494,L,0,8,15,0,0,0,0.0000,0.0000,0.0000,0.0000,0,0,17,0,0,1,0,32,16,500
1495,L,0,8,15,0,0,0,0.0000,0.0000,0.0000,0.0000,0,0,17,0,0,1,0,32,16,500
1496,L,0,8,15,0,0,0,0.0000,0.0000,0.0000,0.0000,0,0,17,0,0,1,0,32,16,500
1497,L,0,8,15,0,0,0,0.0000,0.0000,0.0000,0.0000,0,0,17,0,0,1,0,32,16,500
1498,L,0,8,15,0,0,0,0.0000,0.0000,0.0000,0.0000,0,0,17,0,0,1,0,32,16,500
1499,L,0,8,15,0,0,0,0.0000,0.0000,0.0000,0.0000,0,0,17,0,0,1,0,32,16,500
1500,L,0,8,15,0,0,0,0.0000,0.0000,0.0000,0.0000,0,0,17,0,0,1,0,32,16,500
