sol,age,pop,births,deaths,pairs,friend_pairs,close_pairs,web,second,lonely,friends_mean,lines,grief,lines_cum,capped_cum,dropped_cum,stale_cum,pending,formed_cum,close_cum,log_size
1,L,7,0,0,21,21,0,1.0000,0.0000,0.0000,6.0000,0,0,0,0,0,0,0,0,0,3
2,L,7,0,0,21,21,0,1.0000,0.0000,0.0000,6.0000,0,0,0,0,0,0,0,0,0,6
3,L,7,0,0,21,21,0,1.0000,0.0000,0.0000,6.0000,0,0,0,0,0,0,0,0,0,7
4,L,7,0,0,21,21,0,1.0000,0.0000,0.0000,6.0000,0,0,0,0,0,0,0,0,0,8
5,L,7,0,0,21,21,0,1.0000,0.0000,0.0000,6.0000,0,0,0,0,0,0,0,0,0,9
6,L,7,0,0,21,21,0,1.0000,0.0000,0.0000,6.0000,0,0,0,0,0,0,0,0,0,11
7,L,7,0,0,21,21,0,1.0000,0.0000,0.0000,6.0000,0,0,0,0,0,0,0,0,0,13
8,L,7,0,0,21,21,0,1.0000,0.0000,0.0000,6.0000,0,0,0,0,0,0,0,0,0,14
9,L,7,0,0,21,21,0,1.0000,0.0000,0.0000,6.0000,0,0,0,0,0,0,0,0,0,15
10,L,7,0,0,21,21,0,1.0000,0.0000,0.0000,6.0000,0,0,0,0,0,0,0,0,0,16
11,L,7,0,0,21,21,0,1.0000,0.0000,0.0000,6.0000,0,0,0,0,0,0,0,0,0,17
12,L,7,0,0,21,21,0,1.0000,0.0000,0.0000,6.0000,0,0,0,0,0,0,0,0,0,19
13,L,7,0,0,21,21,0,1.0000,0.0000,0.0000,6.0000,0,0,0,0,0,0,0,0,0,21
14,L,7,0,0,21,21,0,1.0000,0.0000,0.0000,6.0000,0,0,0,0,0,0,0,0,0,22
15,L,7,0,0,21,21,0,1.0000,0.0000,0.0000,6.0000,0,0,0,0,0,0,0,0,0,24
16,L,7,0,0,21,21,0,1.0000,0.0000,0.0000,6.0000,0,0,0,0,0,0,0,0,0,25
17,L,7,0,0,21,21,0,1.0000,0.0000,0.0000,6.0000,0,0,0,0,0,0,0,0,0,25
18,L,7,0,0,21,21,0,1.0000,0.0000,0.0000,6.0000,0,0,0,0,0,0,0,0,0,27
19,L,7,0,0,21,21,0,1.0000,0.0000,0.0000,6.0000,0,0,0,0,0,0,0,0,0,29
20,L,7,0,0,21,21,0,1.0000,0.0000,0.0000,6.0000,0,0,0,0,0,0,0,0,0,30
21,L,7,0,0,21,21,0,1.0000,0.0000,0.0000,6.0000,0,0,0,0,0,0,0,0,0,30
22,L,7,0,0,21,20,0,1.0000,0.0000,0.0000,5.7143,1,0,1,0,0,0,0,0,0,33
23,L,7,0,0,21,20,0,1.0000,0.0000,0.0000,5.7143,0,0,1,0,0,0,0,0,0,34
24,L,7,0,0,21,20,0,1.0000,0.0000,0.0000,5.7143,0,0,1,0,0,0,0,0,0,36
25,L,7,0,0,21,20,0,1.0000,0.0000,0.0000,5.7143,0,0,1,0,0,0,0,0,0,36
26,L,7,0,0,21,20,0,1.0000,0.0000,0.0000,5.7143,0,0,1,0,0,0,0,0,0,37
27,L,7,0,0,21,19,0,1.0000,0.0000,0.0000,5.4286,1,0,2,0,0,0,0,0,0,40
28,L,7,0,0,21,19,0,1.0000,0.0000,0.0000,5.4286,0,0,2,0,0,0,0,0,0,41
29,L,7,0,0,21,19,0,1.0000,0.0000,0.0000,5.4286,0,0,2,0,0,0,0,0,0,41
30,L,7,0,0,21,18,0,1.0000,0.0000,0.0000,5.1429,0,0,2,0,0,0,0,0,0,41
31,L,7,0,0,21,17,0,1.0000,0.0000,0.0000,4.8571,1,0,3,0,0,0,0,0,0,43
32,L,7,0,0,21,13,0,1.0000,0.0000,0.0000,3.7143,0,0,3,0,0,0,0,0,0,44
33,L,7,0,0,21,13,0,1.0000,0.0000,0.0000,3.7143,0,0,3,0,0,0,0,0,0,45
34,L,7,0,0,21,12,1,1.0000,0.0000,0.0000,3.4286,1,0,4,0,0,0,0,0,1,46
35,L,7,0,0,21,12,1,1.0000,0.0000,0.0000,3.4286,0,0,4,0,0,0,0,0,1,47
36,L,7,0,0,21,12,1,1.0000,0.0000,0.0000,3.4286,0,0,4,0,0,0,0,0,1,48
37,L,7,0,0,21,11,1,1.0000,0.0000,0.0000,3.1429,0,0,4,0,0,0,0,0,1,49
38,L,7,0,0,21,11,1,1.0000,0.0000,0.0000,3.1429,0,0,4,0,0,0,0,0,1,50
39,L,7,0,0,21,11,1,1.0000,0.0000,0.0000,3.1429,0,0,4,0,0,0,0,0,1,51
40,L,7,0,0,21,11,1,1.0000,0.0000,0.0000,3.1429,0,0,4,0,0,0,0,0,1,52
41,L,7,0,0,21,11,1,1.0000,0.0000,0.0000,3.1429,0,0,4,0,0,0,0,0,1,52
42,L,7,0,0,21,10,1,0.8571,0.0000,0.1429,2.8571,0,0,4,0,0,0,0,0,1,53
43,L,7,0,0,21,10,1,0.8571,0.0000,0.1429,2.8571,0,0,4,0,0,0,0,0,1,54
44,L,7,0,0,21,10,1,0.8571,0.0000,0.1429,2.8571,0,0,4,0,0,0,0,0,1,54
45,L,7,0,0,19,10,1,0.8571,0.0000,0.1429,2.8571,0,0,4,0,0,0,0,0,1,54
46,L,7,0,0,18,10,1,0.8571,0.0000,0.1429,2.8571,0,0,4,0,0,0,0,0,1,57
47,L,7,0,0,18,9,1,0.8571,0.0000,0.1429,2.5714,0,0,4,0,0,0,0,0,1,60
48,L,7,0,0,19,9,1,0.8571,0.0000,0.1429,2.5714,0,0,4,0,0,0,0,0,1,61
49,L,7,0,0,19,9,1,0.8571,0.0000,0.1429,2.5714,0,0,4,0,0,0,0,0,1,62
50,L,7,0,0,19,9,1,0.8571,0.0000,0.1429,2.5714,0,0,4,0,0,0,0,0,1,63
51,L,7,0,0,19,8,1,0.8571,0.0000,0.1429,2.2857,0,0,4,0,0,0,0,0,1,64
52,L,7,0,0,19,8,1,0.8571,0.0000,0.1429,2.2857,0,0,4,0,0,0,0,0,1,65
53,L,7,0,0,18,8,1,0.8571,0.0000,0.1429,2.2857,0,0,4,0,0,0,0,0,1,66
54,L,7,0,0,18,8,1,0.8571,0.0000,0.1429,2.2857,0,0,4,0,0,0,0,0,1,67
55,L,7,0,0,18,8,1,0.8571,0.0000,0.1429,2.2857,0,0,4,0,0,0,0,0,1,69
56,L,7,0,0,18,8,1,0.8571,0.0000,0.1429,2.2857,0,0,4,0,0,0,0,0,1,70
57,L,7,0,0,19,8,1,0.8571,0.0000,0.1429,2.2857,0,0,4,0,0,0,0,0,1,71
58,L,7,0,0,19,8,1,0.8571,0.0000,0.1429,2.2857,0,0,4,0,0,0,0,0,1,73
59,L,7,0,0,19,8,1,0.8571,0.0000,0.1429,2.2857,0,0,4,0,0,0,0,0,1,76
60,L,7,0,0,19,8,1,0.8571,0.0000,0.1429,2.2857,0,0,4,0,0,0,0,0,1,77
61,L,7,0,0,19,8,1,0.8571,0.0000,0.1429,2.2857,0,0,4,0,0,0,0,0,1,78
62,L,7,0,0,19,8,1,0.8571,0.0000,0.1429,2.2857,0,0,4,0,0,0,0,0,1,79
63,L,7,0,0,19,8,1,0.8571,0.0000,0.1429,2.2857,0,0,4,0,0,0,0,0,1,81
64,L,7,0,0,21,8,1,0.8571,0.0000,0.1429,2.2857,0,0,4,0,0,0,0,0,1,82
65,L,7,0,0,20,8,1,0.8571,0.0000,0.1429,2.2857,0,0,4,0,0,0,0,0,1,83
66,L,7,0,0,20,8,1,0.8571,0.0000,0.1429,2.2857,0,0,4,0,0,0,0,0,1,84
67,L,7,0,0,19,8,1,0.8571,0.0000,0.1429,2.2857,0,0,4,0,0,0,0,0,1,85
68,L,7,0,0,20,8,1,0.8571,0.0000,0.1429,2.2857,0,0,4,0,0,0,0,0,1,86
69,L,7,0,0,18,8,1,0.8571,0.0000,0.1429,2.2857,0,0,4,0,0,0,0,0,1,87
70,L,7,0,0,17,8,1,0.8571,0.0000,0.1429,2.2857,0,0,4,0,0,0,0,0,1,88
71,L,7,0,0,17,8,1,0.8571,0.0000,0.1429,2.2857,0,0,4,0,0,0,0,0,1,89
72,L,7,0,0,18,8,1,0.8571,0.0000,0.1429,2.2857,0,0,4,0,0,0,0,0,1,90
73,L,7,0,0,16,8,1,0.8571,0.0000,0.1429,2.2857,0,0,4,0,0,0,0,0,1,91
74,L,7,0,0,16,8,1,0.8571,0.0000,0.1429,2.2857,0,0,4,0,0,0,0,0,1,92
75,L,7,0,0,16,7,1,0.7143,0.0000,0.2857,2.0000,0,0,4,0,0,0,0,0,1,94
76,L,7,0,0,17,7,1,0.7143,0.0000,0.2857,2.0000,0,0,4,0,0,0,0,0,1,95
77,L,7,0,0,15,7,1,0.7143,0.0000,0.2857,2.0000,0,0,4,0,0,0,0,0,1,96
78,L,7,0,0,16,6,1,0.7143,0.0000,0.2857,1.7143,0,0,4,0,0,0,0,0,1,97
79,L,7,0,0,18,6,1,0.7143,0.0000,0.2857,1.7143,0,0,4,0,0,0,0,0,1,98
80,L,7,0,0,19,6,1,0.7143,0.0000,0.2857,1.7143,0,0,4,0,0,0,0,0,1,100
81,L,7,0,0,16,6,1,0.7143,0.0000,0.2857,1.7143,0,0,4,0,0,0,0,0,1,101
82,L,7,0,0,17,6,1,0.7143,0.0000,0.2857,1.7143,0,0,4,0,0,0,0,0,1,101
83,L,7,0,0,12,6,1,0.7143,0.0000,0.2857,1.7143,0,0,4,0,0,0,0,0,1,102
84,L,7,0,0,13,6,1,0.7143,0.0000,0.2857,1.7143,0,0,4,0,0,0,0,0,1,103
85,L,7,0,0,15,6,1,0.7143,0.0000,0.2857,1.7143,0,0,4,0,0,0,0,0,1,105
86,L,7,0,0,14,6,1,0.7143,0.0000,0.2857,1.7143,0,0,4,0,0,0,0,0,1,106
87,L,7,0,0,13,6,1,0.7143,0.0000,0.2857,1.7143,0,0,4,0,0,0,0,0,1,106
88,L,7,0,0,12,6,1,0.7143,0.0000,0.2857,1.7143,0,0,4,0,0,0,0,0,1,107
89,L,7,0,0,13,6,1,0.7143,0.0000,0.2857,1.7143,0,0,4,0,0,0,0,0,1,109
90,L,7,0,0,15,6,1,0.7143,0.0000,0.2857,1.7143,0,0,4,0,0,0,0,0,1,111
91,L,7,0,0,14,6,1,0.7143,0.0000,0.2857,1.7143,0,0,4,0,0,0,0,0,1,113
92,L,7,0,0,13,6,1,0.7143,0.0000,0.2857,1.7143,0,0,4,0,0,0,0,0,1,116
93,L,7,0,0,12,6,1,0.7143,0.0000,0.2857,1.7143,0,0,4,0,0,0,0,0,1,117
94,L,7,0,0,14,6,1,0.7143,0.0000,0.2857,1.7143,0,0,4,0,0,0,0,0,1,118
95,L,7,0,0,13,6,1,0.7143,0.0000,0.2857,1.7143,0,0,4,0,0,0,0,0,1,119
96,L,7,0,0,15,6,1,0.7143,0.0000,0.2857,1.7143,0,0,4,0,0,0,0,0,1,120
97,L,7,0,0,12,6,1,0.7143,0.0000,0.2857,1.7143,0,0,4,0,0,0,0,0,1,121
98,L,7,0,0,12,6,1,0.7143,0.0000,0.2857,1.7143,0,0,4,0,0,0,0,0,1,122
99,L,7,0,0,14,6,1,0.7143,0.0000,0.2857,1.7143,0,0,4,0,0,0,0,0,1,123
100,L,7,0,0,13,5,1,0.7143,0.0000,0.2857,1.4286,0,0,4,0,0,0,0,0,1,124
101,L,7,0,0,14,5,1,0.7143,0.0000,0.2857,1.4286,0,0,4,0,0,0,0,0,1,125
102,L,7,0,0,13,5,1,0.7143,0.0000,0.2857,1.4286,0,0,4,0,0,0,0,0,1,126
103,L,7,0,0,10,5,1,0.7143,0.0000,0.2857,1.4286,0,0,4,0,0,0,0,0,1,128
104,L,7,0,0,9,5,1,0.7143,0.0000,0.2857,1.4286,0,0,4,0,0,0,0,0,1,129
105,L,7,0,0,10,5,1,0.7143,0.0000,0.2857,1.4286,0,0,4,0,0,0,0,0,1,130
106,L,7,0,0,10,5,1,0.7143,0.0000,0.2857,1.4286,0,0,4,0,0,0,0,0,1,131
107,L,7,0,0,8,5,1,0.7143,0.0000,0.2857,1.4286,0,0,4,0,0,0,0,0,1,132
108,L,7,0,0,10,5,1,0.7143,0.0000,0.2857,1.4286,0,0,4,0,0,0,0,0,1,133
109,L,7,0,0,12,5,1,0.7143,0.0000,0.2857,1.4286,0,0,4,0,0,0,0,0,1,134
110,L,7,0,0,13,5,1,0.7143,0.0000,0.2857,1.4286,0,0,4,0,0,0,0,0,1,135
111,L,7,0,0,12,5,1,0.7143,0.0000,0.2857,1.4286,0,0,4,0,0,0,0,0,1,137
112,L,7,0,0,12,5,1,0.7143,0.0000,0.2857,1.4286,0,0,4,0,0,0,0,0,1,139
113,L,7,0,0,14,5,1,0.7143,0.0000,0.2857,1.4286,0,0,4,0,0,0,0,0,1,140
114,L,7,0,0,16,5,1,0.7143,0.0000,0.2857,1.4286,0,0,4,0,0,0,0,0,1,141
115,L,7,0,0,15,5,1,0.7143,0.0000,0.2857,1.4286,0,0,4,0,0,0,0,0,1,142
116,L,7,0,0,14,5,1,0.7143,0.0000,0.2857,1.4286,0,0,4,0,0,0,0,0,1,142
117,L,7,0,0,12,5,1,0.7143,0.0000,0.2857,1.4286,0,0,4,0,0,0,0,0,1,144
118,L,7,0,0,11,5,1,0.7143,0.0000,0.2857,1.4286,0,0,4,0,0,0,0,0,1,146
119,L,7,0,0,12,5,1,0.7143,0.0000,0.2857,1.4286,0,0,4,0,0,0,0,0,1,148
120,L,7,0,0,11,4,1,0.5714,0.0000,0.4286,1.1429,0,0,4,0,0,0,0,0,1,148
121,L,7,0,0,10,4,1,0.5714,0.0000,0.4286,1.1429,0,0,4,0,0,0,0,0,1,148
122,L,7,0,0,10,4,1,0.5714,0.0000,0.4286,1.1429,0,0,4,0,0,0,0,0,1,149
123,L,7,0,0,12,4,1,0.5714,0.0000,0.4286,1.1429,0,0,4,0,0,0,0,0,1,149
124,L,7,0,0,14,4,1,0.5714,0.0000,0.4286,1.1429,0,0,4,0,0,0,0,0,1,150
125,L,7,0,0,11,3,1,0.4286,0.0000,0.5714,0.8571,0,0,4,0,0,0,0,0,1,151
126,L,7,0,0,16,3,1,0.4286,0.0000,0.5714,0.8571,0,0,4,0,0,0,0,0,1,152
127,L,7,0,0,14,3,1,0.4286,0.0000,0.5714,0.8571,0,0,4,0,0,0,0,0,1,152
128,L,7,0,0,11,3,1,0.4286,0.0000,0.5714,0.8571,0,0,4,0,0,0,0,0,1,154
129,L,7,0,0,13,3,1,0.4286,0.0000,0.5714,0.8571,0,0,4,0,0,0,0,0,1,155
130,L,7,0,0,13,3,1,0.4286,0.0000,0.5714,0.8571,0,0,4,0,0,0,0,0,1,156
131,L,7,0,0,12,3,1,0.4286,0.0000,0.5714,0.8571,0,0,4,0,0,0,0,0,1,157
132,L,7,0,0,10,3,1,0.4286,0.0000,0.5714,0.8571,0,0,4,0,0,0,0,0,1,158
133,L,7,0,0,9,3,1,0.4286,0.0000,0.5714,0.8571,0,0,4,0,0,0,0,0,1,160
134,L,7,0,0,8,3,1,0.4286,0.0000,0.5714,0.8571,0,0,4,0,0,0,0,0,1,161
135,L,7,0,0,7,4,1,0.5714,0.0000,0.4286,1.1429,0,0,4,0,0,0,0,0,1,163
136,L,7,0,0,8,4,1,0.5714,0.0000,0.4286,1.1429,0,0,4,0,0,0,0,0,1,164
137,L,7,0,0,8,3,1,0.5714,0.0000,0.4286,0.8571,0,0,4,0,0,0,0,0,1,165
138,L,7,0,0,6,3,1,0.5714,0.0000,0.4286,0.8571,0,0,4,0,0,0,0,0,1,167
139,L,7,0,0,12,3,1,0.5714,0.0000,0.4286,0.8571,0,0,4,0,0,0,0,0,1,168
140,L,7,0,0,13,3,1,0.5714,0.0000,0.4286,0.8571,0,0,4,0,0,0,0,0,1,169
141,L,7,0,0,12,3,1,0.5714,0.0000,0.4286,0.8571,0,0,4,0,0,0,0,0,1,170
142,L,7,0,0,12,3,1,0.5714,0.0000,0.4286,0.8571,0,0,4,0,0,0,0,0,1,172
143,L,7,0,0,10,3,1,0.5714,0.0000,0.4286,0.8571,0,0,4,0,0,0,0,0,1,172
144,L,7,0,0,12,3,1,0.5714,0.0000,0.4286,0.8571,0,0,4,0,0,0,0,0,1,173
145,L,7,0,0,10,3,1,0.5714,0.0000,0.4286,0.8571,0,0,4,0,0,0,0,0,1,174
146,L,7,0,0,10,2,1,0.4286,0.0000,0.5714,0.5714,0,0,4,0,0,0,0,0,1,175
147,L,7,0,0,10,2,1,0.4286,0.0000,0.5714,0.5714,0,0,4,0,0,0,0,0,1,176
148,L,7,0,0,11,2,1,0.4286,0.0000,0.5714,0.5714,0,0,4,0,0,0,0,0,1,177
149,L,7,0,0,12,2,1,0.4286,0.0000,0.5714,0.5714,0,0,4,0,0,0,0,0,1,178
150,L,7,0,0,12,2,1,0.4286,0.0000,0.5714,0.5714,0,0,4,0,0,0,0,0,1,179
151,L,7,0,0,16,2,1,0.4286,0.0000,0.5714,0.5714,0,0,4,0,0,0,0,0,1,182
152,L,7,0,0,17,2,1,0.4286,0.0000,0.5714,0.5714,0,0,4,0,0,0,0,0,1,182
153,L,7,0,0,15,2,1,0.4286,0.0000,0.5714,0.5714,0,0,4,0,0,0,0,0,1,182
154,L,7,0,0,14,2,1,0.4286,0.0000,0.5714,0.5714,0,0,4,0,0,0,0,0,1,183
155,L,7,0,0,15,2,1,0.4286,0.0000,0.5714,0.5714,0,0,4,0,0,0,0,0,1,184
156,L,7,0,0,14,2,1,0.4286,0.0000,0.5714,0.5714,0,0,4,0,0,0,0,0,1,184
157,L,7,0,0,13,2,1,0.4286,0.0000,0.5714,0.5714,0,0,4,0,0,0,0,0,1,185
158,L,7,0,0,13,2,1,0.4286,0.0000,0.5714,0.5714,0,0,4,0,0,0,0,0,1,185
159,L,7,0,0,14,2,1,0.4286,0.0000,0.5714,0.5714,0,0,4,0,0,0,0,0,1,186
160,L,7,0,0,13,2,1,0.4286,0.0000,0.5714,0.5714,0,0,4,0,0,0,0,0,1,187
161,L,7,0,0,11,2,1,0.4286,0.0000,0.5714,0.5714,0,0,4,0,0,0,0,0,1,188
162,L,7,0,0,13,2,1,0.4286,0.0000,0.5714,0.5714,0,0,4,0,0,0,0,0,1,189
163,L,7,0,0,16,2,1,0.4286,0.0000,0.5714,0.5714,0,0,4,0,0,0,0,0,1,190
164,L,7,0,0,11,2,1,0.4286,0.0000,0.5714,0.5714,0,0,4,0,0,0,0,0,1,191
165,L,7,0,0,11,2,1,0.4286,0.0000,0.5714,0.5714,0,0,4,0,0,0,0,0,1,193
166,L,7,0,0,8,2,1,0.4286,0.0000,0.5714,0.5714,0,0,4,0,0,0,0,0,1,194
167,L,7,0,0,7,1,1,0.2857,0.0000,0.7143,0.2857,0,0,4,0,0,0,0,0,1,195
168,L,7,0,0,8,1,1,0.2857,0.0000,0.7143,0.2857,0,0,4,0,0,0,0,0,1,196
169,L,7,0,0,7,1,1,0.2857,0.0000,0.7143,0.2857,0,0,4,0,0,0,0,0,1,197
170,L,7,0,0,6,1,1,0.2857,0.0000,0.7143,0.2857,0,0,4,0,0,0,0,0,1,198
171,L,7,0,0,7,1,1,0.2857,0.0000,0.7143,0.2857,0,0,4,0,0,0,0,0,1,199
172,L,7,0,0,9,1,1,0.2857,0.0000,0.7143,0.2857,0,0,4,0,0,0,0,0,1,200
173,L,7,0,0,8,1,1,0.2857,0.0000,0.7143,0.2857,0,0,4,0,0,0,0,0,1,202
174,L,7,0,0,9,1,1,0.2857,0.0000,0.7143,0.2857,0,0,4,0,0,0,0,0,1,203
175,L,7,0,0,7,1,1,0.2857,0.0000,0.7143,0.2857,0,0,4,0,0,0,0,0,1,204
176,L,7,0,0,8,1,1,0.2857,0.0000,0.7143,0.2857,0,0,4,0,0,0,0,0,1,205
177,L,7,0,0,7,1,1,0.2857,0.0000,0.7143,0.2857,0,0,4,0,0,0,0,0,1,207
178,L,7,0,0,8,1,1,0.2857,0.0000,0.7143,0.2857,0,0,4,0,0,0,0,0,1,208
179,L,7,0,0,8,1,1,0.2857,0.0000,0.7143,0.2857,0,0,4,0,0,0,0,0,1,209
180,L,7,0,0,9,1,1,0.2857,0.0000,0.7143,0.2857,0,0,4,0,0,0,0,0,1,210
181,L,7,0,0,13,1,1,0.2857,0.0000,0.7143,0.2857,0,0,4,0,0,0,0,0,1,211
182,L,7,0,0,13,1,1,0.2857,0.0000,0.7143,0.2857,0,0,4,0,0,0,0,0,1,212
183,L,7,0,0,10,1,1,0.2857,0.0000,0.7143,0.2857,0,0,4,0,0,0,0,0,1,213
184,L,7,0,0,7,1,1,0.2857,0.0000,0.7143,0.2857,0,0,4,0,0,0,0,0,1,215
185,L,7,0,0,8,1,1,0.2857,0.0000,0.7143,0.2857,0,0,4,0,0,0,0,0,1,216
186,L,7,0,0,6,1,1,0.2857,0.0000,0.7143,0.2857,0,0,4,0,0,0,0,0,1,218
187,L,7,0,0,6,1,1,0.2857,0.0000,0.7143,0.2857,0,0,4,0,0,0,0,0,1,220
188,L,7,0,0,7,1,1,0.2857,0.0000,0.7143,0.2857,0,0,4,0,0,0,0,0,1,221
189,L,7,0,0,8,1,1,0.2857,0.0000,0.7143,0.2857,0,0,4,0,0,0,0,0,1,222
190,L,7,0,0,9,1,1,0.2857,0.0000,0.7143,0.2857,0,0,4,0,0,0,0,0,1,224
191,L,7,0,0,9,1,1,0.2857,0.0000,0.7143,0.2857,0,0,4,0,0,0,0,0,1,225
192,L,7,0,0,10,1,1,0.2857,0.0000,0.7143,0.2857,0,0,4,0,0,0,0,0,1,226
193,L,7,0,0,7,1,1,0.2857,0.0000,0.7143,0.2857,0,0,4,0,0,0,0,0,1,227
194,L,7,0,0,5,1,1,0.2857,0.0000,0.7143,0.2857,0,0,4,0,0,0,0,0,1,228
195,L,7,0,0,8,1,1,0.2857,0.0000,0.7143,0.2857,0,0,4,0,0,0,0,0,1,229
196,L,7,0,0,6,1,1,0.2857,0.0000,0.7143,0.2857,0,0,4,0,0,0,0,0,1,230
197,L,7,0,0,6,1,1,0.2857,0.0000,0.7143,0.2857,0,0,4,0,0,0,0,0,1,231
198,L,7,0,0,8,1,1,0.2857,0.0000,0.7143,0.2857,0,0,4,0,0,0,0,0,1,232
199,L,7,0,0,8,1,1,0.2857,0.0000,0.7143,0.2857,0,0,4,0,0,0,0,0,1,233
200,L,7,0,0,8,1,1,0.2857,0.0000,0.7143,0.2857,0,0,4,0,0,0,0,0,1,234
201,L,7,0,0,9,1,1,0.2857,0.0000,0.7143,0.2857,0,0,4,0,0,0,0,0,1,235
202,L,7,0,0,8,1,1,0.2857,0.0000,0.7143,0.2857,0,0,4,0,0,0,0,0,1,236
203,L,7,0,0,3,1,1,0.2857,0.0000,0.7143,0.2857,0,0,4,0,0,0,0,0,1,237
204,L,7,0,0,3,1,1,0.2857,0.0000,0.7143,0.2857,0,0,4,0,0,0,0,0,1,238
205,L,7,0,0,4,1,1,0.2857,0.0000,0.7143,0.2857,0,0,4,0,0,0,0,0,1,240
206,L,7,0,0,5,1,1,0.2857,0.0000,0.7143,0.2857,0,0,4,0,0,0,0,0,1,241
207,L,7,0,0,6,1,1,0.2857,0.0000,0.7143,0.2857,0,0,4,0,0,0,0,0,1,242
208,L,7,0,0,6,1,1,0.2857,0.0000,0.7143,0.2857,0,0,4,0,0,0,0,0,1,243
209,L,7,0,0,7,1,1,0.2857,0.0000,0.7143,0.2857,0,0,4,0,0,0,0,0,1,244
210,L,7,0,0,9,1,1,0.2857,0.0000,0.7143,0.2857,0,0,4,0,0,0,0,0,1,245
211,L,7,0,0,8,1,1,0.2857,0.0000,0.7143,0.2857,0,0,4,0,0,0,0,0,1,246
212,L,7,0,0,8,1,1,0.2857,0.0000,0.7143,0.2857,0,0,4,0,0,0,0,0,1,247
213,L,7,0,0,9,1,1,0.2857,0.0000,0.7143,0.2857,0,0,4,0,0,0,0,0,1,248
214,L,7,0,0,6,1,1,0.2857,0.0000,0.7143,0.2857,0,0,4,0,0,0,0,0,1,249
215,L,7,0,0,7,1,1,0.2857,0.0000,0.7143,0.2857,0,0,4,0,0,0,0,0,1,250
216,L,7,0,0,7,1,1,0.2857,0.0000,0.7143,0.2857,0,0,4,0,0,0,0,0,1,251
217,L,7,0,0,7,1,1,0.2857,0.0000,0.7143,0.2857,0,0,4,0,0,0,0,0,1,252
218,L,7,0,0,7,1,1,0.2857,0.0000,0.7143,0.2857,0,0,4,0,0,0,0,0,1,253
219,L,7,0,0,7,1,1,0.2857,0.0000,0.7143,0.2857,0,0,4,0,0,0,0,0,1,254
220,L,7,0,0,11,1,1,0.2857,0.0000,0.7143,0.2857,0,0,4,0,0,0,0,0,1,255
221,L,7,0,0,9,1,1,0.2857,0.0000,0.7143,0.2857,0,0,4,0,0,0,0,0,1,256
222,L,7,0,0,6,1,1,0.2857,0.0000,0.7143,0.2857,0,0,4,0,0,0,0,0,1,257
223,L,7,0,0,6,1,1,0.2857,0.0000,0.7143,0.2857,0,0,4,0,0,0,0,0,1,258
224,L,7,0,0,8,1,1,0.2857,0.0000,0.7143,0.2857,0,0,4,0,0,0,0,0,1,259
225,L,7,0,0,8,1,1,0.2857,0.0000,0.7143,0.2857,0,0,4,0,0,0,0,0,1,260
226,L,7,0,0,6,1,1,0.2857,0.0000,0.7143,0.2857,0,0,4,0,0,0,0,0,1,261
227,L,7,0,0,6,1,1,0.2857,0.0000,0.7143,0.2857,0,0,4,0,0,0,0,0,1,262
228,L,7,0,0,7,1,1,0.2857,0.0000,0.7143,0.2857,0,0,4,0,0,0,0,0,1,263
229,L,7,0,0,6,1,1,0.2857,0.0000,0.7143,0.2857,0,0,4,0,0,0,0,0,1,264
230,L,7,0,0,7,1,1,0.2857,0.0000,0.7143,0.2857,0,0,4,0,0,0,0,0,1,265
231,L,7,0,0,7,1,1,0.2857,0.0000,0.7143,0.2857,0,0,4,0,0,0,0,0,1,266
232,L,7,0,0,8,1,1,0.2857,0.0000,0.7143,0.2857,0,0,4,0,0,0,0,0,1,267
233,L,7,0,0,7,1,1,0.2857,0.0000,0.7143,0.2857,0,0,4,0,0,0,0,0,1,268
234,L,7,0,0,6,1,1,0.2857,0.0000,0.7143,0.2857,0,0,4,0,0,0,0,0,1,269
235,L,7,0,0,6,1,1,0.2857,0.0000,0.7143,0.2857,0,0,4,0,0,0,0,0,1,271
236,L,7,0,0,8,1,1,0.2857,0.0000,0.7143,0.2857,0,0,4,0,0,0,0,0,1,272
237,L,7,0,0,16,1,1,0.2857,0.0000,0.7143,0.2857,0,0,4,0,0,0,0,0,1,273
238,L,7,0,0,14,1,1,0.2857,0.0000,0.7143,0.2857,0,0,4,0,0,0,0,0,1,274
239,L,7,0,0,12,1,1,0.2857,0.0000,0.7143,0.2857,0,0,4,0,0,0,0,0,1,275
240,L,7,0,0,10,1,1,0.2857,0.0000,0.7143,0.2857,0,0,4,0,0,0,0,0,1,276
241,L,7,0,0,9,1,1,0.2857,0.0000,0.7143,0.2857,0,0,4,0,0,0,0,0,1,277
242,L,7,0,0,10,1,1,0.2857,0.0000,0.7143,0.2857,0,0,4,0,0,0,0,0,1,278
243,L,7,0,0,11,1,1,0.2857,0.0000,0.7143,0.2857,0,0,4,0,0,0,0,0,1,281
244,L,7,0,0,10,1,1,0.2857,0.0000,0.7143,0.2857,0,0,4,0,0,0,0,0,1,281
245,L,7,0,0,10,1,1,0.2857,0.0000,0.7143,0.2857,0,0,4,0,0,0,0,0,1,282
246,L,7,0,0,10,1,1,0.2857,0.0000,0.7143,0.2857,0,0,4,0,0,0,0,0,1,283
247,L,7,0,0,9,1,1,0.2857,0.0000,0.7143,0.2857,0,0,4,0,0,0,0,0,1,283
248,L,7,0,0,11,1,1,0.2857,0.0000,0.7143,0.2857,0,0,4,0,0,0,0,0,1,284
249,L,7,0,0,11,1,1,0.2857,0.0000,0.7143,0.2857,0,0,4,0,0,0,0,0,1,284
250,L,7,0,0,12,1,1,0.2857,0.0000,0.7143,0.2857,0,0,4,0,0,0,0,0,1,284
251,L,7,0,0,12,2,1,0.4286,0.0000,0.5714,0.5714,1,0,5,0,0,0,0,1,1,287
252,L,7,0,0,12,2,1,0.4286,0.0000,0.5714,0.5714,0,0,5,0,0,0,0,1,1,287
253,L,7,0,0,15,2,1,0.4286,0.0000,0.5714,0.5714,0,0,5,0,0,0,0,1,1,288
254,L,7,0,0,14,2,1,0.4286,0.0000,0.5714,0.5714,0,0,5,0,0,0,0,1,1,288
255,L,7,0,0,14,2,1,0.4286,0.0000,0.5714,0.5714,0,0,5,0,0,0,0,1,1,289
256,L,7,0,0,19,2,1,0.4286,0.0000,0.5714,0.5714,0,0,5,0,0,0,0,1,1,289
257,L,7,0,0,17,2,1,0.4286,0.0000,0.5714,0.5714,0,0,5,0,0,0,0,1,1,289
258,L,7,0,0,15,2,1,0.4286,0.0000,0.5714,0.5714,0,0,5,0,0,0,0,1,1,289
259,L,7,0,0,14,2,1,0.4286,0.0000,0.5714,0.5714,0,0,5,0,0,0,0,1,1,290
260,L,7,0,0,14,2,1,0.4286,0.0000,0.5714,0.5714,0,0,5,0,0,0,0,1,1,291
261,L,7,0,0,14,2,1,0.4286,0.0000,0.5714,0.5714,0,0,5,0,0,0,0,1,1,292
262,L,7,0,0,11,2,1,0.4286,0.0000,0.5714,0.5714,0,0,5,0,0,0,0,1,1,292
263,L,7,0,0,11,2,1,0.4286,0.0000,0.5714,0.5714,0,0,5,0,0,0,0,1,1,294
264,L,7,0,0,15,2,1,0.4286,0.0000,0.5714,0.5714,0,0,5,0,0,0,0,1,1,295
265,L,7,0,0,15,2,1,0.4286,0.0000,0.5714,0.5714,0,0,5,0,0,0,0,1,1,297
266,L,7,0,0,14,2,1,0.4286,0.0000,0.5714,0.5714,0,0,5,0,0,0,0,1,1,298
267,L,7,0,0,15,2,1,0.4286,0.0000,0.5714,0.5714,0,0,5,0,0,0,0,1,1,299
268,L,7,0,0,15,2,1,0.4286,0.0000,0.5714,0.5714,0,0,5,0,0,0,0,1,1,299
269,L,7,0,0,12,2,1,0.4286,0.0000,0.5714,0.5714,0,0,5,0,0,0,0,1,1,300
270,L,7,0,0,12,2,1,0.4286,0.0000,0.5714,0.5714,0,0,5,0,0,0,0,1,1,300
271,L,7,0,0,12,2,1,0.4286,0.0000,0.5714,0.5714,0,0,5,0,0,0,0,1,1,301
272,L,7,0,0,12,2,1,0.4286,0.0000,0.5714,0.5714,0,0,5,0,0,0,0,1,1,301
273,L,7,0,0,9,2,1,0.4286,0.0000,0.5714,0.5714,0,0,5,0,0,0,0,1,1,301
274,L,7,0,0,8,2,1,0.4286,0.0000,0.5714,0.5714,0,0,5,0,0,0,0,1,1,302
275,L,7,0,0,9,2,1,0.4286,0.0000,0.5714,0.5714,0,0,5,0,0,0,0,1,1,303
276,L,7,0,0,13,2,1,0.4286,0.0000,0.5714,0.5714,0,0,5,0,0,0,0,1,1,304
277,L,7,0,0,14,2,1,0.4286,0.0000,0.5714,0.5714,0,0,5,0,0,0,0,1,1,306
278,L,7,0,0,13,2,1,0.4286,0.0000,0.5714,0.5714,0,0,5,0,0,0,0,1,1,307
279,L,7,0,0,12,2,1,0.4286,0.0000,0.5714,0.5714,0,0,5,0,0,0,0,1,1,308
280,L,7,0,0,13,2,1,0.4286,0.0000,0.5714,0.5714,0,0,5,0,0,0,0,1,1,309
281,L,7,0,0,14,2,1,0.4286,0.0000,0.5714,0.5714,0,0,5,0,0,0,0,1,1,310
282,L,7,0,0,13,1,1,0.2857,0.0000,0.7143,0.2857,0,0,5,0,0,0,0,1,1,312
283,L,7,0,0,13,1,1,0.2857,0.0000,0.7143,0.2857,0,0,5,0,0,0,0,1,1,313
284,L,7,0,0,13,1,1,0.2857,0.0000,0.7143,0.2857,0,0,5,0,0,0,0,1,1,313
285,L,7,0,0,12,1,1,0.2857,0.0000,0.7143,0.2857,0,0,5,0,0,0,0,1,1,313
286,L,7,0,0,13,1,1,0.2857,0.0000,0.7143,0.2857,0,0,5,0,0,0,0,1,1,314
287,L,7,0,0,13,1,1,0.2857,0.0000,0.7143,0.2857,0,0,5,0,0,0,0,1,1,315
288,L,7,0,0,11,1,1,0.2857,0.0000,0.7143,0.2857,0,0,5,0,0,0,0,1,1,316
289,L,8,1,0,11,2,1,0.3750,0.0000,0.6250,0.5000,0,0,5,0,0,0,0,1,1,319
290,L,9,2,0,12,3,1,0.3333,0.2222,0.4444,0.6667,0,0,5,0,0,0,0,1,1,320
291,L,9,2,0,8,3,1,0.3333,0.2222,0.4444,0.6667,0,0,5,0,0,0,0,1,1,320
292,L,9,2,0,12,3,1,0.3333,0.2222,0.4444,0.6667,0,0,5,0,0,0,0,1,1,320
293,L,9,2,0,15,3,1,0.3333,0.2222,0.4444,0.6667,0,0,5,0,0,0,0,1,1,322
294,L,9,2,0,16,3,1,0.3333,0.2222,0.4444,0.6667,0,0,5,0,0,0,0,1,1,322
295,L,10,3,0,20,4,1,0.3000,0.2000,0.3000,0.8000,0,0,5,0,0,0,0,1,1,323
296,L,10,3,0,24,4,1,0.3000,0.2000,0.3000,0.8000,0,0,5,0,0,0,0,1,1,324
297,L,10,3,0,26,4,1,0.3000,0.2000,0.3000,0.8000,0,0,5,0,0,0,0,1,1,326
298,L,10,3,0,27,5,1,0.4000,0.3000,0.3000,1.0000,1,0,6,0,0,0,0,2,1,328
299,L,10,3,0,27,5,1,0.4000,0.3000,0.3000,1.0000,0,0,6,0,0,0,0,2,1,329
300,L,10,3,0,28,5,1,0.4000,0.3000,0.3000,1.0000,0,0,6,0,0,0,0,2,1,330
301,L,10,3,0,30,5,1,0.4000,0.3000,0.3000,1.0000,0,0,6,0,0,0,0,2,1,332
302,L,10,3,0,26,6,1,0.4000,0.3000,0.3000,1.2000,1,0,7,0,0,0,0,3,1,334
303,L,10,3,0,25,6,1,0.4000,0.3000,0.3000,1.2000,0,0,7,0,0,0,0,3,1,335
304,L,10,3,0,26,6,2,0.4000,0.3000,0.3000,1.2000,1,0,8,0,0,0,0,3,2,337
305,L,11,4,0,31,7,2,0.3636,0.2727,0.1818,1.2727,0,0,8,0,0,0,0,3,2,339
306,L,11,4,0,30,7,2,0.3636,0.2727,0.1818,1.2727,0,0,8,0,0,0,0,3,2,340
307,L,11,4,0,26,7,2,0.3636,0.2727,0.1818,1.2727,0,0,8,0,0,0,0,3,2,341
308,L,11,4,0,24,7,2,0.3636,0.2727,0.1818,1.2727,0,0,8,0,0,0,0,3,2,342
309,L,11,4,0,28,9,2,0.5455,0.2727,0.1818,1.6364,1,0,9,0,0,0,0,5,2,344
310,L,11,4,0,28,9,2,0.5455,0.2727,0.1818,1.6364,0,0,9,0,0,0,0,5,2,345
311,L,11,4,0,31,9,3,0.5455,0.2727,0.1818,1.6364,0,0,9,0,0,0,0,5,3,346
312,S,12,5,0,30,10,3,0.5000,0.2500,0.0833,1.6667,0,0,9,0,0,0,0,5,3,349
313,S,12,5,0,31,10,3,0.5000,0.2500,0.0833,1.6667,0,0,9,0,0,0,0,5,3,349
314,S,12,5,0,36,10,3,0.5000,0.2500,0.0833,1.6667,0,0,9,0,0,0,0,5,3,351
315,S,12,5,0,44,10,4,0.5000,0.2500,0.0833,1.6667,0,0,9,0,0,0,0,5,4,351
316,S,12,5,0,43,9,5,0.4167,0.2500,0.1667,1.5000,0,0,9,0,0,0,0,5,5,351
317,S,12,5,0,46,10,5,0.4167,0.4167,0.1667,1.6667,1,0,10,0,0,0,0,6,5,354
318,S,12,5,0,53,10,5,0.4167,0.4167,0.1667,1.6667,0,0,10,0,0,0,0,6,5,354
319,S,12,5,0,53,10,6,0.4167,0.4167,0.1667,1.6667,0,0,10,0,0,0,0,6,6,354
320,S,12,5,0,52,14,6,0.9167,0.0000,0.0833,2.3333,1,0,11,0,0,0,0,10,6,356
321,S,12,5,0,51,14,6,0.9167,0.0000,0.0833,2.3333,0,0,11,0,0,0,0,10,6,356
322,S,12,5,0,46,16,6,0.9167,0.0000,0.0833,2.6667,0,0,11,0,0,0,0,12,6,357
323,S,12,5,0,46,17,6,0.9167,0.0000,0.0833,2.8333,0,0,11,0,0,0,0,13,6,358
324,S,12,5,0,46,17,6,0.9167,0.0000,0.0833,2.8333,0,0,11,0,0,0,0,13,6,359
325,S,12,5,0,45,18,7,1.0000,0.0000,0.0000,3.0000,0,0,11,0,0,0,0,13,7,359
326,S,12,5,0,47,18,7,1.0000,0.0000,0.0000,3.0000,0,0,11,0,0,0,0,13,7,361
327,S,12,5,0,51,18,7,1.0000,0.0000,0.0000,3.0000,0,0,11,0,0,0,0,13,7,363
328,S,12,5,0,51,18,7,1.0000,0.0000,0.0000,3.0000,0,0,11,0,0,0,0,13,7,364
329,S,12,5,0,51,18,9,1.0000,0.0000,0.0000,3.0000,0,0,11,0,0,0,0,13,9,365
330,S,12,5,0,47,18,10,1.0000,0.0000,0.0000,3.0000,0,0,11,0,0,0,0,13,10,370
331,S,12,5,0,51,18,10,1.0000,0.0000,0.0000,3.0000,0,0,11,0,0,0,0,13,10,371
332,S,12,5,0,52,19,10,1.0000,0.0000,0.0000,3.1667,0,0,11,0,0,0,0,14,10,372
333,S,12,5,0,49,20,10,1.0000,0.0000,0.0000,3.3333,1,0,12,0,0,0,0,15,10,375
334,S,12,5,0,49,19,10,0.9167,0.0000,0.0833,3.1667,0,0,12,0,0,0,0,15,10,376
335,S,12,5,0,48,19,10,0.9167,0.0000,0.0833,3.1667,0,0,12,0,0,0,0,15,10,377
336,S,12,5,0,46,19,10,0.9167,0.0000,0.0833,3.1667,0,0,12,0,0,0,0,15,10,378
337,S,12,5,0,43,19,10,0.9167,0.0000,0.0833,3.1667,0,0,12,0,0,0,0,15,10,379
338,S,12,5,0,45,18,10,0.8333,0.0000,0.1667,3.0000,0,0,12,0,0,0,0,15,10,380
339,S,12,5,0,46,17,10,0.8333,0.0000,0.1667,2.8333,0,0,12,0,0,0,0,15,10,381
340,S,12,5,0,45,17,10,0.8333,0.0000,0.1667,2.8333,0,0,12,0,0,0,0,15,10,384
341,S,12,5,0,46,17,10,0.8333,0.0000,0.1667,2.8333,0,0,12,0,0,0,0,15,10,385
342,S,12,5,0,45,17,10,0.8333,0.0000,0.1667,2.8333,0,0,12,0,0,0,0,15,10,385
343,S,12,5,0,44,17,10,0.8333,0.0000,0.1667,2.8333,0,0,12,0,0,0,0,15,10,386
344,S,12,5,0,42,17,10,0.8333,0.0000,0.1667,2.8333,0,0,12,0,0,0,0,15,10,386
345,S,12,5,0,40,17,10,0.8333,0.0000,0.1667,2.8333,0,0,12,0,0,0,0,15,10,388
346,S,12,5,0,42,17,10,0.8333,0.0000,0.1667,2.8333,0,0,12,0,0,0,0,15,10,389
347,S,12,5,0,41,17,10,0.8333,0.0000,0.1667,2.8333,0,0,12,0,0,0,0,15,10,389
348,S,12,5,0,42,17,10,0.8333,0.0000,0.1667,2.8333,0,0,12,0,0,0,0,15,10,389
349,S,12,5,0,41,16,10,0.8333,0.0000,0.1667,2.6667,0,0,12,0,0,0,0,15,10,390
350,S,12,5,0,39,16,10,0.8333,0.0000,0.1667,2.6667,0,0,12,0,0,0,0,15,10,390
351,S,12,5,0,38,15,10,0.7500,0.0000,0.2500,2.5000,0,0,12,0,0,0,0,15,10,391
352,S,12,5,0,35,15,10,0.7500,0.0000,0.2500,2.5000,0,0,12,0,0,0,0,15,10,393
353,S,12,5,0,39,15,10,0.7500,0.0000,0.2500,2.5000,0,0,12,0,0,0,0,15,10,394
354,S,12,5,0,39,15,10,0.7500,0.0000,0.2500,2.5000,0,0,12,0,0,0,0,15,10,395
355,S,12,5,0,42,14,10,0.6667,0.0000,0.3333,2.3333,0,0,12,0,0,0,0,15,10,395
356,S,12,5,0,44,14,10,0.6667,0.0000,0.3333,2.3333,0,0,12,0,0,0,0,15,10,395
357,S,12,5,0,40,14,10,0.6667,0.0000,0.3333,2.3333,0,0,12,0,0,0,0,15,10,399
358,S,12,5,0,36,13,10,0.5833,0.0000,0.4167,2.1667,0,0,12,0,0,0,0,15,10,400
359,S,12,5,0,41,13,10,0.5833,0.0000,0.4167,2.1667,0,0,12,0,0,0,0,15,10,401
360,S,12,5,0,41,13,10,0.5833,0.0000,0.4167,2.1667,0,0,12,0,0,0,0,15,10,401
361,S,12,5,0,42,13,10,0.5833,0.0000,0.4167,2.1667,0,0,12,0,0,0,0,15,10,402
362,S,12,5,0,42,13,10,0.5833,0.0000,0.4167,2.1667,0,0,12,0,0,0,0,15,10,403
363,S,12,5,0,41,13,10,0.5833,0.0000,0.4167,2.1667,0,0,12,0,0,0,0,15,10,403
364,S,12,5,0,42,13,10,0.5833,0.0000,0.4167,2.1667,0,0,12,0,0,0,0,15,10,404
365,S,12,5,0,43,13,10,0.5833,0.0000,0.4167,2.1667,0,0,12,0,0,0,0,15,10,404
366,S,12,5,0,41,13,10,0.5833,0.0000,0.4167,2.1667,0,0,12,0,0,0,0,15,10,405
367,S,12,5,0,40,13,10,0.5833,0.0000,0.4167,2.1667,0,0,12,0,0,0,0,15,10,407
368,S,12,5,0,40,13,10,0.5833,0.0000,0.4167,2.1667,0,0,12,0,0,0,0,15,10,408
369,S,12,5,0,41,13,10,0.5833,0.0000,0.4167,2.1667,0,0,12,0,0,0,0,15,10,408
370,S,12,5,0,42,13,10,0.5833,0.0000,0.4167,2.1667,0,0,12,0,0,0,0,15,10,409
371,S,12,5,0,42,14,10,0.6667,0.0000,0.3333,2.3333,0,0,12,0,0,0,0,16,10,410
372,S,12,5,0,44,14,10,0.6667,0.0000,0.3333,2.3333,0,0,12,0,0,0,0,16,10,411
373,S,12,5,0,45,14,10,0.6667,0.0000,0.3333,2.3333,0,0,12,0,0,0,0,16,10,411
374,S,12,5,0,44,14,10,0.6667,0.0000,0.3333,2.3333,0,0,12,0,0,0,0,16,10,413
375,S,12,5,0,42,14,10,0.6667,0.0000,0.3333,2.3333,0,0,12,0,0,0,0,16,10,414
376,S,12,5,0,42,14,10,0.6667,0.0000,0.3333,2.3333,0,0,12,0,0,0,0,16,10,415
377,S,12,5,0,43,14,10,0.6667,0.0000,0.3333,2.3333,0,0,12,0,0,0,0,16,10,415
378,S,12,5,0,45,14,10,0.6667,0.0000,0.3333,2.3333,0,0,12,0,0,0,0,16,10,415
379,S,13,6,0,51,15,10,0.6154,0.1538,0.2308,2.3077,0,0,12,0,0,0,0,16,10,416
380,S,13,6,0,51,15,10,0.6154,0.1538,0.2308,2.3077,0,0,12,0,0,0,0,16,10,417
381,S,13,6,0,50,15,10,0.6154,0.1538,0.2308,2.3077,0,0,12,0,0,0,0,16,10,417
382,S,13,6,0,51,15,10,0.6154,0.1538,0.2308,2.3077,0,0,12,0,0,0,0,16,10,417
383,S,13,6,0,55,18,10,0.7692,0.0000,0.2308,2.7692,1,0,13,0,0,0,0,19,10,419
384,S,13,6,0,54,18,10,0.7692,0.0000,0.2308,2.7692,0,0,13,0,0,0,0,19,10,420
385,S,13,6,0,55,18,10,0.7692,0.0000,0.2308,2.7692,0,0,13,0,0,0,0,19,10,421
386,S,13,6,0,53,18,10,0.7692,0.0000,0.2308,2.7692,0,0,13,0,0,0,0,19,10,424
387,S,13,6,0,52,18,10,0.7692,0.0000,0.2308,2.7692,0,0,13,0,0,0,0,19,10,424
388,S,13,6,0,54,18,10,0.7692,0.0000,0.2308,2.7692,0,0,13,0,0,0,0,19,10,426
389,S,13,6,0,50,18,10,0.7692,0.0000,0.2308,2.7692,0,0,13,0,0,0,0,19,10,426
390,S,13,6,0,50,18,11,0.7692,0.0000,0.2308,2.7692,0,0,13,0,0,0,0,19,11,426
391,S,13,6,0,47,18,11,0.7692,0.0000,0.2308,2.7692,0,0,13,0,0,0,0,19,11,426
392,S,13,6,0,47,18,12,0.7692,0.0000,0.2308,2.7692,0,0,13,0,0,0,0,19,12,427
393,S,13,6,0,44,18,12,0.7692,0.0000,0.2308,2.7692,0,0,13,0,0,0,0,19,12,428
394,S,13,6,0,44,18,12,0.7692,0.0000,0.2308,2.7692,0,0,13,0,0,0,0,19,12,429
395,S,13,6,0,43,18,12,0.7692,0.0000,0.2308,2.7692,0,0,13,0,0,0,0,19,12,429
396,S,13,6,0,45,18,12,0.7692,0.0000,0.2308,2.7692,0,0,13,0,0,0,0,19,12,429
397,S,13,6,0,51,18,12,0.7692,0.0000,0.2308,2.7692,0,0,13,0,0,0,0,19,12,429
398,S,13,6,0,50,18,12,0.7692,0.0000,0.2308,2.7692,0,0,13,0,0,0,0,19,12,430
399,S,13,6,0,48,18,12,0.7692,0.0000,0.2308,2.7692,0,0,13,0,0,0,0,19,12,432
400,S,13,6,0,46,17,12,0.7692,0.0000,0.2308,2.6154,0,0,13,0,0,0,0,19,12,432
401,S,13,6,0,44,17,12,0.7692,0.0000,0.2308,2.6154,0,0,13,0,0,0,0,19,12,434
402,S,13,6,0,43,17,12,0.7692,0.0000,0.2308,2.6154,0,0,13,0,0,0,0,19,12,435
403,S,13,6,0,39,17,12,0.7692,0.0000,0.2308,2.6154,0,0,13,0,0,0,0,19,12,436
404,S,13,6,0,43,17,12,0.7692,0.0000,0.2308,2.6154,0,0,13,0,0,0,0,19,12,438
405,S,13,6,0,43,17,12,0.7692,0.0000,0.2308,2.6154,0,0,13,0,0,0,0,19,12,438
406,S,13,6,0,44,17,12,0.7692,0.0000,0.2308,2.6154,0,0,13,0,0,0,0,19,12,438
407,S,13,6,0,42,17,12,0.7692,0.0000,0.2308,2.6154,0,0,13,0,0,0,0,19,12,439
408,S,13,6,0,42,16,12,0.6923,0.0000,0.3077,2.4615,0,0,13,0,0,0,0,19,12,440
409,S,13,6,0,41,16,12,0.6923,0.0000,0.3077,2.4615,0,0,13,0,0,0,0,19,12,441
410,S,13,6,0,41,16,12,0.6923,0.0000,0.3077,2.4615,0,0,13,0,0,0,0,19,12,442
411,S,13,6,0,45,16,12,0.6923,0.0000,0.3077,2.4615,0,0,13,0,0,0,0,19,12,443
412,S,13,6,0,43,16,12,0.6923,0.0000,0.3077,2.4615,0,0,13,0,0,0,0,19,12,444
413,S,13,6,0,44,16,12,0.6923,0.0000,0.3077,2.4615,0,0,13,0,0,0,0,19,12,444
414,S,13,6,0,40,16,12,0.6923,0.0000,0.3077,2.4615,0,0,13,0,0,0,0,19,12,445
415,S,13,6,0,36,16,12,0.6923,0.0000,0.3077,2.4615,0,0,13,0,0,0,0,19,12,445
416,S,13,6,0,36,16,12,0.6923,0.0000,0.3077,2.4615,0,0,13,0,0,0,0,19,12,445
417,S,13,6,0,36,15,12,0.6154,0.0000,0.3846,2.3077,0,0,13,0,0,0,0,19,12,446
418,S,13,6,0,34,15,12,0.6154,0.0000,0.3846,2.3077,0,0,13,0,0,0,0,19,12,446
419,S,13,6,0,34,15,12,0.6154,0.0000,0.3846,2.3077,0,0,13,0,0,0,0,19,12,446
420,S,13,6,0,36,15,12,0.6154,0.0000,0.3846,2.3077,0,0,13,0,0,0,0,19,12,446
421,S,13,6,0,37,15,12,0.6154,0.0000,0.3846,2.3077,0,0,13,0,0,0,0,19,12,447
422,S,13,6,0,42,16,12,0.6923,0.0000,0.3077,2.4615,0,0,13,0,0,0,0,20,12,447
423,S,13,6,0,41,16,12,0.6923,0.0000,0.3077,2.4615,0,0,13,0,0,0,0,20,12,447
424,S,13,6,0,37,16,12,0.6923,0.0000,0.3077,2.4615,0,0,13,0,0,0,0,20,12,448
425,S,13,6,0,46,16,12,0.6923,0.0000,0.3077,2.4615,0,0,13,0,0,0,0,20,12,449
426,S,13,6,0,46,16,12,0.6923,0.0000,0.3077,2.4615,0,0,13,0,0,0,0,20,12,450
427,S,13,6,0,48,16,12,0.6923,0.0000,0.3077,2.4615,0,0,13,0,0,0,0,20,12,451
428,S,13,6,0,43,16,12,0.6923,0.0000,0.3077,2.4615,0,0,13,0,0,0,0,20,12,451
429,S,13,6,0,41,16,12,0.6923,0.0000,0.3077,2.4615,0,0,13,0,0,0,0,20,12,452
430,S,13,6,0,43,16,12,0.6923,0.0000,0.3077,2.4615,0,0,13,0,0,0,0,20,12,454
431,S,13,6,0,45,16,12,0.6923,0.0000,0.3077,2.4615,0,0,13,0,0,0,0,20,12,455
432,S,13,6,0,46,16,12,0.6923,0.0000,0.3077,2.4615,0,0,13,0,0,0,0,20,12,455
433,S,13,6,0,45,16,12,0.6923,0.0000,0.3077,2.4615,0,0,13,0,0,0,0,20,12,455
434,S,13,6,0,54,16,12,0.6923,0.0000,0.3077,2.4615,0,0,13,0,0,0,0,20,12,457
435,S,13,6,0,50,16,12,0.6923,0.0000,0.3077,2.4615,0,0,13,0,0,0,0,20,12,457
436,S,13,6,0,46,18,12,0.6923,0.0000,0.3077,2.7692,0,0,13,0,0,0,0,22,12,457
437,S,13,6,0,48,18,12,0.6923,0.0000,0.3077,2.7692,0,0,13,0,0,0,0,22,12,457
438,S,13,6,0,47,17,12,0.6154,0.0000,0.3846,2.6154,0,0,13,0,0,0,0,22,12,458
439,S,13,6,0,47,17,12,0.6154,0.0000,0.3846,2.6154,0,0,13,0,0,0,0,22,12,459
440,S,13,6,0,46,17,12,0.6154,0.0000,0.3846,2.6154,0,0,13,0,0,0,0,22,12,461
441,S,13,6,0,44,17,12,0.6154,0.0000,0.3846,2.6154,0,0,13,0,0,0,0,22,12,462
442,S,13,6,0,51,17,12,0.6154,0.0000,0.3846,2.6154,0,0,13,0,0,0,0,22,12,463
443,S,13,6,0,54,17,12,0.6154,0.0000,0.3846,2.6154,0,0,13,0,0,0,0,22,12,464
444,S,13,6,0,56,15,12,0.6154,0.0000,0.3846,2.3077,0,0,13,0,0,0,0,22,12,465
445,S,13,6,0,54,14,12,0.6154,0.0000,0.3846,2.1538,0,0,13,0,0,0,0,22,12,466
446,S,13,6,0,50,14,12,0.6154,0.0000,0.3846,2.1538,0,0,13,0,0,0,0,22,12,466
447,S,13,6,0,45,14,14,0.6154,0.0000,0.3846,2.1538,0,0,13,0,0,0,0,22,14,467
448,S,13,6,0,42,14,14,0.6154,0.0000,0.3846,2.1538,0,0,13,0,0,0,0,22,14,467
449,S,13,6,0,48,14,14,0.6154,0.0000,0.3846,2.1538,0,0,13,0,0,0,0,22,14,468
450,S,13,6,0,48,14,14,0.6154,0.0000,0.3846,2.1538,0,0,13,0,0,0,0,22,14,470
451,S,13,6,0,44,14,14,0.6154,0.0000,0.3846,2.1538,0,0,13,0,0,0,0,22,14,471
452,S,13,6,0,45,14,14,0.6154,0.0000,0.3846,2.1538,0,0,13,0,0,0,0,22,14,471
453,S,13,6,0,42,14,14,0.6154,0.0000,0.3846,2.1538,0,0,13,0,0,0,0,22,14,472
454,S,13,6,0,44,14,14,0.6154,0.0000,0.3846,2.1538,0,0,13,0,0,0,0,22,14,472
455,S,13,6,0,43,14,14,0.6154,0.0000,0.3846,2.1538,0,0,13,0,0,0,0,22,14,473
456,S,13,6,0,44,14,14,0.6154,0.0000,0.3846,2.1538,0,0,13,0,0,0,0,22,14,473
457,S,13,6,0,42,14,14,0.6154,0.0000,0.3846,2.1538,0,0,13,0,0,0,0,22,14,474
458,S,13,6,0,41,14,14,0.6154,0.0000,0.3846,2.1538,0,0,13,0,0,0,0,22,14,475
459,S,13,6,0,39,14,14,0.6154,0.0000,0.3846,2.1538,0,0,13,0,0,0,0,22,14,477
460,S,13,6,0,40,14,14,0.6154,0.0000,0.3846,2.1538,0,0,13,0,0,0,0,22,14,477
461,S,13,6,0,40,14,14,0.6154,0.0000,0.3846,2.1538,0,0,13,0,0,0,0,22,14,478
462,S,13,6,0,36,14,14,0.6154,0.0000,0.3846,2.1538,0,0,13,0,0,0,0,22,14,480
463,S,13,6,0,37,14,14,0.6154,0.0000,0.3846,2.1538,0,0,13,0,0,0,0,22,14,480
464,S,13,6,0,40,14,14,0.6154,0.0000,0.3846,2.1538,0,0,13,0,0,0,0,22,14,480
465,S,13,6,0,41,14,14,0.6154,0.0000,0.3846,2.1538,0,0,13,0,0,0,0,22,14,480
466,S,13,6,0,44,14,14,0.6154,0.0000,0.3846,2.1538,0,0,13,0,0,0,0,22,14,480
467,S,13,6,0,40,14,14,0.6154,0.0000,0.3846,2.1538,0,0,13,0,0,0,0,22,14,480
468,S,13,6,0,39,14,14,0.6154,0.0000,0.3846,2.1538,0,0,13,0,0,0,0,22,14,480
469,S,13,6,0,37,14,14,0.6154,0.0000,0.3846,2.1538,0,0,13,0,0,0,0,22,14,481
470,S,13,6,0,37,14,14,0.6154,0.0000,0.3846,2.1538,0,0,13,0,0,0,0,22,14,483
471,S,13,6,0,38,14,14,0.6154,0.0000,0.3846,2.1538,0,0,13,0,0,0,0,22,14,483
472,S,13,6,0,38,14,14,0.6154,0.0000,0.3846,2.1538,0,0,13,0,0,0,0,22,14,483
473,S,13,6,0,38,14,14,0.6154,0.0000,0.3846,2.1538,0,0,13,0,0,0,0,22,14,483
474,S,13,6,0,41,14,14,0.6154,0.0000,0.3846,2.1538,0,0,13,0,0,0,0,22,14,483
475,S,13,6,0,36,14,14,0.6154,0.0000,0.3846,2.1538,0,0,13,0,0,0,0,22,14,483
476,S,13,6,0,39,14,14,0.6154,0.0000,0.3846,2.1538,0,0,13,0,0,0,0,22,14,483
477,S,13,6,0,36,14,14,0.6154,0.0000,0.3846,2.1538,0,0,13,0,0,0,0,22,14,483
478,S,13,6,0,40,14,14,0.6154,0.0000,0.3846,2.1538,0,0,13,0,0,0,0,22,14,483
479,S,13,6,0,41,14,14,0.6154,0.0000,0.3846,2.1538,0,0,13,0,0,0,0,22,14,483
480,S,13,6,0,41,14,14,0.6154,0.0000,0.3846,2.1538,0,0,13,0,0,0,0,22,14,485
481,S,13,6,0,39,14,14,0.6154,0.0000,0.3846,2.1538,0,0,13,0,0,0,0,22,14,485
482,S,13,6,0,40,14,14,0.6154,0.0000,0.3846,2.1538,0,0,13,0,0,0,0,22,14,486
483,S,13,6,0,42,14,14,0.6154,0.0000,0.3846,2.1538,0,0,13,0,0,0,0,22,14,487
484,S,13,6,0,41,14,14,0.6154,0.0000,0.3846,2.1538,0,0,13,0,0,0,0,22,14,487
485,S,13,6,0,39,14,14,0.6154,0.0000,0.3846,2.1538,0,0,13,0,0,0,0,22,14,487
486,S,13,6,0,40,15,14,0.6923,0.0000,0.3077,2.3077,0,0,13,0,0,0,0,23,14,488
487,S,13,6,0,40,15,14,0.6923,0.0000,0.3077,2.3077,0,0,13,0,0,0,0,23,14,488
488,S,13,6,0,39,15,14,0.6923,0.0000,0.3077,2.3077,0,0,13,0,0,0,0,23,14,488
489,S,13,6,0,34,15,14,0.6923,0.0000,0.3077,2.3077,0,0,13,0,0,0,0,23,14,488
490,S,13,6,0,34,15,14,0.6923,0.0000,0.3077,2.3077,0,0,13,0,0,0,0,23,14,488
491,S,13,6,0,37,15,14,0.6923,0.0000,0.3077,2.3077,0,0,13,0,0,0,0,23,14,488
492,S,13,6,0,37,16,14,0.7692,0.0000,0.2308,2.4615,1,0,14,0,0,0,0,24,14,490
493,S,13,6,0,35,16,14,0.7692,0.0000,0.2308,2.4615,0,0,14,0,0,0,0,24,14,491
494,S,13,6,0,39,16,14,0.7692,0.0000,0.2308,2.4615,0,0,14,0,0,0,0,24,14,491
495,S,13,6,0,39,16,14,0.7692,0.0000,0.2308,2.4615,0,0,14,0,0,0,0,24,14,492
496,S,13,6,0,40,18,14,0.7692,0.0000,0.2308,2.7692,0,0,14,0,0,0,0,26,14,492
497,S,13,6,0,45,18,14,0.7692,0.0000,0.2308,2.7692,0,0,14,0,0,0,0,26,14,493
498,S,13,6,0,39,18,14,0.7692,0.0000,0.2308,2.7692,0,0,14,0,0,0,0,26,14,494
499,S,13,6,0,36,18,14,0.7692,0.0000,0.2308,2.7692,0,0,14,0,0,0,0,26,14,494
500,S,13,6,0,36,18,14,0.7692,0.0000,0.2308,2.7692,0,0,14,0,0,0,0,26,14,494
501,S,13,6,0,38,18,14,0.7692,0.0000,0.2308,2.7692,0,0,14,0,0,0,0,26,14,495
502,S,13,6,0,41,18,14,0.7692,0.0000,0.2308,2.7692,0,0,14,0,0,0,0,26,14,498
503,S,13,6,0,45,18,14,0.7692,0.0000,0.2308,2.7692,0,0,14,0,0,0,0,26,14,499
504,S,13,6,0,44,18,14,0.7692,0.0000,0.2308,2.7692,0,0,14,0,0,0,0,26,14,500
505,S,13,6,0,44,18,14,0.7692,0.0000,0.2308,2.7692,0,0,14,0,0,0,0,26,14,500
506,S,13,6,0,44,18,14,0.7692,0.0000,0.2308,2.7692,0,0,14,0,0,0,0,26,14,500
507,S,13,6,0,46,18,14,0.7692,0.0000,0.2308,2.7692,0,0,14,0,0,0,0,26,14,500
508,S,13,6,0,45,18,14,0.7692,0.0000,0.2308,2.7692,0,0,14,0,0,0,0,26,14,500
509,S,13,6,0,43,16,14,0.7692,0.0000,0.2308,2.4615,0,0,14,0,0,0,0,26,14,500
510,S,13,6,0,42,16,14,0.7692,0.0000,0.2308,2.4615,0,0,14,0,0,0,0,26,14,500
511,S,13,6,0,43,16,14,0.7692,0.0000,0.2308,2.4615,0,0,14,0,0,0,0,26,14,500
512,S,13,6,0,48,15,14,0.6923,0.0000,0.3077,2.3077,0,0,14,0,0,0,0,26,14,500
513,S,13,6,0,44,15,14,0.6923,0.0000,0.3077,2.3077,0,0,14,0,0,0,0,26,14,500
514,S,13,6,0,45,15,14,0.6923,0.0000,0.3077,2.3077,0,0,14,0,0,0,0,26,14,500
515,S,13,6,0,46,15,14,0.6923,0.0000,0.3077,2.3077,0,0,14,0,0,0,0,26,14,500
516,S,13,6,0,47,15,14,0.6923,0.0000,0.3077,2.3077,0,0,14,0,0,0,0,26,14,500
517,S,13,6,0,46,15,14,0.6923,0.0000,0.3077,2.3077,0,0,14,0,0,0,0,26,14,500
518,S,13,6,0,47,15,14,0.6923,0.0000,0.3077,2.3077,0,0,14,0,0,0,0,26,14,500
519,S,13,6,0,48,15,14,0.6923,0.0000,0.3077,2.3077,0,0,14,0,0,0,0,26,14,500
520,S,13,6,0,47,15,14,0.6923,0.0000,0.3077,2.3077,0,0,14,0,0,0,0,26,14,500
521,S,13,6,0,46,15,14,0.6923,0.0000,0.3077,2.3077,0,0,14,0,0,0,0,26,14,500
522,S,11,6,2,28,9,9,0.3636,0.2727,0.3636,1.6364,0,2,14,0,0,0,0,26,14,500
523,S,10,6,3,25,9,9,0.4000,0.3000,0.3000,1.8000,0,0,14,0,0,0,0,26,14,500
524,S,10,6,3,21,9,9,0.4000,0.3000,0.3000,1.8000,0,0,14,0,0,0,0,26,14,500
525,S,10,6,3,24,9,9,0.4000,0.3000,0.3000,1.8000,0,0,14,0,0,0,0,26,14,500
526,S,9,6,4,21,6,6,0.3333,0.3333,0.3333,1.3333,0,2,14,0,0,0,0,26,14,500
527,S,6,6,7,11,1,1,0.3333,0.0000,0.6667,0.3333,0,5,14,0,0,0,0,26,14,500
528,S,6,6,7,11,1,1,0.3333,0.0000,0.6667,0.3333,0,0,14,0,0,0,0,26,14,500
529,S,6,6,7,11,1,1,0.3333,0.0000,0.6667,0.3333,0,0,14,0,0,0,0,26,14,500
530,S,6,6,7,11,1,1,0.3333,0.0000,0.6667,0.3333,0,0,14,0,0,0,0,26,14,500
531,S,6,6,7,10,3,1,0.6667,0.0000,0.3333,1.0000,0,0,14,0,0,0,0,28,14,500
532,S,6,6,7,10,3,1,0.6667,0.0000,0.3333,1.0000,0,0,14,0,0,0,0,28,14,500
533,S,6,6,7,9,3,1,0.6667,0.0000,0.3333,1.0000,0,0,14,0,0,0,0,28,14,500
534,S,6,6,7,11,3,1,0.6667,0.0000,0.3333,1.0000,0,0,14,0,0,0,0,28,14,500
535,S,6,6,7,9,5,1,0.6667,0.0000,0.3333,1.6667,0,0,14,0,0,0,0,30,14,500
536,S,6,6,7,11,5,1,0.6667,0.0000,0.3333,1.6667,0,0,14,0,0,0,0,30,14,500
537,S,6,6,7,11,6,1,0.6667,0.0000,0.3333,2.0000,0,0,14,0,0,0,0,31,14,500
538,S,6,6,7,9,6,1,0.6667,0.0000,0.3333,2.0000,0,0,14,0,0,0,0,31,14,500
539,S,6,6,7,10,6,1,0.6667,0.0000,0.3333,2.0000,0,0,14,0,0,0,0,31,14,500
540,S,6,6,7,10,6,1,0.6667,0.0000,0.3333,2.0000,0,0,14,0,0,0,0,31,14,500
541,S,6,6,7,9,6,1,0.6667,0.0000,0.3333,2.0000,0,0,14,0,0,0,0,31,14,500
542,S,6,6,7,9,6,1,0.6667,0.0000,0.3333,2.0000,0,0,14,0,0,0,0,31,14,500
543,S,6,6,7,9,6,1,0.6667,0.0000,0.3333,2.0000,0,0,14,0,0,0,0,31,14,500
544,S,6,6,7,10,6,1,0.6667,0.0000,0.3333,2.0000,0,0,14,0,0,0,0,31,14,500
545,S,6,6,7,11,6,1,0.6667,0.0000,0.3333,2.0000,0,0,14,0,0,0,0,31,14,500
546,S,6,6,7,8,6,1,0.6667,0.0000,0.3333,2.0000,0,0,14,0,0,0,0,31,14,500
547,S,6,6,7,7,6,1,0.6667,0.0000,0.3333,2.0000,0,0,14,0,0,0,0,31,14,500
548,S,6,6,7,7,5,1,0.6667,0.0000,0.3333,1.6667,0,0,14,0,0,0,0,31,14,500
549,S,6,6,7,8,5,1,0.6667,0.0000,0.3333,1.6667,0,0,14,0,0,0,0,31,14,500
550,S,6,6,7,10,5,1,0.6667,0.0000,0.3333,1.6667,0,0,14,0,0,0,0,31,14,500
551,S,6,6,7,10,5,1,0.6667,0.0000,0.3333,1.6667,0,0,14,0,0,0,0,31,14,500
552,S,6,6,7,9,3,1,0.5000,0.0000,0.5000,1.0000,0,0,14,0,0,0,0,31,14,500
553,S,6,6,7,10,3,1,0.5000,0.0000,0.5000,1.0000,0,0,14,0,0,0,0,31,14,500
554,S,6,6,7,9,3,1,0.5000,0.0000,0.5000,1.0000,0,0,14,0,0,0,0,31,14,500
555,S,6,6,7,8,3,1,0.5000,0.0000,0.5000,1.0000,0,0,14,0,0,0,0,31,14,500
556,S,6,6,7,9,2,1,0.5000,0.0000,0.5000,0.6667,0,0,14,0,0,0,0,31,14,500
557,S,6,6,7,8,2,1,0.5000,0.0000,0.5000,0.6667,0,0,14,0,0,0,0,31,14,500
558,S,6,6,7,8,2,1,0.5000,0.0000,0.5000,0.6667,0,0,14,0,0,0,0,31,14,500
559,S,6,6,7,8,2,1,0.5000,0.0000,0.5000,0.6667,0,0,14,0,0,0,0,31,14,500
560,S,6,6,7,9,2,1,0.5000,0.0000,0.5000,0.6667,0,0,14,0,0,0,0,31,14,500
561,S,6,6,7,10,2,1,0.5000,0.0000,0.5000,0.6667,0,0,14,0,0,0,0,31,14,500
562,S,6,6,7,9,2,1,0.5000,0.0000,0.5000,0.6667,0,0,14,0,0,0,0,31,14,500
563,S,6,6,7,8,1,1,0.3333,0.0000,0.6667,0.3333,0,0,14,0,0,0,0,31,14,500
564,S,7,7,7,8,2,1,0.2857,0.2857,0.4286,0.5714,0,0,14,0,0,0,0,31,14,500
565,S,7,7,7,10,2,1,0.2857,0.2857,0.4286,0.5714,0,0,14,0,0,0,0,31,14,500
566,S,8,8,7,13,3,1,0.2500,0.2500,0.2500,0.7500,0,0,14,0,0,0,0,31,14,500
567,S,8,8,7,12,3,1,0.2500,0.2500,0.2500,0.7500,0,0,14,0,0,0,0,31,14,500
568,S,8,8,7,12,3,1,0.2500,0.2500,0.2500,0.7500,0,0,14,0,0,0,0,31,14,500
569,S,8,8,7,10,3,1,0.2500,0.2500,0.2500,0.7500,0,0,14,0,0,0,0,31,14,500
570,S,8,8,7,10,3,1,0.2500,0.2500,0.2500,0.7500,0,0,14,0,0,0,0,31,14,500
571,S,8,8,7,11,4,1,0.5000,0.2500,0.2500,1.0000,1,0,15,0,0,0,0,32,14,500
572,S,8,8,7,12,4,1,0.5000,0.2500,0.2500,1.0000,0,0,15,0,0,0,0,32,14,500
573,S,8,8,7,10,4,1,0.5000,0.2500,0.2500,1.0000,0,0,15,0,0,0,0,32,14,500
574,S,8,8,7,11,4,1,0.5000,0.2500,0.2500,1.0000,0,0,15,0,0,0,0,32,14,500
575,S,8,8,7,9,4,1,0.5000,0.2500,0.2500,1.0000,0,0,15,0,0,0,0,32,14,500
576,S,8,8,7,10,4,1,0.5000,0.2500,0.2500,1.0000,0,0,15,0,0,0,0,32,14,500
577,S,8,8,7,9,4,2,0.5000,0.2500,0.2500,1.0000,1,0,16,0,0,0,0,32,15,500
578,S,8,8,7,10,4,2,0.5000,0.2500,0.2500,1.0000,0,0,16,0,0,0,0,32,15,500
579,S,8,8,7,11,4,2,0.5000,0.2500,0.2500,1.0000,0,0,16,0,0,0,0,32,15,500
580,S,9,9,7,13,5,2,0.4444,0.2222,0.1111,1.1111,0,0,16,0,0,0,0,32,15,500
581,S,9,9,7,14,5,2,0.4444,0.2222,0.1111,1.1111,0,0,16,0,0,0,0,32,15,500
582,S,9,9,7,13,5,2,0.4444,0.2222,0.1111,1.1111,0,0,16,0,0,0,0,32,15,500
583,S,10,10,7,18,6,2,0.4000,0.2000,0.0000,1.2000,0,0,16,0,0,0,0,32,15,500
584,S,10,10,7,18,8,2,0.6000,0.2000,0.0000,1.6000,1,0,17,0,0,0,0,34,15,500
585,S,10,10,7,21,8,2,0.6000,0.2000,0.0000,1.6000,0,0,17,0,0,0,0,34,15,500
586,S,10,10,7,22,8,2,0.6000,0.2000,0.0000,1.6000,0,0,17,0,0,0,0,34,15,500
587,S,10,10,7,23,10,2,0.6000,0.4000,0.0000,2.0000,1,0,18,0,0,0,0,36,15,500
588,S,10,10,7,19,11,2,0.6000,0.4000,0.0000,2.2000,0,0,18,0,0,0,0,37,15,500
589,S,10,10,7,19,12,4,0.6000,0.4000,0.0000,2.4000,0,0,18,0,0,0,0,38,17,500
590,S,10,10,7,18,12,4,0.6000,0.4000,0.0000,2.4000,0,0,18,0,0,0,0,38,17,500
591,S,10,10,7,18,12,4,0.6000,0.4000,0.0000,2.4000,0,0,18,0,0,0,0,38,17,500
592,S,10,10,7,17,12,5,0.6000,0.4000,0.0000,2.4000,0,0,18,0,0,0,0,38,18,500
593,S,10,10,7,17,12,6,0.6000,0.4000,0.0000,2.4000,0,0,18,0,0,0,0,38,19,500
594,S,10,10,7,17,12,6,0.6000,0.4000,0.0000,2.4000,0,0,18,0,0,0,0,38,19,500
595,S,10,10,7,19,12,6,0.6000,0.4000,0.0000,2.4000,0,0,18,0,0,0,0,38,19,500
596,S,10,10,7,18,12,6,0.6000,0.4000,0.0000,2.4000,0,0,18,0,0,0,0,38,19,500
597,S,10,10,7,18,12,6,0.6000,0.4000,0.0000,2.4000,0,0,18,0,0,0,0,38,19,500
598,S,10,10,7,20,12,6,0.6000,0.4000,0.0000,2.4000,0,0,18,0,0,0,0,38,19,500
599,S,10,10,7,17,12,6,0.6000,0.4000,0.0000,2.4000,0,0,18,0,0,0,0,38,19,500
600,S,10,10,7,17,12,6,0.6000,0.4000,0.0000,2.4000,0,0,18,0,0,0,0,38,19,500
601,S,10,10,7,17,12,6,0.6000,0.4000,0.0000,2.4000,0,0,18,0,0,0,0,38,19,500
602,S,10,10,7,17,12,6,0.6000,0.4000,0.0000,2.4000,0,0,18,0,0,0,0,38,19,500
603,S,10,10,7,16,11,6,0.6000,0.3000,0.1000,2.2000,0,0,18,0,0,0,0,38,19,500
604,S,10,10,7,16,11,6,0.6000,0.3000,0.1000,2.2000,0,0,18,0,0,0,0,38,19,500
605,S,10,10,7,17,11,6,0.6000,0.3000,0.1000,2.2000,0,0,18,0,0,0,0,38,19,500
606,S,10,10,7,19,11,6,0.6000,0.3000,0.1000,2.2000,0,0,18,0,0,0,0,38,19,500
607,S,10,10,7,19,12,6,0.6000,0.3000,0.1000,2.4000,0,0,18,0,0,0,0,39,19,500
608,S,10,10,7,19,12,6,0.6000,0.3000,0.1000,2.4000,0,0,18,0,0,0,0,39,19,500
609,S,10,10,7,18,12,6,0.6000,0.3000,0.1000,2.4000,0,0,18,0,0,0,0,39,19,500
610,S,10,10,7,18,12,6,0.6000,0.3000,0.1000,2.4000,0,0,18,0,0,0,0,39,19,500
611,S,10,10,7,18,11,6,0.5000,0.3000,0.2000,2.2000,0,0,18,0,0,0,0,39,19,500
612,S,10,10,7,18,11,6,0.5000,0.3000,0.2000,2.2000,0,0,18,0,0,0,0,39,19,500
613,S,10,10,7,16,11,6,0.5000,0.3000,0.2000,2.2000,0,0,18,0,0,0,0,39,19,500
614,S,10,10,7,16,11,6,0.5000,0.3000,0.2000,2.2000,0,0,18,0,0,0,0,39,19,500
615,S,10,10,7,16,11,6,0.5000,0.3000,0.2000,2.2000,0,0,18,0,0,0,0,39,19,500
616,S,10,10,7,16,11,6,0.5000,0.3000,0.2000,2.2000,0,0,18,0,0,0,0,39,19,500
617,S,10,10,7,16,11,6,0.5000,0.3000,0.2000,2.2000,0,0,18,0,0,0,0,39,19,500
618,S,10,10,7,16,11,6,0.5000,0.3000,0.2000,2.2000,0,0,18,0,0,0,0,39,19,500
619,S,10,10,7,19,11,6,0.5000,0.3000,0.2000,2.2000,0,0,18,0,0,0,0,39,19,500
620,S,10,10,7,19,11,6,0.5000,0.3000,0.2000,2.2000,0,0,18,0,0,0,0,39,19,500
621,S,10,10,7,19,11,6,0.5000,0.3000,0.2000,2.2000,0,0,18,0,0,0,0,39,19,500
622,S,10,10,7,20,11,6,0.5000,0.3000,0.2000,2.2000,0,0,18,0,0,0,0,39,19,500
623,S,10,10,7,18,11,6,0.5000,0.3000,0.2000,2.2000,0,0,18,0,0,0,0,39,19,500
624,S,10,10,7,16,11,6,0.5000,0.3000,0.2000,2.2000,0,0,18,0,0,0,0,39,19,500
625,S,10,10,7,16,11,6,0.5000,0.3000,0.2000,2.2000,0,0,18,0,0,0,0,39,19,500
626,S,10,10,7,16,10,6,0.5000,0.3000,0.2000,2.0000,0,0,18,0,0,0,0,39,19,500
627,S,10,10,7,19,9,6,0.5000,0.3000,0.2000,1.8000,0,0,18,0,0,0,0,39,19,500
628,S,10,10,7,20,9,6,0.5000,0.3000,0.2000,1.8000,0,0,18,0,0,0,0,39,19,500
629,S,10,10,7,17,9,6,0.5000,0.3000,0.2000,1.8000,0,0,18,0,0,0,0,39,19,500
630,S,10,10,7,16,9,6,0.5000,0.3000,0.2000,1.8000,0,0,18,0,0,0,0,39,19,500
631,S,10,10,7,21,9,6,0.5000,0.3000,0.2000,1.8000,0,0,18,0,0,0,0,39,19,500
632,S,10,10,7,21,9,6,0.5000,0.3000,0.2000,1.8000,0,0,18,0,0,0,0,39,19,500
633,S,10,10,7,25,9,6,0.5000,0.3000,0.2000,1.8000,0,0,18,0,0,0,0,39,19,500
634,S,10,10,7,21,9,6,0.5000,0.3000,0.2000,1.8000,0,0,18,0,0,0,0,39,19,500
635,S,10,10,7,24,9,6,0.5000,0.3000,0.2000,1.8000,0,0,18,0,0,0,0,39,19,500
636,S,10,10,7,23,9,6,0.5000,0.3000,0.2000,1.8000,0,0,18,0,0,0,0,39,19,500
637,S,10,10,7,24,9,6,0.5000,0.3000,0.2000,1.8000,0,0,18,0,0,0,0,39,19,500
638,S,10,10,7,24,9,6,0.5000,0.3000,0.2000,1.8000,0,0,18,0,0,0,0,39,19,500
639,S,10,10,7,25,9,6,0.5000,0.3000,0.2000,1.8000,0,0,18,0,0,0,0,39,19,500
640,S,10,10,7,28,9,6,0.5000,0.3000,0.2000,1.8000,0,0,18,0,0,0,0,39,19,500
641,S,10,10,7,24,9,6,0.5000,0.3000,0.2000,1.8000,0,0,18,0,0,0,0,39,19,500
642,S,10,10,7,23,8,6,0.5000,0.3000,0.2000,1.6000,0,0,18,0,0,0,0,39,19,500
643,S,10,10,7,25,8,6,0.5000,0.3000,0.2000,1.6000,0,0,18,0,0,0,0,39,19,500
644,S,10,10,7,26,8,6,0.5000,0.3000,0.2000,1.6000,0,0,18,0,0,0,0,39,19,500
645,S,10,10,7,24,8,6,0.5000,0.3000,0.2000,1.6000,0,0,18,0,0,0,0,39,19,500
646,S,10,10,7,25,8,6,0.5000,0.3000,0.2000,1.6000,0,0,18,0,0,0,0,39,19,500
647,S,10,10,7,24,7,6,0.4000,0.3000,0.3000,1.4000,0,0,18,0,0,0,0,39,19,500
648,S,10,10,7,23,7,6,0.4000,0.3000,0.3000,1.4000,0,0,18,0,0,0,0,39,19,500
649,S,10,10,7,26,7,6,0.4000,0.3000,0.3000,1.4000,0,0,18,0,0,0,0,39,19,500
650,S,10,10,7,28,7,6,0.4000,0.3000,0.3000,1.4000,0,0,18,0,0,0,0,39,19,500
651,S,10,10,7,28,7,6,0.4000,0.3000,0.3000,1.4000,0,0,18,0,0,0,0,39,19,500
652,S,10,10,7,24,7,6,0.4000,0.3000,0.3000,1.4000,0,0,18,0,0,0,0,39,19,500
653,S,10,10,7,25,7,6,0.4000,0.3000,0.3000,1.4000,0,0,18,0,0,0,0,39,19,500
654,S,10,10,7,25,7,6,0.4000,0.3000,0.3000,1.4000,0,0,18,0,0,0,0,39,19,500
655,S,10,10,7,25,7,6,0.4000,0.3000,0.3000,1.4000,0,0,18,0,0,0,0,39,19,500
656,S,10,10,7,25,7,6,0.4000,0.3000,0.3000,1.4000,0,0,18,0,0,0,0,39,19,500
657,S,10,10,7,26,7,6,0.4000,0.3000,0.3000,1.4000,0,0,18,0,0,0,0,39,19,500
658,S,10,10,7,24,9,6,0.7000,0.0000,0.3000,1.8000,0,0,18,0,0,0,0,41,19,500
659,S,10,10,7,25,8,6,0.4000,0.3000,0.3000,1.6000,0,0,18,0,0,0,0,41,19,500
660,S,10,10,7,26,8,6,0.4000,0.3000,0.3000,1.6000,0,0,18,0,0,0,0,41,19,500
661,S,10,10,7,26,8,6,0.4000,0.3000,0.3000,1.6000,0,0,18,0,0,0,0,41,19,500
662,S,10,10,7,25,8,6,0.4000,0.3000,0.3000,1.6000,0,0,18,0,0,0,0,41,19,500
663,S,10,10,7,26,8,6,0.4000,0.3000,0.3000,1.6000,0,0,18,0,0,0,0,41,19,500
664,S,10,10,7,24,8,6,0.4000,0.3000,0.3000,1.6000,0,0,18,0,0,0,0,41,19,500
665,S,10,10,7,21,8,6,0.4000,0.3000,0.3000,1.6000,0,0,18,0,0,0,0,41,19,500
666,S,10,10,7,19,8,6,0.4000,0.3000,0.3000,1.6000,0,0,18,0,0,0,0,41,19,500
667,S,10,10,7,18,8,6,0.4000,0.3000,0.3000,1.6000,0,0,18,0,0,0,0,41,19,500
668,S,10,10,7,20,8,6,0.4000,0.3000,0.3000,1.6000,0,0,18,0,0,0,0,41,19,500
669,S,10,10,7,20,8,6,0.4000,0.3000,0.3000,1.6000,0,0,18,0,0,0,0,41,19,500
670,S,10,10,7,19,8,6,0.4000,0.3000,0.3000,1.6000,0,0,18,0,0,0,0,41,19,500
671,S,10,10,7,20,8,6,0.4000,0.3000,0.3000,1.6000,0,0,18,0,0,0,0,41,19,500
672,S,10,10,7,24,8,6,0.4000,0.3000,0.3000,1.6000,0,0,18,0,0,0,0,41,19,500
673,S,10,10,7,27,8,6,0.4000,0.3000,0.3000,1.6000,0,0,18,0,0,0,0,41,19,500
674,S,10,10,7,24,8,6,0.4000,0.3000,0.3000,1.6000,0,0,18,0,0,0,0,41,19,500
675,S,10,10,7,26,8,6,0.4000,0.3000,0.3000,1.6000,0,0,18,0,0,0,0,41,19,500
676,S,10,10,7,26,8,6,0.4000,0.3000,0.3000,1.6000,0,0,18,0,0,0,0,41,19,500
677,S,10,10,7,24,8,6,0.4000,0.3000,0.3000,1.6000,0,0,18,0,0,0,0,41,19,500
678,S,10,10,7,26,8,6,0.4000,0.3000,0.3000,1.6000,0,0,18,0,0,0,0,41,19,500
679,S,10,10,7,26,8,6,0.4000,0.3000,0.3000,1.6000,0,0,18,0,0,0,0,41,19,500
680,S,10,10,7,25,8,6,0.4000,0.3000,0.3000,1.6000,0,0,18,0,0,0,0,41,19,500
681,S,10,10,7,22,8,6,0.4000,0.3000,0.3000,1.6000,0,0,18,0,0,0,0,41,19,500
682,S,10,10,7,20,7,6,0.4000,0.3000,0.3000,1.4000,0,0,18,0,0,0,0,41,19,500
683,S,10,10,7,23,6,6,0.3000,0.3000,0.4000,1.2000,0,0,18,0,0,0,0,41,19,500
684,S,10,10,7,25,6,6,0.3000,0.3000,0.4000,1.2000,0,0,18,0,0,0,0,41,19,500
685,S,10,10,7,26,6,6,0.3000,0.3000,0.4000,1.2000,0,0,18,0,0,0,0,41,19,500
686,S,10,10,7,21,6,6,0.3000,0.3000,0.4000,1.2000,0,0,18,0,0,0,0,41,19,500
687,S,10,10,7,20,6,6,0.3000,0.3000,0.4000,1.2000,0,0,18,0,0,0,0,41,19,500
688,S,10,10,7,18,6,6,0.3000,0.3000,0.4000,1.2000,0,0,18,0,0,0,0,41,19,500
689,S,6,10,11,6,1,1,0.3333,0.0000,0.6667,0.3333,0,5,18,0,0,0,0,41,19,500
690,S,3,10,14,1,0,0,0.3333,0.0000,1.0000,0.0000,0,1,18,0,0,0,0,41,19,500
691,S,2,10,15,1,0,0,0.5000,0.0000,1.0000,0.0000,0,0,18,0,0,0,0,41,19,500
692,S,1,10,16,0,0,0,1.0000,0.0000,1.0000,0.0000,0,0,18,0,0,0,0,41,19,500
693,S,1,10,16,0,0,0,1.0000,0.0000,1.0000,0.0000,0,0,18,0,0,0,0,41,19,500
694,S,1,10,16,0,0,0,1.0000,0.0000,1.0000,0.0000,0,0,18,0,0,0,0,41,19,500
695,S,1,10,16,0,0,0,1.0000,0.0000,1.0000,0.0000,0,0,18,0,0,0,0,41,19,500
696,S,1,10,16,0,0,0,1.0000,0.0000,1.0000,0.0000,0,0,18,0,0,0,0,41,19,500
697,S,1,10,16,0,0,0,1.0000,0.0000,1.0000,0.0000,0,0,18,0,0,0,0,41,19,500
698,S,1,10,16,0,0,0,1.0000,0.0000,1.0000,0.0000,0,0,18,0,0,0,0,41,19,500
699,S,1,10,16,0,0,0,1.0000,0.0000,1.0000,0.0000,0,0,18,0,0,0,0,41,19,500
700,S,1,10,16,0,0,0,1.0000,0.0000,1.0000,0.0000,0,0,18,0,0,0,0,41,19,500
701,S,1,10,16,0,0,0,1.0000,0.0000,1.0000,0.0000,0,0,18,0,0,0,0,41,19,500
702,S,1,10,16,0,0,0,1.0000,0.0000,1.0000,0.0000,0,0,18,0,0,0,0,41,19,500
703,S,1,10,16,0,0,0,1.0000,0.0000,1.0000,0.0000,0,0,18,0,0,0,0,41,19,500
704,S,0,10,17,0,0,0,0.0000,0.0000,0.0000,0.0000,0,0,18,0,0,0,0,41,19,500
705,S,0,10,17,0,0,0,0.0000,0.0000,0.0000,0.0000,0,0,18,0,0,0,0,41,19,500
706,S,0,10,17,0,0,0,0.0000,0.0000,0.0000,0.0000,0,0,18,0,0,0,0,41,19,500
707,S,0,10,17,0,0,0,0.0000,0.0000,0.0000,0.0000,0,0,18,0,0,0,0,41,19,500
708,S,0,10,17,0,0,0,0.0000,0.0000,0.0000,0.0000,0,0,18,0,0,0,0,41,19,500
709,S,0,10,17,0,0,0,0.0000,0.0000,0.0000,0.0000,0,0,18,0,0,0,0,41,19,500
710,S,0,10,17,0,0,0,0.0000,0.0000,0.0000,0.0000,0,0,18,0,0,0,0,41,19,500
711,S,0,10,17,0,0,0,0.0000,0.0000,0.0000,0.0000,0,0,18,0,0,0,0,41,19,500
712,S,0,10,17,0,0,0,0.0000,0.0000,0.0000,0.0000,0,0,18,0,0,0,0,41,19,500
713,S,0,10,17,0,0,0,0.0000,0.0000,0.0000,0.0000,0,0,18,0,0,0,0,41,19,500
714,S,0,10,17,0,0,0,0.0000,0.0000,0.0000,0.0000,0,0,18,0,0,0,0,41,19,500
715,S,0,10,17,0,0,0,0.0000,0.0000,0.0000,0.0000,0,0,18,0,0,0,0,41,19,500
716,S,0,10,17,0,0,0,0.0000,0.0000,0.0000,0.0000,0,0,18,0,0,0,0,41,19,500
717,S,0,10,17,0,0,0,0.0000,0.0000,0.0000,0.0000,0,0,18,0,0,0,0,41,19,500
718,S,0,10,17,0,0,0,0.0000,0.0000,0.0000,0.0000,0,0,18,0,0,0,0,41,19,500
719,S,0,10,17,0,0,0,0.0000,0.0000,0.0000,0.0000,0,0,18,0,0,0,0,41,19,500
720,S,0,10,17,0,0,0,0.0000,0.0000,0.0000,0.0000,0,0,18,0,0,0,0,41,19,500
721,S,0,10,17,0,0,0,0.0000,0.0000,0.0000,0.0000,0,0,18,0,0,0,0,41,19,500
722,S,0,10,17,0,0,0,0.0000,0.0000,0.0000,0.0000,0,0,18,0,0,0,0,41,19,500
723,S,0,10,17,0,0,0,0.0000,0.0000,0.0000,0.0000,0,0,18,0,0,0,0,41,19,500
724,S,0,10,17,0,0,0,0.0000,0.0000,0.0000,0.0000,0,0,18,0,0,0,0,41,19,500
725,S,0,10,17,0,0,0,0.0000,0.0000,0.0000,0.0000,0,0,18,0,0,0,0,41,19,500
726,S,0,10,17,0,0,0,0.0000,0.0000,0.0000,0.0000,0,0,18,0,0,0,0,41,19,500
727,S,0,10,17,0,0,0,0.0000,0.0000,0.0000,0.0000,0,0,18,0,0,0,0,41,19,500
728,S,0,10,17,0,0,0,0.0000,0.0000,0.0000,0.0000,0,0,18,0,0,0,0,41,19,500
729,S,0,10,17,0,0,0,0.0000,0.0000,0.0000,0.0000,0,0,18,0,0,0,0,41,19,500
730,S,0,10,17,0,0,0,0.0000,0.0000,0.0000,0.0000,0,0,18,0,0,0,0,41,19,500
731,S,0,10,17,0,0,0,0.0000,0.0000,0.0000,0.0000,0,0,18,0,0,0,0,41,19,500
732,S,0,10,17,0,0,0,0.0000,0.0000,0.0000,0.0000,0,0,18,0,0,0,0,41,19,500
733,S,0,10,17,0,0,0,0.0000,0.0000,0.0000,0.0000,0,0,18,0,0,0,0,41,19,500
734,S,0,10,17,0,0,0,0.0000,0.0000,0.0000,0.0000,0,0,18,0,0,0,0,41,19,500
735,S,0,10,17,0,0,0,0.0000,0.0000,0.0000,0.0000,0,0,18,0,0,0,0,41,19,500
736,S,0,10,17,0,0,0,0.0000,0.0000,0.0000,0.0000,0,0,18,0,0,0,0,41,19,500
737,S,0,10,17,0,0,0,0.0000,0.0000,0.0000,0.0000,0,0,18,0,0,0,0,41,19,500
738,S,0,10,17,0,0,0,0.0000,0.0000,0.0000,0.0000,0,0,18,0,0,0,0,41,19,500
739,S,0,10,17,0,0,0,0.0000,0.0000,0.0000,0.0000,0,0,18,0,0,0,0,41,19,500
740,S,0,10,17,0,0,0,0.0000,0.0000,0.0000,0.0000,0,0,18,0,0,0,0,41,19,500
741,S,0,10,17,0,0,0,0.0000,0.0000,0.0000,0.0000,0,0,18,0,0,0,0,41,19,500
742,S,0,10,17,0,0,0,0.0000,0.0000,0.0000,0.0000,0,0,18,0,0,0,0,41,19,500
743,S,0,10,17,0,0,0,0.0000,0.0000,0.0000,0.0000,0,0,18,0,0,0,0,41,19,500
744,S,0,10,17,0,0,0,0.0000,0.0000,0.0000,0.0000,0,0,18,0,0,0,0,41,19,500
745,S,0,10,17,0,0,0,0.0000,0.0000,0.0000,0.0000,0,0,18,0,0,0,0,41,19,500
746,S,0,10,17,0,0,0,0.0000,0.0000,0.0000,0.0000,0,0,18,0,0,0,0,41,19,500
747,S,0,10,17,0,0,0,0.0000,0.0000,0.0000,0.0000,0,0,18,0,0,0,0,41,19,500
748,S,0,10,17,0,0,0,0.0000,0.0000,0.0000,0.0000,0,0,18,0,0,0,0,41,19,500
749,S,0,10,17,0,0,0,0.0000,0.0000,0.0000,0.0000,0,0,18,0,0,0,0,41,19,500
750,S,0,10,17,0,0,0,0.0000,0.0000,0.0000,0.0000,0,0,18,0,0,0,0,41,19,500
751,S,0,10,17,0,0,0,0.0000,0.0000,0.0000,0.0000,0,0,18,0,0,0,0,41,19,500
752,S,0,10,17,0,0,0,0.0000,0.0000,0.0000,0.0000,0,0,18,0,0,0,0,41,19,500
753,S,0,10,17,0,0,0,0.0000,0.0000,0.0000,0.0000,0,0,18,0,0,0,0,41,19,500
754,S,0,10,17,0,0,0,0.0000,0.0000,0.0000,0.0000,0,0,18,0,0,0,0,41,19,500
755,S,0,10,17,0,0,0,0.0000,0.0000,0.0000,0.0000,0,0,18,0,0,0,0,41,19,500
756,S,0,10,17,0,0,0,0.0000,0.0000,0.0000,0.0000,0,0,18,0,0,0,0,41,19,500
757,S,0,10,17,0,0,0,0.0000,0.0000,0.0000,0.0000,0,0,18,0,0,0,0,41,19,500
758,S,0,10,17,0,0,0,0.0000,0.0000,0.0000,0.0000,0,0,18,0,0,0,0,41,19,500
759,S,0,10,17,0,0,0,0.0000,0.0000,0.0000,0.0000,0,0,18,0,0,0,0,41,19,500
760,S,0,10,17,0,0,0,0.0000,0.0000,0.0000,0.0000,0,0,18,0,0,0,0,41,19,500
761,S,0,10,17,0,0,0,0.0000,0.0000,0.0000,0.0000,0,0,18,0,0,0,0,41,19,500
762,S,0,10,17,0,0,0,0.0000,0.0000,0.0000,0.0000,0,0,18,0,0,0,0,41,19,500
763,S,0,10,17,0,0,0,0.0000,0.0000,0.0000,0.0000,0,0,18,0,0,0,0,41,19,500
764,S,0,10,17,0,0,0,0.0000,0.0000,0.0000,0.0000,0,0,18,0,0,0,0,41,19,500
765,S,0,10,17,0,0,0,0.0000,0.0000,0.0000,0.0000,0,0,18,0,0,0,0,41,19,500
766,S,0,10,17,0,0,0,0.0000,0.0000,0.0000,0.0000,0,0,18,0,0,0,0,41,19,500
767,S,0,10,17,0,0,0,0.0000,0.0000,0.0000,0.0000,0,0,18,0,0,0,0,41,19,500
768,S,0,10,17,0,0,0,0.0000,0.0000,0.0000,0.0000,0,0,18,0,0,0,0,41,19,500
769,S,0,10,17,0,0,0,0.0000,0.0000,0.0000,0.0000,0,0,18,0,0,0,0,41,19,500
770,S,0,10,17,0,0,0,0.0000,0.0000,0.0000,0.0000,0,0,18,0,0,0,0,41,19,500
771,S,0,10,17,0,0,0,0.0000,0.0000,0.0000,0.0000,0,0,18,0,0,0,0,41,19,500
772,S,0,10,17,0,0,0,0.0000,0.0000,0.0000,0.0000,0,0,18,0,0,0,0,41,19,500
773,S,0,10,17,0,0,0,0.0000,0.0000,0.0000,0.0000,0,0,18,0,0,0,0,41,19,500
774,S,0,10,17,0,0,0,0.0000,0.0000,0.0000,0.0000,0,0,18,0,0,0,0,41,19,500
775,S,0,10,17,0,0,0,0.0000,0.0000,0.0000,0.0000,0,0,18,0,0,0,0,41,19,500
776,S,0,10,17,0,0,0,0.0000,0.0000,0.0000,0.0000,0,0,18,0,0,0,0,41,19,500
777,S,0,10,17,0,0,0,0.0000,0.0000,0.0000,0.0000,0,0,18,0,0,0,0,41,19,500
778,S,0,10,17,0,0,0,0.0000,0.0000,0.0000,0.0000,0,0,18,0,0,0,0,41,19,500
779,S,0,10,17,0,0,0,0.0000,0.0000,0.0000,0.0000,0,0,18,0,0,0,0,41,19,500
780,S,0,10,17,0,0,0,0.0000,0.0000,0.0000,0.0000,0,0,18,0,0,0,0,41,19,500
781,S,0,10,17,0,0,0,0.0000,0.0000,0.0000,0.0000,0,0,18,0,0,0,0,41,19,500
782,S,0,10,17,0,0,0,0.0000,0.0000,0.0000,0.0000,0,0,18,0,0,0,0,41,19,500
783,S,0,10,17,0,0,0,0.0000,0.0000,0.0000,0.0000,0,0,18,0,0,0,0,41,19,500
784,S,0,10,17,0,0,0,0.0000,0.0000,0.0000,0.0000,0,0,18,0,0,0,0,41,19,500
785,S,0,10,17,0,0,0,0.0000,0.0000,0.0000,0.0000,0,0,18,0,0,0,0,41,19,500
786,S,0,10,17,0,0,0,0.0000,0.0000,0.0000,0.0000,0,0,18,0,0,0,0,41,19,500
787,S,0,10,17,0,0,0,0.0000,0.0000,0.0000,0.0000,0,0,18,0,0,0,0,41,19,500
788,S,0,10,17,0,0,0,0.0000,0.0000,0.0000,0.0000,0,0,18,0,0,0,0,41,19,500
789,S,0,10,17,0,0,0,0.0000,0.0000,0.0000,0.0000,0,0,18,0,0,0,0,41,19,500
790,S,0,10,17,0,0,0,0.0000,0.0000,0.0000,0.0000,0,0,18,0,0,0,0,41,19,500
791,S,0,10,17,0,0,0,0.0000,0.0000,0.0000,0.0000,0,0,18,0,0,0,0,41,19,500
792,S,0,10,17,0,0,0,0.0000,0.0000,0.0000,0.0000,0,0,18,0,0,0,0,41,19,500
793,S,0,10,17,0,0,0,0.0000,0.0000,0.0000,0.0000,0,0,18,0,0,0,0,41,19,500
794,S,0,10,17,0,0,0,0.0000,0.0000,0.0000,0.0000,0,0,18,0,0,0,0,41,19,500
795,S,0,10,17,0,0,0,0.0000,0.0000,0.0000,0.0000,0,0,18,0,0,0,0,41,19,500
796,S,0,10,17,0,0,0,0.0000,0.0000,0.0000,0.0000,0,0,18,0,0,0,0,41,19,500
797,S,0,10,17,0,0,0,0.0000,0.0000,0.0000,0.0000,0,0,18,0,0,0,0,41,19,500
798,S,0,10,17,0,0,0,0.0000,0.0000,0.0000,0.0000,0,0,18,0,0,0,0,41,19,500
799,S,0,10,17,0,0,0,0.0000,0.0000,0.0000,0.0000,0,0,18,0,0,0,0,41,19,500
800,S,0,10,17,0,0,0,0.0000,0.0000,0.0000,0.0000,0,0,18,0,0,0,0,41,19,500
801,S,0,10,17,0,0,0,0.0000,0.0000,0.0000,0.0000,0,0,18,0,0,0,0,41,19,500
802,S,0,10,17,0,0,0,0.0000,0.0000,0.0000,0.0000,0,0,18,0,0,0,0,41,19,500
803,S,0,10,17,0,0,0,0.0000,0.0000,0.0000,0.0000,0,0,18,0,0,0,0,41,19,500
804,S,0,10,17,0,0,0,0.0000,0.0000,0.0000,0.0000,0,0,18,0,0,0,0,41,19,500
805,S,0,10,17,0,0,0,0.0000,0.0000,0.0000,0.0000,0,0,18,0,0,0,0,41,19,500
806,S,0,10,17,0,0,0,0.0000,0.0000,0.0000,0.0000,0,0,18,0,0,0,0,41,19,500
807,S,0,10,17,0,0,0,0.0000,0.0000,0.0000,0.0000,0,0,18,0,0,0,0,41,19,500
808,S,0,10,17,0,0,0,0.0000,0.0000,0.0000,0.0000,0,0,18,0,0,0,0,41,19,500
809,S,0,10,17,0,0,0,0.0000,0.0000,0.0000,0.0000,0,0,18,0,0,0,0,41,19,500
810,S,0,10,17,0,0,0,0.0000,0.0000,0.0000,0.0000,0,0,18,0,0,0,0,41,19,500
811,S,0,10,17,0,0,0,0.0000,0.0000,0.0000,0.0000,0,0,18,0,0,0,0,41,19,500
812,S,0,10,17,0,0,0,0.0000,0.0000,0.0000,0.0000,0,0,18,0,0,0,0,41,19,500
813,S,0,10,17,0,0,0,0.0000,0.0000,0.0000,0.0000,0,0,18,0,0,0,0,41,19,500
814,S,0,10,17,0,0,0,0.0000,0.0000,0.0000,0.0000,0,0,18,0,0,0,0,41,19,500
815,S,0,10,17,0,0,0,0.0000,0.0000,0.0000,0.0000,0,0,18,0,0,0,0,41,19,500
816,S,0,10,17,0,0,0,0.0000,0.0000,0.0000,0.0000,0,0,18,0,0,0,0,41,19,500
817,S,0,10,17,0,0,0,0.0000,0.0000,0.0000,0.0000,0,0,18,0,0,0,0,41,19,500
818,S,0,10,17,0,0,0,0.0000,0.0000,0.0000,0.0000,0,0,18,0,0,0,0,41,19,500
819,S,0,10,17,0,0,0,0.0000,0.0000,0.0000,0.0000,0,0,18,0,0,0,0,41,19,500
820,S,0,10,17,0,0,0,0.0000,0.0000,0.0000,0.0000,0,0,18,0,0,0,0,41,19,500
821,S,0,10,17,0,0,0,0.0000,0.0000,0.0000,0.0000,0,0,18,0,0,0,0,41,19,500
822,S,0,10,17,0,0,0,0.0000,0.0000,0.0000,0.0000,0,0,18,0,0,0,0,41,19,500
823,S,0,10,17,0,0,0,0.0000,0.0000,0.0000,0.0000,0,0,18,0,0,0,0,41,19,500
824,S,0,10,17,0,0,0,0.0000,0.0000,0.0000,0.0000,0,0,18,0,0,0,0,41,19,500
825,S,0,10,17,0,0,0,0.0000,0.0000,0.0000,0.0000,0,0,18,0,0,0,0,41,19,500
826,S,0,10,17,0,0,0,0.0000,0.0000,0.0000,0.0000,0,0,18,0,0,0,0,41,19,500
827,S,0,10,17,0,0,0,0.0000,0.0000,0.0000,0.0000,0,0,18,0,0,0,0,41,19,500
828,S,0,10,17,0,0,0,0.0000,0.0000,0.0000,0.0000,0,0,18,0,0,0,0,41,19,500
829,S,0,10,17,0,0,0,0.0000,0.0000,0.0000,0.0000,0,0,18,0,0,0,0,41,19,500
830,S,0,10,17,0,0,0,0.0000,0.0000,0.0000,0.0000,0,0,18,0,0,0,0,41,19,500
831,S,0,10,17,0,0,0,0.0000,0.0000,0.0000,0.0000,0,0,18,0,0,0,0,41,19,500
832,S,0,10,17,0,0,0,0.0000,0.0000,0.0000,0.0000,0,0,18,0,0,0,0,41,19,500
833,S,0,10,17,0,0,0,0.0000,0.0000,0.0000,0.0000,0,0,18,0,0,0,0,41,19,500
834,S,0,10,17,0,0,0,0.0000,0.0000,0.0000,0.0000,0,0,18,0,0,0,0,41,19,500
835,S,0,10,17,0,0,0,0.0000,0.0000,0.0000,0.0000,0,0,18,0,0,0,0,41,19,500
836,S,0,10,17,0,0,0,0.0000,0.0000,0.0000,0.0000,0,0,18,0,0,0,0,41,19,500
837,S,0,10,17,0,0,0,0.0000,0.0000,0.0000,0.0000,0,0,18,0,0,0,0,41,19,500
838,S,0,10,17,0,0,0,0.0000,0.0000,0.0000,0.0000,0,0,18,0,0,0,0,41,19,500
839,S,0,10,17,0,0,0,0.0000,0.0000,0.0000,0.0000,0,0,18,0,0,0,0,41,19,500
840,S,0,10,17,0,0,0,0.0000,0.0000,0.0000,0.0000,0,0,18,0,0,0,0,41,19,500
841,S,0,10,17,0,0,0,0.0000,0.0000,0.0000,0.0000,0,0,18,0,0,0,0,41,19,500
842,S,0,10,17,0,0,0,0.0000,0.0000,0.0000,0.0000,0,0,18,0,0,0,0,41,19,500
843,S,0,10,17,0,0,0,0.0000,0.0000,0.0000,0.0000,0,0,18,0,0,0,0,41,19,500
844,S,0,10,17,0,0,0,0.0000,0.0000,0.0000,0.0000,0,0,18,0,0,0,0,41,19,500
845,S,0,10,17,0,0,0,0.0000,0.0000,0.0000,0.0000,0,0,18,0,0,0,0,41,19,500
846,S,0,10,17,0,0,0,0.0000,0.0000,0.0000,0.0000,0,0,18,0,0,0,0,41,19,500
847,S,0,10,17,0,0,0,0.0000,0.0000,0.0000,0.0000,0,0,18,0,0,0,0,41,19,500
848,S,0,10,17,0,0,0,0.0000,0.0000,0.0000,0.0000,0,0,18,0,0,0,0,41,19,500
849,S,0,10,17,0,0,0,0.0000,0.0000,0.0000,0.0000,0,0,18,0,0,0,0,41,19,500
850,S,0,10,17,0,0,0,0.0000,0.0000,0.0000,0.0000,0,0,18,0,0,0,0,41,19,500
851,S,0,10,17,0,0,0,0.0000,0.0000,0.0000,0.0000,0,0,18,0,0,0,0,41,19,500
852,S,0,10,17,0,0,0,0.0000,0.0000,0.0000,0.0000,0,0,18,0,0,0,0,41,19,500
853,S,0,10,17,0,0,0,0.0000,0.0000,0.0000,0.0000,0,0,18,0,0,0,0,41,19,500
854,S,0,10,17,0,0,0,0.0000,0.0000,0.0000,0.0000,0,0,18,0,0,0,0,41,19,500
855,S,0,10,17,0,0,0,0.0000,0.0000,0.0000,0.0000,0,0,18,0,0,0,0,41,19,500
856,S,0,10,17,0,0,0,0.0000,0.0000,0.0000,0.0000,0,0,18,0,0,0,0,41,19,500
857,S,0,10,17,0,0,0,0.0000,0.0000,0.0000,0.0000,0,0,18,0,0,0,0,41,19,500
858,S,0,10,17,0,0,0,0.0000,0.0000,0.0000,0.0000,0,0,18,0,0,0,0,41,19,500
859,S,0,10,17,0,0,0,0.0000,0.0000,0.0000,0.0000,0,0,18,0,0,0,0,41,19,500
860,S,0,10,17,0,0,0,0.0000,0.0000,0.0000,0.0000,0,0,18,0,0,0,0,41,19,500
861,S,0,10,17,0,0,0,0.0000,0.0000,0.0000,0.0000,0,0,18,0,0,0,0,41,19,500
862,S,0,10,17,0,0,0,0.0000,0.0000,0.0000,0.0000,0,0,18,0,0,0,0,41,19,500
863,S,0,10,17,0,0,0,0.0000,0.0000,0.0000,0.0000,0,0,18,0,0,0,0,41,19,500
864,S,0,10,17,0,0,0,0.0000,0.0000,0.0000,0.0000,0,0,18,0,0,0,0,41,19,500
865,S,0,10,17,0,0,0,0.0000,0.0000,0.0000,0.0000,0,0,18,0,0,0,0,41,19,500
866,S,0,10,17,0,0,0,0.0000,0.0000,0.0000,0.0000,0,0,18,0,0,0,0,41,19,500
867,S,0,10,17,0,0,0,0.0000,0.0000,0.0000,0.0000,0,0,18,0,0,0,0,41,19,500
868,S,0,10,17,0,0,0,0.0000,0.0000,0.0000,0.0000,0,0,18,0,0,0,0,41,19,500
869,S,0,10,17,0,0,0,0.0000,0.0000,0.0000,0.0000,0,0,18,0,0,0,0,41,19,500
870,S,0,10,17,0,0,0,0.0000,0.0000,0.0000,0.0000,0,0,18,0,0,0,0,41,19,500
871,S,0,10,17,0,0,0,0.0000,0.0000,0.0000,0.0000,0,0,18,0,0,0,0,41,19,500
872,S,0,10,17,0,0,0,0.0000,0.0000,0.0000,0.0000,0,0,18,0,0,0,0,41,19,500
873,S,0,10,17,0,0,0,0.0000,0.0000,0.0000,0.0000,0,0,18,0,0,0,0,41,19,500
874,S,0,10,17,0,0,0,0.0000,0.0000,0.0000,0.0000,0,0,18,0,0,0,0,41,19,500
875,S,0,10,17,0,0,0,0.0000,0.0000,0.0000,0.0000,0,0,18,0,0,0,0,41,19,500
876,S,0,10,17,0,0,0,0.0000,0.0000,0.0000,0.0000,0,0,18,0,0,0,0,41,19,500
877,S,0,10,17,0,0,0,0.0000,0.0000,0.0000,0.0000,0,0,18,0,0,0,0,41,19,500
878,S,0,10,17,0,0,0,0.0000,0.0000,0.0000,0.0000,0,0,18,0,0,0,0,41,19,500
879,S,0,10,17,0,0,0,0.0000,0.0000,0.0000,0.0000,0,0,18,0,0,0,0,41,19,500
880,S,0,10,17,0,0,0,0.0000,0.0000,0.0000,0.0000,0,0,18,0,0,0,0,41,19,500
881,S,0,10,17,0,0,0,0.0000,0.0000,0.0000,0.0000,0,0,18,0,0,0,0,41,19,500
882,S,0,10,17,0,0,0,0.0000,0.0000,0.0000,0.0000,0,0,18,0,0,0,0,41,19,500
883,S,0,10,17,0,0,0,0.0000,0.0000,0.0000,0.0000,0,0,18,0,0,0,0,41,19,500
884,S,0,10,17,0,0,0,0.0000,0.0000,0.0000,0.0000,0,0,18,0,0,0,0,41,19,500
885,S,0,10,17,0,0,0,0.0000,0.0000,0.0000,0.0000,0,0,18,0,0,0,0,41,19,500
886,S,0,10,17,0,0,0,0.0000,0.0000,0.0000,0.0000,0,0,18,0,0,0,0,41,19,500
887,S,0,10,17,0,0,0,0.0000,0.0000,0.0000,0.0000,0,0,18,0,0,0,0,41,19,500
888,S,0,10,17,0,0,0,0.0000,0.0000,0.0000,0.0000,0,0,18,0,0,0,0,41,19,500
889,S,0,10,17,0,0,0,0.0000,0.0000,0.0000,0.0000,0,0,18,0,0,0,0,41,19,500
890,S,0,10,17,0,0,0,0.0000,0.0000,0.0000,0.0000,0,0,18,0,0,0,0,41,19,500
891,S,0,10,17,0,0,0,0.0000,0.0000,0.0000,0.0000,0,0,18,0,0,0,0,41,19,500
892,S,0,10,17,0,0,0,0.0000,0.0000,0.0000,0.0000,0,0,18,0,0,0,0,41,19,500
893,S,0,10,17,0,0,0,0.0000,0.0000,0.0000,0.0000,0,0,18,0,0,0,0,41,19,500
894,S,0,10,17,0,0,0,0.0000,0.0000,0.0000,0.0000,0,0,18,0,0,0,0,41,19,500
895,S,0,10,17,0,0,0,0.0000,0.0000,0.0000,0.0000,0,0,18,0,0,0,0,41,19,500
896,S,0,10,17,0,0,0,0.0000,0.0000,0.0000,0.0000,0,0,18,0,0,0,0,41,19,500
897,S,0,10,17,0,0,0,0.0000,0.0000,0.0000,0.0000,0,0,18,0,0,0,0,41,19,500
898,S,0,10,17,0,0,0,0.0000,0.0000,0.0000,0.0000,0,0,18,0,0,0,0,41,19,500
899,S,0,10,17,0,0,0,0.0000,0.0000,0.0000,0.0000,0,0,18,0,0,0,0,41,19,500
900,S,0,10,17,0,0,0,0.0000,0.0000,0.0000,0.0000,0,0,18,0,0,0,0,41,19,500
901,S,0,10,17,0,0,0,0.0000,0.0000,0.0000,0.0000,0,0,18,0,0,0,0,41,19,500
902,S,0,10,17,0,0,0,0.0000,0.0000,0.0000,0.0000,0,0,18,0,0,0,0,41,19,500
903,S,0,10,17,0,0,0,0.0000,0.0000,0.0000,0.0000,0,0,18,0,0,0,0,41,19,500
904,S,0,10,17,0,0,0,0.0000,0.0000,0.0000,0.0000,0,0,18,0,0,0,0,41,19,500
905,S,0,10,17,0,0,0,0.0000,0.0000,0.0000,0.0000,0,0,18,0,0,0,0,41,19,500
906,S,0,10,17,0,0,0,0.0000,0.0000,0.0000,0.0000,0,0,18,0,0,0,0,41,19,500
907,S,0,10,17,0,0,0,0.0000,0.0000,0.0000,0.0000,0,0,18,0,0,0,0,41,19,500
908,S,0,10,17,0,0,0,0.0000,0.0000,0.0000,0.0000,0,0,18,0,0,0,0,41,19,500
909,S,0,10,17,0,0,0,0.0000,0.0000,0.0000,0.0000,0,0,18,0,0,0,0,41,19,500
910,S,0,10,17,0,0,0,0.0000,0.0000,0.0000,0.0000,0,0,18,0,0,0,0,41,19,500
911,S,0,10,17,0,0,0,0.0000,0.0000,0.0000,0.0000,0,0,18,0,0,0,0,41,19,500
912,S,0,10,17,0,0,0,0.0000,0.0000,0.0000,0.0000,0,0,18,0,0,0,0,41,19,500
913,S,0,10,17,0,0,0,0.0000,0.0000,0.0000,0.0000,0,0,18,0,0,0,0,41,19,500
914,S,0,10,17,0,0,0,0.0000,0.0000,0.0000,0.0000,0,0,18,0,0,0,0,41,19,500
915,S,0,10,17,0,0,0,0.0000,0.0000,0.0000,0.0000,0,0,18,0,0,0,0,41,19,500
916,S,0,10,17,0,0,0,0.0000,0.0000,0.0000,0.0000,0,0,18,0,0,0,0,41,19,500
917,S,0,10,17,0,0,0,0.0000,0.0000,0.0000,0.0000,0,0,18,0,0,0,0,41,19,500
918,S,0,10,17,0,0,0,0.0000,0.0000,0.0000,0.0000,0,0,18,0,0,0,0,41,19,500
919,S,0,10,17,0,0,0,0.0000,0.0000,0.0000,0.0000,0,0,18,0,0,0,0,41,19,500
920,S,0,10,17,0,0,0,0.0000,0.0000,0.0000,0.0000,0,0,18,0,0,0,0,41,19,500
921,S,0,10,17,0,0,0,0.0000,0.0000,0.0000,0.0000,0,0,18,0,0,0,0,41,19,500
922,S,0,10,17,0,0,0,0.0000,0.0000,0.0000,0.0000,0,0,18,0,0,0,0,41,19,500
923,S,0,10,17,0,0,0,0.0000,0.0000,0.0000,0.0000,0,0,18,0,0,0,0,41,19,500
924,S,0,10,17,0,0,0,0.0000,0.0000,0.0000,0.0000,0,0,18,0,0,0,0,41,19,500
925,S,0,10,17,0,0,0,0.0000,0.0000,0.0000,0.0000,0,0,18,0,0,0,0,41,19,500
926,S,0,10,17,0,0,0,0.0000,0.0000,0.0000,0.0000,0,0,18,0,0,0,0,41,19,500
927,S,0,10,17,0,0,0,0.0000,0.0000,0.0000,0.0000,0,0,18,0,0,0,0,41,19,500
928,S,0,10,17,0,0,0,0.0000,0.0000,0.0000,0.0000,0,0,18,0,0,0,0,41,19,500
929,S,0,10,17,0,0,0,0.0000,0.0000,0.0000,0.0000,0,0,18,0,0,0,0,41,19,500
930,S,0,10,17,0,0,0,0.0000,0.0000,0.0000,0.0000,0,0,18,0,0,0,0,41,19,500
931,S,0,10,17,0,0,0,0.0000,0.0000,0.0000,0.0000,0,0,18,0,0,0,0,41,19,500
932,S,0,10,17,0,0,0,0.0000,0.0000,0.0000,0.0000,0,0,18,0,0,0,0,41,19,500
933,S,0,10,17,0,0,0,0.0000,0.0000,0.0000,0.0000,0,0,18,0,0,0,0,41,19,500
934,S,0,10,17,0,0,0,0.0000,0.0000,0.0000,0.0000,0,0,18,0,0,0,0,41,19,500
935,S,0,10,17,0,0,0,0.0000,0.0000,0.0000,0.0000,0,0,18,0,0,0,0,41,19,500
936,S,0,10,17,0,0,0,0.0000,0.0000,0.0000,0.0000,0,0,18,0,0,0,0,41,19,500
937,S,0,10,17,0,0,0,0.0000,0.0000,0.0000,0.0000,0,0,18,0,0,0,0,41,19,500
938,S,0,10,17,0,0,0,0.0000,0.0000,0.0000,0.0000,0,0,18,0,0,0,0,41,19,500
939,S,0,10,17,0,0,0,0.0000,0.0000,0.0000,0.0000,0,0,18,0,0,0,0,41,19,500
940,S,0,10,17,0,0,0,0.0000,0.0000,0.0000,0.0000,0,0,18,0,0,0,0,41,19,500
941,S,0,10,17,0,0,0,0.0000,0.0000,0.0000,0.0000,0,0,18,0,0,0,0,41,19,500
942,S,0,10,17,0,0,0,0.0000,0.0000,0.0000,0.0000,0,0,18,0,0,0,0,41,19,500
943,S,0,10,17,0,0,0,0.0000,0.0000,0.0000,0.0000,0,0,18,0,0,0,0,41,19,500
944,S,0,10,17,0,0,0,0.0000,0.0000,0.0000,0.0000,0,0,18,0,0,0,0,41,19,500
945,S,0,10,17,0,0,0,0.0000,0.0000,0.0000,0.0000,0,0,18,0,0,0,0,41,19,500
946,S,0,10,17,0,0,0,0.0000,0.0000,0.0000,0.0000,0,0,18,0,0,0,0,41,19,500
947,S,0,10,17,0,0,0,0.0000,0.0000,0.0000,0.0000,0,0,18,0,0,0,0,41,19,500
948,S,0,10,17,0,0,0,0.0000,0.0000,0.0000,0.0000,0,0,18,0,0,0,0,41,19,500
949,S,0,10,17,0,0,0,0.0000,0.0000,0.0000,0.0000,0,0,18,0,0,0,0,41,19,500
950,S,0,10,17,0,0,0,0.0000,0.0000,0.0000,0.0000,0,0,18,0,0,0,0,41,19,500
951,S,0,10,17,0,0,0,0.0000,0.0000,0.0000,0.0000,0,0,18,0,0,0,0,41,19,500
952,S,0,10,17,0,0,0,0.0000,0.0000,0.0000,0.0000,0,0,18,0,0,0,0,41,19,500
953,S,0,10,17,0,0,0,0.0000,0.0000,0.0000,0.0000,0,0,18,0,0,0,0,41,19,500
954,S,0,10,17,0,0,0,0.0000,0.0000,0.0000,0.0000,0,0,18,0,0,0,0,41,19,500
955,S,0,10,17,0,0,0,0.0000,0.0000,0.0000,0.0000,0,0,18,0,0,0,0,41,19,500
956,S,0,10,17,0,0,0,0.0000,0.0000,0.0000,0.0000,0,0,18,0,0,0,0,41,19,500
957,S,0,10,17,0,0,0,0.0000,0.0000,0.0000,0.0000,0,0,18,0,0,0,0,41,19,500
958,S,0,10,17,0,0,0,0.0000,0.0000,0.0000,0.0000,0,0,18,0,0,0,0,41,19,500
959,S,0,10,17,0,0,0,0.0000,0.0000,0.0000,0.0000,0,0,18,0,0,0,0,41,19,500
960,S,0,10,17,0,0,0,0.0000,0.0000,0.0000,0.0000,0,0,18,0,0,0,0,41,19,500
961,S,0,10,17,0,0,0,0.0000,0.0000,0.0000,0.0000,0,0,18,0,0,0,0,41,19,500
962,S,0,10,17,0,0,0,0.0000,0.0000,0.0000,0.0000,0,0,18,0,0,0,0,41,19,500
963,S,0,10,17,0,0,0,0.0000,0.0000,0.0000,0.0000,0,0,18,0,0,0,0,41,19,500
964,S,0,10,17,0,0,0,0.0000,0.0000,0.0000,0.0000,0,0,18,0,0,0,0,41,19,500
965,S,0,10,17,0,0,0,0.0000,0.0000,0.0000,0.0000,0,0,18,0,0,0,0,41,19,500
966,S,0,10,17,0,0,0,0.0000,0.0000,0.0000,0.0000,0,0,18,0,0,0,0,41,19,500
967,S,0,10,17,0,0,0,0.0000,0.0000,0.0000,0.0000,0,0,18,0,0,0,0,41,19,500
968,S,0,10,17,0,0,0,0.0000,0.0000,0.0000,0.0000,0,0,18,0,0,0,0,41,19,500
969,S,0,10,17,0,0,0,0.0000,0.0000,0.0000,0.0000,0,0,18,0,0,0,0,41,19,500
970,S,0,10,17,0,0,0,0.0000,0.0000,0.0000,0.0000,0,0,18,0,0,0,0,41,19,500
971,S,0,10,17,0,0,0,0.0000,0.0000,0.0000,0.0000,0,0,18,0,0,0,0,41,19,500
972,S,0,10,17,0,0,0,0.0000,0.0000,0.0000,0.0000,0,0,18,0,0,0,0,41,19,500
973,S,0,10,17,0,0,0,0.0000,0.0000,0.0000,0.0000,0,0,18,0,0,0,0,41,19,500
974,S,0,10,17,0,0,0,0.0000,0.0000,0.0000,0.0000,0,0,18,0,0,0,0,41,19,500
975,S,0,10,17,0,0,0,0.0000,0.0000,0.0000,0.0000,0,0,18,0,0,0,0,41,19,500
976,S,0,10,17,0,0,0,0.0000,0.0000,0.0000,0.0000,0,0,18,0,0,0,0,41,19,500
977,S,0,10,17,0,0,0,0.0000,0.0000,0.0000,0.0000,0,0,18,0,0,0,0,41,19,500
978,S,0,10,17,0,0,0,0.0000,0.0000,0.0000,0.0000,0,0,18,0,0,0,0,41,19,500
979,S,0,10,17,0,0,0,0.0000,0.0000,0.0000,0.0000,0,0,18,0,0,0,0,41,19,500
980,S,0,10,17,0,0,0,0.0000,0.0000,0.0000,0.0000,0,0,18,0,0,0,0,41,19,500
981,S,0,10,17,0,0,0,0.0000,0.0000,0.0000,0.0000,0,0,18,0,0,0,0,41,19,500
982,S,0,10,17,0,0,0,0.0000,0.0000,0.0000,0.0000,0,0,18,0,0,0,0,41,19,500
983,S,0,10,17,0,0,0,0.0000,0.0000,0.0000,0.0000,0,0,18,0,0,0,0,41,19,500
984,S,0,10,17,0,0,0,0.0000,0.0000,0.0000,0.0000,0,0,18,0,0,0,0,41,19,500
985,S,0,10,17,0,0,0,0.0000,0.0000,0.0000,0.0000,0,0,18,0,0,0,0,41,19,500
986,S,0,10,17,0,0,0,0.0000,0.0000,0.0000,0.0000,0,0,18,0,0,0,0,41,19,500
987,S,0,10,17,0,0,0,0.0000,0.0000,0.0000,0.0000,0,0,18,0,0,0,0,41,19,500
988,S,0,10,17,0,0,0,0.0000,0.0000,0.0000,0.0000,0,0,18,0,0,0,0,41,19,500
989,S,0,10,17,0,0,0,0.0000,0.0000,0.0000,0.0000,0,0,18,0,0,0,0,41,19,500
990,S,0,10,17,0,0,0,0.0000,0.0000,0.0000,0.0000,0,0,18,0,0,0,0,41,19,500
991,S,0,10,17,0,0,0,0.0000,0.0000,0.0000,0.0000,0,0,18,0,0,0,0,41,19,500
992,S,0,10,17,0,0,0,0.0000,0.0000,0.0000,0.0000,0,0,18,0,0,0,0,41,19,500
993,S,0,10,17,0,0,0,0.0000,0.0000,0.0000,0.0000,0,0,18,0,0,0,0,41,19,500
994,S,0,10,17,0,0,0,0.0000,0.0000,0.0000,0.0000,0,0,18,0,0,0,0,41,19,500
995,S,0,10,17,0,0,0,0.0000,0.0000,0.0000,0.0000,0,0,18,0,0,0,0,41,19,500
996,S,0,10,17,0,0,0,0.0000,0.0000,0.0000,0.0000,0,0,18,0,0,0,0,41,19,500
997,S,0,10,17,0,0,0,0.0000,0.0000,0.0000,0.0000,0,0,18,0,0,0,0,41,19,500
998,S,0,10,17,0,0,0,0.0000,0.0000,0.0000,0.0000,0,0,18,0,0,0,0,41,19,500
999,S,0,10,17,0,0,0,0.0000,0.0000,0.0000,0.0000,0,0,18,0,0,0,0,41,19,500
1000,S,0,10,17,0,0,0,0.0000,0.0000,0.0000,0.0000,0,0,18,0,0,0,0,41,19,500
1001,S,0,10,17,0,0,0,0.0000,0.0000,0.0000,0.0000,0,0,18,0,0,0,0,41,19,500
1002,S,0,10,17,0,0,0,0.0000,0.0000,0.0000,0.0000,0,0,18,0,0,0,0,41,19,500
1003,S,0,10,17,0,0,0,0.0000,0.0000,0.0000,0.0000,0,0,18,0,0,0,0,41,19,500
1004,S,0,10,17,0,0,0,0.0000,0.0000,0.0000,0.0000,0,0,18,0,0,0,0,41,19,500
1005,S,0,10,17,0,0,0,0.0000,0.0000,0.0000,0.0000,0,0,18,0,0,0,0,41,19,500
1006,S,0,10,17,0,0,0,0.0000,0.0000,0.0000,0.0000,0,0,18,0,0,0,0,41,19,500
1007,S,0,10,17,0,0,0,0.0000,0.0000,0.0000,0.0000,0,0,18,0,0,0,0,41,19,500
1008,S,0,10,17,0,0,0,0.0000,0.0000,0.0000,0.0000,0,0,18,0,0,0,0,41,19,500
1009,S,0,10,17,0,0,0,0.0000,0.0000,0.0000,0.0000,0,0,18,0,0,0,0,41,19,500
1010,S,0,10,17,0,0,0,0.0000,0.0000,0.0000,0.0000,0,0,18,0,0,0,0,41,19,500
1011,S,0,10,17,0,0,0,0.0000,0.0000,0.0000,0.0000,0,0,18,0,0,0,0,41,19,500
1012,S,0,10,17,0,0,0,0.0000,0.0000,0.0000,0.0000,0,0,18,0,0,0,0,41,19,500
1013,S,0,10,17,0,0,0,0.0000,0.0000,0.0000,0.0000,0,0,18,0,0,0,0,41,19,500
1014,S,0,10,17,0,0,0,0.0000,0.0000,0.0000,0.0000,0,0,18,0,0,0,0,41,19,500
1015,S,0,10,17,0,0,0,0.0000,0.0000,0.0000,0.0000,0,0,18,0,0,0,0,41,19,500
1016,S,0,10,17,0,0,0,0.0000,0.0000,0.0000,0.0000,0,0,18,0,0,0,0,41,19,500
1017,S,0,10,17,0,0,0,0.0000,0.0000,0.0000,0.0000,0,0,18,0,0,0,0,41,19,500
1018,S,0,10,17,0,0,0,0.0000,0.0000,0.0000,0.0000,0,0,18,0,0,0,0,41,19,500
1019,S,0,10,17,0,0,0,0.0000,0.0000,0.0000,0.0000,0,0,18,0,0,0,0,41,19,500
1020,S,0,10,17,0,0,0,0.0000,0.0000,0.0000,0.0000,0,0,18,0,0,0,0,41,19,500
1021,S,0,10,17,0,0,0,0.0000,0.0000,0.0000,0.0000,0,0,18,0,0,0,0,41,19,500
1022,S,0,10,17,0,0,0,0.0000,0.0000,0.0000,0.0000,0,0,18,0,0,0,0,41,19,500
1023,S,0,10,17,0,0,0,0.0000,0.0000,0.0000,0.0000,0,0,18,0,0,0,0,41,19,500
1024,S,0,10,17,0,0,0,0.0000,0.0000,0.0000,0.0000,0,0,18,0,0,0,0,41,19,500
1025,S,0,10,17,0,0,0,0.0000,0.0000,0.0000,0.0000,0,0,18,0,0,0,0,41,19,500
1026,S,0,10,17,0,0,0,0.0000,0.0000,0.0000,0.0000,0,0,18,0,0,0,0,41,19,500
1027,S,0,10,17,0,0,0,0.0000,0.0000,0.0000,0.0000,0,0,18,0,0,0,0,41,19,500
1028,S,0,10,17,0,0,0,0.0000,0.0000,0.0000,0.0000,0,0,18,0,0,0,0,41,19,500
1029,S,0,10,17,0,0,0,0.0000,0.0000,0.0000,0.0000,0,0,18,0,0,0,0,41,19,500
1030,S,0,10,17,0,0,0,0.0000,0.0000,0.0000,0.0000,0,0,18,0,0,0,0,41,19,500
1031,S,0,10,17,0,0,0,0.0000,0.0000,0.0000,0.0000,0,0,18,0,0,0,0,41,19,500
1032,S,0,10,17,0,0,0,0.0000,0.0000,0.0000,0.0000,0,0,18,0,0,0,0,41,19,500
1033,S,0,10,17,0,0,0,0.0000,0.0000,0.0000,0.0000,0,0,18,0,0,0,0,41,19,500
1034,S,0,10,17,0,0,0,0.0000,0.0000,0.0000,0.0000,0,0,18,0,0,0,0,41,19,500
1035,S,0,10,17,0,0,0,0.0000,0.0000,0.0000,0.0000,0,0,18,0,0,0,0,41,19,500
1036,S,0,10,17,0,0,0,0.0000,0.0000,0.0000,0.0000,0,0,18,0,0,0,0,41,19,500
1037,S,0,10,17,0,0,0,0.0000,0.0000,0.0000,0.0000,0,0,18,0,0,0,0,41,19,500
1038,S,0,10,17,0,0,0,0.0000,0.0000,0.0000,0.0000,0,0,18,0,0,0,0,41,19,500
1039,S,0,10,17,0,0,0,0.0000,0.0000,0.0000,0.0000,0,0,18,0,0,0,0,41,19,500
1040,S,0,10,17,0,0,0,0.0000,0.0000,0.0000,0.0000,0,0,18,0,0,0,0,41,19,500
1041,S,0,10,17,0,0,0,0.0000,0.0000,0.0000,0.0000,0,0,18,0,0,0,0,41,19,500
1042,S,0,10,17,0,0,0,0.0000,0.0000,0.0000,0.0000,0,0,18,0,0,0,0,41,19,500
1043,S,0,10,17,0,0,0,0.0000,0.0000,0.0000,0.0000,0,0,18,0,0,0,0,41,19,500
1044,S,0,10,17,0,0,0,0.0000,0.0000,0.0000,0.0000,0,0,18,0,0,0,0,41,19,500
1045,S,0,10,17,0,0,0,0.0000,0.0000,0.0000,0.0000,0,0,18,0,0,0,0,41,19,500
1046,S,0,10,17,0,0,0,0.0000,0.0000,0.0000,0.0000,0,0,18,0,0,0,0,41,19,500
1047,S,0,10,17,0,0,0,0.0000,0.0000,0.0000,0.0000,0,0,18,0,0,0,0,41,19,500
1048,S,0,10,17,0,0,0,0.0000,0.0000,0.0000,0.0000,0,0,18,0,0,0,0,41,19,500
1049,S,0,10,17,0,0,0,0.0000,0.0000,0.0000,0.0000,0,0,18,0,0,0,0,41,19,500
1050,S,0,10,17,0,0,0,0.0000,0.0000,0.0000,0.0000,0,0,18,0,0,0,0,41,19,500
1051,S,0,10,17,0,0,0,0.0000,0.0000,0.0000,0.0000,0,0,18,0,0,0,0,41,19,500
1052,S,0,10,17,0,0,0,0.0000,0.0000,0.0000,0.0000,0,0,18,0,0,0,0,41,19,500
1053,S,0,10,17,0,0,0,0.0000,0.0000,0.0000,0.0000,0,0,18,0,0,0,0,41,19,500
1054,S,0,10,17,0,0,0,0.0000,0.0000,0.0000,0.0000,0,0,18,0,0,0,0,41,19,500
1055,S,0,10,17,0,0,0,0.0000,0.0000,0.0000,0.0000,0,0,18,0,0,0,0,41,19,500
1056,S,0,10,17,0,0,0,0.0000,0.0000,0.0000,0.0000,0,0,18,0,0,0,0,41,19,500
1057,S,0,10,17,0,0,0,0.0000,0.0000,0.0000,0.0000,0,0,18,0,0,0,0,41,19,500
1058,S,0,10,17,0,0,0,0.0000,0.0000,0.0000,0.0000,0,0,18,0,0,0,0,41,19,500
1059,S,0,10,17,0,0,0,0.0000,0.0000,0.0000,0.0000,0,0,18,0,0,0,0,41,19,500
1060,S,0,10,17,0,0,0,0.0000,0.0000,0.0000,0.0000,0,0,18,0,0,0,0,41,19,500
1061,S,0,10,17,0,0,0,0.0000,0.0000,0.0000,0.0000,0,0,18,0,0,0,0,41,19,500
1062,S,0,10,17,0,0,0,0.0000,0.0000,0.0000,0.0000,0,0,18,0,0,0,0,41,19,500
1063,S,0,10,17,0,0,0,0.0000,0.0000,0.0000,0.0000,0,0,18,0,0,0,0,41,19,500
1064,S,0,10,17,0,0,0,0.0000,0.0000,0.0000,0.0000,0,0,18,0,0,0,0,41,19,500
1065,S,0,10,17,0,0,0,0.0000,0.0000,0.0000,0.0000,0,0,18,0,0,0,0,41,19,500
1066,S,0,10,17,0,0,0,0.0000,0.0000,0.0000,0.0000,0,0,18,0,0,0,0,41,19,500
1067,S,0,10,17,0,0,0,0.0000,0.0000,0.0000,0.0000,0,0,18,0,0,0,0,41,19,500
1068,S,0,10,17,0,0,0,0.0000,0.0000,0.0000,0.0000,0,0,18,0,0,0,0,41,19,500
1069,S,0,10,17,0,0,0,0.0000,0.0000,0.0000,0.0000,0,0,18,0,0,0,0,41,19,500
1070,S,0,10,17,0,0,0,0.0000,0.0000,0.0000,0.0000,0,0,18,0,0,0,0,41,19,500
1071,S,0,10,17,0,0,0,0.0000,0.0000,0.0000,0.0000,0,0,18,0,0,0,0,41,19,500
1072,S,0,10,17,0,0,0,0.0000,0.0000,0.0000,0.0000,0,0,18,0,0,0,0,41,19,500
1073,S,0,10,17,0,0,0,0.0000,0.0000,0.0000,0.0000,0,0,18,0,0,0,0,41,19,500
1074,S,0,10,17,0,0,0,0.0000,0.0000,0.0000,0.0000,0,0,18,0,0,0,0,41,19,500
1075,S,0,10,17,0,0,0,0.0000,0.0000,0.0000,0.0000,0,0,18,0,0,0,0,41,19,500
1076,S,0,10,17,0,0,0,0.0000,0.0000,0.0000,0.0000,0,0,18,0,0,0,0,41,19,500
1077,S,0,10,17,0,0,0,0.0000,0.0000,0.0000,0.0000,0,0,18,0,0,0,0,41,19,500
1078,S,0,10,17,0,0,0,0.0000,0.0000,0.0000,0.0000,0,0,18,0,0,0,0,41,19,500
1079,S,0,10,17,0,0,0,0.0000,0.0000,0.0000,0.0000,0,0,18,0,0,0,0,41,19,500
1080,S,0,10,17,0,0,0,0.0000,0.0000,0.0000,0.0000,0,0,18,0,0,0,0,41,19,500
1081,S,0,10,17,0,0,0,0.0000,0.0000,0.0000,0.0000,0,0,18,0,0,0,0,41,19,500
1082,S,0,10,17,0,0,0,0.0000,0.0000,0.0000,0.0000,0,0,18,0,0,0,0,41,19,500
1083,S,0,10,17,0,0,0,0.0000,0.0000,0.0000,0.0000,0,0,18,0,0,0,0,41,19,500
1084,S,0,10,17,0,0,0,0.0000,0.0000,0.0000,0.0000,0,0,18,0,0,0,0,41,19,500
1085,S,0,10,17,0,0,0,0.0000,0.0000,0.0000,0.0000,0,0,18,0,0,0,0,41,19,500
1086,S,0,10,17,0,0,0,0.0000,0.0000,0.0000,0.0000,0,0,18,0,0,0,0,41,19,500
1087,S,0,10,17,0,0,0,0.0000,0.0000,0.0000,0.0000,0,0,18,0,0,0,0,41,19,500
1088,S,0,10,17,0,0,0,0.0000,0.0000,0.0000,0.0000,0,0,18,0,0,0,0,41,19,500
1089,S,0,10,17,0,0,0,0.0000,0.0000,0.0000,0.0000,0,0,18,0,0,0,0,41,19,500
1090,S,0,10,17,0,0,0,0.0000,0.0000,0.0000,0.0000,0,0,18,0,0,0,0,41,19,500
1091,S,0,10,17,0,0,0,0.0000,0.0000,0.0000,0.0000,0,0,18,0,0,0,0,41,19,500
1092,S,0,10,17,0,0,0,0.0000,0.0000,0.0000,0.0000,0,0,18,0,0,0,0,41,19,500
1093,S,0,10,17,0,0,0,0.0000,0.0000,0.0000,0.0000,0,0,18,0,0,0,0,41,19,500
1094,S,0,10,17,0,0,0,0.0000,0.0000,0.0000,0.0000,0,0,18,0,0,0,0,41,19,500
1095,S,0,10,17,0,0,0,0.0000,0.0000,0.0000,0.0000,0,0,18,0,0,0,0,41,19,500
1096,S,0,10,17,0,0,0,0.0000,0.0000,0.0000,0.0000,0,0,18,0,0,0,0,41,19,500
1097,S,0,10,17,0,0,0,0.0000,0.0000,0.0000,0.0000,0,0,18,0,0,0,0,41,19,500
1098,S,0,10,17,0,0,0,0.0000,0.0000,0.0000,0.0000,0,0,18,0,0,0,0,41,19,500
1099,S,0,10,17,0,0,0,0.0000,0.0000,0.0000,0.0000,0,0,18,0,0,0,0,41,19,500
1100,S,0,10,17,0,0,0,0.0000,0.0000,0.0000,0.0000,0,0,18,0,0,0,0,41,19,500
1101,S,0,10,17,0,0,0,0.0000,0.0000,0.0000,0.0000,0,0,18,0,0,0,0,41,19,500
1102,S,0,10,17,0,0,0,0.0000,0.0000,0.0000,0.0000,0,0,18,0,0,0,0,41,19,500
1103,S,0,10,17,0,0,0,0.0000,0.0000,0.0000,0.0000,0,0,18,0,0,0,0,41,19,500
1104,S,0,10,17,0,0,0,0.0000,0.0000,0.0000,0.0000,0,0,18,0,0,0,0,41,19,500
1105,S,0,10,17,0,0,0,0.0000,0.0000,0.0000,0.0000,0,0,18,0,0,0,0,41,19,500
1106,S,0,10,17,0,0,0,0.0000,0.0000,0.0000,0.0000,0,0,18,0,0,0,0,41,19,500
1107,S,0,10,17,0,0,0,0.0000,0.0000,0.0000,0.0000,0,0,18,0,0,0,0,41,19,500
1108,S,0,10,17,0,0,0,0.0000,0.0000,0.0000,0.0000,0,0,18,0,0,0,0,41,19,500
1109,S,0,10,17,0,0,0,0.0000,0.0000,0.0000,0.0000,0,0,18,0,0,0,0,41,19,500
1110,S,0,10,17,0,0,0,0.0000,0.0000,0.0000,0.0000,0,0,18,0,0,0,0,41,19,500
1111,S,0,10,17,0,0,0,0.0000,0.0000,0.0000,0.0000,0,0,18,0,0,0,0,41,19,500
1112,S,0,10,17,0,0,0,0.0000,0.0000,0.0000,0.0000,0,0,18,0,0,0,0,41,19,500
1113,S,0,10,17,0,0,0,0.0000,0.0000,0.0000,0.0000,0,0,18,0,0,0,0,41,19,500
1114,S,0,10,17,0,0,0,0.0000,0.0000,0.0000,0.0000,0,0,18,0,0,0,0,41,19,500
1115,S,0,10,17,0,0,0,0.0000,0.0000,0.0000,0.0000,0,0,18,0,0,0,0,41,19,500
1116,S,0,10,17,0,0,0,0.0000,0.0000,0.0000,0.0000,0,0,18,0,0,0,0,41,19,500
1117,S,0,10,17,0,0,0,0.0000,0.0000,0.0000,0.0000,0,0,18,0,0,0,0,41,19,500
1118,S,0,10,17,0,0,0,0.0000,0.0000,0.0000,0.0000,0,0,18,0,0,0,0,41,19,500
1119,S,0,10,17,0,0,0,0.0000,0.0000,0.0000,0.0000,0,0,18,0,0,0,0,41,19,500
1120,S,0,10,17,0,0,0,0.0000,0.0000,0.0000,0.0000,0,0,18,0,0,0,0,41,19,500
1121,S,0,10,17,0,0,0,0.0000,0.0000,0.0000,0.0000,0,0,18,0,0,0,0,41,19,500
1122,S,0,10,17,0,0,0,0.0000,0.0000,0.0000,0.0000,0,0,18,0,0,0,0,41,19,500
1123,S,0,10,17,0,0,0,0.0000,0.0000,0.0000,0.0000,0,0,18,0,0,0,0,41,19,500
1124,S,0,10,17,0,0,0,0.0000,0.0000,0.0000,0.0000,0,0,18,0,0,0,0,41,19,500
1125,S,0,10,17,0,0,0,0.0000,0.0000,0.0000,0.0000,0,0,18,0,0,0,0,41,19,500
1126,S,0,10,17,0,0,0,0.0000,0.0000,0.0000,0.0000,0,0,18,0,0,0,0,41,19,500
1127,S,0,10,17,0,0,0,0.0000,0.0000,0.0000,0.0000,0,0,18,0,0,0,0,41,19,500
1128,S,0,10,17,0,0,0,0.0000,0.0000,0.0000,0.0000,0,0,18,0,0,0,0,41,19,500
1129,S,0,10,17,0,0,0,0.0000,0.0000,0.0000,0.0000,0,0,18,0,0,0,0,41,19,500
1130,S,0,10,17,0,0,0,0.0000,0.0000,0.0000,0.0000,0,0,18,0,0,0,0,41,19,500
1131,S,0,10,17,0,0,0,0.0000,0.0000,0.0000,0.0000,0,0,18,0,0,0,0,41,19,500
1132,S,0,10,17,0,0,0,0.0000,0.0000,0.0000,0.0000,0,0,18,0,0,0,0,41,19,500
1133,S,0,10,17,0,0,0,0.0000,0.0000,0.0000,0.0000,0,0,18,0,0,0,0,41,19,500
1134,S,0,10,17,0,0,0,0.0000,0.0000,0.0000,0.0000,0,0,18,0,0,0,0,41,19,500
1135,S,0,10,17,0,0,0,0.0000,0.0000,0.0000,0.0000,0,0,18,0,0,0,0,41,19,500
1136,S,0,10,17,0,0,0,0.0000,0.0000,0.0000,0.0000,0,0,18,0,0,0,0,41,19,500
1137,S,0,10,17,0,0,0,0.0000,0.0000,0.0000,0.0000,0,0,18,0,0,0,0,41,19,500
1138,S,0,10,17,0,0,0,0.0000,0.0000,0.0000,0.0000,0,0,18,0,0,0,0,41,19,500
1139,S,0,10,17,0,0,0,0.0000,0.0000,0.0000,0.0000,0,0,18,0,0,0,0,41,19,500
1140,S,0,10,17,0,0,0,0.0000,0.0000,0.0000,0.0000,0,0,18,0,0,0,0,41,19,500
1141,S,0,10,17,0,0,0,0.0000,0.0000,0.0000,0.0000,0,0,18,0,0,0,0,41,19,500
1142,S,0,10,17,0,0,0,0.0000,0.0000,0.0000,0.0000,0,0,18,0,0,0,0,41,19,500
1143,S,0,10,17,0,0,0,0.0000,0.0000,0.0000,0.0000,0,0,18,0,0,0,0,41,19,500
1144,S,0,10,17,0,0,0,0.0000,0.0000,0.0000,0.0000,0,0,18,0,0,0,0,41,19,500
1145,S,0,10,17,0,0,0,0.0000,0.0000,0.0000,0.0000,0,0,18,0,0,0,0,41,19,500
1146,S,0,10,17,0,0,0,0.0000,0.0000,0.0000,0.0000,0,0,18,0,0,0,0,41,19,500
1147,S,0,10,17,0,0,0,0.0000,0.0000,0.0000,0.0000,0,0,18,0,0,0,0,41,19,500
1148,S,0,10,17,0,0,0,0.0000,0.0000,0.0000,0.0000,0,0,18,0,0,0,0,41,19,500
1149,S,0,10,17,0,0,0,0.0000,0.0000,0.0000,0.0000,0,0,18,0,0,0,0,41,19,500
1150,S,0,10,17,0,0,0,0.0000,0.0000,0.0000,0.0000,0,0,18,0,0,0,0,41,19,500
1151,S,0,10,17,0,0,0,0.0000,0.0000,0.0000,0.0000,0,0,18,0,0,0,0,41,19,500
1152,S,0,10,17,0,0,0,0.0000,0.0000,0.0000,0.0000,0,0,18,0,0,0,0,41,19,500
1153,S,0,10,17,0,0,0,0.0000,0.0000,0.0000,0.0000,0,0,18,0,0,0,0,41,19,500
1154,S,0,10,17,0,0,0,0.0000,0.0000,0.0000,0.0000,0,0,18,0,0,0,0,41,19,500
1155,S,0,10,17,0,0,0,0.0000,0.0000,0.0000,0.0000,0,0,18,0,0,0,0,41,19,500
1156,S,0,10,17,0,0,0,0.0000,0.0000,0.0000,0.0000,0,0,18,0,0,0,0,41,19,500
1157,S,0,10,17,0,0,0,0.0000,0.0000,0.0000,0.0000,0,0,18,0,0,0,0,41,19,500
1158,S,0,10,17,0,0,0,0.0000,0.0000,0.0000,0.0000,0,0,18,0,0,0,0,41,19,500
1159,S,0,10,17,0,0,0,0.0000,0.0000,0.0000,0.0000,0,0,18,0,0,0,0,41,19,500
1160,S,0,10,17,0,0,0,0.0000,0.0000,0.0000,0.0000,0,0,18,0,0,0,0,41,19,500
1161,S,0,10,17,0,0,0,0.0000,0.0000,0.0000,0.0000,0,0,18,0,0,0,0,41,19,500
1162,S,0,10,17,0,0,0,0.0000,0.0000,0.0000,0.0000,0,0,18,0,0,0,0,41,19,500
1163,S,0,10,17,0,0,0,0.0000,0.0000,0.0000,0.0000,0,0,18,0,0,0,0,41,19,500
1164,S,0,10,17,0,0,0,0.0000,0.0000,0.0000,0.0000,0,0,18,0,0,0,0,41,19,500
1165,S,0,10,17,0,0,0,0.0000,0.0000,0.0000,0.0000,0,0,18,0,0,0,0,41,19,500
1166,S,0,10,17,0,0,0,0.0000,0.0000,0.0000,0.0000,0,0,18,0,0,0,0,41,19,500
1167,S,0,10,17,0,0,0,0.0000,0.0000,0.0000,0.0000,0,0,18,0,0,0,0,41,19,500
1168,S,0,10,17,0,0,0,0.0000,0.0000,0.0000,0.0000,0,0,18,0,0,0,0,41,19,500
1169,S,0,10,17,0,0,0,0.0000,0.0000,0.0000,0.0000,0,0,18,0,0,0,0,41,19,500
1170,S,0,10,17,0,0,0,0.0000,0.0000,0.0000,0.0000,0,0,18,0,0,0,0,41,19,500
1171,S,0,10,17,0,0,0,0.0000,0.0000,0.0000,0.0000,0,0,18,0,0,0,0,41,19,500
1172,S,0,10,17,0,0,0,0.0000,0.0000,0.0000,0.0000,0,0,18,0,0,0,0,41,19,500
1173,S,0,10,17,0,0,0,0.0000,0.0000,0.0000,0.0000,0,0,18,0,0,0,0,41,19,500
1174,S,0,10,17,0,0,0,0.0000,0.0000,0.0000,0.0000,0,0,18,0,0,0,0,41,19,500
1175,S,0,10,17,0,0,0,0.0000,0.0000,0.0000,0.0000,0,0,18,0,0,0,0,41,19,500
1176,S,0,10,17,0,0,0,0.0000,0.0000,0.0000,0.0000,0,0,18,0,0,0,0,41,19,500
1177,S,0,10,17,0,0,0,0.0000,0.0000,0.0000,0.0000,0,0,18,0,0,0,0,41,19,500
1178,S,0,10,17,0,0,0,0.0000,0.0000,0.0000,0.0000,0,0,18,0,0,0,0,41,19,500
1179,S,0,10,17,0,0,0,0.0000,0.0000,0.0000,0.0000,0,0,18,0,0,0,0,41,19,500
1180,S,0,10,17,0,0,0,0.0000,0.0000,0.0000,0.0000,0,0,18,0,0,0,0,41,19,500
1181,S,0,10,17,0,0,0,0.0000,0.0000,0.0000,0.0000,0,0,18,0,0,0,0,41,19,500
1182,S,0,10,17,0,0,0,0.0000,0.0000,0.0000,0.0000,0,0,18,0,0,0,0,41,19,500
1183,S,0,10,17,0,0,0,0.0000,0.0000,0.0000,0.0000,0,0,18,0,0,0,0,41,19,500
1184,S,0,10,17,0,0,0,0.0000,0.0000,0.0000,0.0000,0,0,18,0,0,0,0,41,19,500
1185,S,0,10,17,0,0,0,0.0000,0.0000,0.0000,0.0000,0,0,18,0,0,0,0,41,19,500
1186,S,0,10,17,0,0,0,0.0000,0.0000,0.0000,0.0000,0,0,18,0,0,0,0,41,19,500
1187,S,0,10,17,0,0,0,0.0000,0.0000,0.0000,0.0000,0,0,18,0,0,0,0,41,19,500
1188,S,0,10,17,0,0,0,0.0000,0.0000,0.0000,0.0000,0,0,18,0,0,0,0,41,19,500
1189,S,0,10,17,0,0,0,0.0000,0.0000,0.0000,0.0000,0,0,18,0,0,0,0,41,19,500
1190,S,0,10,17,0,0,0,0.0000,0.0000,0.0000,0.0000,0,0,18,0,0,0,0,41,19,500
1191,S,0,10,17,0,0,0,0.0000,0.0000,0.0000,0.0000,0,0,18,0,0,0,0,41,19,500
1192,S,0,10,17,0,0,0,0.0000,0.0000,0.0000,0.0000,0,0,18,0,0,0,0,41,19,500
1193,S,0,10,17,0,0,0,0.0000,0.0000,0.0000,0.0000,0,0,18,0,0,0,0,41,19,500
1194,S,0,10,17,0,0,0,0.0000,0.0000,0.0000,0.0000,0,0,18,0,0,0,0,41,19,500
1195,S,0,10,17,0,0,0,0.0000,0.0000,0.0000,0.0000,0,0,18,0,0,0,0,41,19,500
1196,S,0,10,17,0,0,0,0.0000,0.0000,0.0000,0.0000,0,0,18,0,0,0,0,41,19,500
1197,S,0,10,17,0,0,0,0.0000,0.0000,0.0000,0.0000,0,0,18,0,0,0,0,41,19,500
1198,S,0,10,17,0,0,0,0.0000,0.0000,0.0000,0.0000,0,0,18,0,0,0,0,41,19,500
1199,S,0,10,17,0,0,0,0.0000,0.0000,0.0000,0.0000,0,0,18,0,0,0,0,41,19,500
1200,S,0,10,17,0,0,0,0.0000,0.0000,0.0000,0.0000,0,0,18,0,0,0,0,41,19,500
1201,S,0,10,17,0,0,0,0.0000,0.0000,0.0000,0.0000,0,0,18,0,0,0,0,41,19,500
1202,S,0,10,17,0,0,0,0.0000,0.0000,0.0000,0.0000,0,0,18,0,0,0,0,41,19,500
1203,S,0,10,17,0,0,0,0.0000,0.0000,0.0000,0.0000,0,0,18,0,0,0,0,41,19,500
1204,S,0,10,17,0,0,0,0.0000,0.0000,0.0000,0.0000,0,0,18,0,0,0,0,41,19,500
1205,S,0,10,17,0,0,0,0.0000,0.0000,0.0000,0.0000,0,0,18,0,0,0,0,41,19,500
1206,S,0,10,17,0,0,0,0.0000,0.0000,0.0000,0.0000,0,0,18,0,0,0,0,41,19,500
1207,S,0,10,17,0,0,0,0.0000,0.0000,0.0000,0.0000,0,0,18,0,0,0,0,41,19,500
1208,S,0,10,17,0,0,0,0.0000,0.0000,0.0000,0.0000,0,0,18,0,0,0,0,41,19,500
1209,S,0,10,17,0,0,0,0.0000,0.0000,0.0000,0.0000,0,0,18,0,0,0,0,41,19,500
1210,S,0,10,17,0,0,0,0.0000,0.0000,0.0000,0.0000,0,0,18,0,0,0,0,41,19,500
1211,S,0,10,17,0,0,0,0.0000,0.0000,0.0000,0.0000,0,0,18,0,0,0,0,41,19,500
1212,S,0,10,17,0,0,0,0.0000,0.0000,0.0000,0.0000,0,0,18,0,0,0,0,41,19,500
1213,S,0,10,17,0,0,0,0.0000,0.0000,0.0000,0.0000,0,0,18,0,0,0,0,41,19,500
1214,S,0,10,17,0,0,0,0.0000,0.0000,0.0000,0.0000,0,0,18,0,0,0,0,41,19,500
1215,S,0,10,17,0,0,0,0.0000,0.0000,0.0000,0.0000,0,0,18,0,0,0,0,41,19,500
1216,S,0,10,17,0,0,0,0.0000,0.0000,0.0000,0.0000,0,0,18,0,0,0,0,41,19,500
1217,S,0,10,17,0,0,0,0.0000,0.0000,0.0000,0.0000,0,0,18,0,0,0,0,41,19,500
1218,S,0,10,17,0,0,0,0.0000,0.0000,0.0000,0.0000,0,0,18,0,0,0,0,41,19,500
1219,S,0,10,17,0,0,0,0.0000,0.0000,0.0000,0.0000,0,0,18,0,0,0,0,41,19,500
1220,S,0,10,17,0,0,0,0.0000,0.0000,0.0000,0.0000,0,0,18,0,0,0,0,41,19,500
1221,S,0,10,17,0,0,0,0.0000,0.0000,0.0000,0.0000,0,0,18,0,0,0,0,41,19,500
1222,S,0,10,17,0,0,0,0.0000,0.0000,0.0000,0.0000,0,0,18,0,0,0,0,41,19,500
1223,S,0,10,17,0,0,0,0.0000,0.0000,0.0000,0.0000,0,0,18,0,0,0,0,41,19,500
1224,S,0,10,17,0,0,0,0.0000,0.0000,0.0000,0.0000,0,0,18,0,0,0,0,41,19,500
1225,S,0,10,17,0,0,0,0.0000,0.0000,0.0000,0.0000,0,0,18,0,0,0,0,41,19,500
1226,S,0,10,17,0,0,0,0.0000,0.0000,0.0000,0.0000,0,0,18,0,0,0,0,41,19,500
1227,S,0,10,17,0,0,0,0.0000,0.0000,0.0000,0.0000,0,0,18,0,0,0,0,41,19,500
1228,S,0,10,17,0,0,0,0.0000,0.0000,0.0000,0.0000,0,0,18,0,0,0,0,41,19,500
1229,S,0,10,17,0,0,0,0.0000,0.0000,0.0000,0.0000,0,0,18,0,0,0,0,41,19,500
1230,S,0,10,17,0,0,0,0.0000,0.0000,0.0000,0.0000,0,0,18,0,0,0,0,41,19,500
1231,S,0,10,17,0,0,0,0.0000,0.0000,0.0000,0.0000,0,0,18,0,0,0,0,41,19,500
1232,S,0,10,17,0,0,0,0.0000,0.0000,0.0000,0.0000,0,0,18,0,0,0,0,41,19,500
1233,S,0,10,17,0,0,0,0.0000,0.0000,0.0000,0.0000,0,0,18,0,0,0,0,41,19,500
1234,S,0,10,17,0,0,0,0.0000,0.0000,0.0000,0.0000,0,0,18,0,0,0,0,41,19,500
1235,S,0,10,17,0,0,0,0.0000,0.0000,0.0000,0.0000,0,0,18,0,0,0,0,41,19,500
1236,S,0,10,17,0,0,0,0.0000,0.0000,0.0000,0.0000,0,0,18,0,0,0,0,41,19,500
1237,S,0,10,17,0,0,0,0.0000,0.0000,0.0000,0.0000,0,0,18,0,0,0,0,41,19,500
1238,S,0,10,17,0,0,0,0.0000,0.0000,0.0000,0.0000,0,0,18,0,0,0,0,41,19,500
1239,S,0,10,17,0,0,0,0.0000,0.0000,0.0000,0.0000,0,0,18,0,0,0,0,41,19,500
1240,S,0,10,17,0,0,0,0.0000,0.0000,0.0000,0.0000,0,0,18,0,0,0,0,41,19,500
1241,S,0,10,17,0,0,0,0.0000,0.0000,0.0000,0.0000,0,0,18,0,0,0,0,41,19,500
1242,S,0,10,17,0,0,0,0.0000,0.0000,0.0000,0.0000,0,0,18,0,0,0,0,41,19,500
1243,S,0,10,17,0,0,0,0.0000,0.0000,0.0000,0.0000,0,0,18,0,0,0,0,41,19,500
1244,S,0,10,17,0,0,0,0.0000,0.0000,0.0000,0.0000,0,0,18,0,0,0,0,41,19,500
1245,S,0,10,17,0,0,0,0.0000,0.0000,0.0000,0.0000,0,0,18,0,0,0,0,41,19,500
1246,S,0,10,17,0,0,0,0.0000,0.0000,0.0000,0.0000,0,0,18,0,0,0,0,41,19,500
1247,S,0,10,17,0,0,0,0.0000,0.0000,0.0000,0.0000,0,0,18,0,0,0,0,41,19,500
1248,S,0,10,17,0,0,0,0.0000,0.0000,0.0000,0.0000,0,0,18,0,0,0,0,41,19,500
1249,S,0,10,17,0,0,0,0.0000,0.0000,0.0000,0.0000,0,0,18,0,0,0,0,41,19,500
1250,S,0,10,17,0,0,0,0.0000,0.0000,0.0000,0.0000,0,0,18,0,0,0,0,41,19,500
1251,S,0,10,17,0,0,0,0.0000,0.0000,0.0000,0.0000,0,0,18,0,0,0,0,41,19,500
1252,S,0,10,17,0,0,0,0.0000,0.0000,0.0000,0.0000,0,0,18,0,0,0,0,41,19,500
1253,S,0,10,17,0,0,0,0.0000,0.0000,0.0000,0.0000,0,0,18,0,0,0,0,41,19,500
1254,S,0,10,17,0,0,0,0.0000,0.0000,0.0000,0.0000,0,0,18,0,0,0,0,41,19,500
1255,S,0,10,17,0,0,0,0.0000,0.0000,0.0000,0.0000,0,0,18,0,0,0,0,41,19,500
1256,S,0,10,17,0,0,0,0.0000,0.0000,0.0000,0.0000,0,0,18,0,0,0,0,41,19,500
1257,S,0,10,17,0,0,0,0.0000,0.0000,0.0000,0.0000,0,0,18,0,0,0,0,41,19,500
1258,S,0,10,17,0,0,0,0.0000,0.0000,0.0000,0.0000,0,0,18,0,0,0,0,41,19,500
1259,S,0,10,17,0,0,0,0.0000,0.0000,0.0000,0.0000,0,0,18,0,0,0,0,41,19,500
1260,S,0,10,17,0,0,0,0.0000,0.0000,0.0000,0.0000,0,0,18,0,0,0,0,41,19,500
1261,S,0,10,17,0,0,0,0.0000,0.0000,0.0000,0.0000,0,0,18,0,0,0,0,41,19,500
1262,S,0,10,17,0,0,0,0.0000,0.0000,0.0000,0.0000,0,0,18,0,0,0,0,41,19,500
1263,S,0,10,17,0,0,0,0.0000,0.0000,0.0000,0.0000,0,0,18,0,0,0,0,41,19,500
1264,S,0,10,17,0,0,0,0.0000,0.0000,0.0000,0.0000,0,0,18,0,0,0,0,41,19,500
1265,S,0,10,17,0,0,0,0.0000,0.0000,0.0000,0.0000,0,0,18,0,0,0,0,41,19,500
1266,S,0,10,17,0,0,0,0.0000,0.0000,0.0000,0.0000,0,0,18,0,0,0,0,41,19,500
1267,S,0,10,17,0,0,0,0.0000,0.0000,0.0000,0.0000,0,0,18,0,0,0,0,41,19,500
1268,S,0,10,17,0,0,0,0.0000,0.0000,0.0000,0.0000,0,0,18,0,0,0,0,41,19,500
1269,S,0,10,17,0,0,0,0.0000,0.0000,0.0000,0.0000,0,0,18,0,0,0,0,41,19,500
1270,S,0,10,17,0,0,0,0.0000,0.0000,0.0000,0.0000,0,0,18,0,0,0,0,41,19,500
1271,S,0,10,17,0,0,0,0.0000,0.0000,0.0000,0.0000,0,0,18,0,0,0,0,41,19,500
1272,S,0,10,17,0,0,0,0.0000,0.0000,0.0000,0.0000,0,0,18,0,0,0,0,41,19,500
1273,S,0,10,17,0,0,0,0.0000,0.0000,0.0000,0.0000,0,0,18,0,0,0,0,41,19,500
1274,S,0,10,17,0,0,0,0.0000,0.0000,0.0000,0.0000,0,0,18,0,0,0,0,41,19,500
1275,S,0,10,17,0,0,0,0.0000,0.0000,0.0000,0.0000,0,0,18,0,0,0,0,41,19,500
1276,S,0,10,17,0,0,0,0.0000,0.0000,0.0000,0.0000,0,0,18,0,0,0,0,41,19,500
1277,S,0,10,17,0,0,0,0.0000,0.0000,0.0000,0.0000,0,0,18,0,0,0,0,41,19,500
1278,S,0,10,17,0,0,0,0.0000,0.0000,0.0000,0.0000,0,0,18,0,0,0,0,41,19,500
1279,S,0,10,17,0,0,0,0.0000,0.0000,0.0000,0.0000,0,0,18,0,0,0,0,41,19,500
1280,S,0,10,17,0,0,0,0.0000,0.0000,0.0000,0.0000,0,0,18,0,0,0,0,41,19,500
1281,S,0,10,17,0,0,0,0.0000,0.0000,0.0000,0.0000,0,0,18,0,0,0,0,41,19,500
1282,S,0,10,17,0,0,0,0.0000,0.0000,0.0000,0.0000,0,0,18,0,0,0,0,41,19,500
1283,S,0,10,17,0,0,0,0.0000,0.0000,0.0000,0.0000,0,0,18,0,0,0,0,41,19,500
1284,S,0,10,17,0,0,0,0.0000,0.0000,0.0000,0.0000,0,0,18,0,0,0,0,41,19,500
1285,S,0,10,17,0,0,0,0.0000,0.0000,0.0000,0.0000,0,0,18,0,0,0,0,41,19,500
1286,S,0,10,17,0,0,0,0.0000,0.0000,0.0000,0.0000,0,0,18,0,0,0,0,41,19,500
1287,S,0,10,17,0,0,0,0.0000,0.0000,0.0000,0.0000,0,0,18,0,0,0,0,41,19,500
1288,S,0,10,17,0,0,0,0.0000,0.0000,0.0000,0.0000,0,0,18,0,0,0,0,41,19,500
1289,S,0,10,17,0,0,0,0.0000,0.0000,0.0000,0.0000,0,0,18,0,0,0,0,41,19,500
1290,S,0,10,17,0,0,0,0.0000,0.0000,0.0000,0.0000,0,0,18,0,0,0,0,41,19,500
1291,S,0,10,17,0,0,0,0.0000,0.0000,0.0000,0.0000,0,0,18,0,0,0,0,41,19,500
1292,S,0,10,17,0,0,0,0.0000,0.0000,0.0000,0.0000,0,0,18,0,0,0,0,41,19,500
1293,S,0,10,17,0,0,0,0.0000,0.0000,0.0000,0.0000,0,0,18,0,0,0,0,41,19,500
1294,S,0,10,17,0,0,0,0.0000,0.0000,0.0000,0.0000,0,0,18,0,0,0,0,41,19,500
1295,S,0,10,17,0,0,0,0.0000,0.0000,0.0000,0.0000,0,0,18,0,0,0,0,41,19,500
1296,S,0,10,17,0,0,0,0.0000,0.0000,0.0000,0.0000,0,0,18,0,0,0,0,41,19,500
1297,S,0,10,17,0,0,0,0.0000,0.0000,0.0000,0.0000,0,0,18,0,0,0,0,41,19,500
1298,S,0,10,17,0,0,0,0.0000,0.0000,0.0000,0.0000,0,0,18,0,0,0,0,41,19,500
1299,S,0,10,17,0,0,0,0.0000,0.0000,0.0000,0.0000,0,0,18,0,0,0,0,41,19,500
1300,S,0,10,17,0,0,0,0.0000,0.0000,0.0000,0.0000,0,0,18,0,0,0,0,41,19,500
1301,S,0,10,17,0,0,0,0.0000,0.0000,0.0000,0.0000,0,0,18,0,0,0,0,41,19,500
1302,S,0,10,17,0,0,0,0.0000,0.0000,0.0000,0.0000,0,0,18,0,0,0,0,41,19,500
1303,S,0,10,17,0,0,0,0.0000,0.0000,0.0000,0.0000,0,0,18,0,0,0,0,41,19,500
1304,S,0,10,17,0,0,0,0.0000,0.0000,0.0000,0.0000,0,0,18,0,0,0,0,41,19,500
1305,S,0,10,17,0,0,0,0.0000,0.0000,0.0000,0.0000,0,0,18,0,0,0,0,41,19,500
1306,S,0,10,17,0,0,0,0.0000,0.0000,0.0000,0.0000,0,0,18,0,0,0,0,41,19,500
1307,S,0,10,17,0,0,0,0.0000,0.0000,0.0000,0.0000,0,0,18,0,0,0,0,41,19,500
1308,S,0,10,17,0,0,0,0.0000,0.0000,0.0000,0.0000,0,0,18,0,0,0,0,41,19,500
1309,S,0,10,17,0,0,0,0.0000,0.0000,0.0000,0.0000,0,0,18,0,0,0,0,41,19,500
1310,S,0,10,17,0,0,0,0.0000,0.0000,0.0000,0.0000,0,0,18,0,0,0,0,41,19,500
1311,S,0,10,17,0,0,0,0.0000,0.0000,0.0000,0.0000,0,0,18,0,0,0,0,41,19,500
1312,S,0,10,17,0,0,0,0.0000,0.0000,0.0000,0.0000,0,0,18,0,0,0,0,41,19,500
1313,S,0,10,17,0,0,0,0.0000,0.0000,0.0000,0.0000,0,0,18,0,0,0,0,41,19,500
1314,S,0,10,17,0,0,0,0.0000,0.0000,0.0000,0.0000,0,0,18,0,0,0,0,41,19,500
1315,S,0,10,17,0,0,0,0.0000,0.0000,0.0000,0.0000,0,0,18,0,0,0,0,41,19,500
1316,S,0,10,17,0,0,0,0.0000,0.0000,0.0000,0.0000,0,0,18,0,0,0,0,41,19,500
1317,S,0,10,17,0,0,0,0.0000,0.0000,0.0000,0.0000,0,0,18,0,0,0,0,41,19,500
1318,S,0,10,17,0,0,0,0.0000,0.0000,0.0000,0.0000,0,0,18,0,0,0,0,41,19,500
1319,S,0,10,17,0,0,0,0.0000,0.0000,0.0000,0.0000,0,0,18,0,0,0,0,41,19,500
1320,S,0,10,17,0,0,0,0.0000,0.0000,0.0000,0.0000,0,0,18,0,0,0,0,41,19,500
1321,S,0,10,17,0,0,0,0.0000,0.0000,0.0000,0.0000,0,0,18,0,0,0,0,41,19,500
1322,S,0,10,17,0,0,0,0.0000,0.0000,0.0000,0.0000,0,0,18,0,0,0,0,41,19,500
1323,S,0,10,17,0,0,0,0.0000,0.0000,0.0000,0.0000,0,0,18,0,0,0,0,41,19,500
1324,S,0,10,17,0,0,0,0.0000,0.0000,0.0000,0.0000,0,0,18,0,0,0,0,41,19,500
1325,S,0,10,17,0,0,0,0.0000,0.0000,0.0000,0.0000,0,0,18,0,0,0,0,41,19,500
1326,S,0,10,17,0,0,0,0.0000,0.0000,0.0000,0.0000,0,0,18,0,0,0,0,41,19,500
1327,S,0,10,17,0,0,0,0.0000,0.0000,0.0000,0.0000,0,0,18,0,0,0,0,41,19,500
1328,S,0,10,17,0,0,0,0.0000,0.0000,0.0000,0.0000,0,0,18,0,0,0,0,41,19,500
1329,S,0,10,17,0,0,0,0.0000,0.0000,0.0000,0.0000,0,0,18,0,0,0,0,41,19,500
1330,S,0,10,17,0,0,0,0.0000,0.0000,0.0000,0.0000,0,0,18,0,0,0,0,41,19,500
1331,S,0,10,17,0,0,0,0.0000,0.0000,0.0000,0.0000,0,0,18,0,0,0,0,41,19,500
1332,S,0,10,17,0,0,0,0.0000,0.0000,0.0000,0.0000,0,0,18,0,0,0,0,41,19,500
1333,S,0,10,17,0,0,0,0.0000,0.0000,0.0000,0.0000,0,0,18,0,0,0,0,41,19,500
1334,S,0,10,17,0,0,0,0.0000,0.0000,0.0000,0.0000,0,0,18,0,0,0,0,41,19,500
1335,S,0,10,17,0,0,0,0.0000,0.0000,0.0000,0.0000,0,0,18,0,0,0,0,41,19,500
1336,S,0,10,17,0,0,0,0.0000,0.0000,0.0000,0.0000,0,0,18,0,0,0,0,41,19,500
1337,S,0,10,17,0,0,0,0.0000,0.0000,0.0000,0.0000,0,0,18,0,0,0,0,41,19,500
1338,S,0,10,17,0,0,0,0.0000,0.0000,0.0000,0.0000,0,0,18,0,0,0,0,41,19,500
1339,S,0,10,17,0,0,0,0.0000,0.0000,0.0000,0.0000,0,0,18,0,0,0,0,41,19,500
1340,S,0,10,17,0,0,0,0.0000,0.0000,0.0000,0.0000,0,0,18,0,0,0,0,41,19,500
1341,S,0,10,17,0,0,0,0.0000,0.0000,0.0000,0.0000,0,0,18,0,0,0,0,41,19,500
1342,S,0,10,17,0,0,0,0.0000,0.0000,0.0000,0.0000,0,0,18,0,0,0,0,41,19,500
1343,S,0,10,17,0,0,0,0.0000,0.0000,0.0000,0.0000,0,0,18,0,0,0,0,41,19,500
1344,S,0,10,17,0,0,0,0.0000,0.0000,0.0000,0.0000,0,0,18,0,0,0,0,41,19,500
1345,S,0,10,17,0,0,0,0.0000,0.0000,0.0000,0.0000,0,0,18,0,0,0,0,41,19,500
1346,S,0,10,17,0,0,0,0.0000,0.0000,0.0000,0.0000,0,0,18,0,0,0,0,41,19,500
1347,S,0,10,17,0,0,0,0.0000,0.0000,0.0000,0.0000,0,0,18,0,0,0,0,41,19,500
1348,S,0,10,17,0,0,0,0.0000,0.0000,0.0000,0.0000,0,0,18,0,0,0,0,41,19,500
1349,S,0,10,17,0,0,0,0.0000,0.0000,0.0000,0.0000,0,0,18,0,0,0,0,41,19,500
1350,S,0,10,17,0,0,0,0.0000,0.0000,0.0000,0.0000,0,0,18,0,0,0,0,41,19,500
1351,S,0,10,17,0,0,0,0.0000,0.0000,0.0000,0.0000,0,0,18,0,0,0,0,41,19,500
1352,S,0,10,17,0,0,0,0.0000,0.0000,0.0000,0.0000,0,0,18,0,0,0,0,41,19,500
1353,S,0,10,17,0,0,0,0.0000,0.0000,0.0000,0.0000,0,0,18,0,0,0,0,41,19,500
1354,S,0,10,17,0,0,0,0.0000,0.0000,0.0000,0.0000,0,0,18,0,0,0,0,41,19,500
1355,S,0,10,17,0,0,0,0.0000,0.0000,0.0000,0.0000,0,0,18,0,0,0,0,41,19,500
1356,S,0,10,17,0,0,0,0.0000,0.0000,0.0000,0.0000,0,0,18,0,0,0,0,41,19,500
1357,S,0,10,17,0,0,0,0.0000,0.0000,0.0000,0.0000,0,0,18,0,0,0,0,41,19,500
1358,S,0,10,17,0,0,0,0.0000,0.0000,0.0000,0.0000,0,0,18,0,0,0,0,41,19,500
1359,S,0,10,17,0,0,0,0.0000,0.0000,0.0000,0.0000,0,0,18,0,0,0,0,41,19,500
1360,S,0,10,17,0,0,0,0.0000,0.0000,0.0000,0.0000,0,0,18,0,0,0,0,41,19,500
1361,S,0,10,17,0,0,0,0.0000,0.0000,0.0000,0.0000,0,0,18,0,0,0,0,41,19,500
1362,S,0,10,17,0,0,0,0.0000,0.0000,0.0000,0.0000,0,0,18,0,0,0,0,41,19,500
1363,S,0,10,17,0,0,0,0.0000,0.0000,0.0000,0.0000,0,0,18,0,0,0,0,41,19,500
1364,S,0,10,17,0,0,0,0.0000,0.0000,0.0000,0.0000,0,0,18,0,0,0,0,41,19,500
1365,S,0,10,17,0,0,0,0.0000,0.0000,0.0000,0.0000,0,0,18,0,0,0,0,41,19,500
1366,S,0,10,17,0,0,0,0.0000,0.0000,0.0000,0.0000,0,0,18,0,0,0,0,41,19,500
1367,S,0,10,17,0,0,0,0.0000,0.0000,0.0000,0.0000,0,0,18,0,0,0,0,41,19,500
1368,S,0,10,17,0,0,0,0.0000,0.0000,0.0000,0.0000,0,0,18,0,0,0,0,41,19,500
1369,S,0,10,17,0,0,0,0.0000,0.0000,0.0000,0.0000,0,0,18,0,0,0,0,41,19,500
1370,S,0,10,17,0,0,0,0.0000,0.0000,0.0000,0.0000,0,0,18,0,0,0,0,41,19,500
1371,S,0,10,17,0,0,0,0.0000,0.0000,0.0000,0.0000,0,0,18,0,0,0,0,41,19,500
1372,S,0,10,17,0,0,0,0.0000,0.0000,0.0000,0.0000,0,0,18,0,0,0,0,41,19,500
1373,S,0,10,17,0,0,0,0.0000,0.0000,0.0000,0.0000,0,0,18,0,0,0,0,41,19,500
1374,S,0,10,17,0,0,0,0.0000,0.0000,0.0000,0.0000,0,0,18,0,0,0,0,41,19,500
1375,S,0,10,17,0,0,0,0.0000,0.0000,0.0000,0.0000,0,0,18,0,0,0,0,41,19,500
1376,S,0,10,17,0,0,0,0.0000,0.0000,0.0000,0.0000,0,0,18,0,0,0,0,41,19,500
1377,S,0,10,17,0,0,0,0.0000,0.0000,0.0000,0.0000,0,0,18,0,0,0,0,41,19,500
1378,S,0,10,17,0,0,0,0.0000,0.0000,0.0000,0.0000,0,0,18,0,0,0,0,41,19,500
1379,S,0,10,17,0,0,0,0.0000,0.0000,0.0000,0.0000,0,0,18,0,0,0,0,41,19,500
1380,S,0,10,17,0,0,0,0.0000,0.0000,0.0000,0.0000,0,0,18,0,0,0,0,41,19,500
1381,S,0,10,17,0,0,0,0.0000,0.0000,0.0000,0.0000,0,0,18,0,0,0,0,41,19,500
1382,S,0,10,17,0,0,0,0.0000,0.0000,0.0000,0.0000,0,0,18,0,0,0,0,41,19,500
1383,S,0,10,17,0,0,0,0.0000,0.0000,0.0000,0.0000,0,0,18,0,0,0,0,41,19,500
1384,S,0,10,17,0,0,0,0.0000,0.0000,0.0000,0.0000,0,0,18,0,0,0,0,41,19,500
1385,S,0,10,17,0,0,0,0.0000,0.0000,0.0000,0.0000,0,0,18,0,0,0,0,41,19,500
1386,S,0,10,17,0,0,0,0.0000,0.0000,0.0000,0.0000,0,0,18,0,0,0,0,41,19,500
1387,S,0,10,17,0,0,0,0.0000,0.0000,0.0000,0.0000,0,0,18,0,0,0,0,41,19,500
1388,S,0,10,17,0,0,0,0.0000,0.0000,0.0000,0.0000,0,0,18,0,0,0,0,41,19,500
1389,S,0,10,17,0,0,0,0.0000,0.0000,0.0000,0.0000,0,0,18,0,0,0,0,41,19,500
1390,S,0,10,17,0,0,0,0.0000,0.0000,0.0000,0.0000,0,0,18,0,0,0,0,41,19,500
1391,S,0,10,17,0,0,0,0.0000,0.0000,0.0000,0.0000,0,0,18,0,0,0,0,41,19,500
1392,S,0,10,17,0,0,0,0.0000,0.0000,0.0000,0.0000,0,0,18,0,0,0,0,41,19,500
1393,S,0,10,17,0,0,0,0.0000,0.0000,0.0000,0.0000,0,0,18,0,0,0,0,41,19,500
1394,S,0,10,17,0,0,0,0.0000,0.0000,0.0000,0.0000,0,0,18,0,0,0,0,41,19,500
1395,S,0,10,17,0,0,0,0.0000,0.0000,0.0000,0.0000,0,0,18,0,0,0,0,41,19,500
1396,S,0,10,17,0,0,0,0.0000,0.0000,0.0000,0.0000,0,0,18,0,0,0,0,41,19,500
1397,S,0,10,17,0,0,0,0.0000,0.0000,0.0000,0.0000,0,0,18,0,0,0,0,41,19,500
1398,S,0,10,17,0,0,0,0.0000,0.0000,0.0000,0.0000,0,0,18,0,0,0,0,41,19,500
1399,S,0,10,17,0,0,0,0.0000,0.0000,0.0000,0.0000,0,0,18,0,0,0,0,41,19,500
1400,S,0,10,17,0,0,0,0.0000,0.0000,0.0000,0.0000,0,0,18,0,0,0,0,41,19,500
1401,S,0,10,17,0,0,0,0.0000,0.0000,0.0000,0.0000,0,0,18,0,0,0,0,41,19,500
1402,S,0,10,17,0,0,0,0.0000,0.0000,0.0000,0.0000,0,0,18,0,0,0,0,41,19,500
1403,S,0,10,17,0,0,0,0.0000,0.0000,0.0000,0.0000,0,0,18,0,0,0,0,41,19,500
1404,S,0,10,17,0,0,0,0.0000,0.0000,0.0000,0.0000,0,0,18,0,0,0,0,41,19,500
1405,S,0,10,17,0,0,0,0.0000,0.0000,0.0000,0.0000,0,0,18,0,0,0,0,41,19,500
1406,S,0,10,17,0,0,0,0.0000,0.0000,0.0000,0.0000,0,0,18,0,0,0,0,41,19,500
1407,S,0,10,17,0,0,0,0.0000,0.0000,0.0000,0.0000,0,0,18,0,0,0,0,41,19,500
1408,S,0,10,17,0,0,0,0.0000,0.0000,0.0000,0.0000,0,0,18,0,0,0,0,41,19,500
1409,S,0,10,17,0,0,0,0.0000,0.0000,0.0000,0.0000,0,0,18,0,0,0,0,41,19,500
1410,S,0,10,17,0,0,0,0.0000,0.0000,0.0000,0.0000,0,0,18,0,0,0,0,41,19,500
1411,S,0,10,17,0,0,0,0.0000,0.0000,0.0000,0.0000,0,0,18,0,0,0,0,41,19,500
1412,S,0,10,17,0,0,0,0.0000,0.0000,0.0000,0.0000,0,0,18,0,0,0,0,41,19,500
1413,S,0,10,17,0,0,0,0.0000,0.0000,0.0000,0.0000,0,0,18,0,0,0,0,41,19,500
1414,S,0,10,17,0,0,0,0.0000,0.0000,0.0000,0.0000,0,0,18,0,0,0,0,41,19,500
1415,S,0,10,17,0,0,0,0.0000,0.0000,0.0000,0.0000,0,0,18,0,0,0,0,41,19,500
1416,S,0,10,17,0,0,0,0.0000,0.0000,0.0000,0.0000,0,0,18,0,0,0,0,41,19,500
1417,S,0,10,17,0,0,0,0.0000,0.0000,0.0000,0.0000,0,0,18,0,0,0,0,41,19,500
1418,S,0,10,17,0,0,0,0.0000,0.0000,0.0000,0.0000,0,0,18,0,0,0,0,41,19,500
1419,S,0,10,17,0,0,0,0.0000,0.0000,0.0000,0.0000,0,0,18,0,0,0,0,41,19,500
1420,S,0,10,17,0,0,0,0.0000,0.0000,0.0000,0.0000,0,0,18,0,0,0,0,41,19,500
1421,S,0,10,17,0,0,0,0.0000,0.0000,0.0000,0.0000,0,0,18,0,0,0,0,41,19,500
1422,S,0,10,17,0,0,0,0.0000,0.0000,0.0000,0.0000,0,0,18,0,0,0,0,41,19,500
1423,S,0,10,17,0,0,0,0.0000,0.0000,0.0000,0.0000,0,0,18,0,0,0,0,41,19,500
1424,S,0,10,17,0,0,0,0.0000,0.0000,0.0000,0.0000,0,0,18,0,0,0,0,41,19,500
1425,S,0,10,17,0,0,0,0.0000,0.0000,0.0000,0.0000,0,0,18,0,0,0,0,41,19,500
1426,S,0,10,17,0,0,0,0.0000,0.0000,0.0000,0.0000,0,0,18,0,0,0,0,41,19,500
1427,S,0,10,17,0,0,0,0.0000,0.0000,0.0000,0.0000,0,0,18,0,0,0,0,41,19,500
1428,S,0,10,17,0,0,0,0.0000,0.0000,0.0000,0.0000,0,0,18,0,0,0,0,41,19,500
1429,S,0,10,17,0,0,0,0.0000,0.0000,0.0000,0.0000,0,0,18,0,0,0,0,41,19,500
1430,S,0,10,17,0,0,0,0.0000,0.0000,0.0000,0.0000,0,0,18,0,0,0,0,41,19,500
1431,S,0,10,17,0,0,0,0.0000,0.0000,0.0000,0.0000,0,0,18,0,0,0,0,41,19,500
1432,S,0,10,17,0,0,0,0.0000,0.0000,0.0000,0.0000,0,0,18,0,0,0,0,41,19,500
1433,S,0,10,17,0,0,0,0.0000,0.0000,0.0000,0.0000,0,0,18,0,0,0,0,41,19,500
1434,S,0,10,17,0,0,0,0.0000,0.0000,0.0000,0.0000,0,0,18,0,0,0,0,41,19,500
1435,S,0,10,17,0,0,0,0.0000,0.0000,0.0000,0.0000,0,0,18,0,0,0,0,41,19,500
1436,S,0,10,17,0,0,0,0.0000,0.0000,0.0000,0.0000,0,0,18,0,0,0,0,41,19,500
1437,S,0,10,17,0,0,0,0.0000,0.0000,0.0000,0.0000,0,0,18,0,0,0,0,41,19,500
1438,S,0,10,17,0,0,0,0.0000,0.0000,0.0000,0.0000,0,0,18,0,0,0,0,41,19,500
1439,S,0,10,17,0,0,0,0.0000,0.0000,0.0000,0.0000,0,0,18,0,0,0,0,41,19,500
1440,S,0,10,17,0,0,0,0.0000,0.0000,0.0000,0.0000,0,0,18,0,0,0,0,41,19,500
1441,S,0,10,17,0,0,0,0.0000,0.0000,0.0000,0.0000,0,0,18,0,0,0,0,41,19,500
1442,S,0,10,17,0,0,0,0.0000,0.0000,0.0000,0.0000,0,0,18,0,0,0,0,41,19,500
1443,S,0,10,17,0,0,0,0.0000,0.0000,0.0000,0.0000,0,0,18,0,0,0,0,41,19,500
1444,S,0,10,17,0,0,0,0.0000,0.0000,0.0000,0.0000,0,0,18,0,0,0,0,41,19,500
1445,S,0,10,17,0,0,0,0.0000,0.0000,0.0000,0.0000,0,0,18,0,0,0,0,41,19,500
1446,S,0,10,17,0,0,0,0.0000,0.0000,0.0000,0.0000,0,0,18,0,0,0,0,41,19,500
1447,S,0,10,17,0,0,0,0.0000,0.0000,0.0000,0.0000,0,0,18,0,0,0,0,41,19,500
1448,S,0,10,17,0,0,0,0.0000,0.0000,0.0000,0.0000,0,0,18,0,0,0,0,41,19,500
1449,S,0,10,17,0,0,0,0.0000,0.0000,0.0000,0.0000,0,0,18,0,0,0,0,41,19,500
1450,S,0,10,17,0,0,0,0.0000,0.0000,0.0000,0.0000,0,0,18,0,0,0,0,41,19,500
1451,S,0,10,17,0,0,0,0.0000,0.0000,0.0000,0.0000,0,0,18,0,0,0,0,41,19,500
1452,S,0,10,17,0,0,0,0.0000,0.0000,0.0000,0.0000,0,0,18,0,0,0,0,41,19,500
1453,S,0,10,17,0,0,0,0.0000,0.0000,0.0000,0.0000,0,0,18,0,0,0,0,41,19,500
1454,S,0,10,17,0,0,0,0.0000,0.0000,0.0000,0.0000,0,0,18,0,0,0,0,41,19,500
1455,S,0,10,17,0,0,0,0.0000,0.0000,0.0000,0.0000,0,0,18,0,0,0,0,41,19,500
1456,S,0,10,17,0,0,0,0.0000,0.0000,0.0000,0.0000,0,0,18,0,0,0,0,41,19,500
1457,S,0,10,17,0,0,0,0.0000,0.0000,0.0000,0.0000,0,0,18,0,0,0,0,41,19,500
1458,S,0,10,17,0,0,0,0.0000,0.0000,0.0000,0.0000,0,0,18,0,0,0,0,41,19,500
1459,S,0,10,17,0,0,0,0.0000,0.0000,0.0000,0.0000,0,0,18,0,0,0,0,41,19,500
1460,S,0,10,17,0,0,0,0.0000,0.0000,0.0000,0.0000,0,0,18,0,0,0,0,41,19,500
1461,S,0,10,17,0,0,0,0.0000,0.0000,0.0000,0.0000,0,0,18,0,0,0,0,41,19,500
1462,S,0,10,17,0,0,0,0.0000,0.0000,0.0000,0.0000,0,0,18,0,0,0,0,41,19,500
1463,S,0,10,17,0,0,0,0.0000,0.0000,0.0000,0.0000,0,0,18,0,0,0,0,41,19,500
1464,S,0,10,17,0,0,0,0.0000,0.0000,0.0000,0.0000,0,0,18,0,0,0,0,41,19,500
1465,S,0,10,17,0,0,0,0.0000,0.0000,0.0000,0.0000,0,0,18,0,0,0,0,41,19,500
1466,S,0,10,17,0,0,0,0.0000,0.0000,0.0000,0.0000,0,0,18,0,0,0,0,41,19,500
1467,S,0,10,17,0,0,0,0.0000,0.0000,0.0000,0.0000,0,0,18,0,0,0,0,41,19,500
1468,S,0,10,17,0,0,0,0.0000,0.0000,0.0000,0.0000,0,0,18,0,0,0,0,41,19,500
1469,S,0,10,17,0,0,0,0.0000,0.0000,0.0000,0.0000,0,0,18,0,0,0,0,41,19,500
1470,S,0,10,17,0,0,0,0.0000,0.0000,0.0000,0.0000,0,0,18,0,0,0,0,41,19,500
1471,S,0,10,17,0,0,0,0.0000,0.0000,0.0000,0.0000,0,0,18,0,0,0,0,41,19,500
1472,S,0,10,17,0,0,0,0.0000,0.0000,0.0000,0.0000,0,0,18,0,0,0,0,41,19,500
1473,S,0,10,17,0,0,0,0.0000,0.0000,0.0000,0.0000,0,0,18,0,0,0,0,41,19,500
1474,S,0,10,17,0,0,0,0.0000,0.0000,0.0000,0.0000,0,0,18,0,0,0,0,41,19,500
1475,S,0,10,17,0,0,0,0.0000,0.0000,0.0000,0.0000,0,0,18,0,0,0,0,41,19,500
1476,S,0,10,17,0,0,0,0.0000,0.0000,0.0000,0.0000,0,0,18,0,0,0,0,41,19,500
1477,S,0,10,17,0,0,0,0.0000,0.0000,0.0000,0.0000,0,0,18,0,0,0,0,41,19,500
1478,S,0,10,17,0,0,0,0.0000,0.0000,0.0000,0.0000,0,0,18,0,0,0,0,41,19,500
1479,S,0,10,17,0,0,0,0.0000,0.0000,0.0000,0.0000,0,0,18,0,0,0,0,41,19,500
1480,S,0,10,17,0,0,0,0.0000,0.0000,0.0000,0.0000,0,0,18,0,0,0,0,41,19,500
1481,S,0,10,17,0,0,0,0.0000,0.0000,0.0000,0.0000,0,0,18,0,0,0,0,41,19,500
1482,S,0,10,17,0,0,0,0.0000,0.0000,0.0000,0.0000,0,0,18,0,0,0,0,41,19,500
1483,S,0,10,17,0,0,0,0.0000,0.0000,0.0000,0.0000,0,0,18,0,0,0,0,41,19,500
1484,S,0,10,17,0,0,0,0.0000,0.0000,0.0000,0.0000,0,0,18,0,0,0,0,41,19,500
1485,S,0,10,17,0,0,0,0.0000,0.0000,0.0000,0.0000,0,0,18,0,0,0,0,41,19,500
1486,S,0,10,17,0,0,0,0.0000,0.0000,0.0000,0.0000,0,0,18,0,0,0,0,41,19,500
1487,S,0,10,17,0,0,0,0.0000,0.0000,0.0000,0.0000,0,0,18,0,0,0,0,41,19,500
1488,S,0,10,17,0,0,0,0.0000,0.0000,0.0000,0.0000,0,0,18,0,0,0,0,41,19,500
1489,S,0,10,17,0,0,0,0.0000,0.0000,0.0000,0.0000,0,0,18,0,0,0,0,41,19,500
1490,S,0,10,17,0,0,0,0.0000,0.0000,0.0000,0.0000,0,0,18,0,0,0,0,41,19,500
1491,S,0,10,17,0,0,0,0.0000,0.0000,0.0000,0.0000,0,0,18,0,0,0,0,41,19,500
1492,S,0,10,17,0,0,0,0.0000,0.0000,0.0000,0.0000,0,0,18,0,0,0,0,41,19,500
1493,S,0,10,17,0,0,0,0.0000,0.0000,0.0000,0.0000,0,0,18,0,0,0,0,41,19,500
1494,S,0,10,17,0,0,0,0.0000,0.0000,0.0000,0.0000,0,0,18,0,0,0,0,41,19,500
1495,S,0,10,17,0,0,0,0.0000,0.0000,0.0000,0.0000,0,0,18,0,0,0,0,41,19,500
1496,S,0,10,17,0,0,0,0.0000,0.0000,0.0000,0.0000,0,0,18,0,0,0,0,41,19,500
1497,S,0,10,17,0,0,0,0.0000,0.0000,0.0000,0.0000,0,0,18,0,0,0,0,41,19,500
1498,S,0,10,17,0,0,0,0.0000,0.0000,0.0000,0.0000,0,0,18,0,0,0,0,41,19,500
1499,S,0,10,17,0,0,0,0.0000,0.0000,0.0000,0.0000,0,0,18,0,0,0,0,41,19,500
1500,S,0,10,17,0,0,0,0.0000,0.0000,0.0000,0.0000,0,0,18,0,0,0,0,41,19,500
