sol,age,pop,births,deaths,pairs,friend_pairs,close_pairs,web,second,lonely,friends_mean,lines,grief,lines_cum,capped_cum,dropped_cum,stale_cum,pending,formed_cum,close_cum,log_size
1,L,7,0,0,21,21,0,1.0000,0.0000,0.0000,6.0000,0,0,0,0,0,0,0,0,0,3
2,L,7,0,0,21,21,0,1.0000,0.0000,0.0000,6.0000,0,0,0,0,0,0,0,0,0,4
3,L,7,0,0,21,21,0,1.0000,0.0000,0.0000,6.0000,0,0,0,0,0,0,0,0,0,5
4,L,7,0,0,21,21,0,1.0000,0.0000,0.0000,6.0000,0,0,0,0,0,0,0,0,0,6
5,L,7,0,0,21,21,0,1.0000,0.0000,0.0000,6.0000,0,0,0,0,0,0,0,0,0,8
6,L,7,0,0,21,21,0,1.0000,0.0000,0.0000,6.0000,0,0,0,0,0,0,0,0,0,9
7,L,7,0,0,21,21,0,1.0000,0.0000,0.0000,6.0000,0,0,0,0,0,0,0,0,0,10
8,L,7,0,0,21,21,0,1.0000,0.0000,0.0000,6.0000,0,0,0,0,0,0,0,0,0,11
9,L,7,0,0,21,21,0,1.0000,0.0000,0.0000,6.0000,0,0,0,0,0,0,0,0,0,12
10,L,7,0,0,21,21,0,1.0000,0.0000,0.0000,6.0000,0,0,0,0,0,0,0,0,0,13
11,L,7,0,0,21,21,0,1.0000,0.0000,0.0000,6.0000,0,0,0,0,0,0,0,0,0,15
12,L,7,0,0,21,21,0,1.0000,0.0000,0.0000,6.0000,0,0,0,0,0,0,0,0,0,16
13,L,7,0,0,21,21,0,1.0000,0.0000,0.0000,6.0000,0,0,0,0,0,0,0,0,0,17
14,L,7,0,0,21,21,0,1.0000,0.0000,0.0000,6.0000,0,0,0,0,0,0,0,0,0,18
15,L,7,0,0,21,21,0,1.0000,0.0000,0.0000,6.0000,0,0,0,0,0,0,0,0,0,19
16,L,7,0,0,21,21,0,1.0000,0.0000,0.0000,6.0000,0,0,0,0,0,0,0,0,0,20
17,L,7,0,0,21,21,0,1.0000,0.0000,0.0000,6.0000,0,0,0,0,0,0,0,0,0,21
18,L,7,0,0,21,21,0,1.0000,0.0000,0.0000,6.0000,0,0,0,0,0,0,0,0,0,22
19,L,7,0,0,21,21,0,1.0000,0.0000,0.0000,6.0000,0,0,0,0,0,0,0,0,0,23
20,L,7,0,0,21,20,0,1.0000,0.0000,0.0000,5.7143,1,0,1,0,0,0,0,0,0,25
21,L,7,0,0,21,19,0,1.0000,0.0000,0.0000,5.4286,0,0,1,0,0,0,0,0,0,26
22,L,7,0,0,21,19,0,1.0000,0.0000,0.0000,5.4286,0,0,1,0,0,0,0,0,0,26
23,L,7,0,0,21,18,0,1.0000,0.0000,0.0000,5.1429,0,0,1,0,0,0,0,0,0,28
24,L,7,0,0,21,18,0,1.0000,0.0000,0.0000,5.1429,0,0,1,0,0,0,0,0,0,29
25,L,7,0,0,21,17,0,1.0000,0.0000,0.0000,4.8571,0,0,1,0,0,0,0,0,0,30
26,L,7,0,0,21,16,0,1.0000,0.0000,0.0000,4.5714,0,0,1,0,0,0,0,0,0,31
27,L,7,0,0,21,16,0,1.0000,0.0000,0.0000,4.5714,0,0,1,0,0,0,0,0,0,34
28,L,7,0,0,21,16,0,1.0000,0.0000,0.0000,4.5714,0,0,1,0,0,0,0,0,0,34
29,L,7,0,0,21,16,0,1.0000,0.0000,0.0000,4.5714,0,0,1,0,0,0,0,0,0,35
30,L,7,0,0,21,16,0,1.0000,0.0000,0.0000,4.5714,0,0,1,0,0,0,0,0,0,37
31,L,7,0,0,21,16,0,1.0000,0.0000,0.0000,4.5714,0,0,1,0,0,0,0,0,0,37
32,L,7,0,0,21,16,0,1.0000,0.0000,0.0000,4.5714,0,0,1,0,0,0,0,0,0,38
33,L,7,0,0,21,16,0,1.0000,0.0000,0.0000,4.5714,0,0,1,0,0,0,0,0,0,39
34,L,7,0,0,20,15,0,1.0000,0.0000,0.0000,4.2857,1,0,2,0,0,0,0,0,0,41
35,L,7,0,0,20,13,0,1.0000,0.0000,0.0000,3.7143,0,0,2,0,0,0,0,0,0,44
36,L,7,0,0,19,13,0,1.0000,0.0000,0.0000,3.7143,0,0,2,0,0,0,0,0,0,45
37,L,7,0,0,19,13,0,1.0000,0.0000,0.0000,3.7143,0,0,2,0,0,0,0,0,0,47
38,L,7,0,0,19,13,0,1.0000,0.0000,0.0000,3.7143,0,0,2,0,0,0,0,0,0,47
39,L,7,0,0,19,13,0,1.0000,0.0000,0.0000,3.7143,0,0,2,0,0,0,0,0,0,49
40,L,7,0,0,21,13,0,1.0000,0.0000,0.0000,3.7143,0,0,2,0,0,0,0,0,0,49
41,L,7,0,0,21,13,0,1.0000,0.0000,0.0000,3.7143,0,0,2,0,0,0,0,0,0,50
42,L,7,0,0,20,13,0,1.0000,0.0000,0.0000,3.7143,0,0,2,0,0,0,0,0,0,51
43,L,7,0,0,19,13,0,1.0000,0.0000,0.0000,3.7143,0,0,2,0,0,0,0,0,0,52
44,L,7,0,0,18,13,0,1.0000,0.0000,0.0000,3.7143,0,0,2,0,0,0,0,0,0,54
45,L,7,0,0,19,13,0,1.0000,0.0000,0.0000,3.7143,0,0,2,0,0,0,0,0,0,55
46,L,7,0,0,18,13,0,1.0000,0.0000,0.0000,3.7143,0,0,2,0,0,0,0,0,0,56
47,L,7,0,0,17,13,0,1.0000,0.0000,0.0000,3.7143,0,0,2,0,0,0,0,0,0,58
48,L,7,0,0,18,13,0,1.0000,0.0000,0.0000,3.7143,0,0,2,0,0,0,0,0,0,59
49,L,7,0,0,17,13,0,1.0000,0.0000,0.0000,3.7143,0,0,2,0,0,0,0,0,0,60
50,L,7,0,0,17,13,0,1.0000,0.0000,0.0000,3.7143,0,0,2,0,0,0,0,0,0,61
51,L,7,0,0,16,12,0,1.0000,0.0000,0.0000,3.4286,0,0,2,0,0,0,0,0,0,63
52,L,7,0,0,16,12,0,1.0000,0.0000,0.0000,3.4286,0,0,2,0,0,0,0,0,0,64
53,L,7,0,0,17,12,0,1.0000,0.0000,0.0000,3.4286,0,0,2,0,0,0,0,0,0,64
54,L,7,0,0,17,12,0,1.0000,0.0000,0.0000,3.4286,0,0,2,0,0,0,0,0,0,66
55,L,7,0,0,16,12,0,1.0000,0.0000,0.0000,3.4286,0,0,2,0,0,0,0,0,0,66
56,L,7,0,0,17,12,0,1.0000,0.0000,0.0000,3.4286,0,0,2,0,0,0,0,0,0,66
57,L,7,0,0,17,11,0,1.0000,0.0000,0.0000,3.1429,0,0,2,0,0,0,0,0,0,66
58,L,7,0,0,16,11,0,1.0000,0.0000,0.0000,3.1429,0,0,2,0,0,0,0,0,0,66
59,L,7,0,0,16,9,0,1.0000,0.0000,0.0000,2.5714,0,0,2,0,0,0,0,0,0,66
60,L,7,0,0,15,9,0,1.0000,0.0000,0.0000,2.5714,0,0,2,0,0,0,0,0,0,67
61,L,7,0,0,15,9,0,1.0000,0.0000,0.0000,2.5714,0,0,2,0,0,0,0,0,0,68
62,L,7,0,0,14,9,0,1.0000,0.0000,0.0000,2.5714,0,0,2,0,0,0,0,0,0,68
63,L,7,0,0,15,9,0,1.0000,0.0000,0.0000,2.5714,0,0,2,0,0,0,0,0,0,70
64,L,7,0,0,14,9,0,1.0000,0.0000,0.0000,2.5714,0,0,2,0,0,0,0,0,0,71
65,L,7,0,0,13,8,0,1.0000,0.0000,0.0000,2.2857,0,0,2,0,0,0,0,0,0,72
66,L,7,0,0,14,8,0,1.0000,0.0000,0.0000,2.2857,0,0,2,0,0,0,0,0,0,74
67,L,7,0,0,15,8,0,1.0000,0.0000,0.0000,2.2857,0,0,2,0,0,0,0,0,0,76
68,L,7,0,0,13,7,0,1.0000,0.0000,0.0000,2.0000,0,0,2,0,0,0,0,0,0,77
69,L,7,0,0,14,7,0,1.0000,0.0000,0.0000,2.0000,0,0,2,0,0,0,0,0,0,78
70,L,7,0,0,13,7,0,1.0000,0.0000,0.0000,2.0000,0,0,2,0,0,0,0,0,0,80
71,L,7,0,0,14,7,0,1.0000,0.0000,0.0000,2.0000,0,0,2,0,0,0,0,0,0,81
72,L,7,0,0,12,7,0,1.0000,0.0000,0.0000,2.0000,0,0,2,0,0,0,0,0,0,82
73,L,7,0,0,12,7,0,1.0000,0.0000,0.0000,2.0000,0,0,2,0,0,0,0,0,0,83
74,L,7,0,0,13,7,0,1.0000,0.0000,0.0000,2.0000,0,0,2,0,0,0,0,0,0,84
75,L,7,0,0,12,7,0,1.0000,0.0000,0.0000,2.0000,0,0,2,0,0,0,0,0,0,85
76,L,7,0,0,12,7,0,1.0000,0.0000,0.0000,2.0000,0,0,2,0,0,0,0,0,0,86
77,L,7,0,0,14,7,0,1.0000,0.0000,0.0000,2.0000,0,0,2,0,0,0,0,0,0,87
78,L,7,0,0,12,7,0,1.0000,0.0000,0.0000,2.0000,0,0,2,0,0,0,0,0,0,88
79,L,7,0,0,12,7,0,1.0000,0.0000,0.0000,2.0000,0,0,2,0,0,0,0,0,0,89
80,L,7,0,0,13,7,0,1.0000,0.0000,0.0000,2.0000,0,0,2,0,0,0,0,0,0,91
81,L,7,0,0,14,7,0,1.0000,0.0000,0.0000,2.0000,0,0,2,0,0,0,0,0,0,92
82,L,7,0,0,14,7,0,1.0000,0.0000,0.0000,2.0000,0,0,2,0,0,0,0,0,0,93
83,L,7,0,0,16,7,0,1.0000,0.0000,0.0000,2.0000,0,0,2,0,0,0,0,0,0,94
84,L,7,0,0,16,6,0,0.8571,0.0000,0.1429,1.7143,0,0,2,0,0,0,0,0,0,95
85,L,7,0,0,14,6,0,0.8571,0.0000,0.1429,1.7143,0,0,2,0,0,0,0,0,0,97
86,L,7,0,0,14,6,0,0.8571,0.0000,0.1429,1.7143,0,0,2,0,0,0,0,0,0,98
87,L,7,0,0,17,6,0,0.8571,0.0000,0.1429,1.7143,0,0,2,0,0,0,0,0,0,99
88,L,7,0,0,16,5,0,0.7143,0.0000,0.2857,1.4286,0,0,2,0,0,0,0,0,0,100
89,L,7,0,0,15,5,0,0.7143,0.0000,0.2857,1.4286,0,0,2,0,0,0,0,0,0,101
90,L,7,0,0,17,5,0,0.7143,0.0000,0.2857,1.4286,0,0,2,0,0,0,0,0,0,102
91,L,7,0,0,18,5,0,0.7143,0.0000,0.2857,1.4286,0,0,2,0,0,0,0,0,0,103
92,L,7,0,0,16,5,0,0.7143,0.0000,0.2857,1.4286,0,0,2,0,0,0,0,0,0,105
93,L,7,0,0,15,5,0,0.7143,0.0000,0.2857,1.4286,0,0,2,0,0,0,0,0,0,106
94,L,7,0,0,14,5,0,0.7143,0.0000,0.2857,1.4286,0,0,2,0,0,0,0,0,0,107
95,L,7,0,0,13,5,0,0.7143,0.0000,0.2857,1.4286,0,0,2,0,0,0,0,0,0,108
96,L,7,0,0,15,5,0,0.7143,0.0000,0.2857,1.4286,0,0,2,0,0,0,0,0,0,109
97,L,7,0,0,15,5,0,0.7143,0.0000,0.2857,1.4286,0,0,2,0,0,0,0,0,0,110
98,L,7,0,0,14,5,0,0.7143,0.0000,0.2857,1.4286,0,0,2,0,0,0,0,0,0,113
99,L,7,0,0,18,5,0,0.7143,0.0000,0.2857,1.4286,0,0,2,0,0,0,0,0,0,114
100,L,7,0,0,17,5,0,0.7143,0.0000,0.2857,1.4286,0,0,2,0,0,0,0,0,0,115
101,L,7,0,0,16,5,0,0.7143,0.0000,0.2857,1.4286,0,0,2,0,0,0,0,0,0,116
102,L,7,0,0,16,5,0,0.7143,0.0000,0.2857,1.4286,0,0,2,0,0,0,0,0,0,118
103,L,7,0,0,16,4,0,0.5714,0.0000,0.4286,1.1429,0,0,2,0,0,0,0,0,0,119
104,L,7,0,0,16,4,0,0.5714,0.0000,0.4286,1.1429,0,0,2,0,0,0,0,0,0,120
105,L,7,0,0,16,4,0,0.5714,0.0000,0.4286,1.1429,0,0,2,0,0,0,0,0,0,122
106,L,7,0,0,14,4,0,0.5714,0.0000,0.4286,1.1429,0,0,2,0,0,0,0,0,0,123
107,L,7,0,0,15,4,0,0.5714,0.0000,0.4286,1.1429,0,0,2,0,0,0,0,0,0,124
108,L,7,0,0,14,4,0,0.5714,0.0000,0.4286,1.1429,0,0,2,0,0,0,0,0,0,126
109,L,7,0,0,13,4,1,0.5714,0.0000,0.4286,1.1429,1,0,3,0,0,0,0,0,1,129
110,L,7,0,0,15,4,1,0.5714,0.0000,0.4286,1.1429,0,0,3,0,0,0,0,0,1,130
111,L,7,0,0,11,4,1,0.5714,0.0000,0.4286,1.1429,0,0,3,0,0,0,0,0,1,131
112,L,7,0,0,11,4,1,0.5714,0.0000,0.4286,1.1429,0,0,3,0,0,0,0,0,1,132
113,L,7,0,0,14,4,1,0.5714,0.0000,0.4286,1.1429,0,0,3,0,0,0,0,0,1,133
114,L,7,0,0,14,4,1,0.5714,0.0000,0.4286,1.1429,0,0,3,0,0,0,0,0,1,134
115,L,7,0,0,12,4,1,0.5714,0.0000,0.4286,1.1429,0,0,3,0,0,0,0,0,1,135
116,L,7,0,0,12,4,1,0.5714,0.0000,0.4286,1.1429,0,0,3,0,0,0,0,0,1,136
117,L,7,0,0,11,4,1,0.5714,0.0000,0.4286,1.1429,0,0,3,0,0,0,0,0,1,137
118,L,7,0,0,11,4,1,0.5714,0.0000,0.4286,1.1429,0,0,3,0,0,0,0,0,1,138
119,L,7,0,0,12,4,1,0.5714,0.0000,0.4286,1.1429,0,0,3,0,0,0,0,0,1,139
120,L,7,0,0,14,4,1,0.5714,0.0000,0.4286,1.1429,0,0,3,0,0,0,0,0,1,140
121,L,7,0,0,12,4,1,0.5714,0.0000,0.4286,1.1429,0,0,3,0,0,0,0,0,1,141
122,L,7,0,0,14,4,1,0.5714,0.0000,0.4286,1.1429,0,0,3,0,0,0,0,0,1,142
123,L,7,0,0,13,4,1,0.5714,0.0000,0.4286,1.1429,0,0,3,0,0,0,0,0,1,144
124,L,7,0,0,14,4,1,0.5714,0.0000,0.4286,1.1429,0,0,3,0,0,0,0,0,1,146
125,L,7,0,0,17,4,1,0.5714,0.0000,0.4286,1.1429,0,0,3,0,0,0,0,0,1,147
126,L,7,0,0,14,4,1,0.5714,0.0000,0.4286,1.1429,0,0,3,0,0,0,0,0,1,148
127,L,7,0,0,17,4,1,0.5714,0.0000,0.4286,1.1429,0,0,3,0,0,0,0,0,1,149
128,L,7,0,0,17,4,1,0.5714,0.0000,0.4286,1.1429,0,0,3,0,0,0,0,0,1,150
129,L,7,0,0,18,4,1,0.5714,0.0000,0.4286,1.1429,0,0,3,0,0,0,0,0,1,152
130,L,7,0,0,16,4,1,0.5714,0.0000,0.4286,1.1429,0,0,3,0,0,0,0,0,1,153
131,L,7,0,0,15,4,1,0.5714,0.0000,0.4286,1.1429,0,0,3,0,0,0,0,0,1,154
132,L,7,0,0,16,4,1,0.5714,0.0000,0.4286,1.1429,0,0,3,0,0,0,0,0,1,155
133,L,7,0,0,15,4,1,0.5714,0.0000,0.4286,1.1429,0,0,3,0,0,0,0,0,1,157
134,L,7,0,0,18,4,1,0.5714,0.0000,0.4286,1.1429,0,0,3,0,0,0,0,0,1,159
135,L,7,0,0,16,4,1,0.5714,0.0000,0.4286,1.1429,0,0,3,0,0,0,0,0,1,160
136,L,7,0,0,14,4,1,0.5714,0.0000,0.4286,1.1429,0,0,3,0,0,0,0,0,1,161
137,L,7,0,0,13,4,1,0.5714,0.0000,0.4286,1.1429,0,0,3,0,0,0,0,0,1,163
138,L,7,0,0,11,5,1,0.7143,0.0000,0.2857,1.4286,1,0,4,0,0,0,0,1,1,165
139,L,7,0,0,13,5,1,0.7143,0.0000,0.2857,1.4286,0,0,4,0,0,0,0,1,1,166
140,L,7,0,0,12,5,1,0.7143,0.0000,0.2857,1.4286,0,0,4,0,0,0,0,1,1,167
141,L,7,0,0,13,5,1,0.7143,0.0000,0.2857,1.4286,0,0,4,0,0,0,0,1,1,168
142,L,7,0,0,15,5,1,0.7143,0.0000,0.2857,1.4286,0,0,4,0,0,0,0,1,1,169
143,L,7,0,0,14,5,1,0.7143,0.0000,0.2857,1.4286,0,0,4,0,0,0,0,1,1,170
144,L,7,0,0,14,5,1,0.7143,0.0000,0.2857,1.4286,0,0,4,0,0,0,0,1,1,171
145,L,7,0,0,11,5,1,0.7143,0.0000,0.2857,1.4286,0,0,4,0,0,0,0,1,1,172
146,L,7,0,0,14,5,1,0.7143,0.0000,0.2857,1.4286,0,0,4,0,0,0,0,1,1,173
147,L,7,0,0,13,5,1,0.7143,0.0000,0.2857,1.4286,0,0,4,0,0,0,0,1,1,174
148,L,7,0,0,14,5,1,0.7143,0.0000,0.2857,1.4286,0,0,4,0,0,0,0,1,1,175
149,L,7,0,0,11,5,1,0.7143,0.0000,0.2857,1.4286,0,0,4,0,0,0,0,1,1,176
150,L,7,0,0,12,5,1,0.7143,0.0000,0.2857,1.4286,0,0,4,0,0,0,0,1,1,177
151,L,7,0,0,14,5,1,0.7143,0.0000,0.2857,1.4286,0,0,4,0,0,0,0,1,1,178
152,L,7,0,0,14,5,1,0.7143,0.0000,0.2857,1.4286,0,0,4,0,0,0,0,1,1,179
153,L,7,0,0,14,5,1,0.7143,0.0000,0.2857,1.4286,0,0,4,0,0,0,0,1,1,180
154,L,7,0,0,13,5,1,0.7143,0.0000,0.2857,1.4286,0,0,4,0,0,0,0,1,1,181
155,L,7,0,0,12,5,1,0.7143,0.0000,0.2857,1.4286,0,0,4,0,0,0,0,1,1,182
156,L,7,0,0,11,5,1,0.7143,0.0000,0.2857,1.4286,0,0,4,0,0,0,0,1,1,183
157,L,7,0,0,12,5,1,0.7143,0.0000,0.2857,1.4286,0,0,4,0,0,0,0,1,1,184
158,L,7,0,0,12,5,1,0.7143,0.0000,0.2857,1.4286,0,0,4,0,0,0,0,1,1,185
159,L,7,0,0,13,5,1,0.7143,0.0000,0.2857,1.4286,0,0,4,0,0,0,0,1,1,186
160,L,7,0,0,12,5,1,0.7143,0.0000,0.2857,1.4286,0,0,4,0,0,0,0,1,1,189
161,L,7,0,0,11,4,1,0.7143,0.0000,0.2857,1.1429,1,0,5,0,0,0,0,1,1,191
162,L,7,0,0,13,4,1,0.7143,0.0000,0.2857,1.1429,0,0,5,0,0,0,0,1,1,192
163,L,7,0,0,14,4,1,0.7143,0.0000,0.2857,1.1429,0,0,5,0,0,0,0,1,1,193
164,L,7,0,0,12,4,1,0.7143,0.0000,0.2857,1.1429,0,0,5,0,0,0,0,1,1,195
165,L,7,0,0,11,4,1,0.7143,0.0000,0.2857,1.1429,0,0,5,0,0,0,0,1,1,197
166,L,7,0,0,14,4,1,0.7143,0.0000,0.2857,1.1429,0,0,5,0,0,0,0,1,1,198
167,L,7,0,0,11,4,1,0.7143,0.0000,0.2857,1.1429,0,0,5,0,0,0,0,1,1,199
168,L,7,0,0,12,4,1,0.7143,0.0000,0.2857,1.1429,0,0,5,0,0,0,0,1,1,200
169,L,7,0,0,12,4,1,0.7143,0.0000,0.2857,1.1429,0,0,5,0,0,0,0,1,1,202
170,L,7,0,0,14,4,1,0.7143,0.0000,0.2857,1.1429,0,0,5,0,0,0,0,1,1,203
171,L,7,0,0,14,4,1,0.7143,0.0000,0.2857,1.1429,0,0,5,0,0,0,0,1,1,204
172,L,7,0,0,11,4,1,0.7143,0.0000,0.2857,1.1429,0,0,5,0,0,0,0,1,1,205
173,L,7,0,0,10,4,1,0.7143,0.0000,0.2857,1.1429,0,0,5,0,0,0,0,1,1,206
174,L,7,0,0,13,4,1,0.7143,0.0000,0.2857,1.1429,0,0,5,0,0,0,0,1,1,207
175,L,7,0,0,10,4,1,0.7143,0.0000,0.2857,1.1429,0,0,5,0,0,0,0,1,1,208
176,L,7,0,0,10,4,1,0.7143,0.0000,0.2857,1.1429,0,0,5,0,0,0,0,1,1,209
177,L,7,0,0,11,4,1,0.7143,0.0000,0.2857,1.1429,0,0,5,0,0,0,0,1,1,211
178,L,7,0,0,11,4,1,0.7143,0.0000,0.2857,1.1429,0,0,5,0,0,0,0,1,1,212
179,L,7,0,0,11,4,1,0.7143,0.0000,0.2857,1.1429,0,0,5,0,0,0,0,1,1,213
180,L,7,0,0,10,4,1,0.7143,0.0000,0.2857,1.1429,0,0,5,0,0,0,0,1,1,213
181,L,7,0,0,10,4,1,0.7143,0.0000,0.2857,1.1429,0,0,5,0,0,0,0,1,1,215
182,L,7,0,0,11,4,1,0.7143,0.0000,0.2857,1.1429,0,0,5,0,0,0,0,1,1,216
183,L,7,0,0,10,4,1,0.7143,0.0000,0.2857,1.1429,0,0,5,0,0,0,0,1,1,217
184,L,7,0,0,11,5,1,0.7143,0.0000,0.2857,1.4286,0,0,5,0,0,0,0,1,1,217
185,L,7,0,0,12,5,1,0.7143,0.0000,0.2857,1.4286,0,0,5,0,0,0,0,1,1,218
186,L,7,0,0,10,5,1,0.7143,0.0000,0.2857,1.4286,0,0,5,0,0,0,0,1,1,219
187,L,7,0,0,13,4,1,0.5714,0.0000,0.4286,1.1429,0,0,5,0,0,0,0,1,1,220
188,L,7,0,0,14,4,1,0.5714,0.0000,0.4286,1.1429,0,0,5,0,0,0,0,1,1,221
189,L,7,0,0,15,4,1,0.5714,0.0000,0.4286,1.1429,0,0,5,0,0,0,0,1,1,222
190,L,7,0,0,14,4,1,0.5714,0.0000,0.4286,1.1429,0,0,5,0,0,0,0,1,1,222
191,L,7,0,0,13,4,1,0.5714,0.0000,0.4286,1.1429,0,0,5,0,0,0,0,1,1,223
192,L,7,0,0,11,4,1,0.5714,0.0000,0.4286,1.1429,0,0,5,0,0,0,0,1,1,223
193,L,7,0,0,12,4,1,0.5714,0.0000,0.4286,1.1429,0,0,5,0,0,0,0,1,1,223
194,L,7,0,0,10,4,1,0.5714,0.0000,0.4286,1.1429,0,0,5,0,0,0,0,1,1,223
195,L,7,0,0,11,4,1,0.5714,0.0000,0.4286,1.1429,0,0,5,0,0,0,0,1,1,223
196,L,7,0,0,10,4,1,0.5714,0.0000,0.4286,1.1429,0,0,5,0,0,0,0,1,1,223
197,L,7,0,0,13,4,1,0.5714,0.0000,0.4286,1.1429,0,0,5,0,0,0,0,1,1,224
198,L,7,0,0,16,4,1,0.5714,0.0000,0.4286,1.1429,0,0,5,0,0,0,0,1,1,224
199,L,7,0,0,11,4,1,0.5714,0.0000,0.4286,1.1429,0,0,5,0,0,0,0,1,1,224
200,L,7,0,0,11,4,1,0.5714,0.0000,0.4286,1.1429,0,0,5,0,0,0,0,1,1,225
201,L,7,0,0,11,4,1,0.5714,0.0000,0.4286,1.1429,0,0,5,0,0,0,0,1,1,225
202,L,7,0,0,9,4,1,0.5714,0.0000,0.4286,1.1429,0,0,5,0,0,0,0,1,1,225
203,L,7,0,0,13,4,1,0.5714,0.0000,0.4286,1.1429,0,0,5,0,0,0,0,1,1,226
204,L,7,0,0,12,4,1,0.5714,0.0000,0.4286,1.1429,0,0,5,0,0,0,0,1,1,226
205,L,7,0,0,12,4,1,0.5714,0.0000,0.4286,1.1429,0,0,5,0,0,0,0,1,1,226
206,L,7,0,0,9,3,1,0.5714,0.0000,0.4286,0.8571,0,0,5,0,0,0,0,1,1,226
207,L,7,0,0,11,3,1,0.5714,0.0000,0.4286,0.8571,0,0,5,0,0,0,0,1,1,227
208,L,7,0,0,14,3,1,0.5714,0.0000,0.4286,0.8571,0,0,5,0,0,0,0,1,1,228
209,L,7,0,0,18,3,1,0.5714,0.0000,0.4286,0.8571,0,0,5,0,0,0,0,1,1,229
210,L,7,0,0,16,3,1,0.5714,0.0000,0.4286,0.8571,0,0,5,0,0,0,0,1,1,230
211,L,7,0,0,13,2,1,0.4286,0.0000,0.5714,0.5714,0,0,5,0,0,0,0,1,1,233
212,L,7,0,0,9,2,1,0.4286,0.0000,0.5714,0.5714,0,0,5,0,0,0,0,1,1,235
213,L,7,0,0,9,2,1,0.4286,0.0000,0.5714,0.5714,0,0,5,0,0,0,0,1,1,236
214,L,7,0,0,11,2,1,0.4286,0.0000,0.5714,0.5714,0,0,5,0,0,0,0,1,1,236
215,L,7,0,0,9,2,1,0.4286,0.0000,0.5714,0.5714,0,0,5,0,0,0,0,1,1,236
216,L,7,0,0,9,2,1,0.4286,0.0000,0.5714,0.5714,0,0,5,0,0,0,0,1,1,237
217,L,7,0,0,11,2,1,0.4286,0.0000,0.5714,0.5714,0,0,5,0,0,0,0,1,1,238
218,L,7,0,0,9,2,1,0.4286,0.0000,0.5714,0.5714,0,0,5,0,0,0,0,1,1,239
219,L,7,0,0,11,2,1,0.4286,0.0000,0.5714,0.5714,0,0,5,0,0,0,0,1,1,240
220,L,7,0,0,9,2,1,0.4286,0.0000,0.5714,0.5714,0,0,5,0,0,0,0,1,1,241
221,L,7,0,0,11,2,1,0.4286,0.0000,0.5714,0.5714,0,0,5,0,0,0,0,1,1,243
222,L,7,0,0,10,2,1,0.4286,0.0000,0.5714,0.5714,0,0,5,0,0,0,0,1,1,244
223,L,7,0,0,10,2,1,0.4286,0.0000,0.5714,0.5714,0,0,5,0,0,0,0,1,1,245
224,L,7,0,0,7,2,1,0.4286,0.0000,0.5714,0.5714,0,0,5,0,0,0,0,1,1,247
225,L,7,0,0,7,2,1,0.4286,0.0000,0.5714,0.5714,0,0,5,0,0,0,0,1,1,247
226,L,7,0,0,10,2,1,0.4286,0.0000,0.5714,0.5714,0,0,5,0,0,0,0,1,1,247
227,L,7,0,0,10,2,1,0.4286,0.0000,0.5714,0.5714,0,0,5,0,0,0,0,1,1,247
228,L,7,0,0,10,2,1,0.4286,0.0000,0.5714,0.5714,0,0,5,0,0,0,0,1,1,247
229,L,7,0,0,10,2,1,0.4286,0.0000,0.5714,0.5714,0,0,5,0,0,0,0,1,1,247
230,L,7,0,0,11,3,1,0.5714,0.0000,0.4286,0.8571,1,0,6,0,0,0,0,2,1,248
231,L,7,0,0,13,3,1,0.5714,0.0000,0.4286,0.8571,0,0,6,0,0,0,0,2,1,248
232,L,7,0,0,12,3,1,0.5714,0.0000,0.4286,0.8571,0,0,6,0,0,0,0,2,1,249
233,L,7,0,0,16,3,1,0.5714,0.0000,0.4286,0.8571,0,0,6,0,0,0,0,2,1,250
234,L,7,0,0,15,3,1,0.5714,0.0000,0.4286,0.8571,0,0,6,0,0,0,0,2,1,251
235,L,7,0,0,14,3,1,0.5714,0.0000,0.4286,0.8571,0,0,6,0,0,0,0,2,1,252
236,L,7,0,0,15,3,1,0.5714,0.0000,0.4286,0.8571,0,0,6,0,0,0,0,2,1,253
237,L,7,0,0,13,3,1,0.5714,0.0000,0.4286,0.8571,0,0,6,0,0,0,0,2,1,255
238,L,7,0,0,14,3,1,0.5714,0.0000,0.4286,0.8571,0,0,6,0,0,0,0,2,1,256
239,L,7,0,0,17,3,1,0.5714,0.0000,0.4286,0.8571,0,0,6,0,0,0,0,2,1,258
240,L,7,0,0,15,4,1,0.7143,0.0000,0.2857,1.1429,1,0,7,0,0,0,0,3,1,260
241,L,7,0,0,17,4,1,0.7143,0.0000,0.2857,1.1429,0,0,7,0,0,0,0,3,1,261
242,L,7,0,0,15,4,1,0.7143,0.0000,0.2857,1.1429,0,0,7,0,0,0,0,3,1,262
243,L,7,0,0,17,4,1,0.7143,0.0000,0.2857,1.1429,0,0,7,0,0,0,0,3,1,263
244,L,7,0,0,17,5,1,0.7143,0.0000,0.2857,1.4286,1,0,8,0,0,0,0,4,1,265
245,L,7,0,0,17,5,1,0.7143,0.0000,0.2857,1.4286,0,0,8,0,0,0,0,4,1,266
246,L,7,0,0,14,5,1,0.7143,0.0000,0.2857,1.4286,0,0,8,0,0,0,0,4,1,267
247,L,7,0,0,15,5,1,0.7143,0.0000,0.2857,1.4286,0,0,8,0,0,0,0,4,1,268
248,L,7,0,0,14,5,1,0.7143,0.0000,0.2857,1.4286,0,0,8,0,0,0,0,4,1,269
249,L,7,0,0,15,5,1,0.7143,0.0000,0.2857,1.4286,0,0,8,0,0,0,0,4,1,270
250,L,7,0,0,16,5,1,0.7143,0.0000,0.2857,1.4286,0,0,8,0,0,0,0,4,1,272
251,L,7,0,0,14,5,1,0.7143,0.0000,0.2857,1.4286,0,0,8,0,0,0,0,4,1,273
252,L,7,0,0,14,5,1,0.7143,0.0000,0.2857,1.4286,0,0,8,0,0,0,0,4,1,274
253,L,7,0,0,15,5,1,0.7143,0.0000,0.2857,1.4286,0,0,8,0,0,0,0,4,1,275
254,L,7,0,0,16,6,1,0.7143,0.0000,0.2857,1.7143,0,0,8,0,0,0,0,5,1,277
255,L,7,0,0,13,6,1,0.7143,0.0000,0.2857,1.7143,0,0,8,0,0,0,0,5,1,278
256,L,7,0,0,14,6,1,0.7143,0.0000,0.2857,1.7143,0,0,8,0,0,0,0,5,1,279
257,L,7,0,0,14,6,1,0.7143,0.0000,0.2857,1.7143,0,0,8,0,0,0,0,5,1,281
258,L,7,0,0,13,6,1,0.7143,0.0000,0.2857,1.7143,0,0,8,0,0,0,0,5,1,282
259,L,7,0,0,14,6,1,0.7143,0.0000,0.2857,1.7143,0,0,8,0,0,0,0,5,1,283
260,L,7,0,0,16,6,1,0.7143,0.0000,0.2857,1.7143,0,0,8,0,0,0,0,5,1,284
261,L,7,0,0,15,6,1,0.7143,0.0000,0.2857,1.7143,0,0,8,0,0,0,0,5,1,285
262,L,7,0,0,15,6,1,0.7143,0.0000,0.2857,1.7143,0,0,8,0,0,0,0,5,1,286
263,L,7,0,0,15,6,1,0.7143,0.0000,0.2857,1.7143,0,0,8,0,0,0,0,5,1,288
264,L,7,0,0,14,6,1,0.7143,0.0000,0.2857,1.7143,0,0,8,0,0,0,0,5,1,289
265,L,7,0,0,16,6,1,0.7143,0.0000,0.2857,1.7143,0,0,8,0,0,0,0,5,1,290
266,L,7,0,0,14,6,1,0.7143,0.0000,0.2857,1.7143,0,0,8,0,0,0,0,5,1,291
267,L,7,0,0,14,6,1,0.7143,0.0000,0.2857,1.7143,0,0,8,0,0,0,0,5,1,291
268,L,7,0,0,15,6,1,0.7143,0.0000,0.2857,1.7143,0,0,8,0,0,0,0,5,1,292
269,L,7,0,0,14,6,1,0.7143,0.0000,0.2857,1.7143,0,0,8,0,0,0,0,5,1,293
270,L,7,0,0,14,6,1,0.7143,0.0000,0.2857,1.7143,0,0,8,0,0,0,0,5,1,295
271,L,7,0,0,15,6,1,0.7143,0.0000,0.2857,1.7143,0,0,8,0,0,0,0,5,1,296
272,L,7,0,0,15,6,1,0.7143,0.0000,0.2857,1.7143,0,0,8,0,0,0,0,5,1,298
273,L,7,0,0,13,6,1,0.7143,0.0000,0.2857,1.7143,0,0,8,0,0,0,0,5,1,299
274,L,7,0,0,16,6,1,0.7143,0.0000,0.2857,1.7143,0,0,8,0,0,0,0,5,1,300
275,L,7,0,0,16,6,1,0.7143,0.0000,0.2857,1.7143,0,0,8,0,0,0,0,5,1,301
276,L,7,0,0,14,6,1,0.7143,0.0000,0.2857,1.7143,0,0,8,0,0,0,0,5,1,303
277,L,7,0,0,15,6,1,0.7143,0.0000,0.2857,1.7143,0,0,8,0,0,0,0,5,1,304
278,L,7,0,0,14,5,1,0.7143,0.0000,0.2857,1.4286,0,0,8,0,0,0,0,5,1,305
279,L,7,0,0,13,5,1,0.7143,0.0000,0.2857,1.4286,0,0,8,0,0,0,0,5,1,306
280,L,7,0,0,16,5,1,0.7143,0.0000,0.2857,1.4286,0,0,8,0,0,0,0,5,1,307
281,L,7,0,0,15,5,1,0.7143,0.0000,0.2857,1.4286,0,0,8,0,0,0,0,5,1,309
282,L,7,0,0,15,5,1,0.7143,0.0000,0.2857,1.4286,0,0,8,0,0,0,0,5,1,310
283,L,7,0,0,14,5,1,0.7143,0.0000,0.2857,1.4286,0,0,8,0,0,0,0,5,1,311
284,L,7,0,0,14,5,1,0.7143,0.0000,0.2857,1.4286,0,0,8,0,0,0,0,5,1,312
285,L,7,0,0,14,5,1,0.7143,0.0000,0.2857,1.4286,0,0,8,0,0,0,0,5,1,313
286,L,7,0,0,13,5,1,0.7143,0.0000,0.2857,1.4286,0,0,8,0,0,0,0,5,1,314
287,L,7,0,0,11,5,1,0.7143,0.0000,0.2857,1.4286,0,0,8,0,0,0,0,5,1,315
288,L,7,0,0,15,5,1,0.7143,0.0000,0.2857,1.4286,0,0,8,0,0,0,0,5,1,316
289,L,7,0,0,13,5,1,0.7143,0.0000,0.2857,1.4286,0,0,8,0,0,0,0,5,1,317
290,L,7,0,0,14,5,1,0.7143,0.0000,0.2857,1.4286,0,0,8,0,0,0,0,5,1,318
291,L,7,0,0,13,5,1,0.7143,0.0000,0.2857,1.4286,0,0,8,0,0,0,0,5,1,319
292,L,7,0,0,12,5,1,0.7143,0.0000,0.2857,1.4286,0,0,8,0,0,0,0,5,1,320
293,L,8,1,0,13,5,1,0.6250,0.2500,0.1250,1.2500,0,0,8,0,0,0,0,5,1,322
294,L,9,2,0,17,6,1,0.6667,0.2222,0.1111,1.3333,0,0,8,0,0,0,0,5,1,324
295,L,9,2,0,19,6,1,0.6667,0.2222,0.1111,1.3333,0,0,8,0,0,0,0,5,1,325
296,L,9,2,0,21,6,1,0.6667,0.2222,0.1111,1.3333,0,0,8,0,0,0,0,5,1,328
297,L,10,3,0,23,7,1,0.6000,0.2000,0.0000,1.4000,0,0,8,0,0,0,0,5,1,330
298,L,11,4,0,27,8,1,0.6364,0.1818,0.0000,1.4545,0,0,8,0,0,0,0,5,1,332
299,L,11,4,0,36,8,1,0.6364,0.1818,0.0000,1.4545,0,0,8,0,0,0,0,5,1,333
300,L,11,4,0,37,9,1,0.8182,0.1818,0.0000,1.6364,1,0,9,0,0,0,0,6,1,335
301,L,11,4,0,32,10,1,1.0000,0.0000,0.0000,1.8182,1,0,10,0,0,0,0,7,1,338
302,L,11,4,0,39,11,1,1.0000,0.0000,0.0000,2.0000,0,0,10,0,0,0,0,8,1,340
303,L,11,4,0,37,15,1,1.0000,0.0000,0.0000,2.7273,1,0,11,0,0,0,0,12,1,342
304,L,12,5,0,43,16,1,1.0000,0.0000,0.0000,2.6667,0,0,11,0,0,0,0,12,1,344
305,L,12,5,0,46,16,1,1.0000,0.0000,0.0000,2.6667,0,0,11,0,0,0,0,12,1,345
306,L,12,5,0,43,16,1,1.0000,0.0000,0.0000,2.6667,0,0,11,0,0,0,0,12,1,346
307,L,12,5,0,42,17,1,1.0000,0.0000,0.0000,2.8333,0,0,11,0,0,0,0,13,1,347
308,L,12,5,0,44,20,2,1.0000,0.0000,0.0000,3.3333,2,0,13,0,0,0,0,16,2,350
309,S,12,5,0,43,21,3,1.0000,0.0000,0.0000,3.5000,0,0,13,0,0,0,0,17,3,352
310,S,12,5,0,47,23,3,1.0000,0.0000,0.0000,3.8333,0,0,13,0,0,0,0,19,3,354
311,S,12,5,0,44,23,4,1.0000,0.0000,0.0000,3.8333,0,0,13,0,0,0,0,19,4,355
312,S,12,5,0,42,23,4,1.0000,0.0000,0.0000,3.8333,0,0,13,0,0,0,0,19,4,357
313,S,12,5,0,47,24,4,1.0000,0.0000,0.0000,4.0000,0,0,13,0,0,0,0,20,4,359
314,S,12,5,0,48,24,5,1.0000,0.0000,0.0000,4.0000,0,0,13,0,0,0,0,20,5,360
315,S,12,5,0,45,24,5,1.0000,0.0000,0.0000,4.0000,0,0,13,0,0,0,0,20,5,361
316,S,12,5,0,44,25,8,1.0000,0.0000,0.0000,4.1667,0,0,13,0,0,0,0,21,8,362
317,S,12,5,0,43,24,9,0.9167,0.0000,0.0833,4.0000,0,0,13,0,0,0,0,21,9,363
318,S,12,5,0,41,24,9,0.9167,0.0000,0.0833,4.0000,0,0,13,0,0,0,0,21,9,364
319,S,12,5,0,46,24,9,0.9167,0.0000,0.0833,4.0000,0,0,13,0,0,0,0,21,9,365
320,S,12,5,0,45,24,9,0.9167,0.0000,0.0833,4.0000,0,0,13,0,0,0,0,21,9,366
321,S,12,5,0,44,24,9,0.9167,0.0000,0.0833,4.0000,0,0,13,0,0,0,0,21,9,367
322,S,12,5,0,45,24,9,0.9167,0.0000,0.0833,4.0000,0,0,13,0,0,0,0,21,9,368
323,S,12,5,0,48,24,9,0.9167,0.0000,0.0833,4.0000,0,0,13,0,0,0,0,21,9,369
324,S,12,5,0,45,24,9,0.9167,0.0000,0.0833,4.0000,0,0,13,0,0,0,0,21,9,370
325,S,12,5,0,45,24,9,0.9167,0.0000,0.0833,4.0000,0,0,13,0,0,0,0,21,9,371
326,S,12,5,0,48,24,9,0.9167,0.0000,0.0833,4.0000,0,0,13,0,0,0,0,21,9,373
327,S,12,5,0,46,23,9,0.8333,0.0000,0.1667,3.8333,0,0,13,0,0,0,0,21,9,374
328,S,12,5,0,49,23,9,0.8333,0.0000,0.1667,3.8333,0,0,13,0,0,0,0,21,9,376
329,S,12,5,0,49,23,9,0.8333,0.0000,0.1667,3.8333,0,0,13,0,0,0,0,21,9,377
330,S,12,5,0,46,22,9,0.8333,0.0000,0.1667,3.6667,0,0,13,0,0,0,0,21,9,378
331,S,12,5,0,42,23,9,0.8333,0.0000,0.1667,3.8333,0,0,13,0,0,0,0,22,9,379
332,S,12,5,0,46,23,9,0.8333,0.0000,0.1667,3.8333,0,0,13,0,0,0,0,22,9,380
333,S,12,5,0,41,23,9,0.8333,0.0000,0.1667,3.8333,0,0,13,0,0,0,0,22,9,382
334,S,12,5,0,49,23,9,0.8333,0.0000,0.1667,3.8333,0,0,13,0,0,0,0,22,9,383
335,S,12,5,0,42,23,9,0.8333,0.0000,0.1667,3.8333,0,0,13,0,0,0,0,22,9,385
336,S,12,5,0,41,23,9,0.8333,0.0000,0.1667,3.8333,0,0,13,0,0,0,0,22,9,386
337,S,12,5,0,43,22,9,0.7500,0.0000,0.2500,3.6667,0,0,13,0,0,0,0,22,9,387
338,S,12,5,0,44,21,9,0.7500,0.0000,0.2500,3.5000,0,0,13,0,0,0,0,22,9,390
339,S,12,5,0,45,21,9,0.7500,0.0000,0.2500,3.5000,0,0,13,0,0,0,0,22,9,391
340,S,12,5,0,46,21,9,0.7500,0.0000,0.2500,3.5000,0,0,13,0,0,0,0,22,9,392
341,S,11,5,1,38,15,6,0.7273,0.0000,0.2727,2.7273,0,2,13,0,0,0,0,22,9,397
342,L,8,5,4,21,8,3,0.7500,0.0000,0.2500,2.0000,0,3,13,0,0,0,0,22,9,406
343,L,8,5,4,20,8,3,0.7500,0.0000,0.2500,2.0000,0,0,13,0,0,0,0,22,9,407
344,L,5,5,7,10,5,2,0.6000,0.0000,0.4000,2.0000,0,2,13,0,0,0,0,22,9,414
345,L,5,5,7,6,2,0,0.6000,0.0000,0.4000,0.8000,0,2,13,0,0,0,0,22,9,417
346,L,5,5,7,6,2,0,0.6000,0.0000,0.4000,0.8000,0,0,13,0,0,0,0,22,9,418
347,L,5,5,7,5,2,0,0.6000,0.0000,0.4000,0.8000,0,0,13,0,0,0,0,22,9,419
348,L,5,5,7,5,2,0,0.6000,0.0000,0.4000,0.8000,0,0,13,0,0,0,0,22,9,420
349,L,5,5,7,4,2,0,0.6000,0.0000,0.4000,0.8000,0,0,13,0,0,0,0,22,9,421
350,L,5,5,7,4,2,0,0.6000,0.0000,0.4000,0.8000,0,0,13,0,0,0,0,22,9,423
351,L,5,5,7,4,2,0,0.6000,0.0000,0.4000,0.8000,0,0,13,0,0,0,0,22,9,424
352,L,5,5,7,4,2,0,0.6000,0.0000,0.4000,0.8000,0,0,13,0,0,0,0,22,9,425
353,L,5,5,7,4,2,0,0.6000,0.0000,0.4000,0.8000,0,0,13,0,0,0,0,22,9,426
354,L,5,5,7,5,2,0,0.6000,0.0000,0.4000,0.8000,0,0,13,0,0,0,0,22,9,427
355,L,5,5,7,4,2,0,0.6000,0.0000,0.4000,0.8000,0,0,13,0,0,0,0,22,9,428
356,L,5,5,7,5,2,0,0.6000,0.0000,0.4000,0.8000,0,0,13,0,0,0,0,22,9,429
357,L,5,5,7,4,2,0,0.6000,0.0000,0.4000,0.8000,0,0,13,0,0,0,0,22,9,430
358,L,5,5,7,5,2,0,0.6000,0.0000,0.4000,0.8000,0,0,13,0,0,0,0,22,9,431
359,L,5,5,7,4,2,0,0.6000,0.0000,0.4000,0.8000,0,0,13,0,0,0,0,22,9,432
360,L,5,5,7,7,2,0,0.6000,0.0000,0.4000,0.8000,0,0,13,0,0,0,0,22,9,433
361,L,5,5,7,6,2,0,0.6000,0.0000,0.4000,0.8000,0,0,13,0,0,0,0,22,9,434
362,L,5,5,7,4,2,0,0.6000,0.0000,0.4000,0.8000,0,0,13,0,0,0,0,22,9,435
363,L,5,5,7,4,2,0,0.6000,0.0000,0.4000,0.8000,0,0,13,0,0,0,0,22,9,436
364,L,5,5,7,3,2,0,0.6000,0.0000,0.4000,0.8000,0,0,13,0,0,0,0,22,9,437
365,L,5,5,7,4,2,0,0.6000,0.0000,0.4000,0.8000,0,0,13,0,0,0,0,22,9,438
366,L,5,5,7,5,2,0,0.6000,0.0000,0.4000,0.8000,0,0,13,0,0,0,0,22,9,439
367,L,5,5,7,3,2,0,0.6000,0.0000,0.4000,0.8000,0,0,13,0,0,0,0,22,9,440
368,L,5,5,7,4,2,0,0.6000,0.0000,0.4000,0.8000,0,0,13,0,0,0,0,22,9,442
369,L,5,5,7,4,2,0,0.6000,0.0000,0.4000,0.8000,0,0,13,0,0,0,0,22,9,443
370,L,5,5,7,3,2,0,0.6000,0.0000,0.4000,0.8000,0,0,13,0,0,0,0,22,9,444
371,L,5,5,7,3,2,0,0.6000,0.0000,0.4000,0.8000,0,0,13,0,0,0,0,22,9,445
372,L,5,5,7,3,2,0,0.6000,0.0000,0.4000,0.8000,0,0,13,0,0,0,0,22,9,446
373,L,5,5,7,3,2,0,0.6000,0.0000,0.4000,0.8000,0,0,13,0,0,0,0,22,9,447
374,L,5,5,7,3,2,0,0.6000,0.0000,0.4000,0.8000,0,0,13,0,0,0,0,22,9,449
375,L,5,5,7,3,2,0,0.6000,0.0000,0.4000,0.8000,0,0,13,0,0,0,0,22,9,450
376,L,5,5,7,3,2,0,0.6000,0.0000,0.4000,0.8000,0,0,13,0,0,0,0,22,9,451
377,L,5,5,7,3,2,0,0.6000,0.0000,0.4000,0.8000,0,0,13,0,0,0,0,22,9,452
378,L,5,5,7,3,2,0,0.6000,0.0000,0.4000,0.8000,0,0,13,0,0,0,0,22,9,453
379,L,5,5,7,3,2,0,0.6000,0.0000,0.4000,0.8000,0,0,13,0,0,0,0,22,9,454
380,L,5,5,7,3,2,0,0.6000,0.0000,0.4000,0.8000,0,0,13,0,0,0,0,22,9,455
381,L,5,5,7,3,2,0,0.6000,0.0000,0.4000,0.8000,0,0,13,0,0,0,0,22,9,456
382,L,5,5,7,3,2,0,0.6000,0.0000,0.4000,0.8000,0,0,13,0,0,0,0,22,9,457
383,L,5,5,7,4,2,0,0.6000,0.0000,0.4000,0.8000,0,0,13,0,0,0,0,22,9,458
384,L,5,5,7,3,2,0,0.6000,0.0000,0.4000,0.8000,0,0,13,0,0,0,0,22,9,459
385,L,5,5,7,3,2,0,0.6000,0.0000,0.4000,0.8000,0,0,13,0,0,0,0,22,9,460
386,L,5,5,7,3,2,0,0.6000,0.0000,0.4000,0.8000,0,0,13,0,0,0,0,22,9,461
387,L,5,5,7,3,2,0,0.6000,0.0000,0.4000,0.8000,0,0,13,0,0,0,0,22,9,462
388,L,5,5,7,3,2,0,0.6000,0.0000,0.4000,0.8000,0,0,13,0,0,0,0,22,9,463
389,L,5,5,7,4,2,0,0.6000,0.0000,0.4000,0.8000,0,0,13,0,0,0,0,22,9,464
390,L,5,5,7,4,2,0,0.6000,0.0000,0.4000,0.8000,0,0,13,0,0,0,0,22,9,465
391,L,5,5,7,3,2,0,0.6000,0.0000,0.4000,0.8000,0,0,13,0,0,0,0,22,9,466
392,L,5,5,7,4,2,0,0.6000,0.0000,0.4000,0.8000,0,0,13,0,0,0,0,22,9,467
393,L,5,5,7,5,2,0,0.6000,0.0000,0.4000,0.8000,0,0,13,0,0,0,0,22,9,468
394,L,5,5,7,4,2,0,0.6000,0.0000,0.4000,0.8000,0,0,13,0,0,0,0,22,9,469
395,L,5,5,7,5,2,0,0.6000,0.0000,0.4000,0.8000,0,0,13,0,0,0,0,22,9,470
396,L,5,5,7,3,2,0,0.6000,0.0000,0.4000,0.8000,0,0,13,0,0,0,0,22,9,471
397,L,5,5,7,3,2,0,0.6000,0.0000,0.4000,0.8000,0,0,13,0,0,0,0,22,9,473
398,L,5,5,7,3,2,0,0.6000,0.0000,0.4000,0.8000,0,0,13,0,0,0,0,22,9,474
399,L,5,5,7,4,2,0,0.6000,0.0000,0.4000,0.8000,0,0,13,0,0,0,0,22,9,475
400,L,5,5,7,4,2,0,0.6000,0.0000,0.4000,0.8000,0,0,13,0,0,0,0,22,9,476
401,L,5,5,7,4,2,0,0.6000,0.0000,0.4000,0.8000,0,0,13,0,0,0,0,22,9,477
402,L,5,5,7,3,2,0,0.6000,0.0000,0.4000,0.8000,0,0,13,0,0,0,0,22,9,478
403,L,5,5,7,3,2,0,0.6000,0.0000,0.4000,0.8000,0,0,13,0,0,0,0,22,9,479
404,L,5,5,7,6,2,0,0.6000,0.0000,0.4000,0.8000,0,0,13,0,0,0,0,22,9,480
405,L,5,5,7,3,2,0,0.6000,0.0000,0.4000,0.8000,0,0,13,0,0,0,0,22,9,481
406,L,6,6,7,5,3,0,0.6667,0.0000,0.3333,1.0000,0,0,13,0,0,0,0,22,9,483
407,L,6,6,7,5,3,0,0.6667,0.0000,0.3333,1.0000,0,0,13,0,0,0,0,22,9,485
408,L,6,6,7,7,3,0,0.6667,0.0000,0.3333,1.0000,0,0,13,0,0,0,0,22,9,489
409,L,6,6,7,6,3,0,0.6667,0.0000,0.3333,1.0000,0,0,13,0,0,0,0,22,9,490
410,L,6,6,7,7,4,0,0.6667,0.0000,0.3333,1.3333,1,0,14,0,0,0,0,23,9,492
411,L,6,6,7,5,4,0,0.6667,0.0000,0.3333,1.3333,0,0,14,0,0,0,0,23,9,493
412,L,6,6,7,5,4,0,0.6667,0.0000,0.3333,1.3333,0,0,14,0,0,0,0,23,9,494
413,L,6,6,7,5,4,0,0.6667,0.0000,0.3333,1.3333,0,0,14,0,0,0,0,23,9,495
414,L,6,6,7,5,4,0,0.6667,0.0000,0.3333,1.3333,0,0,14,0,0,0,0,23,9,496
415,L,6,6,7,5,4,0,0.6667,0.0000,0.3333,1.3333,0,0,14,0,0,0,0,23,9,497
416,L,6,6,7,6,4,0,0.6667,0.0000,0.3333,1.3333,0,0,14,0,0,0,0,23,9,498
417,L,6,6,7,6,4,1,0.6667,0.0000,0.3333,1.3333,1,0,15,0,0,0,0,23,10,500
418,L,6,6,7,6,4,1,0.6667,0.0000,0.3333,1.3333,0,0,15,0,0,0,0,23,10,500
419,L,6,6,7,6,4,1,0.6667,0.0000,0.3333,1.3333,0,0,15,0,0,0,0,23,10,500
420,L,6,6,7,6,4,1,0.6667,0.0000,0.3333,1.3333,0,0,15,0,0,0,0,23,10,500
421,L,6,6,7,6,4,1,0.6667,0.0000,0.3333,1.3333,0,0,15,0,0,0,0,23,10,500
422,L,6,6,7,8,4,1,0.6667,0.0000,0.3333,1.3333,0,0,15,0,0,0,0,23,10,500
423,L,6,6,7,6,4,1,0.6667,0.0000,0.3333,1.3333,0,0,15,0,0,0,0,23,10,500
424,L,6,6,7,7,4,1,0.6667,0.0000,0.3333,1.3333,0,0,15,0,0,0,0,23,10,500
425,L,6,6,7,6,4,1,0.6667,0.0000,0.3333,1.3333,0,0,15,0,0,0,0,23,10,500
426,L,6,6,7,8,4,1,0.6667,0.0000,0.3333,1.3333,0,0,15,0,0,0,0,23,10,500
427,L,6,6,7,8,4,1,0.6667,0.0000,0.3333,1.3333,0,0,15,0,0,0,0,23,10,500
428,L,6,6,7,8,4,1,0.6667,0.0000,0.3333,1.3333,0,0,15,0,0,0,0,23,10,500
429,L,6,6,7,6,4,1,0.6667,0.0000,0.3333,1.3333,0,0,15,0,0,0,0,23,10,500
430,L,6,6,7,9,4,1,0.6667,0.0000,0.3333,1.3333,0,0,15,0,0,0,0,23,10,500
431,L,6,6,7,9,4,1,0.6667,0.0000,0.3333,1.3333,0,0,15,0,0,0,0,23,10,500
432,L,6,6,7,9,4,1,0.6667,0.0000,0.3333,1.3333,0,0,15,0,0,0,0,23,10,500
433,L,6,6,7,8,4,1,0.6667,0.0000,0.3333,1.3333,0,0,15,0,0,0,0,23,10,500
434,L,6,6,7,8,4,1,0.6667,0.0000,0.3333,1.3333,0,0,15,0,0,0,0,23,10,500
435,L,6,6,7,8,4,1,0.6667,0.0000,0.3333,1.3333,0,0,15,0,0,0,0,23,10,500
436,L,6,6,7,7,4,1,0.6667,0.0000,0.3333,1.3333,0,0,15,0,0,0,0,23,10,500
437,L,6,6,7,6,4,1,0.6667,0.0000,0.3333,1.3333,0,0,15,0,0,0,0,23,10,500
438,L,6,6,7,7,4,1,0.6667,0.0000,0.3333,1.3333,0,0,15,0,0,0,0,23,10,500
439,L,6,6,7,6,4,1,0.6667,0.0000,0.3333,1.3333,0,0,15,0,0,0,0,23,10,500
440,L,6,6,7,6,4,1,0.6667,0.0000,0.3333,1.3333,0,0,15,0,0,0,0,23,10,500
441,L,6,6,7,8,4,1,0.6667,0.0000,0.3333,1.3333,0,0,15,0,0,0,0,23,10,500
442,L,6,6,7,6,5,1,0.8333,0.0000,0.1667,1.6667,1,0,16,0,0,0,0,24,10,500
443,L,6,6,7,8,5,1,0.8333,0.0000,0.1667,1.6667,0,0,16,0,0,0,0,24,10,500
444,L,6,6,7,6,5,1,0.8333,0.0000,0.1667,1.6667,0,0,16,0,0,0,0,24,10,500
445,L,6,6,7,7,5,1,0.8333,0.0000,0.1667,1.6667,0,0,16,0,0,0,0,24,10,500
446,L,6,6,7,7,4,1,0.8333,0.0000,0.1667,1.3333,0,0,16,0,0,0,0,24,10,500
447,L,6,6,7,6,3,1,0.5000,0.3333,0.1667,1.0000,0,0,16,0,0,0,0,24,10,500
448,L,6,6,7,6,3,1,0.5000,0.3333,0.1667,1.0000,0,0,16,0,0,0,0,24,10,500
449,L,6,6,7,7,3,1,0.5000,0.3333,0.1667,1.0000,0,0,16,0,0,0,0,24,10,500
450,L,6,6,7,6,3,1,0.5000,0.3333,0.1667,1.0000,0,0,16,0,0,0,0,24,10,500
451,L,6,6,7,6,3,1,0.5000,0.3333,0.1667,1.0000,0,0,16,0,0,0,0,24,10,500
452,L,6,6,7,7,2,1,0.3333,0.3333,0.3333,0.6667,0,0,16,0,0,0,0,24,10,500
453,L,6,6,7,6,2,1,0.3333,0.3333,0.3333,0.6667,0,0,16,0,0,0,0,24,10,500
454,L,6,6,7,5,2,1,0.3333,0.3333,0.3333,0.6667,0,0,16,0,0,0,0,24,10,500
455,L,6,6,7,6,2,1,0.3333,0.3333,0.3333,0.6667,0,0,16,0,0,0,0,24,10,500
456,L,6,6,7,6,3,1,0.6667,0.0000,0.3333,1.0000,0,0,16,0,0,0,0,24,10,500
457,L,6,6,7,9,4,1,0.6667,0.0000,0.3333,1.3333,0,0,16,0,0,0,0,25,10,500
458,L,6,6,7,5,4,1,0.6667,0.0000,0.3333,1.3333,0,0,16,0,0,0,0,25,10,500
459,L,6,6,7,6,4,1,0.6667,0.0000,0.3333,1.3333,0,0,16,0,0,0,0,25,10,500
460,L,6,6,7,7,4,1,0.6667,0.0000,0.3333,1.3333,0,0,16,0,0,0,0,25,10,500
461,L,6,6,7,6,4,1,0.6667,0.0000,0.3333,1.3333,0,0,16,0,0,0,0,25,10,500
462,L,6,6,7,6,4,1,0.6667,0.0000,0.3333,1.3333,0,0,16,0,0,0,0,25,10,500
463,L,6,6,7,8,4,1,0.6667,0.0000,0.3333,1.3333,0,0,16,0,0,0,0,25,10,500
464,L,6,6,7,8,4,1,0.6667,0.0000,0.3333,1.3333,0,0,16,0,0,0,0,25,10,500
465,L,6,6,7,8,4,1,0.6667,0.0000,0.3333,1.3333,0,0,16,0,0,0,0,25,10,500
466,L,6,6,7,8,4,1,0.6667,0.0000,0.3333,1.3333,0,0,16,0,0,0,0,25,10,500
467,L,6,6,7,10,4,1,0.6667,0.0000,0.3333,1.3333,0,0,16,0,0,0,0,25,10,500
468,L,6,6,7,8,4,1,0.6667,0.0000,0.3333,1.3333,0,0,16,0,0,0,0,25,10,500
469,L,6,6,7,7,4,1,0.6667,0.0000,0.3333,1.3333,0,0,16,0,0,0,0,25,10,500
470,L,6,6,7,7,4,1,0.6667,0.0000,0.3333,1.3333,0,0,16,0,0,0,0,25,10,500
471,L,6,6,7,7,4,1,0.6667,0.0000,0.3333,1.3333,0,0,16,0,0,0,0,25,10,500
472,L,6,6,7,7,4,1,0.6667,0.0000,0.3333,1.3333,0,0,16,0,0,0,0,25,10,500
473,L,6,6,7,7,4,1,0.6667,0.0000,0.3333,1.3333,0,0,16,0,0,0,0,25,10,500
474,L,6,6,7,7,4,1,0.6667,0.0000,0.3333,1.3333,0,0,16,0,0,0,0,25,10,500
475,L,6,6,7,8,4,1,0.6667,0.0000,0.3333,1.3333,0,0,16,0,0,0,0,25,10,500
476,L,6,6,7,5,4,1,0.6667,0.0000,0.3333,1.3333,0,0,16,0,0,0,0,25,10,500
477,L,6,6,7,6,4,1,0.6667,0.0000,0.3333,1.3333,0,0,16,0,0,0,0,25,10,500
478,L,6,6,7,5,4,1,0.6667,0.0000,0.3333,1.3333,0,0,16,0,0,0,0,25,10,500
479,L,6,6,7,5,4,1,0.6667,0.0000,0.3333,1.3333,0,0,16,0,0,0,0,25,10,500
480,L,6,6,7,5,4,1,0.6667,0.0000,0.3333,1.3333,0,0,16,0,0,0,0,25,10,500
481,L,6,6,7,5,4,1,0.6667,0.0000,0.3333,1.3333,0,0,16,0,0,0,0,25,10,500
482,L,6,6,7,6,4,1,0.6667,0.0000,0.3333,1.3333,0,0,16,0,0,0,0,25,10,500
483,L,6,6,7,6,4,1,0.6667,0.0000,0.3333,1.3333,0,0,16,0,0,0,0,25,10,500
484,L,6,6,7,4,4,1,0.6667,0.0000,0.3333,1.3333,0,0,16,0,0,0,0,25,10,500
485,L,6,6,7,4,4,1,0.6667,0.0000,0.3333,1.3333,0,0,16,0,0,0,0,25,10,500
486,L,6,6,7,5,4,1,0.6667,0.0000,0.3333,1.3333,0,0,16,0,0,0,0,25,10,500
487,L,6,6,7,5,4,1,0.6667,0.0000,0.3333,1.3333,0,0,16,0,0,0,0,25,10,500
488,L,6,6,7,6,3,1,0.6667,0.0000,0.3333,1.0000,0,0,16,0,0,0,0,25,10,500
489,L,6,6,7,6,3,1,0.6667,0.0000,0.3333,1.0000,0,0,16,0,0,0,0,25,10,500
490,L,6,6,7,7,3,1,0.6667,0.0000,0.3333,1.0000,0,0,16,0,0,0,0,25,10,500
491,L,6,6,7,6,3,1,0.6667,0.0000,0.3333,1.0000,0,0,16,0,0,0,0,25,10,500
492,L,6,6,7,7,2,1,0.3333,0.3333,0.3333,0.6667,0,0,16,0,0,0,0,25,10,500
493,L,6,6,7,6,2,1,0.3333,0.3333,0.3333,0.6667,0,0,16,0,0,0,0,25,10,500
494,L,6,6,7,10,2,1,0.3333,0.3333,0.3333,0.6667,0,0,16,0,0,0,0,25,10,500
495,L,6,6,7,9,2,1,0.3333,0.3333,0.3333,0.6667,0,0,16,0,0,0,0,25,10,500
496,L,6,6,7,7,2,1,0.3333,0.3333,0.3333,0.6667,0,0,16,0,0,0,0,25,10,500
497,L,6,6,7,7,2,1,0.3333,0.3333,0.3333,0.6667,0,0,16,0,0,0,0,25,10,500
498,L,6,6,7,6,2,1,0.3333,0.3333,0.3333,0.6667,0,0,16,0,0,0,0,25,10,500
499,L,6,6,7,6,2,1,0.3333,0.3333,0.3333,0.6667,0,0,16,0,0,0,0,25,10,500
500,L,6,6,7,8,2,1,0.3333,0.3333,0.3333,0.6667,0,0,16,0,0,0,0,25,10,500
501,L,6,6,7,8,2,1,0.3333,0.3333,0.3333,0.6667,0,0,16,0,0,0,0,25,10,500
502,L,6,6,7,9,2,1,0.3333,0.3333,0.3333,0.6667,0,0,16,0,0,0,0,25,10,500
503,L,6,6,7,8,2,1,0.3333,0.3333,0.3333,0.6667,0,0,16,0,0,0,0,25,10,500
504,L,6,6,7,6,2,1,0.3333,0.3333,0.3333,0.6667,0,0,16,0,0,0,0,25,10,500
505,L,6,6,7,6,2,1,0.3333,0.3333,0.3333,0.6667,0,0,16,0,0,0,0,25,10,500
506,L,6,6,7,7,2,1,0.3333,0.3333,0.3333,0.6667,0,0,16,0,0,0,0,25,10,500
507,L,6,6,7,6,2,1,0.3333,0.3333,0.3333,0.6667,0,0,16,0,0,0,0,25,10,500
508,L,6,6,7,5,2,1,0.3333,0.3333,0.3333,0.6667,0,0,16,0,0,0,0,25,10,500
509,L,6,6,7,7,2,1,0.3333,0.3333,0.3333,0.6667,0,0,16,0,0,0,0,25,10,500
510,L,6,6,7,8,2,1,0.3333,0.3333,0.3333,0.6667,0,0,16,0,0,0,0,25,10,500
511,L,6,6,7,7,2,2,0.3333,0.3333,0.3333,0.6667,1,0,17,0,0,0,0,25,11,500
512,L,6,6,7,7,2,2,0.3333,0.3333,0.3333,0.6667,0,0,17,0,0,0,0,25,11,500
513,L,6,6,7,5,2,2,0.3333,0.3333,0.3333,0.6667,0,0,17,0,0,0,0,25,11,500
514,L,6,6,7,6,2,2,0.3333,0.3333,0.3333,0.6667,0,0,17,0,0,0,0,25,11,500
515,L,6,6,7,3,2,2,0.3333,0.3333,0.3333,0.6667,0,0,17,0,0,0,0,25,11,500
516,L,6,6,7,2,2,2,0.3333,0.3333,0.3333,0.6667,0,0,17,0,0,0,0,25,11,500
517,L,6,6,7,3,2,2,0.3333,0.3333,0.3333,0.6667,0,0,17,0,0,0,0,25,11,500
518,L,6,6,7,2,2,2,0.3333,0.3333,0.3333,0.6667,0,0,17,0,0,0,0,25,11,500
519,L,6,6,7,2,2,2,0.3333,0.3333,0.3333,0.6667,0,0,17,0,0,0,0,25,11,500
520,L,6,6,7,3,2,2,0.3333,0.3333,0.3333,0.6667,0,0,17,0,0,0,0,25,11,500
521,L,6,6,7,5,2,2,0.3333,0.3333,0.3333,0.6667,0,0,17,0,0,0,0,25,11,500
522,L,6,6,7,7,2,2,0.3333,0.3333,0.3333,0.6667,0,0,17,0,0,0,0,25,11,500
523,L,6,6,7,7,2,2,0.3333,0.3333,0.3333,0.6667,0,0,17,0,0,0,0,25,11,500
524,L,6,6,7,5,2,2,0.3333,0.3333,0.3333,0.6667,0,0,17,0,0,0,0,25,11,500
525,L,6,6,7,3,2,2,0.3333,0.3333,0.3333,0.6667,0,0,17,0,0,0,0,25,11,500
526,L,6,6,7,4,2,2,0.3333,0.3333,0.3333,0.6667,0,0,17,0,0,0,0,25,11,500
527,L,6,6,7,3,2,2,0.3333,0.3333,0.3333,0.6667,0,0,17,0,0,0,0,25,11,500
528,L,6,6,7,3,2,2,0.3333,0.3333,0.3333,0.6667,0,0,17,0,0,0,0,25,11,500
529,L,6,6,7,3,2,2,0.3333,0.3333,0.3333,0.6667,0,0,17,0,0,0,0,25,11,500
530,L,6,6,7,3,2,2,0.3333,0.3333,0.3333,0.6667,0,0,17,0,0,0,0,25,11,500
531,L,6,6,7,3,2,2,0.3333,0.3333,0.3333,0.6667,0,0,17,0,0,0,0,25,11,500
532,L,6,6,7,3,2,2,0.3333,0.3333,0.3333,0.6667,0,0,17,0,0,0,0,25,11,500
533,L,6,6,7,3,2,2,0.3333,0.3333,0.3333,0.6667,0,0,17,0,0,0,0,25,11,500
534,L,6,6,7,3,2,2,0.3333,0.3333,0.3333,0.6667,0,0,17,0,0,0,0,25,11,500
535,L,6,6,7,3,2,2,0.3333,0.3333,0.3333,0.6667,0,0,17,0,0,0,0,25,11,500
536,L,6,6,7,3,2,2,0.3333,0.3333,0.3333,0.6667,0,0,17,0,0,0,0,25,11,500
537,L,6,6,7,2,2,2,0.3333,0.3333,0.3333,0.6667,0,0,17,0,0,0,0,25,11,500
538,L,6,6,7,2,2,2,0.3333,0.3333,0.3333,0.6667,0,0,17,0,0,0,0,25,11,500
539,L,6,6,7,4,2,2,0.3333,0.3333,0.3333,0.6667,0,0,17,0,0,0,0,25,11,500
540,L,6,6,7,4,2,2,0.3333,0.3333,0.3333,0.6667,0,0,17,0,0,0,0,25,11,500
541,L,6,6,7,4,2,2,0.3333,0.3333,0.3333,0.6667,0,0,17,0,0,0,0,25,11,500
542,L,6,6,7,5,2,2,0.3333,0.3333,0.3333,0.6667,0,0,17,0,0,0,0,25,11,500
543,L,6,6,7,4,2,2,0.3333,0.3333,0.3333,0.6667,0,0,17,0,0,0,0,25,11,500
544,L,6,6,7,4,2,2,0.3333,0.3333,0.3333,0.6667,0,0,17,0,0,0,0,25,11,500
545,L,6,6,7,3,2,2,0.3333,0.3333,0.3333,0.6667,0,0,17,0,0,0,0,25,11,500
546,L,6,6,7,4,2,2,0.3333,0.3333,0.3333,0.6667,0,0,17,0,0,0,0,25,11,500
547,L,6,6,7,3,2,2,0.3333,0.3333,0.3333,0.6667,0,0,17,0,0,0,0,25,11,500
548,L,6,6,7,4,2,2,0.3333,0.3333,0.3333,0.6667,0,0,17,0,0,0,0,25,11,500
549,L,6,6,7,4,2,2,0.3333,0.3333,0.3333,0.6667,0,0,17,0,0,0,0,25,11,500
550,L,6,6,7,4,2,2,0.3333,0.3333,0.3333,0.6667,0,0,17,0,0,0,0,25,11,500
551,L,6,6,7,4,2,2,0.3333,0.3333,0.3333,0.6667,0,0,17,0,0,0,0,25,11,500
552,L,6,6,7,6,2,2,0.3333,0.3333,0.3333,0.6667,0,0,17,0,0,0,0,25,11,500
553,L,6,6,7,5,2,2,0.3333,0.3333,0.3333,0.6667,0,0,17,0,0,0,0,25,11,500
554,L,6,6,7,8,2,2,0.3333,0.3333,0.3333,0.6667,0,0,17,0,0,0,0,25,11,500
555,L,6,6,7,7,2,2,0.3333,0.3333,0.3333,0.6667,0,0,17,0,0,0,0,25,11,500
556,L,6,6,7,6,2,2,0.3333,0.3333,0.3333,0.6667,0,0,17,0,0,0,0,25,11,500
557,L,6,6,7,5,2,2,0.3333,0.3333,0.3333,0.6667,0,0,17,0,0,0,0,25,11,500
558,L,6,6,7,6,2,2,0.3333,0.3333,0.3333,0.6667,0,0,17,0,0,0,0,25,11,500
559,L,6,6,7,8,2,2,0.3333,0.3333,0.3333,0.6667,0,0,17,0,0,0,0,25,11,500
560,L,6,6,7,10,2,2,0.3333,0.3333,0.3333,0.6667,0,0,17,0,0,0,0,25,11,500
561,L,6,6,7,8,2,2,0.3333,0.3333,0.3333,0.6667,0,0,17,0,0,0,0,25,11,500
562,L,6,6,7,6,2,2,0.3333,0.3333,0.3333,0.6667,0,0,17,0,0,0,0,25,11,500
563,L,6,6,7,8,2,2,0.3333,0.3333,0.3333,0.6667,0,0,17,0,0,0,0,25,11,500
564,L,6,6,7,6,2,2,0.3333,0.3333,0.3333,0.6667,0,0,17,0,0,0,0,25,11,500
565,L,6,6,7,6,2,2,0.3333,0.3333,0.3333,0.6667,0,0,17,0,0,0,0,25,11,500
566,L,6,6,7,8,2,2,0.3333,0.3333,0.3333,0.6667,0,0,17,0,0,0,0,25,11,500
567,L,6,6,7,6,2,2,0.3333,0.3333,0.3333,0.6667,0,0,17,0,0,0,0,25,11,500
568,L,6,6,7,6,2,2,0.3333,0.3333,0.3333,0.6667,0,0,17,0,0,0,0,25,11,500
569,L,6,6,7,7,2,2,0.3333,0.3333,0.3333,0.6667,0,0,17,0,0,0,0,25,11,500
570,L,6,6,7,6,2,2,0.3333,0.3333,0.3333,0.6667,0,0,17,0,0,0,0,25,11,500
571,L,6,6,7,7,2,2,0.3333,0.3333,0.3333,0.6667,0,0,17,0,0,0,0,25,11,500
572,L,6,6,7,6,2,2,0.3333,0.3333,0.3333,0.6667,0,0,17,0,0,0,0,25,11,500
573,L,6,6,7,6,2,2,0.3333,0.3333,0.3333,0.6667,0,0,17,0,0,0,0,25,11,500
574,L,6,6,7,6,2,2,0.3333,0.3333,0.3333,0.6667,0,0,17,0,0,0,0,25,11,500
575,L,6,6,7,6,2,2,0.3333,0.3333,0.3333,0.6667,0,0,17,0,0,0,0,25,11,500
576,L,7,7,7,8,3,2,0.2857,0.2857,0.1429,0.8571,0,0,17,0,0,0,0,25,11,500
577,L,7,7,7,8,3,2,0.2857,0.2857,0.1429,0.8571,0,0,17,0,0,0,0,25,11,500
578,L,7,7,7,8,3,2,0.2857,0.2857,0.1429,0.8571,0,0,17,0,0,0,0,25,11,500
579,L,7,7,7,9,3,2,0.2857,0.2857,0.1429,0.8571,0,0,17,0,0,0,0,25,11,500
580,L,7,7,7,9,5,2,0.5714,0.2857,0.1429,1.4286,1,0,18,0,0,0,0,27,11,500
581,L,7,7,7,7,5,2,0.5714,0.2857,0.1429,1.4286,0,0,18,0,0,0,0,27,11,500
582,L,7,7,7,10,5,2,0.5714,0.2857,0.1429,1.4286,0,0,18,0,0,0,0,27,11,500
583,L,7,7,7,7,5,2,0.5714,0.2857,0.1429,1.4286,0,0,18,0,0,0,0,27,11,500
584,L,7,7,7,7,5,2,0.5714,0.2857,0.1429,1.4286,0,0,18,0,0,0,0,27,11,500
585,L,7,7,7,10,5,2,0.5714,0.2857,0.1429,1.4286,0,0,18,0,0,0,0,27,11,500
586,L,7,7,7,7,5,2,0.5714,0.2857,0.1429,1.4286,0,0,18,0,0,0,0,27,11,500
587,L,7,7,7,7,5,3,0.5714,0.2857,0.1429,1.4286,0,0,18,0,0,0,0,27,12,500
588,L,7,7,7,7,5,3,0.5714,0.2857,0.1429,1.4286,0,0,18,0,0,0,0,27,12,500
589,L,7,7,7,9,5,4,0.5714,0.2857,0.1429,1.4286,0,0,18,0,0,0,0,27,13,500
590,L,7,7,7,7,5,4,0.5714,0.2857,0.1429,1.4286,0,0,18,0,0,0,0,27,13,500
591,L,7,7,7,7,5,4,0.5714,0.2857,0.1429,1.4286,0,0,18,0,0,0,0,27,13,500
592,L,8,8,7,11,6,4,0.5000,0.2500,0.0000,1.5000,0,0,18,0,0,0,0,27,13,500
593,L,8,8,7,11,6,4,0.5000,0.2500,0.0000,1.5000,0,0,18,0,0,0,0,27,13,500
594,L,8,8,7,14,6,4,0.5000,0.2500,0.0000,1.5000,0,0,18,0,0,0,0,27,13,500
595,L,8,8,7,15,6,4,0.5000,0.2500,0.0000,1.5000,0,0,18,0,0,0,0,27,13,500
596,L,8,8,7,14,9,4,0.7500,0.2500,0.0000,2.2500,1,0,19,0,0,0,0,30,13,500
597,L,8,8,7,14,9,4,0.7500,0.2500,0.0000,2.2500,0,0,19,0,0,0,0,30,13,500
598,L,8,8,7,12,9,4,0.7500,0.2500,0.0000,2.2500,0,0,19,0,0,0,0,30,13,500
599,L,8,8,7,14,9,4,0.7500,0.2500,0.0000,2.2500,0,0,19,0,0,0,0,30,13,500
600,L,8,8,7,13,9,4,0.7500,0.2500,0.0000,2.2500,0,0,19,0,0,0,0,30,13,500
601,L,8,8,7,12,9,5,0.7500,0.2500,0.0000,2.2500,0,0,19,0,0,0,0,30,14,500
602,L,8,8,7,12,9,6,0.7500,0.2500,0.0000,2.2500,0,0,19,0,0,0,0,30,15,500
603,L,8,8,7,10,9,7,0.7500,0.2500,0.0000,2.2500,0,0,19,0,0,0,0,30,16,500
604,L,8,8,7,10,9,7,0.7500,0.2500,0.0000,2.2500,0,0,19,0,0,0,0,30,16,500
605,L,8,8,7,10,9,7,0.7500,0.2500,0.0000,2.2500,0,0,19,0,0,0,0,30,16,500
606,L,8,8,7,13,9,7,0.7500,0.2500,0.0000,2.2500,0,0,19,0,0,0,0,30,16,500
607,L,8,8,7,14,9,7,0.7500,0.2500,0.0000,2.2500,0,0,19,0,0,0,0,30,16,500
608,L,8,8,7,14,9,7,0.7500,0.2500,0.0000,2.2500,0,0,19,0,0,0,0,30,16,500
609,L,8,8,7,14,9,7,0.7500,0.2500,0.0000,2.2500,0,0,19,0,0,0,0,30,16,500
610,L,8,8,7,14,9,7,0.7500,0.2500,0.0000,2.2500,0,0,19,0,0,0,0,30,16,500
611,L,8,8,7,14,9,7,0.8750,0.0000,0.1250,2.2500,0,0,19,0,0,0,0,31,16,500
612,L,8,8,7,14,9,7,0.8750,0.0000,0.1250,2.2500,0,0,19,0,0,0,0,31,16,500
613,L,8,8,7,14,11,7,0.7500,0.0000,0.2500,2.7500,0,0,19,0,0,0,0,34,16,500
614,L,8,8,7,14,11,7,0.7500,0.0000,0.2500,2.7500,0,0,19,0,0,0,0,34,16,500
615,L,8,8,7,14,11,7,0.7500,0.0000,0.2500,2.7500,0,0,19,0,0,0,0,34,16,500
616,L,8,8,7,15,11,7,0.7500,0.0000,0.2500,2.7500,0,0,19,0,0,0,0,34,16,500
617,L,8,8,7,15,11,7,0.7500,0.0000,0.2500,2.7500,0,0,19,0,0,0,0,34,16,500
618,L,8,8,7,15,11,7,0.7500,0.0000,0.2500,2.7500,0,0,19,0,0,0,0,34,16,500
619,L,8,8,7,15,11,7,0.7500,0.0000,0.2500,2.7500,0,0,19,0,0,0,0,34,16,500
620,L,8,8,7,15,11,7,0.7500,0.0000,0.2500,2.7500,0,0,19,0,0,0,0,34,16,500
621,L,8,8,7,15,11,7,0.7500,0.0000,0.2500,2.7500,0,0,19,0,0,0,0,34,16,500
622,L,8,8,7,14,11,7,0.7500,0.0000,0.2500,2.7500,0,0,19,0,0,0,0,34,16,500
623,L,8,8,7,15,11,7,0.7500,0.0000,0.2500,2.7500,0,0,19,0,0,0,0,34,16,500
624,L,8,8,7,15,11,7,0.7500,0.0000,0.2500,2.7500,0,0,19,0,0,0,0,34,16,500
625,L,8,8,7,17,11,7,0.7500,0.0000,0.2500,2.7500,0,0,19,0,0,0,0,34,16,500
626,L,8,8,7,13,11,7,0.7500,0.0000,0.2500,2.7500,0,0,19,0,0,0,0,34,16,500
627,L,6,8,9,6,3,3,0.5000,0.0000,0.5000,1.0000,0,4,19,0,0,0,0,34,16,500
628,L,5,8,10,4,1,1,0.4000,0.0000,0.6000,0.4000,0,2,19,0,0,0,0,34,16,500
629,L,4,8,11,3,1,1,0.5000,0.0000,0.5000,0.5000,0,0,19,0,0,0,0,34,16,500
630,L,4,8,11,3,1,1,0.5000,0.0000,0.5000,0.5000,0,0,19,0,0,0,0,34,16,500
631,L,1,8,14,0,0,0,1.0000,0.0000,1.0000,0.0000,0,1,19,0,0,0,0,34,16,500
632,L,0,8,15,0,0,0,0.0000,0.0000,0.0000,0.0000,0,0,19,0,0,0,0,34,16,500
633,L,0,8,15,0,0,0,0.0000,0.0000,0.0000,0.0000,0,0,19,0,0,0,0,34,16,500
634,L,0,8,15,0,0,0,0.0000,0.0000,0.0000,0.0000,0,0,19,0,0,0,0,34,16,500
635,L,0,8,15,0,0,0,0.0000,0.0000,0.0000,0.0000,0,0,19,0,0,0,0,34,16,500
636,L,0,8,15,0,0,0,0.0000,0.0000,0.0000,0.0000,0,0,19,0,0,0,0,34,16,500
637,L,0,8,15,0,0,0,0.0000,0.0000,0.0000,0.0000,0,0,19,0,0,0,0,34,16,500
638,L,0,8,15,0,0,0,0.0000,0.0000,0.0000,0.0000,0,0,19,0,0,0,0,34,16,500
639,L,0,8,15,0,0,0,0.0000,0.0000,0.0000,0.0000,0,0,19,0,0,0,0,34,16,500
640,L,0,8,15,0,0,0,0.0000,0.0000,0.0000,0.0000,0,0,19,0,0,0,0,34,16,500
641,L,0,8,15,0,0,0,0.0000,0.0000,0.0000,0.0000,0,0,19,0,0,0,0,34,16,500
642,L,0,8,15,0,0,0,0.0000,0.0000,0.0000,0.0000,0,0,19,0,0,0,0,34,16,500
643,L,0,8,15,0,0,0,0.0000,0.0000,0.0000,0.0000,0,0,19,0,0,0,0,34,16,500
644,L,0,8,15,0,0,0,0.0000,0.0000,0.0000,0.0000,0,0,19,0,0,0,0,34,16,500
645,L,0,8,15,0,0,0,0.0000,0.0000,0.0000,0.0000,0,0,19,0,0,0,0,34,16,500
646,L,0,8,15,0,0,0,0.0000,0.0000,0.0000,0.0000,0,0,19,0,0,0,0,34,16,500
647,L,0,8,15,0,0,0,0.0000,0.0000,0.0000,0.0000,0,0,19,0,0,0,0,34,16,500
648,L,0,8,15,0,0,0,0.0000,0.0000,0.0000,0.0000,0,0,19,0,0,0,0,34,16,500
649,L,0,8,15,0,0,0,0.0000,0.0000,0.0000,0.0000,0,0,19,0,0,0,0,34,16,500
650,L,0,8,15,0,0,0,0.0000,0.0000,0.0000,0.0000,0,0,19,0,0,0,0,34,16,500
651,L,0,8,15,0,0,0,0.0000,0.0000,0.0000,0.0000,0,0,19,0,0,0,0,34,16,500
652,L,0,8,15,0,0,0,0.0000,0.0000,0.0000,0.0000,0,0,19,0,0,0,0,34,16,500
653,L,0,8,15,0,0,0,0.0000,0.0000,0.0000,0.0000,0,0,19,0,0,0,0,34,16,500
654,L,0,8,15,0,0,0,0.0000,0.0000,0.0000,0.0000,0,0,19,0,0,0,0,34,16,500
655,L,0,8,15,0,0,0,0.0000,0.0000,0.0000,0.0000,0,0,19,0,0,0,0,34,16,500
656,L,0,8,15,0,0,0,0.0000,0.0000,0.0000,0.0000,0,0,19,0,0,0,0,34,16,500
657,L,0,8,15,0,0,0,0.0000,0.0000,0.0000,0.0000,0,0,19,0,0,0,0,34,16,500
658,L,0,8,15,0,0,0,0.0000,0.0000,0.0000,0.0000,0,0,19,0,0,0,0,34,16,500
659,L,0,8,15,0,0,0,0.0000,0.0000,0.0000,0.0000,0,0,19,0,0,0,0,34,16,500
660,L,0,8,15,0,0,0,0.0000,0.0000,0.0000,0.0000,0,0,19,0,0,0,0,34,16,500
661,L,0,8,15,0,0,0,0.0000,0.0000,0.0000,0.0000,0,0,19,0,0,0,0,34,16,500
662,L,0,8,15,0,0,0,0.0000,0.0000,0.0000,0.0000,0,0,19,0,0,0,0,34,16,500
663,L,0,8,15,0,0,0,0.0000,0.0000,0.0000,0.0000,0,0,19,0,0,0,0,34,16,500
664,L,0,8,15,0,0,0,0.0000,0.0000,0.0000,0.0000,0,0,19,0,0,0,0,34,16,500
665,L,0,8,15,0,0,0,0.0000,0.0000,0.0000,0.0000,0,0,19,0,0,0,0,34,16,500
666,L,0,8,15,0,0,0,0.0000,0.0000,0.0000,0.0000,0,0,19,0,0,0,0,34,16,500
667,L,0,8,15,0,0,0,0.0000,0.0000,0.0000,0.0000,0,0,19,0,0,0,0,34,16,500
668,L,0,8,15,0,0,0,0.0000,0.0000,0.0000,0.0000,0,0,19,0,0,0,0,34,16,500
669,L,0,8,15,0,0,0,0.0000,0.0000,0.0000,0.0000,0,0,19,0,0,0,0,34,16,500
670,L,0,8,15,0,0,0,0.0000,0.0000,0.0000,0.0000,0,0,19,0,0,0,0,34,16,500
671,L,0,8,15,0,0,0,0.0000,0.0000,0.0000,0.0000,0,0,19,0,0,0,0,34,16,500
672,L,0,8,15,0,0,0,0.0000,0.0000,0.0000,0.0000,0,0,19,0,0,0,0,34,16,500
673,L,0,8,15,0,0,0,0.0000,0.0000,0.0000,0.0000,0,0,19,0,0,0,0,34,16,500
674,L,0,8,15,0,0,0,0.0000,0.0000,0.0000,0.0000,0,0,19,0,0,0,0,34,16,500
675,L,0,8,15,0,0,0,0.0000,0.0000,0.0000,0.0000,0,0,19,0,0,0,0,34,16,500
676,L,0,8,15,0,0,0,0.0000,0.0000,0.0000,0.0000,0,0,19,0,0,0,0,34,16,500
677,L,0,8,15,0,0,0,0.0000,0.0000,0.0000,0.0000,0,0,19,0,0,0,0,34,16,500
678,L,0,8,15,0,0,0,0.0000,0.0000,0.0000,0.0000,0,0,19,0,0,0,0,34,16,500
679,L,0,8,15,0,0,0,0.0000,0.0000,0.0000,0.0000,0,0,19,0,0,0,0,34,16,500
680,L,0,8,15,0,0,0,0.0000,0.0000,0.0000,0.0000,0,0,19,0,0,0,0,34,16,500
681,L,0,8,15,0,0,0,0.0000,0.0000,0.0000,0.0000,0,0,19,0,0,0,0,34,16,500
682,L,0,8,15,0,0,0,0.0000,0.0000,0.0000,0.0000,0,0,19,0,0,0,0,34,16,500
683,L,0,8,15,0,0,0,0.0000,0.0000,0.0000,0.0000,0,0,19,0,0,0,0,34,16,500
684,L,0,8,15,0,0,0,0.0000,0.0000,0.0000,0.0000,0,0,19,0,0,0,0,34,16,500
685,L,0,8,15,0,0,0,0.0000,0.0000,0.0000,0.0000,0,0,19,0,0,0,0,34,16,500
686,L,0,8,15,0,0,0,0.0000,0.0000,0.0000,0.0000,0,0,19,0,0,0,0,34,16,500
687,L,0,8,15,0,0,0,0.0000,0.0000,0.0000,0.0000,0,0,19,0,0,0,0,34,16,500
688,L,0,8,15,0,0,0,0.0000,0.0000,0.0000,0.0000,0,0,19,0,0,0,0,34,16,500
689,L,0,8,15,0,0,0,0.0000,0.0000,0.0000,0.0000,0,0,19,0,0,0,0,34,16,500
690,L,0,8,15,0,0,0,0.0000,0.0000,0.0000,0.0000,0,0,19,0,0,0,0,34,16,500
691,L,0,8,15,0,0,0,0.0000,0.0000,0.0000,0.0000,0,0,19,0,0,0,0,34,16,500
692,L,0,8,15,0,0,0,0.0000,0.0000,0.0000,0.0000,0,0,19,0,0,0,0,34,16,500
693,L,0,8,15,0,0,0,0.0000,0.0000,0.0000,0.0000,0,0,19,0,0,0,0,34,16,500
694,L,0,8,15,0,0,0,0.0000,0.0000,0.0000,0.0000,0,0,19,0,0,0,0,34,16,500
695,L,0,8,15,0,0,0,0.0000,0.0000,0.0000,0.0000,0,0,19,0,0,0,0,34,16,500
696,L,0,8,15,0,0,0,0.0000,0.0000,0.0000,0.0000,0,0,19,0,0,0,0,34,16,500
697,L,0,8,15,0,0,0,0.0000,0.0000,0.0000,0.0000,0,0,19,0,0,0,0,34,16,500
698,L,0,8,15,0,0,0,0.0000,0.0000,0.0000,0.0000,0,0,19,0,0,0,0,34,16,500
699,L,0,8,15,0,0,0,0.0000,0.0000,0.0000,0.0000,0,0,19,0,0,0,0,34,16,500
700,L,0,8,15,0,0,0,0.0000,0.0000,0.0000,0.0000,0,0,19,0,0,0,0,34,16,500
701,L,0,8,15,0,0,0,0.0000,0.0000,0.0000,0.0000,0,0,19,0,0,0,0,34,16,500
702,L,0,8,15,0,0,0,0.0000,0.0000,0.0000,0.0000,0,0,19,0,0,0,0,34,16,500
703,L,0,8,15,0,0,0,0.0000,0.0000,0.0000,0.0000,0,0,19,0,0,0,0,34,16,500
704,L,0,8,15,0,0,0,0.0000,0.0000,0.0000,0.0000,0,0,19,0,0,0,0,34,16,500
705,L,0,8,15,0,0,0,0.0000,0.0000,0.0000,0.0000,0,0,19,0,0,0,0,34,16,500
706,L,0,8,15,0,0,0,0.0000,0.0000,0.0000,0.0000,0,0,19,0,0,0,0,34,16,500
707,L,0,8,15,0,0,0,0.0000,0.0000,0.0000,0.0000,0,0,19,0,0,0,0,34,16,500
708,L,0,8,15,0,0,0,0.0000,0.0000,0.0000,0.0000,0,0,19,0,0,0,0,34,16,500
709,L,0,8,15,0,0,0,0.0000,0.0000,0.0000,0.0000,0,0,19,0,0,0,0,34,16,500
710,L,0,8,15,0,0,0,0.0000,0.0000,0.0000,0.0000,0,0,19,0,0,0,0,34,16,500
711,L,0,8,15,0,0,0,0.0000,0.0000,0.0000,0.0000,0,0,19,0,0,0,0,34,16,500
712,L,0,8,15,0,0,0,0.0000,0.0000,0.0000,0.0000,0,0,19,0,0,0,0,34,16,500
713,L,0,8,15,0,0,0,0.0000,0.0000,0.0000,0.0000,0,0,19,0,0,0,0,34,16,500
714,L,0,8,15,0,0,0,0.0000,0.0000,0.0000,0.0000,0,0,19,0,0,0,0,34,16,500
715,L,0,8,15,0,0,0,0.0000,0.0000,0.0000,0.0000,0,0,19,0,0,0,0,34,16,500
716,L,0,8,15,0,0,0,0.0000,0.0000,0.0000,0.0000,0,0,19,0,0,0,0,34,16,500
717,L,0,8,15,0,0,0,0.0000,0.0000,0.0000,0.0000,0,0,19,0,0,0,0,34,16,500
718,L,0,8,15,0,0,0,0.0000,0.0000,0.0000,0.0000,0,0,19,0,0,0,0,34,16,500
719,L,0,8,15,0,0,0,0.0000,0.0000,0.0000,0.0000,0,0,19,0,0,0,0,34,16,500
720,L,0,8,15,0,0,0,0.0000,0.0000,0.0000,0.0000,0,0,19,0,0,0,0,34,16,500
721,L,0,8,15,0,0,0,0.0000,0.0000,0.0000,0.0000,0,0,19,0,0,0,0,34,16,500
722,L,0,8,15,0,0,0,0.0000,0.0000,0.0000,0.0000,0,0,19,0,0,0,0,34,16,500
723,L,0,8,15,0,0,0,0.0000,0.0000,0.0000,0.0000,0,0,19,0,0,0,0,34,16,500
724,L,0,8,15,0,0,0,0.0000,0.0000,0.0000,0.0000,0,0,19,0,0,0,0,34,16,500
725,L,0,8,15,0,0,0,0.0000,0.0000,0.0000,0.0000,0,0,19,0,0,0,0,34,16,500
726,L,0,8,15,0,0,0,0.0000,0.0000,0.0000,0.0000,0,0,19,0,0,0,0,34,16,500
727,L,0,8,15,0,0,0,0.0000,0.0000,0.0000,0.0000,0,0,19,0,0,0,0,34,16,500
728,L,0,8,15,0,0,0,0.0000,0.0000,0.0000,0.0000,0,0,19,0,0,0,0,34,16,500
729,L,0,8,15,0,0,0,0.0000,0.0000,0.0000,0.0000,0,0,19,0,0,0,0,34,16,500
730,L,0,8,15,0,0,0,0.0000,0.0000,0.0000,0.0000,0,0,19,0,0,0,0,34,16,500
731,L,0,8,15,0,0,0,0.0000,0.0000,0.0000,0.0000,0,0,19,0,0,0,0,34,16,500
732,L,0,8,15,0,0,0,0.0000,0.0000,0.0000,0.0000,0,0,19,0,0,0,0,34,16,500
733,L,0,8,15,0,0,0,0.0000,0.0000,0.0000,0.0000,0,0,19,0,0,0,0,34,16,500
734,L,0,8,15,0,0,0,0.0000,0.0000,0.0000,0.0000,0,0,19,0,0,0,0,34,16,500
735,L,0,8,15,0,0,0,0.0000,0.0000,0.0000,0.0000,0,0,19,0,0,0,0,34,16,500
736,L,0,8,15,0,0,0,0.0000,0.0000,0.0000,0.0000,0,0,19,0,0,0,0,34,16,500
737,L,0,8,15,0,0,0,0.0000,0.0000,0.0000,0.0000,0,0,19,0,0,0,0,34,16,500
738,L,0,8,15,0,0,0,0.0000,0.0000,0.0000,0.0000,0,0,19,0,0,0,0,34,16,500
739,L,0,8,15,0,0,0,0.0000,0.0000,0.0000,0.0000,0,0,19,0,0,0,0,34,16,500
740,L,0,8,15,0,0,0,0.0000,0.0000,0.0000,0.0000,0,0,19,0,0,0,0,34,16,500
741,L,0,8,15,0,0,0,0.0000,0.0000,0.0000,0.0000,0,0,19,0,0,0,0,34,16,500
742,L,0,8,15,0,0,0,0.0000,0.0000,0.0000,0.0000,0,0,19,0,0,0,0,34,16,500
743,L,0,8,15,0,0,0,0.0000,0.0000,0.0000,0.0000,0,0,19,0,0,0,0,34,16,500
744,L,0,8,15,0,0,0,0.0000,0.0000,0.0000,0.0000,0,0,19,0,0,0,0,34,16,500
745,L,0,8,15,0,0,0,0.0000,0.0000,0.0000,0.0000,0,0,19,0,0,0,0,34,16,500
746,L,0,8,15,0,0,0,0.0000,0.0000,0.0000,0.0000,0,0,19,0,0,0,0,34,16,500
747,L,0,8,15,0,0,0,0.0000,0.0000,0.0000,0.0000,0,0,19,0,0,0,0,34,16,500
748,L,0,8,15,0,0,0,0.0000,0.0000,0.0000,0.0000,0,0,19,0,0,0,0,34,16,500
749,L,0,8,15,0,0,0,0.0000,0.0000,0.0000,0.0000,0,0,19,0,0,0,0,34,16,500
750,L,0,8,15,0,0,0,0.0000,0.0000,0.0000,0.0000,0,0,19,0,0,0,0,34,16,500
751,L,0,8,15,0,0,0,0.0000,0.0000,0.0000,0.0000,0,0,19,0,0,0,0,34,16,500
752,L,0,8,15,0,0,0,0.0000,0.0000,0.0000,0.0000,0,0,19,0,0,0,0,34,16,500
753,L,0,8,15,0,0,0,0.0000,0.0000,0.0000,0.0000,0,0,19,0,0,0,0,34,16,500
754,L,0,8,15,0,0,0,0.0000,0.0000,0.0000,0.0000,0,0,19,0,0,0,0,34,16,500
755,L,0,8,15,0,0,0,0.0000,0.0000,0.0000,0.0000,0,0,19,0,0,0,0,34,16,500
756,L,0,8,15,0,0,0,0.0000,0.0000,0.0000,0.0000,0,0,19,0,0,0,0,34,16,500
757,L,0,8,15,0,0,0,0.0000,0.0000,0.0000,0.0000,0,0,19,0,0,0,0,34,16,500
758,L,0,8,15,0,0,0,0.0000,0.0000,0.0000,0.0000,0,0,19,0,0,0,0,34,16,500
759,L,0,8,15,0,0,0,0.0000,0.0000,0.0000,0.0000,0,0,19,0,0,0,0,34,16,500
760,L,0,8,15,0,0,0,0.0000,0.0000,0.0000,0.0000,0,0,19,0,0,0,0,34,16,500
761,L,0,8,15,0,0,0,0.0000,0.0000,0.0000,0.0000,0,0,19,0,0,0,0,34,16,500
762,L,0,8,15,0,0,0,0.0000,0.0000,0.0000,0.0000,0,0,19,0,0,0,0,34,16,500
763,L,0,8,15,0,0,0,0.0000,0.0000,0.0000,0.0000,0,0,19,0,0,0,0,34,16,500
764,L,0,8,15,0,0,0,0.0000,0.0000,0.0000,0.0000,0,0,19,0,0,0,0,34,16,500
765,L,0,8,15,0,0,0,0.0000,0.0000,0.0000,0.0000,0,0,19,0,0,0,0,34,16,500
766,L,0,8,15,0,0,0,0.0000,0.0000,0.0000,0.0000,0,0,19,0,0,0,0,34,16,500
767,L,0,8,15,0,0,0,0.0000,0.0000,0.0000,0.0000,0,0,19,0,0,0,0,34,16,500
768,L,0,8,15,0,0,0,0.0000,0.0000,0.0000,0.0000,0,0,19,0,0,0,0,34,16,500
769,L,0,8,15,0,0,0,0.0000,0.0000,0.0000,0.0000,0,0,19,0,0,0,0,34,16,500
770,L,0,8,15,0,0,0,0.0000,0.0000,0.0000,0.0000,0,0,19,0,0,0,0,34,16,500
771,L,0,8,15,0,0,0,0.0000,0.0000,0.0000,0.0000,0,0,19,0,0,0,0,34,16,500
772,L,0,8,15,0,0,0,0.0000,0.0000,0.0000,0.0000,0,0,19,0,0,0,0,34,16,500
773,L,0,8,15,0,0,0,0.0000,0.0000,0.0000,0.0000,0,0,19,0,0,0,0,34,16,500
774,L,0,8,15,0,0,0,0.0000,0.0000,0.0000,0.0000,0,0,19,0,0,0,0,34,16,500
775,L,0,8,15,0,0,0,0.0000,0.0000,0.0000,0.0000,0,0,19,0,0,0,0,34,16,500
776,L,0,8,15,0,0,0,0.0000,0.0000,0.0000,0.0000,0,0,19,0,0,0,0,34,16,500
777,L,0,8,15,0,0,0,0.0000,0.0000,0.0000,0.0000,0,0,19,0,0,0,0,34,16,500
778,L,0,8,15,0,0,0,0.0000,0.0000,0.0000,0.0000,0,0,19,0,0,0,0,34,16,500
779,L,0,8,15,0,0,0,0.0000,0.0000,0.0000,0.0000,0,0,19,0,0,0,0,34,16,500
780,L,0,8,15,0,0,0,0.0000,0.0000,0.0000,0.0000,0,0,19,0,0,0,0,34,16,500
781,L,0,8,15,0,0,0,0.0000,0.0000,0.0000,0.0000,0,0,19,0,0,0,0,34,16,500
782,L,0,8,15,0,0,0,0.0000,0.0000,0.0000,0.0000,0,0,19,0,0,0,0,34,16,500
783,L,0,8,15,0,0,0,0.0000,0.0000,0.0000,0.0000,0,0,19,0,0,0,0,34,16,500
784,L,0,8,15,0,0,0,0.0000,0.0000,0.0000,0.0000,0,0,19,0,0,0,0,34,16,500
785,L,0,8,15,0,0,0,0.0000,0.0000,0.0000,0.0000,0,0,19,0,0,0,0,34,16,500
786,L,0,8,15,0,0,0,0.0000,0.0000,0.0000,0.0000,0,0,19,0,0,0,0,34,16,500
787,L,0,8,15,0,0,0,0.0000,0.0000,0.0000,0.0000,0,0,19,0,0,0,0,34,16,500
788,L,0,8,15,0,0,0,0.0000,0.0000,0.0000,0.0000,0,0,19,0,0,0,0,34,16,500
789,L,0,8,15,0,0,0,0.0000,0.0000,0.0000,0.0000,0,0,19,0,0,0,0,34,16,500
790,L,0,8,15,0,0,0,0.0000,0.0000,0.0000,0.0000,0,0,19,0,0,0,0,34,16,500
791,L,0,8,15,0,0,0,0.0000,0.0000,0.0000,0.0000,0,0,19,0,0,0,0,34,16,500
792,L,0,8,15,0,0,0,0.0000,0.0000,0.0000,0.0000,0,0,19,0,0,0,0,34,16,500
793,L,0,8,15,0,0,0,0.0000,0.0000,0.0000,0.0000,0,0,19,0,0,0,0,34,16,500
794,L,0,8,15,0,0,0,0.0000,0.0000,0.0000,0.0000,0,0,19,0,0,0,0,34,16,500
795,L,0,8,15,0,0,0,0.0000,0.0000,0.0000,0.0000,0,0,19,0,0,0,0,34,16,500
796,L,0,8,15,0,0,0,0.0000,0.0000,0.0000,0.0000,0,0,19,0,0,0,0,34,16,500
797,L,0,8,15,0,0,0,0.0000,0.0000,0.0000,0.0000,0,0,19,0,0,0,0,34,16,500
798,L,0,8,15,0,0,0,0.0000,0.0000,0.0000,0.0000,0,0,19,0,0,0,0,34,16,500
799,L,0,8,15,0,0,0,0.0000,0.0000,0.0000,0.0000,0,0,19,0,0,0,0,34,16,500
800,L,0,8,15,0,0,0,0.0000,0.0000,0.0000,0.0000,0,0,19,0,0,0,0,34,16,500
801,L,0,8,15,0,0,0,0.0000,0.0000,0.0000,0.0000,0,0,19,0,0,0,0,34,16,500
802,L,0,8,15,0,0,0,0.0000,0.0000,0.0000,0.0000,0,0,19,0,0,0,0,34,16,500
803,L,0,8,15,0,0,0,0.0000,0.0000,0.0000,0.0000,0,0,19,0,0,0,0,34,16,500
804,L,0,8,15,0,0,0,0.0000,0.0000,0.0000,0.0000,0,0,19,0,0,0,0,34,16,500
805,L,0,8,15,0,0,0,0.0000,0.0000,0.0000,0.0000,0,0,19,0,0,0,0,34,16,500
806,L,0,8,15,0,0,0,0.0000,0.0000,0.0000,0.0000,0,0,19,0,0,0,0,34,16,500
807,L,0,8,15,0,0,0,0.0000,0.0000,0.0000,0.0000,0,0,19,0,0,0,0,34,16,500
808,L,0,8,15,0,0,0,0.0000,0.0000,0.0000,0.0000,0,0,19,0,0,0,0,34,16,500
809,L,0,8,15,0,0,0,0.0000,0.0000,0.0000,0.0000,0,0,19,0,0,0,0,34,16,500
810,L,0,8,15,0,0,0,0.0000,0.0000,0.0000,0.0000,0,0,19,0,0,0,0,34,16,500
811,L,0,8,15,0,0,0,0.0000,0.0000,0.0000,0.0000,0,0,19,0,0,0,0,34,16,500
812,L,0,8,15,0,0,0,0.0000,0.0000,0.0000,0.0000,0,0,19,0,0,0,0,34,16,500
813,L,0,8,15,0,0,0,0.0000,0.0000,0.0000,0.0000,0,0,19,0,0,0,0,34,16,500
814,L,0,8,15,0,0,0,0.0000,0.0000,0.0000,0.0000,0,0,19,0,0,0,0,34,16,500
815,L,0,8,15,0,0,0,0.0000,0.0000,0.0000,0.0000,0,0,19,0,0,0,0,34,16,500
816,L,0,8,15,0,0,0,0.0000,0.0000,0.0000,0.0000,0,0,19,0,0,0,0,34,16,500
817,L,0,8,15,0,0,0,0.0000,0.0000,0.0000,0.0000,0,0,19,0,0,0,0,34,16,500
818,L,0,8,15,0,0,0,0.0000,0.0000,0.0000,0.0000,0,0,19,0,0,0,0,34,16,500
819,L,0,8,15,0,0,0,0.0000,0.0000,0.0000,0.0000,0,0,19,0,0,0,0,34,16,500
820,L,0,8,15,0,0,0,0.0000,0.0000,0.0000,0.0000,0,0,19,0,0,0,0,34,16,500
821,L,0,8,15,0,0,0,0.0000,0.0000,0.0000,0.0000,0,0,19,0,0,0,0,34,16,500
822,L,0,8,15,0,0,0,0.0000,0.0000,0.0000,0.0000,0,0,19,0,0,0,0,34,16,500
823,L,0,8,15,0,0,0,0.0000,0.0000,0.0000,0.0000,0,0,19,0,0,0,0,34,16,500
824,L,0,8,15,0,0,0,0.0000,0.0000,0.0000,0.0000,0,0,19,0,0,0,0,34,16,500
825,L,0,8,15,0,0,0,0.0000,0.0000,0.0000,0.0000,0,0,19,0,0,0,0,34,16,500
826,L,0,8,15,0,0,0,0.0000,0.0000,0.0000,0.0000,0,0,19,0,0,0,0,34,16,500
827,L,0,8,15,0,0,0,0.0000,0.0000,0.0000,0.0000,0,0,19,0,0,0,0,34,16,500
828,L,0,8,15,0,0,0,0.0000,0.0000,0.0000,0.0000,0,0,19,0,0,0,0,34,16,500
829,L,0,8,15,0,0,0,0.0000,0.0000,0.0000,0.0000,0,0,19,0,0,0,0,34,16,500
830,L,0,8,15,0,0,0,0.0000,0.0000,0.0000,0.0000,0,0,19,0,0,0,0,34,16,500
831,L,0,8,15,0,0,0,0.0000,0.0000,0.0000,0.0000,0,0,19,0,0,0,0,34,16,500
832,L,0,8,15,0,0,0,0.0000,0.0000,0.0000,0.0000,0,0,19,0,0,0,0,34,16,500
833,L,0,8,15,0,0,0,0.0000,0.0000,0.0000,0.0000,0,0,19,0,0,0,0,34,16,500
834,L,0,8,15,0,0,0,0.0000,0.0000,0.0000,0.0000,0,0,19,0,0,0,0,34,16,500
835,L,0,8,15,0,0,0,0.0000,0.0000,0.0000,0.0000,0,0,19,0,0,0,0,34,16,500
836,L,0,8,15,0,0,0,0.0000,0.0000,0.0000,0.0000,0,0,19,0,0,0,0,34,16,500
837,L,0,8,15,0,0,0,0.0000,0.0000,0.0000,0.0000,0,0,19,0,0,0,0,34,16,500
838,L,0,8,15,0,0,0,0.0000,0.0000,0.0000,0.0000,0,0,19,0,0,0,0,34,16,500
839,L,0,8,15,0,0,0,0.0000,0.0000,0.0000,0.0000,0,0,19,0,0,0,0,34,16,500
840,L,0,8,15,0,0,0,0.0000,0.0000,0.0000,0.0000,0,0,19,0,0,0,0,34,16,500
841,L,0,8,15,0,0,0,0.0000,0.0000,0.0000,0.0000,0,0,19,0,0,0,0,34,16,500
842,L,0,8,15,0,0,0,0.0000,0.0000,0.0000,0.0000,0,0,19,0,0,0,0,34,16,500
843,L,0,8,15,0,0,0,0.0000,0.0000,0.0000,0.0000,0,0,19,0,0,0,0,34,16,500
844,L,0,8,15,0,0,0,0.0000,0.0000,0.0000,0.0000,0,0,19,0,0,0,0,34,16,500
845,L,0,8,15,0,0,0,0.0000,0.0000,0.0000,0.0000,0,0,19,0,0,0,0,34,16,500
846,L,0,8,15,0,0,0,0.0000,0.0000,0.0000,0.0000,0,0,19,0,0,0,0,34,16,500
847,L,0,8,15,0,0,0,0.0000,0.0000,0.0000,0.0000,0,0,19,0,0,0,0,34,16,500
848,L,0,8,15,0,0,0,0.0000,0.0000,0.0000,0.0000,0,0,19,0,0,0,0,34,16,500
849,L,0,8,15,0,0,0,0.0000,0.0000,0.0000,0.0000,0,0,19,0,0,0,0,34,16,500
850,L,0,8,15,0,0,0,0.0000,0.0000,0.0000,0.0000,0,0,19,0,0,0,0,34,16,500
851,L,0,8,15,0,0,0,0.0000,0.0000,0.0000,0.0000,0,0,19,0,0,0,0,34,16,500
852,L,0,8,15,0,0,0,0.0000,0.0000,0.0000,0.0000,0,0,19,0,0,0,0,34,16,500
853,L,0,8,15,0,0,0,0.0000,0.0000,0.0000,0.0000,0,0,19,0,0,0,0,34,16,500
854,L,0,8,15,0,0,0,0.0000,0.0000,0.0000,0.0000,0,0,19,0,0,0,0,34,16,500
855,L,0,8,15,0,0,0,0.0000,0.0000,0.0000,0.0000,0,0,19,0,0,0,0,34,16,500
856,L,0,8,15,0,0,0,0.0000,0.0000,0.0000,0.0000,0,0,19,0,0,0,0,34,16,500
857,L,0,8,15,0,0,0,0.0000,0.0000,0.0000,0.0000,0,0,19,0,0,0,0,34,16,500
858,L,0,8,15,0,0,0,0.0000,0.0000,0.0000,0.0000,0,0,19,0,0,0,0,34,16,500
859,L,0,8,15,0,0,0,0.0000,0.0000,0.0000,0.0000,0,0,19,0,0,0,0,34,16,500
860,L,0,8,15,0,0,0,0.0000,0.0000,0.0000,0.0000,0,0,19,0,0,0,0,34,16,500
861,L,0,8,15,0,0,0,0.0000,0.0000,0.0000,0.0000,0,0,19,0,0,0,0,34,16,500
862,L,0,8,15,0,0,0,0.0000,0.0000,0.0000,0.0000,0,0,19,0,0,0,0,34,16,500
863,L,0,8,15,0,0,0,0.0000,0.0000,0.0000,0.0000,0,0,19,0,0,0,0,34,16,500
864,L,0,8,15,0,0,0,0.0000,0.0000,0.0000,0.0000,0,0,19,0,0,0,0,34,16,500
865,L,0,8,15,0,0,0,0.0000,0.0000,0.0000,0.0000,0,0,19,0,0,0,0,34,16,500
866,L,0,8,15,0,0,0,0.0000,0.0000,0.0000,0.0000,0,0,19,0,0,0,0,34,16,500
867,L,0,8,15,0,0,0,0.0000,0.0000,0.0000,0.0000,0,0,19,0,0,0,0,34,16,500
868,L,0,8,15,0,0,0,0.0000,0.0000,0.0000,0.0000,0,0,19,0,0,0,0,34,16,500
869,L,0,8,15,0,0,0,0.0000,0.0000,0.0000,0.0000,0,0,19,0,0,0,0,34,16,500
870,L,0,8,15,0,0,0,0.0000,0.0000,0.0000,0.0000,0,0,19,0,0,0,0,34,16,500
871,L,0,8,15,0,0,0,0.0000,0.0000,0.0000,0.0000,0,0,19,0,0,0,0,34,16,500
872,L,0,8,15,0,0,0,0.0000,0.0000,0.0000,0.0000,0,0,19,0,0,0,0,34,16,500
873,L,0,8,15,0,0,0,0.0000,0.0000,0.0000,0.0000,0,0,19,0,0,0,0,34,16,500
874,L,0,8,15,0,0,0,0.0000,0.0000,0.0000,0.0000,0,0,19,0,0,0,0,34,16,500
875,L,0,8,15,0,0,0,0.0000,0.0000,0.0000,0.0000,0,0,19,0,0,0,0,34,16,500
876,L,0,8,15,0,0,0,0.0000,0.0000,0.0000,0.0000,0,0,19,0,0,0,0,34,16,500
877,L,0,8,15,0,0,0,0.0000,0.0000,0.0000,0.0000,0,0,19,0,0,0,0,34,16,500
878,L,0,8,15,0,0,0,0.0000,0.0000,0.0000,0.0000,0,0,19,0,0,0,0,34,16,500
879,L,0,8,15,0,0,0,0.0000,0.0000,0.0000,0.0000,0,0,19,0,0,0,0,34,16,500
880,L,0,8,15,0,0,0,0.0000,0.0000,0.0000,0.0000,0,0,19,0,0,0,0,34,16,500
881,L,0,8,15,0,0,0,0.0000,0.0000,0.0000,0.0000,0,0,19,0,0,0,0,34,16,500
882,L,0,8,15,0,0,0,0.0000,0.0000,0.0000,0.0000,0,0,19,0,0,0,0,34,16,500
883,L,0,8,15,0,0,0,0.0000,0.0000,0.0000,0.0000,0,0,19,0,0,0,0,34,16,500
884,L,0,8,15,0,0,0,0.0000,0.0000,0.0000,0.0000,0,0,19,0,0,0,0,34,16,500
885,L,0,8,15,0,0,0,0.0000,0.0000,0.0000,0.0000,0,0,19,0,0,0,0,34,16,500
886,L,0,8,15,0,0,0,0.0000,0.0000,0.0000,0.0000,0,0,19,0,0,0,0,34,16,500
887,L,0,8,15,0,0,0,0.0000,0.0000,0.0000,0.0000,0,0,19,0,0,0,0,34,16,500
888,L,0,8,15,0,0,0,0.0000,0.0000,0.0000,0.0000,0,0,19,0,0,0,0,34,16,500
889,L,0,8,15,0,0,0,0.0000,0.0000,0.0000,0.0000,0,0,19,0,0,0,0,34,16,500
890,L,0,8,15,0,0,0,0.0000,0.0000,0.0000,0.0000,0,0,19,0,0,0,0,34,16,500
891,L,0,8,15,0,0,0,0.0000,0.0000,0.0000,0.0000,0,0,19,0,0,0,0,34,16,500
892,L,0,8,15,0,0,0,0.0000,0.0000,0.0000,0.0000,0,0,19,0,0,0,0,34,16,500
893,L,0,8,15,0,0,0,0.0000,0.0000,0.0000,0.0000,0,0,19,0,0,0,0,34,16,500
894,L,0,8,15,0,0,0,0.0000,0.0000,0.0000,0.0000,0,0,19,0,0,0,0,34,16,500
895,L,0,8,15,0,0,0,0.0000,0.0000,0.0000,0.0000,0,0,19,0,0,0,0,34,16,500
896,L,0,8,15,0,0,0,0.0000,0.0000,0.0000,0.0000,0,0,19,0,0,0,0,34,16,500
897,L,0,8,15,0,0,0,0.0000,0.0000,0.0000,0.0000,0,0,19,0,0,0,0,34,16,500
898,L,0,8,15,0,0,0,0.0000,0.0000,0.0000,0.0000,0,0,19,0,0,0,0,34,16,500
899,L,0,8,15,0,0,0,0.0000,0.0000,0.0000,0.0000,0,0,19,0,0,0,0,34,16,500
900,L,0,8,15,0,0,0,0.0000,0.0000,0.0000,0.0000,0,0,19,0,0,0,0,34,16,500
901,L,0,8,15,0,0,0,0.0000,0.0000,0.0000,0.0000,0,0,19,0,0,0,0,34,16,500
902,L,0,8,15,0,0,0,0.0000,0.0000,0.0000,0.0000,0,0,19,0,0,0,0,34,16,500
903,L,0,8,15,0,0,0,0.0000,0.0000,0.0000,0.0000,0,0,19,0,0,0,0,34,16,500
904,L,0,8,15,0,0,0,0.0000,0.0000,0.0000,0.0000,0,0,19,0,0,0,0,34,16,500
905,L,0,8,15,0,0,0,0.0000,0.0000,0.0000,0.0000,0,0,19,0,0,0,0,34,16,500
906,L,0,8,15,0,0,0,0.0000,0.0000,0.0000,0.0000,0,0,19,0,0,0,0,34,16,500
907,L,0,8,15,0,0,0,0.0000,0.0000,0.0000,0.0000,0,0,19,0,0,0,0,34,16,500
908,L,0,8,15,0,0,0,0.0000,0.0000,0.0000,0.0000,0,0,19,0,0,0,0,34,16,500
909,L,0,8,15,0,0,0,0.0000,0.0000,0.0000,0.0000,0,0,19,0,0,0,0,34,16,500
910,L,0,8,15,0,0,0,0.0000,0.0000,0.0000,0.0000,0,0,19,0,0,0,0,34,16,500
911,L,0,8,15,0,0,0,0.0000,0.0000,0.0000,0.0000,0,0,19,0,0,0,0,34,16,500
912,L,0,8,15,0,0,0,0.0000,0.0000,0.0000,0.0000,0,0,19,0,0,0,0,34,16,500
913,L,0,8,15,0,0,0,0.0000,0.0000,0.0000,0.0000,0,0,19,0,0,0,0,34,16,500
914,L,0,8,15,0,0,0,0.0000,0.0000,0.0000,0.0000,0,0,19,0,0,0,0,34,16,500
915,L,0,8,15,0,0,0,0.0000,0.0000,0.0000,0.0000,0,0,19,0,0,0,0,34,16,500
916,L,0,8,15,0,0,0,0.0000,0.0000,0.0000,0.0000,0,0,19,0,0,0,0,34,16,500
917,L,0,8,15,0,0,0,0.0000,0.0000,0.0000,0.0000,0,0,19,0,0,0,0,34,16,500
918,L,0,8,15,0,0,0,0.0000,0.0000,0.0000,0.0000,0,0,19,0,0,0,0,34,16,500
919,L,0,8,15,0,0,0,0.0000,0.0000,0.0000,0.0000,0,0,19,0,0,0,0,34,16,500
920,L,0,8,15,0,0,0,0.0000,0.0000,0.0000,0.0000,0,0,19,0,0,0,0,34,16,500
921,L,0,8,15,0,0,0,0.0000,0.0000,0.0000,0.0000,0,0,19,0,0,0,0,34,16,500
922,L,0,8,15,0,0,0,0.0000,0.0000,0.0000,0.0000,0,0,19,0,0,0,0,34,16,500
923,L,0,8,15,0,0,0,0.0000,0.0000,0.0000,0.0000,0,0,19,0,0,0,0,34,16,500
924,L,0,8,15,0,0,0,0.0000,0.0000,0.0000,0.0000,0,0,19,0,0,0,0,34,16,500
925,L,0,8,15,0,0,0,0.0000,0.0000,0.0000,0.0000,0,0,19,0,0,0,0,34,16,500
926,L,0,8,15,0,0,0,0.0000,0.0000,0.0000,0.0000,0,0,19,0,0,0,0,34,16,500
927,L,0,8,15,0,0,0,0.0000,0.0000,0.0000,0.0000,0,0,19,0,0,0,0,34,16,500
928,L,0,8,15,0,0,0,0.0000,0.0000,0.0000,0.0000,0,0,19,0,0,0,0,34,16,500
929,L,0,8,15,0,0,0,0.0000,0.0000,0.0000,0.0000,0,0,19,0,0,0,0,34,16,500
930,L,0,8,15,0,0,0,0.0000,0.0000,0.0000,0.0000,0,0,19,0,0,0,0,34,16,500
931,L,0,8,15,0,0,0,0.0000,0.0000,0.0000,0.0000,0,0,19,0,0,0,0,34,16,500
932,L,0,8,15,0,0,0,0.0000,0.0000,0.0000,0.0000,0,0,19,0,0,0,0,34,16,500
933,L,0,8,15,0,0,0,0.0000,0.0000,0.0000,0.0000,0,0,19,0,0,0,0,34,16,500
934,L,0,8,15,0,0,0,0.0000,0.0000,0.0000,0.0000,0,0,19,0,0,0,0,34,16,500
935,L,0,8,15,0,0,0,0.0000,0.0000,0.0000,0.0000,0,0,19,0,0,0,0,34,16,500
936,L,0,8,15,0,0,0,0.0000,0.0000,0.0000,0.0000,0,0,19,0,0,0,0,34,16,500
937,L,0,8,15,0,0,0,0.0000,0.0000,0.0000,0.0000,0,0,19,0,0,0,0,34,16,500
938,L,0,8,15,0,0,0,0.0000,0.0000,0.0000,0.0000,0,0,19,0,0,0,0,34,16,500
939,L,0,8,15,0,0,0,0.0000,0.0000,0.0000,0.0000,0,0,19,0,0,0,0,34,16,500
940,L,0,8,15,0,0,0,0.0000,0.0000,0.0000,0.0000,0,0,19,0,0,0,0,34,16,500
941,L,0,8,15,0,0,0,0.0000,0.0000,0.0000,0.0000,0,0,19,0,0,0,0,34,16,500
942,L,0,8,15,0,0,0,0.0000,0.0000,0.0000,0.0000,0,0,19,0,0,0,0,34,16,500
943,L,0,8,15,0,0,0,0.0000,0.0000,0.0000,0.0000,0,0,19,0,0,0,0,34,16,500
944,L,0,8,15,0,0,0,0.0000,0.0000,0.0000,0.0000,0,0,19,0,0,0,0,34,16,500
945,L,0,8,15,0,0,0,0.0000,0.0000,0.0000,0.0000,0,0,19,0,0,0,0,34,16,500
946,L,0,8,15,0,0,0,0.0000,0.0000,0.0000,0.0000,0,0,19,0,0,0,0,34,16,500
947,L,0,8,15,0,0,0,0.0000,0.0000,0.0000,0.0000,0,0,19,0,0,0,0,34,16,500
948,L,0,8,15,0,0,0,0.0000,0.0000,0.0000,0.0000,0,0,19,0,0,0,0,34,16,500
949,L,0,8,15,0,0,0,0.0000,0.0000,0.0000,0.0000,0,0,19,0,0,0,0,34,16,500
950,L,0,8,15,0,0,0,0.0000,0.0000,0.0000,0.0000,0,0,19,0,0,0,0,34,16,500
951,L,0,8,15,0,0,0,0.0000,0.0000,0.0000,0.0000,0,0,19,0,0,0,0,34,16,500
952,L,0,8,15,0,0,0,0.0000,0.0000,0.0000,0.0000,0,0,19,0,0,0,0,34,16,500
953,L,0,8,15,0,0,0,0.0000,0.0000,0.0000,0.0000,0,0,19,0,0,0,0,34,16,500
954,L,0,8,15,0,0,0,0.0000,0.0000,0.0000,0.0000,0,0,19,0,0,0,0,34,16,500
955,L,0,8,15,0,0,0,0.0000,0.0000,0.0000,0.0000,0,0,19,0,0,0,0,34,16,500
956,L,0,8,15,0,0,0,0.0000,0.0000,0.0000,0.0000,0,0,19,0,0,0,0,34,16,500
957,L,0,8,15,0,0,0,0.0000,0.0000,0.0000,0.0000,0,0,19,0,0,0,0,34,16,500
958,L,0,8,15,0,0,0,0.0000,0.0000,0.0000,0.0000,0,0,19,0,0,0,0,34,16,500
959,L,0,8,15,0,0,0,0.0000,0.0000,0.0000,0.0000,0,0,19,0,0,0,0,34,16,500
960,L,0,8,15,0,0,0,0.0000,0.0000,0.0000,0.0000,0,0,19,0,0,0,0,34,16,500
961,L,0,8,15,0,0,0,0.0000,0.0000,0.0000,0.0000,0,0,19,0,0,0,0,34,16,500
962,L,0,8,15,0,0,0,0.0000,0.0000,0.0000,0.0000,0,0,19,0,0,0,0,34,16,500
963,L,0,8,15,0,0,0,0.0000,0.0000,0.0000,0.0000,0,0,19,0,0,0,0,34,16,500
964,L,0,8,15,0,0,0,0.0000,0.0000,0.0000,0.0000,0,0,19,0,0,0,0,34,16,500
965,L,0,8,15,0,0,0,0.0000,0.0000,0.0000,0.0000,0,0,19,0,0,0,0,34,16,500
966,L,0,8,15,0,0,0,0.0000,0.0000,0.0000,0.0000,0,0,19,0,0,0,0,34,16,500
967,L,0,8,15,0,0,0,0.0000,0.0000,0.0000,0.0000,0,0,19,0,0,0,0,34,16,500
968,L,0,8,15,0,0,0,0.0000,0.0000,0.0000,0.0000,0,0,19,0,0,0,0,34,16,500
969,L,0,8,15,0,0,0,0.0000,0.0000,0.0000,0.0000,0,0,19,0,0,0,0,34,16,500
970,L,0,8,15,0,0,0,0.0000,0.0000,0.0000,0.0000,0,0,19,0,0,0,0,34,16,500
971,L,0,8,15,0,0,0,0.0000,0.0000,0.0000,0.0000,0,0,19,0,0,0,0,34,16,500
972,L,0,8,15,0,0,0,0.0000,0.0000,0.0000,0.0000,0,0,19,0,0,0,0,34,16,500
973,L,0,8,15,0,0,0,0.0000,0.0000,0.0000,0.0000,0,0,19,0,0,0,0,34,16,500
974,L,0,8,15,0,0,0,0.0000,0.0000,0.0000,0.0000,0,0,19,0,0,0,0,34,16,500
975,L,0,8,15,0,0,0,0.0000,0.0000,0.0000,0.0000,0,0,19,0,0,0,0,34,16,500
976,L,0,8,15,0,0,0,0.0000,0.0000,0.0000,0.0000,0,0,19,0,0,0,0,34,16,500
977,L,0,8,15,0,0,0,0.0000,0.0000,0.0000,0.0000,0,0,19,0,0,0,0,34,16,500
978,L,0,8,15,0,0,0,0.0000,0.0000,0.0000,0.0000,0,0,19,0,0,0,0,34,16,500
979,L,0,8,15,0,0,0,0.0000,0.0000,0.0000,0.0000,0,0,19,0,0,0,0,34,16,500
980,L,0,8,15,0,0,0,0.0000,0.0000,0.0000,0.0000,0,0,19,0,0,0,0,34,16,500
981,L,0,8,15,0,0,0,0.0000,0.0000,0.0000,0.0000,0,0,19,0,0,0,0,34,16,500
982,L,0,8,15,0,0,0,0.0000,0.0000,0.0000,0.0000,0,0,19,0,0,0,0,34,16,500
983,L,0,8,15,0,0,0,0.0000,0.0000,0.0000,0.0000,0,0,19,0,0,0,0,34,16,500
984,L,0,8,15,0,0,0,0.0000,0.0000,0.0000,0.0000,0,0,19,0,0,0,0,34,16,500
985,L,0,8,15,0,0,0,0.0000,0.0000,0.0000,0.0000,0,0,19,0,0,0,0,34,16,500
986,L,0,8,15,0,0,0,0.0000,0.0000,0.0000,0.0000,0,0,19,0,0,0,0,34,16,500
987,L,0,8,15,0,0,0,0.0000,0.0000,0.0000,0.0000,0,0,19,0,0,0,0,34,16,500
988,L,0,8,15,0,0,0,0.0000,0.0000,0.0000,0.0000,0,0,19,0,0,0,0,34,16,500
989,L,0,8,15,0,0,0,0.0000,0.0000,0.0000,0.0000,0,0,19,0,0,0,0,34,16,500
990,L,0,8,15,0,0,0,0.0000,0.0000,0.0000,0.0000,0,0,19,0,0,0,0,34,16,500
991,L,0,8,15,0,0,0,0.0000,0.0000,0.0000,0.0000,0,0,19,0,0,0,0,34,16,500
992,L,0,8,15,0,0,0,0.0000,0.0000,0.0000,0.0000,0,0,19,0,0,0,0,34,16,500
993,L,0,8,15,0,0,0,0.0000,0.0000,0.0000,0.0000,0,0,19,0,0,0,0,34,16,500
994,L,0,8,15,0,0,0,0.0000,0.0000,0.0000,0.0000,0,0,19,0,0,0,0,34,16,500
995,L,0,8,15,0,0,0,0.0000,0.0000,0.0000,0.0000,0,0,19,0,0,0,0,34,16,500
996,L,0,8,15,0,0,0,0.0000,0.0000,0.0000,0.0000,0,0,19,0,0,0,0,34,16,500
997,L,0,8,15,0,0,0,0.0000,0.0000,0.0000,0.0000,0,0,19,0,0,0,0,34,16,500
998,L,0,8,15,0,0,0,0.0000,0.0000,0.0000,0.0000,0,0,19,0,0,0,0,34,16,500
999,L,0,8,15,0,0,0,0.0000,0.0000,0.0000,0.0000,0,0,19,0,0,0,0,34,16,500
1000,L,0,8,15,0,0,0,0.0000,0.0000,0.0000,0.0000,0,0,19,0,0,0,0,34,16,500
1001,L,0,8,15,0,0,0,0.0000,0.0000,0.0000,0.0000,0,0,19,0,0,0,0,34,16,500
1002,L,0,8,15,0,0,0,0.0000,0.0000,0.0000,0.0000,0,0,19,0,0,0,0,34,16,500
1003,L,0,8,15,0,0,0,0.0000,0.0000,0.0000,0.0000,0,0,19,0,0,0,0,34,16,500
1004,L,0,8,15,0,0,0,0.0000,0.0000,0.0000,0.0000,0,0,19,0,0,0,0,34,16,500
1005,L,0,8,15,0,0,0,0.0000,0.0000,0.0000,0.0000,0,0,19,0,0,0,0,34,16,500
1006,L,0,8,15,0,0,0,0.0000,0.0000,0.0000,0.0000,0,0,19,0,0,0,0,34,16,500
1007,L,0,8,15,0,0,0,0.0000,0.0000,0.0000,0.0000,0,0,19,0,0,0,0,34,16,500
1008,L,0,8,15,0,0,0,0.0000,0.0000,0.0000,0.0000,0,0,19,0,0,0,0,34,16,500
1009,L,0,8,15,0,0,0,0.0000,0.0000,0.0000,0.0000,0,0,19,0,0,0,0,34,16,500
1010,L,0,8,15,0,0,0,0.0000,0.0000,0.0000,0.0000,0,0,19,0,0,0,0,34,16,500
1011,L,0,8,15,0,0,0,0.0000,0.0000,0.0000,0.0000,0,0,19,0,0,0,0,34,16,500
1012,L,0,8,15,0,0,0,0.0000,0.0000,0.0000,0.0000,0,0,19,0,0,0,0,34,16,500
1013,L,0,8,15,0,0,0,0.0000,0.0000,0.0000,0.0000,0,0,19,0,0,0,0,34,16,500
1014,L,0,8,15,0,0,0,0.0000,0.0000,0.0000,0.0000,0,0,19,0,0,0,0,34,16,500
1015,L,0,8,15,0,0,0,0.0000,0.0000,0.0000,0.0000,0,0,19,0,0,0,0,34,16,500
1016,L,0,8,15,0,0,0,0.0000,0.0000,0.0000,0.0000,0,0,19,0,0,0,0,34,16,500
1017,L,0,8,15,0,0,0,0.0000,0.0000,0.0000,0.0000,0,0,19,0,0,0,0,34,16,500
1018,L,0,8,15,0,0,0,0.0000,0.0000,0.0000,0.0000,0,0,19,0,0,0,0,34,16,500
1019,L,0,8,15,0,0,0,0.0000,0.0000,0.0000,0.0000,0,0,19,0,0,0,0,34,16,500
1020,L,0,8,15,0,0,0,0.0000,0.0000,0.0000,0.0000,0,0,19,0,0,0,0,34,16,500
1021,L,0,8,15,0,0,0,0.0000,0.0000,0.0000,0.0000,0,0,19,0,0,0,0,34,16,500
1022,L,0,8,15,0,0,0,0.0000,0.0000,0.0000,0.0000,0,0,19,0,0,0,0,34,16,500
1023,L,0,8,15,0,0,0,0.0000,0.0000,0.0000,0.0000,0,0,19,0,0,0,0,34,16,500
1024,L,0,8,15,0,0,0,0.0000,0.0000,0.0000,0.0000,0,0,19,0,0,0,0,34,16,500
1025,L,0,8,15,0,0,0,0.0000,0.0000,0.0000,0.0000,0,0,19,0,0,0,0,34,16,500
1026,L,0,8,15,0,0,0,0.0000,0.0000,0.0000,0.0000,0,0,19,0,0,0,0,34,16,500
1027,L,0,8,15,0,0,0,0.0000,0.0000,0.0000,0.0000,0,0,19,0,0,0,0,34,16,500
1028,L,0,8,15,0,0,0,0.0000,0.0000,0.0000,0.0000,0,0,19,0,0,0,0,34,16,500
1029,L,0,8,15,0,0,0,0.0000,0.0000,0.0000,0.0000,0,0,19,0,0,0,0,34,16,500
1030,L,0,8,15,0,0,0,0.0000,0.0000,0.0000,0.0000,0,0,19,0,0,0,0,34,16,500
1031,L,0,8,15,0,0,0,0.0000,0.0000,0.0000,0.0000,0,0,19,0,0,0,0,34,16,500
1032,L,0,8,15,0,0,0,0.0000,0.0000,0.0000,0.0000,0,0,19,0,0,0,0,34,16,500
1033,L,0,8,15,0,0,0,0.0000,0.0000,0.0000,0.0000,0,0,19,0,0,0,0,34,16,500
1034,L,0,8,15,0,0,0,0.0000,0.0000,0.0000,0.0000,0,0,19,0,0,0,0,34,16,500
1035,L,0,8,15,0,0,0,0.0000,0.0000,0.0000,0.0000,0,0,19,0,0,0,0,34,16,500
1036,L,0,8,15,0,0,0,0.0000,0.0000,0.0000,0.0000,0,0,19,0,0,0,0,34,16,500
1037,L,0,8,15,0,0,0,0.0000,0.0000,0.0000,0.0000,0,0,19,0,0,0,0,34,16,500
1038,L,0,8,15,0,0,0,0.0000,0.0000,0.0000,0.0000,0,0,19,0,0,0,0,34,16,500
1039,L,0,8,15,0,0,0,0.0000,0.0000,0.0000,0.0000,0,0,19,0,0,0,0,34,16,500
1040,L,0,8,15,0,0,0,0.0000,0.0000,0.0000,0.0000,0,0,19,0,0,0,0,34,16,500
1041,L,0,8,15,0,0,0,0.0000,0.0000,0.0000,0.0000,0,0,19,0,0,0,0,34,16,500
1042,L,0,8,15,0,0,0,0.0000,0.0000,0.0000,0.0000,0,0,19,0,0,0,0,34,16,500
1043,L,0,8,15,0,0,0,0.0000,0.0000,0.0000,0.0000,0,0,19,0,0,0,0,34,16,500
1044,L,0,8,15,0,0,0,0.0000,0.0000,0.0000,0.0000,0,0,19,0,0,0,0,34,16,500
1045,L,0,8,15,0,0,0,0.0000,0.0000,0.0000,0.0000,0,0,19,0,0,0,0,34,16,500
1046,L,0,8,15,0,0,0,0.0000,0.0000,0.0000,0.0000,0,0,19,0,0,0,0,34,16,500
1047,L,0,8,15,0,0,0,0.0000,0.0000,0.0000,0.0000,0,0,19,0,0,0,0,34,16,500
1048,L,0,8,15,0,0,0,0.0000,0.0000,0.0000,0.0000,0,0,19,0,0,0,0,34,16,500
1049,L,0,8,15,0,0,0,0.0000,0.0000,0.0000,0.0000,0,0,19,0,0,0,0,34,16,500
1050,L,0,8,15,0,0,0,0.0000,0.0000,0.0000,0.0000,0,0,19,0,0,0,0,34,16,500
1051,L,0,8,15,0,0,0,0.0000,0.0000,0.0000,0.0000,0,0,19,0,0,0,0,34,16,500
1052,L,0,8,15,0,0,0,0.0000,0.0000,0.0000,0.0000,0,0,19,0,0,0,0,34,16,500
1053,L,0,8,15,0,0,0,0.0000,0.0000,0.0000,0.0000,0,0,19,0,0,0,0,34,16,500
1054,L,0,8,15,0,0,0,0.0000,0.0000,0.0000,0.0000,0,0,19,0,0,0,0,34,16,500
1055,L,0,8,15,0,0,0,0.0000,0.0000,0.0000,0.0000,0,0,19,0,0,0,0,34,16,500
1056,L,0,8,15,0,0,0,0.0000,0.0000,0.0000,0.0000,0,0,19,0,0,0,0,34,16,500
1057,L,0,8,15,0,0,0,0.0000,0.0000,0.0000,0.0000,0,0,19,0,0,0,0,34,16,500
1058,L,0,8,15,0,0,0,0.0000,0.0000,0.0000,0.0000,0,0,19,0,0,0,0,34,16,500
1059,L,0,8,15,0,0,0,0.0000,0.0000,0.0000,0.0000,0,0,19,0,0,0,0,34,16,500
1060,L,0,8,15,0,0,0,0.0000,0.0000,0.0000,0.0000,0,0,19,0,0,0,0,34,16,500
1061,L,0,8,15,0,0,0,0.0000,0.0000,0.0000,0.0000,0,0,19,0,0,0,0,34,16,500
1062,L,0,8,15,0,0,0,0.0000,0.0000,0.0000,0.0000,0,0,19,0,0,0,0,34,16,500
1063,L,0,8,15,0,0,0,0.0000,0.0000,0.0000,0.0000,0,0,19,0,0,0,0,34,16,500
1064,L,0,8,15,0,0,0,0.0000,0.0000,0.0000,0.0000,0,0,19,0,0,0,0,34,16,500
1065,L,0,8,15,0,0,0,0.0000,0.0000,0.0000,0.0000,0,0,19,0,0,0,0,34,16,500
1066,L,0,8,15,0,0,0,0.0000,0.0000,0.0000,0.0000,0,0,19,0,0,0,0,34,16,500
1067,L,0,8,15,0,0,0,0.0000,0.0000,0.0000,0.0000,0,0,19,0,0,0,0,34,16,500
1068,L,0,8,15,0,0,0,0.0000,0.0000,0.0000,0.0000,0,0,19,0,0,0,0,34,16,500
1069,L,0,8,15,0,0,0,0.0000,0.0000,0.0000,0.0000,0,0,19,0,0,0,0,34,16,500
1070,L,0,8,15,0,0,0,0.0000,0.0000,0.0000,0.0000,0,0,19,0,0,0,0,34,16,500
1071,L,0,8,15,0,0,0,0.0000,0.0000,0.0000,0.0000,0,0,19,0,0,0,0,34,16,500
1072,L,0,8,15,0,0,0,0.0000,0.0000,0.0000,0.0000,0,0,19,0,0,0,0,34,16,500
1073,L,0,8,15,0,0,0,0.0000,0.0000,0.0000,0.0000,0,0,19,0,0,0,0,34,16,500
1074,L,0,8,15,0,0,0,0.0000,0.0000,0.0000,0.0000,0,0,19,0,0,0,0,34,16,500
1075,L,0,8,15,0,0,0,0.0000,0.0000,0.0000,0.0000,0,0,19,0,0,0,0,34,16,500
1076,L,0,8,15,0,0,0,0.0000,0.0000,0.0000,0.0000,0,0,19,0,0,0,0,34,16,500
1077,L,0,8,15,0,0,0,0.0000,0.0000,0.0000,0.0000,0,0,19,0,0,0,0,34,16,500
1078,L,0,8,15,0,0,0,0.0000,0.0000,0.0000,0.0000,0,0,19,0,0,0,0,34,16,500
1079,L,0,8,15,0,0,0,0.0000,0.0000,0.0000,0.0000,0,0,19,0,0,0,0,34,16,500
1080,L,0,8,15,0,0,0,0.0000,0.0000,0.0000,0.0000,0,0,19,0,0,0,0,34,16,500
1081,L,0,8,15,0,0,0,0.0000,0.0000,0.0000,0.0000,0,0,19,0,0,0,0,34,16,500
1082,L,0,8,15,0,0,0,0.0000,0.0000,0.0000,0.0000,0,0,19,0,0,0,0,34,16,500
1083,L,0,8,15,0,0,0,0.0000,0.0000,0.0000,0.0000,0,0,19,0,0,0,0,34,16,500
1084,L,0,8,15,0,0,0,0.0000,0.0000,0.0000,0.0000,0,0,19,0,0,0,0,34,16,500
1085,L,0,8,15,0,0,0,0.0000,0.0000,0.0000,0.0000,0,0,19,0,0,0,0,34,16,500
1086,L,0,8,15,0,0,0,0.0000,0.0000,0.0000,0.0000,0,0,19,0,0,0,0,34,16,500
1087,L,0,8,15,0,0,0,0.0000,0.0000,0.0000,0.0000,0,0,19,0,0,0,0,34,16,500
1088,L,0,8,15,0,0,0,0.0000,0.0000,0.0000,0.0000,0,0,19,0,0,0,0,34,16,500
1089,L,0,8,15,0,0,0,0.0000,0.0000,0.0000,0.0000,0,0,19,0,0,0,0,34,16,500
1090,L,0,8,15,0,0,0,0.0000,0.0000,0.0000,0.0000,0,0,19,0,0,0,0,34,16,500
1091,L,0,8,15,0,0,0,0.0000,0.0000,0.0000,0.0000,0,0,19,0,0,0,0,34,16,500
1092,L,0,8,15,0,0,0,0.0000,0.0000,0.0000,0.0000,0,0,19,0,0,0,0,34,16,500
1093,L,0,8,15,0,0,0,0.0000,0.0000,0.0000,0.0000,0,0,19,0,0,0,0,34,16,500
1094,L,0,8,15,0,0,0,0.0000,0.0000,0.0000,0.0000,0,0,19,0,0,0,0,34,16,500
1095,L,0,8,15,0,0,0,0.0000,0.0000,0.0000,0.0000,0,0,19,0,0,0,0,34,16,500
1096,L,0,8,15,0,0,0,0.0000,0.0000,0.0000,0.0000,0,0,19,0,0,0,0,34,16,500
1097,L,0,8,15,0,0,0,0.0000,0.0000,0.0000,0.0000,0,0,19,0,0,0,0,34,16,500
1098,L,0,8,15,0,0,0,0.0000,0.0000,0.0000,0.0000,0,0,19,0,0,0,0,34,16,500
1099,L,0,8,15,0,0,0,0.0000,0.0000,0.0000,0.0000,0,0,19,0,0,0,0,34,16,500
1100,L,0,8,15,0,0,0,0.0000,0.0000,0.0000,0.0000,0,0,19,0,0,0,0,34,16,500
1101,L,0,8,15,0,0,0,0.0000,0.0000,0.0000,0.0000,0,0,19,0,0,0,0,34,16,500
1102,L,0,8,15,0,0,0,0.0000,0.0000,0.0000,0.0000,0,0,19,0,0,0,0,34,16,500
1103,L,0,8,15,0,0,0,0.0000,0.0000,0.0000,0.0000,0,0,19,0,0,0,0,34,16,500
1104,L,0,8,15,0,0,0,0.0000,0.0000,0.0000,0.0000,0,0,19,0,0,0,0,34,16,500
1105,L,0,8,15,0,0,0,0.0000,0.0000,0.0000,0.0000,0,0,19,0,0,0,0,34,16,500
1106,L,0,8,15,0,0,0,0.0000,0.0000,0.0000,0.0000,0,0,19,0,0,0,0,34,16,500
1107,L,0,8,15,0,0,0,0.0000,0.0000,0.0000,0.0000,0,0,19,0,0,0,0,34,16,500
1108,L,0,8,15,0,0,0,0.0000,0.0000,0.0000,0.0000,0,0,19,0,0,0,0,34,16,500
1109,L,0,8,15,0,0,0,0.0000,0.0000,0.0000,0.0000,0,0,19,0,0,0,0,34,16,500
1110,L,0,8,15,0,0,0,0.0000,0.0000,0.0000,0.0000,0,0,19,0,0,0,0,34,16,500
1111,L,0,8,15,0,0,0,0.0000,0.0000,0.0000,0.0000,0,0,19,0,0,0,0,34,16,500
1112,L,0,8,15,0,0,0,0.0000,0.0000,0.0000,0.0000,0,0,19,0,0,0,0,34,16,500
1113,L,0,8,15,0,0,0,0.0000,0.0000,0.0000,0.0000,0,0,19,0,0,0,0,34,16,500
1114,L,0,8,15,0,0,0,0.0000,0.0000,0.0000,0.0000,0,0,19,0,0,0,0,34,16,500
1115,L,0,8,15,0,0,0,0.0000,0.0000,0.0000,0.0000,0,0,19,0,0,0,0,34,16,500
1116,L,0,8,15,0,0,0,0.0000,0.0000,0.0000,0.0000,0,0,19,0,0,0,0,34,16,500
1117,L,0,8,15,0,0,0,0.0000,0.0000,0.0000,0.0000,0,0,19,0,0,0,0,34,16,500
1118,L,0,8,15,0,0,0,0.0000,0.0000,0.0000,0.0000,0,0,19,0,0,0,0,34,16,500
1119,L,0,8,15,0,0,0,0.0000,0.0000,0.0000,0.0000,0,0,19,0,0,0,0,34,16,500
1120,L,0,8,15,0,0,0,0.0000,0.0000,0.0000,0.0000,0,0,19,0,0,0,0,34,16,500
1121,L,0,8,15,0,0,0,0.0000,0.0000,0.0000,0.0000,0,0,19,0,0,0,0,34,16,500
1122,L,0,8,15,0,0,0,0.0000,0.0000,0.0000,0.0000,0,0,19,0,0,0,0,34,16,500
1123,L,0,8,15,0,0,0,0.0000,0.0000,0.0000,0.0000,0,0,19,0,0,0,0,34,16,500
1124,L,0,8,15,0,0,0,0.0000,0.0000,0.0000,0.0000,0,0,19,0,0,0,0,34,16,500
1125,L,0,8,15,0,0,0,0.0000,0.0000,0.0000,0.0000,0,0,19,0,0,0,0,34,16,500
1126,L,0,8,15,0,0,0,0.0000,0.0000,0.0000,0.0000,0,0,19,0,0,0,0,34,16,500
1127,L,0,8,15,0,0,0,0.0000,0.0000,0.0000,0.0000,0,0,19,0,0,0,0,34,16,500
1128,L,0,8,15,0,0,0,0.0000,0.0000,0.0000,0.0000,0,0,19,0,0,0,0,34,16,500
1129,L,0,8,15,0,0,0,0.0000,0.0000,0.0000,0.0000,0,0,19,0,0,0,0,34,16,500
1130,L,0,8,15,0,0,0,0.0000,0.0000,0.0000,0.0000,0,0,19,0,0,0,0,34,16,500
1131,L,0,8,15,0,0,0,0.0000,0.0000,0.0000,0.0000,0,0,19,0,0,0,0,34,16,500
1132,L,0,8,15,0,0,0,0.0000,0.0000,0.0000,0.0000,0,0,19,0,0,0,0,34,16,500
1133,L,0,8,15,0,0,0,0.0000,0.0000,0.0000,0.0000,0,0,19,0,0,0,0,34,16,500
1134,L,0,8,15,0,0,0,0.0000,0.0000,0.0000,0.0000,0,0,19,0,0,0,0,34,16,500
1135,L,0,8,15,0,0,0,0.0000,0.0000,0.0000,0.0000,0,0,19,0,0,0,0,34,16,500
1136,L,0,8,15,0,0,0,0.0000,0.0000,0.0000,0.0000,0,0,19,0,0,0,0,34,16,500
1137,L,0,8,15,0,0,0,0.0000,0.0000,0.0000,0.0000,0,0,19,0,0,0,0,34,16,500
1138,L,0,8,15,0,0,0,0.0000,0.0000,0.0000,0.0000,0,0,19,0,0,0,0,34,16,500
1139,L,0,8,15,0,0,0,0.0000,0.0000,0.0000,0.0000,0,0,19,0,0,0,0,34,16,500
1140,L,0,8,15,0,0,0,0.0000,0.0000,0.0000,0.0000,0,0,19,0,0,0,0,34,16,500
1141,L,0,8,15,0,0,0,0.0000,0.0000,0.0000,0.0000,0,0,19,0,0,0,0,34,16,500
1142,L,0,8,15,0,0,0,0.0000,0.0000,0.0000,0.0000,0,0,19,0,0,0,0,34,16,500
1143,L,0,8,15,0,0,0,0.0000,0.0000,0.0000,0.0000,0,0,19,0,0,0,0,34,16,500
1144,L,0,8,15,0,0,0,0.0000,0.0000,0.0000,0.0000,0,0,19,0,0,0,0,34,16,500
1145,L,0,8,15,0,0,0,0.0000,0.0000,0.0000,0.0000,0,0,19,0,0,0,0,34,16,500
1146,L,0,8,15,0,0,0,0.0000,0.0000,0.0000,0.0000,0,0,19,0,0,0,0,34,16,500
1147,L,0,8,15,0,0,0,0.0000,0.0000,0.0000,0.0000,0,0,19,0,0,0,0,34,16,500
1148,L,0,8,15,0,0,0,0.0000,0.0000,0.0000,0.0000,0,0,19,0,0,0,0,34,16,500
1149,L,0,8,15,0,0,0,0.0000,0.0000,0.0000,0.0000,0,0,19,0,0,0,0,34,16,500
1150,L,0,8,15,0,0,0,0.0000,0.0000,0.0000,0.0000,0,0,19,0,0,0,0,34,16,500
1151,L,0,8,15,0,0,0,0.0000,0.0000,0.0000,0.0000,0,0,19,0,0,0,0,34,16,500
1152,L,0,8,15,0,0,0,0.0000,0.0000,0.0000,0.0000,0,0,19,0,0,0,0,34,16,500
1153,L,0,8,15,0,0,0,0.0000,0.0000,0.0000,0.0000,0,0,19,0,0,0,0,34,16,500
1154,L,0,8,15,0,0,0,0.0000,0.0000,0.0000,0.0000,0,0,19,0,0,0,0,34,16,500
1155,L,0,8,15,0,0,0,0.0000,0.0000,0.0000,0.0000,0,0,19,0,0,0,0,34,16,500
1156,L,0,8,15,0,0,0,0.0000,0.0000,0.0000,0.0000,0,0,19,0,0,0,0,34,16,500
1157,L,0,8,15,0,0,0,0.0000,0.0000,0.0000,0.0000,0,0,19,0,0,0,0,34,16,500
1158,L,0,8,15,0,0,0,0.0000,0.0000,0.0000,0.0000,0,0,19,0,0,0,0,34,16,500
1159,L,0,8,15,0,0,0,0.0000,0.0000,0.0000,0.0000,0,0,19,0,0,0,0,34,16,500
1160,L,0,8,15,0,0,0,0.0000,0.0000,0.0000,0.0000,0,0,19,0,0,0,0,34,16,500
1161,L,0,8,15,0,0,0,0.0000,0.0000,0.0000,0.0000,0,0,19,0,0,0,0,34,16,500
1162,L,0,8,15,0,0,0,0.0000,0.0000,0.0000,0.0000,0,0,19,0,0,0,0,34,16,500
1163,L,0,8,15,0,0,0,0.0000,0.0000,0.0000,0.0000,0,0,19,0,0,0,0,34,16,500
1164,L,0,8,15,0,0,0,0.0000,0.0000,0.0000,0.0000,0,0,19,0,0,0,0,34,16,500
1165,L,0,8,15,0,0,0,0.0000,0.0000,0.0000,0.0000,0,0,19,0,0,0,0,34,16,500
1166,L,0,8,15,0,0,0,0.0000,0.0000,0.0000,0.0000,0,0,19,0,0,0,0,34,16,500
1167,L,0,8,15,0,0,0,0.0000,0.0000,0.0000,0.0000,0,0,19,0,0,0,0,34,16,500
1168,L,0,8,15,0,0,0,0.0000,0.0000,0.0000,0.0000,0,0,19,0,0,0,0,34,16,500
1169,L,0,8,15,0,0,0,0.0000,0.0000,0.0000,0.0000,0,0,19,0,0,0,0,34,16,500
1170,L,0,8,15,0,0,0,0.0000,0.0000,0.0000,0.0000,0,0,19,0,0,0,0,34,16,500
1171,L,0,8,15,0,0,0,0.0000,0.0000,0.0000,0.0000,0,0,19,0,0,0,0,34,16,500
1172,L,0,8,15,0,0,0,0.0000,0.0000,0.0000,0.0000,0,0,19,0,0,0,0,34,16,500
1173,L,0,8,15,0,0,0,0.0000,0.0000,0.0000,0.0000,0,0,19,0,0,0,0,34,16,500
1174,L,0,8,15,0,0,0,0.0000,0.0000,0.0000,0.0000,0,0,19,0,0,0,0,34,16,500
1175,L,0,8,15,0,0,0,0.0000,0.0000,0.0000,0.0000,0,0,19,0,0,0,0,34,16,500
1176,L,0,8,15,0,0,0,0.0000,0.0000,0.0000,0.0000,0,0,19,0,0,0,0,34,16,500
1177,L,0,8,15,0,0,0,0.0000,0.0000,0.0000,0.0000,0,0,19,0,0,0,0,34,16,500
1178,L,0,8,15,0,0,0,0.0000,0.0000,0.0000,0.0000,0,0,19,0,0,0,0,34,16,500
1179,L,0,8,15,0,0,0,0.0000,0.0000,0.0000,0.0000,0,0,19,0,0,0,0,34,16,500
1180,L,0,8,15,0,0,0,0.0000,0.0000,0.0000,0.0000,0,0,19,0,0,0,0,34,16,500
1181,L,0,8,15,0,0,0,0.0000,0.0000,0.0000,0.0000,0,0,19,0,0,0,0,34,16,500
1182,L,0,8,15,0,0,0,0.0000,0.0000,0.0000,0.0000,0,0,19,0,0,0,0,34,16,500
1183,L,0,8,15,0,0,0,0.0000,0.0000,0.0000,0.0000,0,0,19,0,0,0,0,34,16,500
1184,L,0,8,15,0,0,0,0.0000,0.0000,0.0000,0.0000,0,0,19,0,0,0,0,34,16,500
1185,L,0,8,15,0,0,0,0.0000,0.0000,0.0000,0.0000,0,0,19,0,0,0,0,34,16,500
1186,L,0,8,15,0,0,0,0.0000,0.0000,0.0000,0.0000,0,0,19,0,0,0,0,34,16,500
1187,L,0,8,15,0,0,0,0.0000,0.0000,0.0000,0.0000,0,0,19,0,0,0,0,34,16,500
1188,L,0,8,15,0,0,0,0.0000,0.0000,0.0000,0.0000,0,0,19,0,0,0,0,34,16,500
1189,L,0,8,15,0,0,0,0.0000,0.0000,0.0000,0.0000,0,0,19,0,0,0,0,34,16,500
1190,L,0,8,15,0,0,0,0.0000,0.0000,0.0000,0.0000,0,0,19,0,0,0,0,34,16,500
1191,L,0,8,15,0,0,0,0.0000,0.0000,0.0000,0.0000,0,0,19,0,0,0,0,34,16,500
1192,L,0,8,15,0,0,0,0.0000,0.0000,0.0000,0.0000,0,0,19,0,0,0,0,34,16,500
1193,L,0,8,15,0,0,0,0.0000,0.0000,0.0000,0.0000,0,0,19,0,0,0,0,34,16,500
1194,L,0,8,15,0,0,0,0.0000,0.0000,0.0000,0.0000,0,0,19,0,0,0,0,34,16,500
1195,L,0,8,15,0,0,0,0.0000,0.0000,0.0000,0.0000,0,0,19,0,0,0,0,34,16,500
1196,L,0,8,15,0,0,0,0.0000,0.0000,0.0000,0.0000,0,0,19,0,0,0,0,34,16,500
1197,L,0,8,15,0,0,0,0.0000,0.0000,0.0000,0.0000,0,0,19,0,0,0,0,34,16,500
1198,L,0,8,15,0,0,0,0.0000,0.0000,0.0000,0.0000,0,0,19,0,0,0,0,34,16,500
1199,L,0,8,15,0,0,0,0.0000,0.0000,0.0000,0.0000,0,0,19,0,0,0,0,34,16,500
1200,L,0,8,15,0,0,0,0.0000,0.0000,0.0000,0.0000,0,0,19,0,0,0,0,34,16,500
1201,L,0,8,15,0,0,0,0.0000,0.0000,0.0000,0.0000,0,0,19,0,0,0,0,34,16,500
1202,L,0,8,15,0,0,0,0.0000,0.0000,0.0000,0.0000,0,0,19,0,0,0,0,34,16,500
1203,L,0,8,15,0,0,0,0.0000,0.0000,0.0000,0.0000,0,0,19,0,0,0,0,34,16,500
1204,L,0,8,15,0,0,0,0.0000,0.0000,0.0000,0.0000,0,0,19,0,0,0,0,34,16,500
1205,L,0,8,15,0,0,0,0.0000,0.0000,0.0000,0.0000,0,0,19,0,0,0,0,34,16,500
1206,L,0,8,15,0,0,0,0.0000,0.0000,0.0000,0.0000,0,0,19,0,0,0,0,34,16,500
1207,L,0,8,15,0,0,0,0.0000,0.0000,0.0000,0.0000,0,0,19,0,0,0,0,34,16,500
1208,L,0,8,15,0,0,0,0.0000,0.0000,0.0000,0.0000,0,0,19,0,0,0,0,34,16,500
1209,L,0,8,15,0,0,0,0.0000,0.0000,0.0000,0.0000,0,0,19,0,0,0,0,34,16,500
1210,L,0,8,15,0,0,0,0.0000,0.0000,0.0000,0.0000,0,0,19,0,0,0,0,34,16,500
1211,L,0,8,15,0,0,0,0.0000,0.0000,0.0000,0.0000,0,0,19,0,0,0,0,34,16,500
1212,L,0,8,15,0,0,0,0.0000,0.0000,0.0000,0.0000,0,0,19,0,0,0,0,34,16,500
1213,L,0,8,15,0,0,0,0.0000,0.0000,0.0000,0.0000,0,0,19,0,0,0,0,34,16,500
1214,L,0,8,15,0,0,0,0.0000,0.0000,0.0000,0.0000,0,0,19,0,0,0,0,34,16,500
1215,L,0,8,15,0,0,0,0.0000,0.0000,0.0000,0.0000,0,0,19,0,0,0,0,34,16,500
1216,L,0,8,15,0,0,0,0.0000,0.0000,0.0000,0.0000,0,0,19,0,0,0,0,34,16,500
1217,L,0,8,15,0,0,0,0.0000,0.0000,0.0000,0.0000,0,0,19,0,0,0,0,34,16,500
1218,L,0,8,15,0,0,0,0.0000,0.0000,0.0000,0.0000,0,0,19,0,0,0,0,34,16,500
1219,L,0,8,15,0,0,0,0.0000,0.0000,0.0000,0.0000,0,0,19,0,0,0,0,34,16,500
1220,L,0,8,15,0,0,0,0.0000,0.0000,0.0000,0.0000,0,0,19,0,0,0,0,34,16,500
1221,L,0,8,15,0,0,0,0.0000,0.0000,0.0000,0.0000,0,0,19,0,0,0,0,34,16,500
1222,L,0,8,15,0,0,0,0.0000,0.0000,0.0000,0.0000,0,0,19,0,0,0,0,34,16,500
1223,L,0,8,15,0,0,0,0.0000,0.0000,0.0000,0.0000,0,0,19,0,0,0,0,34,16,500
1224,L,0,8,15,0,0,0,0.0000,0.0000,0.0000,0.0000,0,0,19,0,0,0,0,34,16,500
1225,L,0,8,15,0,0,0,0.0000,0.0000,0.0000,0.0000,0,0,19,0,0,0,0,34,16,500
1226,L,0,8,15,0,0,0,0.0000,0.0000,0.0000,0.0000,0,0,19,0,0,0,0,34,16,500
1227,L,0,8,15,0,0,0,0.0000,0.0000,0.0000,0.0000,0,0,19,0,0,0,0,34,16,500
1228,L,0,8,15,0,0,0,0.0000,0.0000,0.0000,0.0000,0,0,19,0,0,0,0,34,16,500
1229,L,0,8,15,0,0,0,0.0000,0.0000,0.0000,0.0000,0,0,19,0,0,0,0,34,16,500
1230,L,0,8,15,0,0,0,0.0000,0.0000,0.0000,0.0000,0,0,19,0,0,0,0,34,16,500
1231,L,0,8,15,0,0,0,0.0000,0.0000,0.0000,0.0000,0,0,19,0,0,0,0,34,16,500
1232,L,0,8,15,0,0,0,0.0000,0.0000,0.0000,0.0000,0,0,19,0,0,0,0,34,16,500
1233,L,0,8,15,0,0,0,0.0000,0.0000,0.0000,0.0000,0,0,19,0,0,0,0,34,16,500
1234,L,0,8,15,0,0,0,0.0000,0.0000,0.0000,0.0000,0,0,19,0,0,0,0,34,16,500
1235,L,0,8,15,0,0,0,0.0000,0.0000,0.0000,0.0000,0,0,19,0,0,0,0,34,16,500
1236,L,0,8,15,0,0,0,0.0000,0.0000,0.0000,0.0000,0,0,19,0,0,0,0,34,16,500
1237,L,0,8,15,0,0,0,0.0000,0.0000,0.0000,0.0000,0,0,19,0,0,0,0,34,16,500
1238,L,0,8,15,0,0,0,0.0000,0.0000,0.0000,0.0000,0,0,19,0,0,0,0,34,16,500
1239,L,0,8,15,0,0,0,0.0000,0.0000,0.0000,0.0000,0,0,19,0,0,0,0,34,16,500
1240,L,0,8,15,0,0,0,0.0000,0.0000,0.0000,0.0000,0,0,19,0,0,0,0,34,16,500
1241,L,0,8,15,0,0,0,0.0000,0.0000,0.0000,0.0000,0,0,19,0,0,0,0,34,16,500
1242,L,0,8,15,0,0,0,0.0000,0.0000,0.0000,0.0000,0,0,19,0,0,0,0,34,16,500
1243,L,0,8,15,0,0,0,0.0000,0.0000,0.0000,0.0000,0,0,19,0,0,0,0,34,16,500
1244,L,0,8,15,0,0,0,0.0000,0.0000,0.0000,0.0000,0,0,19,0,0,0,0,34,16,500
1245,L,0,8,15,0,0,0,0.0000,0.0000,0.0000,0.0000,0,0,19,0,0,0,0,34,16,500
1246,L,0,8,15,0,0,0,0.0000,0.0000,0.0000,0.0000,0,0,19,0,0,0,0,34,16,500
1247,L,0,8,15,0,0,0,0.0000,0.0000,0.0000,0.0000,0,0,19,0,0,0,0,34,16,500
1248,L,0,8,15,0,0,0,0.0000,0.0000,0.0000,0.0000,0,0,19,0,0,0,0,34,16,500
1249,L,0,8,15,0,0,0,0.0000,0.0000,0.0000,0.0000,0,0,19,0,0,0,0,34,16,500
1250,L,0,8,15,0,0,0,0.0000,0.0000,0.0000,0.0000,0,0,19,0,0,0,0,34,16,500
1251,L,0,8,15,0,0,0,0.0000,0.0000,0.0000,0.0000,0,0,19,0,0,0,0,34,16,500
1252,L,0,8,15,0,0,0,0.0000,0.0000,0.0000,0.0000,0,0,19,0,0,0,0,34,16,500
1253,L,0,8,15,0,0,0,0.0000,0.0000,0.0000,0.0000,0,0,19,0,0,0,0,34,16,500
1254,L,0,8,15,0,0,0,0.0000,0.0000,0.0000,0.0000,0,0,19,0,0,0,0,34,16,500
1255,L,0,8,15,0,0,0,0.0000,0.0000,0.0000,0.0000,0,0,19,0,0,0,0,34,16,500
1256,L,0,8,15,0,0,0,0.0000,0.0000,0.0000,0.0000,0,0,19,0,0,0,0,34,16,500
1257,L,0,8,15,0,0,0,0.0000,0.0000,0.0000,0.0000,0,0,19,0,0,0,0,34,16,500
1258,L,0,8,15,0,0,0,0.0000,0.0000,0.0000,0.0000,0,0,19,0,0,0,0,34,16,500
1259,L,0,8,15,0,0,0,0.0000,0.0000,0.0000,0.0000,0,0,19,0,0,0,0,34,16,500
1260,L,0,8,15,0,0,0,0.0000,0.0000,0.0000,0.0000,0,0,19,0,0,0,0,34,16,500
1261,L,0,8,15,0,0,0,0.0000,0.0000,0.0000,0.0000,0,0,19,0,0,0,0,34,16,500
1262,L,0,8,15,0,0,0,0.0000,0.0000,0.0000,0.0000,0,0,19,0,0,0,0,34,16,500
1263,L,0,8,15,0,0,0,0.0000,0.0000,0.0000,0.0000,0,0,19,0,0,0,0,34,16,500
1264,L,0,8,15,0,0,0,0.0000,0.0000,0.0000,0.0000,0,0,19,0,0,0,0,34,16,500
1265,L,0,8,15,0,0,0,0.0000,0.0000,0.0000,0.0000,0,0,19,0,0,0,0,34,16,500
1266,L,0,8,15,0,0,0,0.0000,0.0000,0.0000,0.0000,0,0,19,0,0,0,0,34,16,500
1267,L,0,8,15,0,0,0,0.0000,0.0000,0.0000,0.0000,0,0,19,0,0,0,0,34,16,500
1268,L,0,8,15,0,0,0,0.0000,0.0000,0.0000,0.0000,0,0,19,0,0,0,0,34,16,500
1269,L,0,8,15,0,0,0,0.0000,0.0000,0.0000,0.0000,0,0,19,0,0,0,0,34,16,500
1270,L,0,8,15,0,0,0,0.0000,0.0000,0.0000,0.0000,0,0,19,0,0,0,0,34,16,500
1271,L,0,8,15,0,0,0,0.0000,0.0000,0.0000,0.0000,0,0,19,0,0,0,0,34,16,500
1272,L,0,8,15,0,0,0,0.0000,0.0000,0.0000,0.0000,0,0,19,0,0,0,0,34,16,500
1273,L,0,8,15,0,0,0,0.0000,0.0000,0.0000,0.0000,0,0,19,0,0,0,0,34,16,500
1274,L,0,8,15,0,0,0,0.0000,0.0000,0.0000,0.0000,0,0,19,0,0,0,0,34,16,500
1275,L,0,8,15,0,0,0,0.0000,0.0000,0.0000,0.0000,0,0,19,0,0,0,0,34,16,500
1276,L,0,8,15,0,0,0,0.0000,0.0000,0.0000,0.0000,0,0,19,0,0,0,0,34,16,500
1277,L,0,8,15,0,0,0,0.0000,0.0000,0.0000,0.0000,0,0,19,0,0,0,0,34,16,500
1278,L,0,8,15,0,0,0,0.0000,0.0000,0.0000,0.0000,0,0,19,0,0,0,0,34,16,500
1279,L,0,8,15,0,0,0,0.0000,0.0000,0.0000,0.0000,0,0,19,0,0,0,0,34,16,500
1280,L,0,8,15,0,0,0,0.0000,0.0000,0.0000,0.0000,0,0,19,0,0,0,0,34,16,500
1281,L,0,8,15,0,0,0,0.0000,0.0000,0.0000,0.0000,0,0,19,0,0,0,0,34,16,500
1282,L,0,8,15,0,0,0,0.0000,0.0000,0.0000,0.0000,0,0,19,0,0,0,0,34,16,500
1283,L,0,8,15,0,0,0,0.0000,0.0000,0.0000,0.0000,0,0,19,0,0,0,0,34,16,500
1284,L,0,8,15,0,0,0,0.0000,0.0000,0.0000,0.0000,0,0,19,0,0,0,0,34,16,500
1285,L,0,8,15,0,0,0,0.0000,0.0000,0.0000,0.0000,0,0,19,0,0,0,0,34,16,500
1286,L,0,8,15,0,0,0,0.0000,0.0000,0.0000,0.0000,0,0,19,0,0,0,0,34,16,500
1287,L,0,8,15,0,0,0,0.0000,0.0000,0.0000,0.0000,0,0,19,0,0,0,0,34,16,500
1288,L,0,8,15,0,0,0,0.0000,0.0000,0.0000,0.0000,0,0,19,0,0,0,0,34,16,500
1289,L,0,8,15,0,0,0,0.0000,0.0000,0.0000,0.0000,0,0,19,0,0,0,0,34,16,500
1290,L,0,8,15,0,0,0,0.0000,0.0000,0.0000,0.0000,0,0,19,0,0,0,0,34,16,500
1291,L,0,8,15,0,0,0,0.0000,0.0000,0.0000,0.0000,0,0,19,0,0,0,0,34,16,500
1292,L,0,8,15,0,0,0,0.0000,0.0000,0.0000,0.0000,0,0,19,0,0,0,0,34,16,500
1293,L,0,8,15,0,0,0,0.0000,0.0000,0.0000,0.0000,0,0,19,0,0,0,0,34,16,500
1294,L,0,8,15,0,0,0,0.0000,0.0000,0.0000,0.0000,0,0,19,0,0,0,0,34,16,500
1295,L,0,8,15,0,0,0,0.0000,0.0000,0.0000,0.0000,0,0,19,0,0,0,0,34,16,500
1296,L,0,8,15,0,0,0,0.0000,0.0000,0.0000,0.0000,0,0,19,0,0,0,0,34,16,500
1297,L,0,8,15,0,0,0,0.0000,0.0000,0.0000,0.0000,0,0,19,0,0,0,0,34,16,500
1298,L,0,8,15,0,0,0,0.0000,0.0000,0.0000,0.0000,0,0,19,0,0,0,0,34,16,500
1299,L,0,8,15,0,0,0,0.0000,0.0000,0.0000,0.0000,0,0,19,0,0,0,0,34,16,500
1300,L,0,8,15,0,0,0,0.0000,0.0000,0.0000,0.0000,0,0,19,0,0,0,0,34,16,500
1301,L,0,8,15,0,0,0,0.0000,0.0000,0.0000,0.0000,0,0,19,0,0,0,0,34,16,500
1302,L,0,8,15,0,0,0,0.0000,0.0000,0.0000,0.0000,0,0,19,0,0,0,0,34,16,500
1303,L,0,8,15,0,0,0,0.0000,0.0000,0.0000,0.0000,0,0,19,0,0,0,0,34,16,500
1304,L,0,8,15,0,0,0,0.0000,0.0000,0.0000,0.0000,0,0,19,0,0,0,0,34,16,500
1305,L,0,8,15,0,0,0,0.0000,0.0000,0.0000,0.0000,0,0,19,0,0,0,0,34,16,500
1306,L,0,8,15,0,0,0,0.0000,0.0000,0.0000,0.0000,0,0,19,0,0,0,0,34,16,500
1307,L,0,8,15,0,0,0,0.0000,0.0000,0.0000,0.0000,0,0,19,0,0,0,0,34,16,500
1308,L,0,8,15,0,0,0,0.0000,0.0000,0.0000,0.0000,0,0,19,0,0,0,0,34,16,500
1309,L,0,8,15,0,0,0,0.0000,0.0000,0.0000,0.0000,0,0,19,0,0,0,0,34,16,500
1310,L,0,8,15,0,0,0,0.0000,0.0000,0.0000,0.0000,0,0,19,0,0,0,0,34,16,500
1311,L,0,8,15,0,0,0,0.0000,0.0000,0.0000,0.0000,0,0,19,0,0,0,0,34,16,500
1312,L,0,8,15,0,0,0,0.0000,0.0000,0.0000,0.0000,0,0,19,0,0,0,0,34,16,500
1313,L,0,8,15,0,0,0,0.0000,0.0000,0.0000,0.0000,0,0,19,0,0,0,0,34,16,500
1314,L,0,8,15,0,0,0,0.0000,0.0000,0.0000,0.0000,0,0,19,0,0,0,0,34,16,500
1315,L,0,8,15,0,0,0,0.0000,0.0000,0.0000,0.0000,0,0,19,0,0,0,0,34,16,500
1316,L,0,8,15,0,0,0,0.0000,0.0000,0.0000,0.0000,0,0,19,0,0,0,0,34,16,500
1317,L,0,8,15,0,0,0,0.0000,0.0000,0.0000,0.0000,0,0,19,0,0,0,0,34,16,500
1318,L,0,8,15,0,0,0,0.0000,0.0000,0.0000,0.0000,0,0,19,0,0,0,0,34,16,500
1319,L,0,8,15,0,0,0,0.0000,0.0000,0.0000,0.0000,0,0,19,0,0,0,0,34,16,500
1320,L,0,8,15,0,0,0,0.0000,0.0000,0.0000,0.0000,0,0,19,0,0,0,0,34,16,500
1321,L,0,8,15,0,0,0,0.0000,0.0000,0.0000,0.0000,0,0,19,0,0,0,0,34,16,500
1322,L,0,8,15,0,0,0,0.0000,0.0000,0.0000,0.0000,0,0,19,0,0,0,0,34,16,500
1323,L,0,8,15,0,0,0,0.0000,0.0000,0.0000,0.0000,0,0,19,0,0,0,0,34,16,500
1324,L,0,8,15,0,0,0,0.0000,0.0000,0.0000,0.0000,0,0,19,0,0,0,0,34,16,500
1325,L,0,8,15,0,0,0,0.0000,0.0000,0.0000,0.0000,0,0,19,0,0,0,0,34,16,500
1326,L,0,8,15,0,0,0,0.0000,0.0000,0.0000,0.0000,0,0,19,0,0,0,0,34,16,500
1327,L,0,8,15,0,0,0,0.0000,0.0000,0.0000,0.0000,0,0,19,0,0,0,0,34,16,500
1328,L,0,8,15,0,0,0,0.0000,0.0000,0.0000,0.0000,0,0,19,0,0,0,0,34,16,500
1329,L,0,8,15,0,0,0,0.0000,0.0000,0.0000,0.0000,0,0,19,0,0,0,0,34,16,500
1330,L,0,8,15,0,0,0,0.0000,0.0000,0.0000,0.0000,0,0,19,0,0,0,0,34,16,500
1331,L,0,8,15,0,0,0,0.0000,0.0000,0.0000,0.0000,0,0,19,0,0,0,0,34,16,500
1332,L,0,8,15,0,0,0,0.0000,0.0000,0.0000,0.0000,0,0,19,0,0,0,0,34,16,500
1333,L,0,8,15,0,0,0,0.0000,0.0000,0.0000,0.0000,0,0,19,0,0,0,0,34,16,500
1334,L,0,8,15,0,0,0,0.0000,0.0000,0.0000,0.0000,0,0,19,0,0,0,0,34,16,500
1335,L,0,8,15,0,0,0,0.0000,0.0000,0.0000,0.0000,0,0,19,0,0,0,0,34,16,500
1336,L,0,8,15,0,0,0,0.0000,0.0000,0.0000,0.0000,0,0,19,0,0,0,0,34,16,500
1337,L,0,8,15,0,0,0,0.0000,0.0000,0.0000,0.0000,0,0,19,0,0,0,0,34,16,500
1338,L,0,8,15,0,0,0,0.0000,0.0000,0.0000,0.0000,0,0,19,0,0,0,0,34,16,500
1339,L,0,8,15,0,0,0,0.0000,0.0000,0.0000,0.0000,0,0,19,0,0,0,0,34,16,500
1340,L,0,8,15,0,0,0,0.0000,0.0000,0.0000,0.0000,0,0,19,0,0,0,0,34,16,500
1341,L,0,8,15,0,0,0,0.0000,0.0000,0.0000,0.0000,0,0,19,0,0,0,0,34,16,500
1342,L,0,8,15,0,0,0,0.0000,0.0000,0.0000,0.0000,0,0,19,0,0,0,0,34,16,500
1343,L,0,8,15,0,0,0,0.0000,0.0000,0.0000,0.0000,0,0,19,0,0,0,0,34,16,500
1344,L,0,8,15,0,0,0,0.0000,0.0000,0.0000,0.0000,0,0,19,0,0,0,0,34,16,500
1345,L,0,8,15,0,0,0,0.0000,0.0000,0.0000,0.0000,0,0,19,0,0,0,0,34,16,500
1346,L,0,8,15,0,0,0,0.0000,0.0000,0.0000,0.0000,0,0,19,0,0,0,0,34,16,500
1347,L,0,8,15,0,0,0,0.0000,0.0000,0.0000,0.0000,0,0,19,0,0,0,0,34,16,500
1348,L,0,8,15,0,0,0,0.0000,0.0000,0.0000,0.0000,0,0,19,0,0,0,0,34,16,500
1349,L,0,8,15,0,0,0,0.0000,0.0000,0.0000,0.0000,0,0,19,0,0,0,0,34,16,500
1350,L,0,8,15,0,0,0,0.0000,0.0000,0.0000,0.0000,0,0,19,0,0,0,0,34,16,500
1351,L,0,8,15,0,0,0,0.0000,0.0000,0.0000,0.0000,0,0,19,0,0,0,0,34,16,500
1352,L,0,8,15,0,0,0,0.0000,0.0000,0.0000,0.0000,0,0,19,0,0,0,0,34,16,500
1353,L,0,8,15,0,0,0,0.0000,0.0000,0.0000,0.0000,0,0,19,0,0,0,0,34,16,500
1354,L,0,8,15,0,0,0,0.0000,0.0000,0.0000,0.0000,0,0,19,0,0,0,0,34,16,500
1355,L,0,8,15,0,0,0,0.0000,0.0000,0.0000,0.0000,0,0,19,0,0,0,0,34,16,500
1356,L,0,8,15,0,0,0,0.0000,0.0000,0.0000,0.0000,0,0,19,0,0,0,0,34,16,500
1357,L,0,8,15,0,0,0,0.0000,0.0000,0.0000,0.0000,0,0,19,0,0,0,0,34,16,500
1358,L,0,8,15,0,0,0,0.0000,0.0000,0.0000,0.0000,0,0,19,0,0,0,0,34,16,500
1359,L,0,8,15,0,0,0,0.0000,0.0000,0.0000,0.0000,0,0,19,0,0,0,0,34,16,500
1360,L,0,8,15,0,0,0,0.0000,0.0000,0.0000,0.0000,0,0,19,0,0,0,0,34,16,500
1361,L,0,8,15,0,0,0,0.0000,0.0000,0.0000,0.0000,0,0,19,0,0,0,0,34,16,500
1362,L,0,8,15,0,0,0,0.0000,0.0000,0.0000,0.0000,0,0,19,0,0,0,0,34,16,500
1363,L,0,8,15,0,0,0,0.0000,0.0000,0.0000,0.0000,0,0,19,0,0,0,0,34,16,500
1364,L,0,8,15,0,0,0,0.0000,0.0000,0.0000,0.0000,0,0,19,0,0,0,0,34,16,500
1365,L,0,8,15,0,0,0,0.0000,0.0000,0.0000,0.0000,0,0,19,0,0,0,0,34,16,500
1366,L,0,8,15,0,0,0,0.0000,0.0000,0.0000,0.0000,0,0,19,0,0,0,0,34,16,500
1367,L,0,8,15,0,0,0,0.0000,0.0000,0.0000,0.0000,0,0,19,0,0,0,0,34,16,500
1368,L,0,8,15,0,0,0,0.0000,0.0000,0.0000,0.0000,0,0,19,0,0,0,0,34,16,500
1369,L,0,8,15,0,0,0,0.0000,0.0000,0.0000,0.0000,0,0,19,0,0,0,0,34,16,500
1370,L,0,8,15,0,0,0,0.0000,0.0000,0.0000,0.0000,0,0,19,0,0,0,0,34,16,500
1371,L,0,8,15,0,0,0,0.0000,0.0000,0.0000,0.0000,0,0,19,0,0,0,0,34,16,500
1372,L,0,8,15,0,0,0,0.0000,0.0000,0.0000,0.0000,0,0,19,0,0,0,0,34,16,500
1373,L,0,8,15,0,0,0,0.0000,0.0000,0.0000,0.0000,0,0,19,0,0,0,0,34,16,500
1374,L,0,8,15,0,0,0,0.0000,0.0000,0.0000,0.0000,0,0,19,0,0,0,0,34,16,500
1375,L,0,8,15,0,0,0,0.0000,0.0000,0.0000,0.0000,0,0,19,0,0,0,0,34,16,500
1376,L,0,8,15,0,0,0,0.0000,0.0000,0.0000,0.0000,0,0,19,0,0,0,0,34,16,500
1377,L,0,8,15,0,0,0,0.0000,0.0000,0.0000,0.0000,0,0,19,0,0,0,0,34,16,500
1378,L,0,8,15,0,0,0,0.0000,0.0000,0.0000,0.0000,0,0,19,0,0,0,0,34,16,500
1379,L,0,8,15,0,0,0,0.0000,0.0000,0.0000,0.0000,0,0,19,0,0,0,0,34,16,500
1380,L,0,8,15,0,0,0,0.0000,0.0000,0.0000,0.0000,0,0,19,0,0,0,0,34,16,500
1381,L,0,8,15,0,0,0,0.0000,0.0000,0.0000,0.0000,0,0,19,0,0,0,0,34,16,500
1382,L,0,8,15,0,0,0,0.0000,0.0000,0.0000,0.0000,0,0,19,0,0,0,0,34,16,500
1383,L,0,8,15,0,0,0,0.0000,0.0000,0.0000,0.0000,0,0,19,0,0,0,0,34,16,500
1384,L,0,8,15,0,0,0,0.0000,0.0000,0.0000,0.0000,0,0,19,0,0,0,0,34,16,500
1385,L,0,8,15,0,0,0,0.0000,0.0000,0.0000,0.0000,0,0,19,0,0,0,0,34,16,500
1386,L,0,8,15,0,0,0,0.0000,0.0000,0.0000,0.0000,0,0,19,0,0,0,0,34,16,500
1387,L,0,8,15,0,0,0,0.0000,0.0000,0.0000,0.0000,0,0,19,0,0,0,0,34,16,500
1388,L,0,8,15,0,0,0,0.0000,0.0000,0.0000,0.0000,0,0,19,0,0,0,0,34,16,500
1389,L,0,8,15,0,0,0,0.0000,0.0000,0.0000,0.0000,0,0,19,0,0,0,0,34,16,500
1390,L,0,8,15,0,0,0,0.0000,0.0000,0.0000,0.0000,0,0,19,0,0,0,0,34,16,500
1391,L,0,8,15,0,0,0,0.0000,0.0000,0.0000,0.0000,0,0,19,0,0,0,0,34,16,500
1392,L,0,8,15,0,0,0,0.0000,0.0000,0.0000,0.0000,0,0,19,0,0,0,0,34,16,500
1393,L,0,8,15,0,0,0,0.0000,0.0000,0.0000,0.0000,0,0,19,0,0,0,0,34,16,500
1394,L,0,8,15,0,0,0,0.0000,0.0000,0.0000,0.0000,0,0,19,0,0,0,0,34,16,500
1395,L,0,8,15,0,0,0,0.0000,0.0000,0.0000,0.0000,0,0,19,0,0,0,0,34,16,500
1396,L,0,8,15,0,0,0,0.0000,0.0000,0.0000,0.0000,0,0,19,0,0,0,0,34,16,500
1397,L,0,8,15,0,0,0,0.0000,0.0000,0.0000,0.0000,0,0,19,0,0,0,0,34,16,500
1398,L,0,8,15,0,0,0,0.0000,0.0000,0.0000,0.0000,0,0,19,0,0,0,0,34,16,500
1399,L,0,8,15,0,0,0,0.0000,0.0000,0.0000,0.0000,0,0,19,0,0,0,0,34,16,500
1400,L,0,8,15,0,0,0,0.0000,0.0000,0.0000,0.0000,0,0,19,0,0,0,0,34,16,500
1401,L,0,8,15,0,0,0,0.0000,0.0000,0.0000,0.0000,0,0,19,0,0,0,0,34,16,500
1402,L,0,8,15,0,0,0,0.0000,0.0000,0.0000,0.0000,0,0,19,0,0,0,0,34,16,500
1403,L,0,8,15,0,0,0,0.0000,0.0000,0.0000,0.0000,0,0,19,0,0,0,0,34,16,500
1404,L,0,8,15,0,0,0,0.0000,0.0000,0.0000,0.0000,0,0,19,0,0,0,0,34,16,500
1405,L,0,8,15,0,0,0,0.0000,0.0000,0.0000,0.0000,0,0,19,0,0,0,0,34,16,500
1406,L,0,8,15,0,0,0,0.0000,0.0000,0.0000,0.0000,0,0,19,0,0,0,0,34,16,500
1407,L,0,8,15,0,0,0,0.0000,0.0000,0.0000,0.0000,0,0,19,0,0,0,0,34,16,500
1408,L,0,8,15,0,0,0,0.0000,0.0000,0.0000,0.0000,0,0,19,0,0,0,0,34,16,500
1409,L,0,8,15,0,0,0,0.0000,0.0000,0.0000,0.0000,0,0,19,0,0,0,0,34,16,500
1410,L,0,8,15,0,0,0,0.0000,0.0000,0.0000,0.0000,0,0,19,0,0,0,0,34,16,500
1411,L,0,8,15,0,0,0,0.0000,0.0000,0.0000,0.0000,0,0,19,0,0,0,0,34,16,500
1412,L,0,8,15,0,0,0,0.0000,0.0000,0.0000,0.0000,0,0,19,0,0,0,0,34,16,500
1413,L,0,8,15,0,0,0,0.0000,0.0000,0.0000,0.0000,0,0,19,0,0,0,0,34,16,500
1414,L,0,8,15,0,0,0,0.0000,0.0000,0.0000,0.0000,0,0,19,0,0,0,0,34,16,500
1415,L,0,8,15,0,0,0,0.0000,0.0000,0.0000,0.0000,0,0,19,0,0,0,0,34,16,500
1416,L,0,8,15,0,0,0,0.0000,0.0000,0.0000,0.0000,0,0,19,0,0,0,0,34,16,500
1417,L,0,8,15,0,0,0,0.0000,0.0000,0.0000,0.0000,0,0,19,0,0,0,0,34,16,500
1418,L,0,8,15,0,0,0,0.0000,0.0000,0.0000,0.0000,0,0,19,0,0,0,0,34,16,500
1419,L,0,8,15,0,0,0,0.0000,0.0000,0.0000,0.0000,0,0,19,0,0,0,0,34,16,500
1420,L,0,8,15,0,0,0,0.0000,0.0000,0.0000,0.0000,0,0,19,0,0,0,0,34,16,500
1421,L,0,8,15,0,0,0,0.0000,0.0000,0.0000,0.0000,0,0,19,0,0,0,0,34,16,500
1422,L,0,8,15,0,0,0,0.0000,0.0000,0.0000,0.0000,0,0,19,0,0,0,0,34,16,500
1423,L,0,8,15,0,0,0,0.0000,0.0000,0.0000,0.0000,0,0,19,0,0,0,0,34,16,500
1424,L,0,8,15,0,0,0,0.0000,0.0000,0.0000,0.0000,0,0,19,0,0,0,0,34,16,500
1425,L,0,8,15,0,0,0,0.0000,0.0000,0.0000,0.0000,0,0,19,0,0,0,0,34,16,500
1426,L,0,8,15,0,0,0,0.0000,0.0000,0.0000,0.0000,0,0,19,0,0,0,0,34,16,500
1427,L,0,8,15,0,0,0,0.0000,0.0000,0.0000,0.0000,0,0,19,0,0,0,0,34,16,500
1428,L,0,8,15,0,0,0,0.0000,0.0000,0.0000,0.0000,0,0,19,0,0,0,0,34,16,500
1429,L,0,8,15,0,0,0,0.0000,0.0000,0.0000,0.0000,0,0,19,0,0,0,0,34,16,500
1430,L,0,8,15,0,0,0,0.0000,0.0000,0.0000,0.0000,0,0,19,0,0,0,0,34,16,500
1431,L,0,8,15,0,0,0,0.0000,0.0000,0.0000,0.0000,0,0,19,0,0,0,0,34,16,500
1432,L,0,8,15,0,0,0,0.0000,0.0000,0.0000,0.0000,0,0,19,0,0,0,0,34,16,500
1433,L,0,8,15,0,0,0,0.0000,0.0000,0.0000,0.0000,0,0,19,0,0,0,0,34,16,500
1434,L,0,8,15,0,0,0,0.0000,0.0000,0.0000,0.0000,0,0,19,0,0,0,0,34,16,500
1435,L,0,8,15,0,0,0,0.0000,0.0000,0.0000,0.0000,0,0,19,0,0,0,0,34,16,500
1436,L,0,8,15,0,0,0,0.0000,0.0000,0.0000,0.0000,0,0,19,0,0,0,0,34,16,500
1437,L,0,8,15,0,0,0,0.0000,0.0000,0.0000,0.0000,0,0,19,0,0,0,0,34,16,500
1438,L,0,8,15,0,0,0,0.0000,0.0000,0.0000,0.0000,0,0,19,0,0,0,0,34,16,500
1439,L,0,8,15,0,0,0,0.0000,0.0000,0.0000,0.0000,0,0,19,0,0,0,0,34,16,500
1440,L,0,8,15,0,0,0,0.0000,0.0000,0.0000,0.0000,0,0,19,0,0,0,0,34,16,500
1441,L,0,8,15,0,0,0,0.0000,0.0000,0.0000,0.0000,0,0,19,0,0,0,0,34,16,500
1442,L,0,8,15,0,0,0,0.0000,0.0000,0.0000,0.0000,0,0,19,0,0,0,0,34,16,500
1443,L,0,8,15,0,0,0,0.0000,0.0000,0.0000,0.0000,0,0,19,0,0,0,0,34,16,500
1444,L,0,8,15,0,0,0,0.0000,0.0000,0.0000,0.0000,0,0,19,0,0,0,0,34,16,500
1445,L,0,8,15,0,0,0,0.0000,0.0000,0.0000,0.0000,0,0,19,0,0,0,0,34,16,500
1446,L,0,8,15,0,0,0,0.0000,0.0000,0.0000,0.0000,0,0,19,0,0,0,0,34,16,500
1447,L,0,8,15,0,0,0,0.0000,0.0000,0.0000,0.0000,0,0,19,0,0,0,0,34,16,500
1448,L,0,8,15,0,0,0,0.0000,0.0000,0.0000,0.0000,0,0,19,0,0,0,0,34,16,500
1449,L,0,8,15,0,0,0,0.0000,0.0000,0.0000,0.0000,0,0,19,0,0,0,0,34,16,500
1450,L,0,8,15,0,0,0,0.0000,0.0000,0.0000,0.0000,0,0,19,0,0,0,0,34,16,500
1451,L,0,8,15,0,0,0,0.0000,0.0000,0.0000,0.0000,0,0,19,0,0,0,0,34,16,500
1452,L,0,8,15,0,0,0,0.0000,0.0000,0.0000,0.0000,0,0,19,0,0,0,0,34,16,500
1453,L,0,8,15,0,0,0,0.0000,0.0000,0.0000,0.0000,0,0,19,0,0,0,0,34,16,500
1454,L,0,8,15,0,0,0,0.0000,0.0000,0.0000,0.0000,0,0,19,0,0,0,0,34,16,500
1455,L,0,8,15,0,0,0,0.0000,0.0000,0.0000,0.0000,0,0,19,0,0,0,0,34,16,500
1456,L,0,8,15,0,0,0,0.0000,0.0000,0.0000,0.0000,0,0,19,0,0,0,0,34,16,500
1457,L,0,8,15,0,0,0,0.0000,0.0000,0.0000,0.0000,0,0,19,0,0,0,0,34,16,500
1458,L,0,8,15,0,0,0,0.0000,0.0000,0.0000,0.0000,0,0,19,0,0,0,0,34,16,500
1459,L,0,8,15,0,0,0,0.0000,0.0000,0.0000,0.0000,0,0,19,0,0,0,0,34,16,500
1460,L,0,8,15,0,0,0,0.0000,0.0000,0.0000,0.0000,0,0,19,0,0,0,0,34,16,500
1461,L,0,8,15,0,0,0,0.0000,0.0000,0.0000,0.0000,0,0,19,0,0,0,0,34,16,500
1462,L,0,8,15,0,0,0,0.0000,0.0000,0.0000,0.0000,0,0,19,0,0,0,0,34,16,500
1463,L,0,8,15,0,0,0,0.0000,0.0000,0.0000,0.0000,0,0,19,0,0,0,0,34,16,500
1464,L,0,8,15,0,0,0,0.0000,0.0000,0.0000,0.0000,0,0,19,0,0,0,0,34,16,500
1465,L,0,8,15,0,0,0,0.0000,0.0000,0.0000,0.0000,0,0,19,0,0,0,0,34,16,500
1466,L,0,8,15,0,0,0,0.0000,0.0000,0.0000,0.0000,0,0,19,0,0,0,0,34,16,500
1467,L,0,8,15,0,0,0,0.0000,0.0000,0.0000,0.0000,0,0,19,0,0,0,0,34,16,500
1468,L,0,8,15,0,0,0,0.0000,0.0000,0.0000,0.0000,0,0,19,0,0,0,0,34,16,500
1469,L,0,8,15,0,0,0,0.0000,0.0000,0.0000,0.0000,0,0,19,0,0,0,0,34,16,500
1470,L,0,8,15,0,0,0,0.0000,0.0000,0.0000,0.0000,0,0,19,0,0,0,0,34,16,500
1471,L,0,8,15,0,0,0,0.0000,0.0000,0.0000,0.0000,0,0,19,0,0,0,0,34,16,500
1472,L,0,8,15,0,0,0,0.0000,0.0000,0.0000,0.0000,0,0,19,0,0,0,0,34,16,500
1473,L,0,8,15,0,0,0,0.0000,0.0000,0.0000,0.0000,0,0,19,0,0,0,0,34,16,500
1474,L,0,8,15,0,0,0,0.0000,0.0000,0.0000,0.0000,0,0,19,0,0,0,0,34,16,500
1475,L,0,8,15,0,0,0,0.0000,0.0000,0.0000,0.0000,0,0,19,0,0,0,0,34,16,500
1476,L,0,8,15,0,0,0,0.0000,0.0000,0.0000,0.0000,0,0,19,0,0,0,0,34,16,500
1477,L,0,8,15,0,0,0,0.0000,0.0000,0.0000,0.0000,0,0,19,0,0,0,0,34,16,500
1478,L,0,8,15,0,0,0,0.0000,0.0000,0.0000,0.0000,0,0,19,0,0,0,0,34,16,500
1479,L,0,8,15,0,0,0,0.0000,0.0000,0.0000,0.0000,0,0,19,0,0,0,0,34,16,500
1480,L,0,8,15,0,0,0,0.0000,0.0000,0.0000,0.0000,0,0,19,0,0,0,0,34,16,500
1481,L,0,8,15,0,0,0,0.0000,0.0000,0.0000,0.0000,0,0,19,0,0,0,0,34,16,500
1482,L,0,8,15,0,0,0,0.0000,0.0000,0.0000,0.0000,0,0,19,0,0,0,0,34,16,500
1483,L,0,8,15,0,0,0,0.0000,0.0000,0.0000,0.0000,0,0,19,0,0,0,0,34,16,500
1484,L,0,8,15,0,0,0,0.0000,0.0000,0.0000,0.0000,0,0,19,0,0,0,0,34,16,500
1485,L,0,8,15,0,0,0,0.0000,0.0000,0.0000,0.0000,0,0,19,0,0,0,0,34,16,500
1486,L,0,8,15,0,0,0,0.0000,0.0000,0.0000,0.0000,0,0,19,0,0,0,0,34,16,500
1487,L,0,8,15,0,0,0,0.0000,0.0000,0.0000,0.0000,0,0,19,0,0,0,0,34,16,500
1488,L,0,8,15,0,0,0,0.0000,0.0000,0.0000,0.0000,0,0,19,0,0,0,0,34,16,500
1489,L,0,8,15,0,0,0,0.0000,0.0000,0.0000,0.0000,0,0,19,0,0,0,0,34,16,500
1490,L,0,8,15,0,0,0,0.0000,0.0000,0.0000,0.0000,0,0,19,0,0,0,0,34,16,500
1491,L,0,8,15,0,0,0,0.0000,0.0000,0.0000,0.0000,0,0,19,0,0,0,0,34,16,500
1492,L,0,8,15,0,0,0,0.0000,0.0000,0.0000,0.0000,0,0,19,0,0,0,0,34,16,500
1493,L,0,8,15,0,0,0,0.0000,0.0000,0.0000,0.0000,0,0,19,0,0,0,0,34,16,500
1494,L,0,8,15,0,0,0,0.0000,0.0000,0.0000,0.0000,0,0,19,0,0,0,0,34,16,500
1495,L,0,8,15,0,0,0,0.0000,0.0000,0.0000,0.0000,0,0,19,0,0,0,0,34,16,500
1496,L,0,8,15,0,0,0,0.0000,0.0000,0.0000,0.0000,0,0,19,0,0,0,0,34,16,500
1497,L,0,8,15,0,0,0,0.0000,0.0000,0.0000,0.0000,0,0,19,0,0,0,0,34,16,500
1498,L,0,8,15,0,0,0,0.0000,0.0000,0.0000,0.0000,0,0,19,0,0,0,0,34,16,500
1499,L,0,8,15,0,0,0,0.0000,0.0000,0.0000,0.0000,0,0,19,0,0,0,0,34,16,500
1500,L,0,8,15,0,0,0,0.0000,0.0000,0.0000,0.0000,0,0,19,0,0,0,0,34,16,500
