sol,age,pop,births,deaths,pairs,friend_pairs,close_pairs,web,second,lonely,friends_mean,lines,grief,lines_cum,capped_cum,dropped_cum,stale_cum,pending,formed_cum,close_cum,log_size
1,L,7,0,0,21,21,0,1.0000,0.0000,0.0000,6.0000,0,0,0,0,0,0,0,0,0,3
2,L,7,0,0,21,21,0,1.0000,0.0000,0.0000,6.0000,0,0,0,0,0,0,0,0,0,4
3,L,7,0,0,21,21,0,1.0000,0.0000,0.0000,6.0000,0,0,0,0,0,0,0,0,0,5
4,L,7,0,0,21,21,0,1.0000,0.0000,0.0000,6.0000,0,0,0,0,0,0,0,0,0,6
5,L,7,0,0,21,21,0,1.0000,0.0000,0.0000,6.0000,0,0,0,0,0,0,0,0,0,7
6,L,7,0,0,21,21,0,1.0000,0.0000,0.0000,6.0000,0,0,0,0,0,0,0,0,0,8
7,L,7,0,0,21,21,0,1.0000,0.0000,0.0000,6.0000,0,0,0,0,0,0,0,0,0,9
8,L,7,0,0,21,21,0,1.0000,0.0000,0.0000,6.0000,0,0,0,0,0,0,0,0,0,10
9,L,7,0,0,21,21,0,1.0000,0.0000,0.0000,6.0000,0,0,0,0,0,0,0,0,0,10
10,L,7,0,0,21,21,0,1.0000,0.0000,0.0000,6.0000,0,0,0,0,0,0,0,0,0,11
11,L,7,0,0,21,21,0,1.0000,0.0000,0.0000,6.0000,0,0,0,0,0,0,0,0,0,12
12,L,7,0,0,21,21,0,1.0000,0.0000,0.0000,6.0000,0,0,0,0,0,0,0,0,0,12
13,L,7,0,0,21,21,0,1.0000,0.0000,0.0000,6.0000,0,0,0,0,0,0,0,0,0,13
14,L,7,0,0,21,21,0,1.0000,0.0000,0.0000,6.0000,0,0,0,0,0,0,0,0,0,13
15,L,7,0,0,21,21,0,1.0000,0.0000,0.0000,6.0000,0,0,0,0,0,0,0,0,0,14
16,L,7,0,0,21,21,0,1.0000,0.0000,0.0000,6.0000,0,0,0,0,0,0,0,0,0,14
17,L,7,0,0,21,21,1,1.0000,0.0000,0.0000,6.0000,1,0,1,0,0,0,0,0,1,16
18,L,7,0,0,21,21,1,1.0000,0.0000,0.0000,6.0000,0,0,1,0,0,0,0,0,1,17
19,L,7,0,0,21,21,1,1.0000,0.0000,0.0000,6.0000,0,0,1,0,0,0,0,0,1,17
20,L,7,0,0,21,21,1,1.0000,0.0000,0.0000,6.0000,0,0,1,0,0,0,0,0,1,19
21,L,7,0,0,21,21,1,1.0000,0.0000,0.0000,6.0000,0,0,1,0,0,0,0,0,1,20
22,L,7,0,0,21,21,1,1.0000,0.0000,0.0000,6.0000,0,0,1,0,0,0,0,0,1,20
23,L,7,0,0,21,21,2,1.0000,0.0000,0.0000,6.0000,0,0,1,0,0,0,0,0,2,22
24,L,7,0,0,21,20,2,1.0000,0.0000,0.0000,5.7143,1,0,2,0,0,0,0,0,2,24
25,L,7,0,0,21,20,2,1.0000,0.0000,0.0000,5.7143,0,0,2,0,0,0,0,0,2,25
26,L,7,0,0,21,20,2,1.0000,0.0000,0.0000,5.7143,0,0,2,0,0,0,0,0,2,28
27,L,7,0,0,21,20,2,1.0000,0.0000,0.0000,5.7143,0,0,2,0,0,0,0,0,2,31
28,L,7,0,0,21,20,2,1.0000,0.0000,0.0000,5.7143,0,0,2,0,0,0,0,0,2,34
29,L,7,0,0,21,20,2,1.0000,0.0000,0.0000,5.7143,0,0,2,0,0,0,0,0,2,34
30,L,7,0,0,21,20,2,1.0000,0.0000,0.0000,5.7143,0,0,2,0,0,0,0,0,2,34
31,L,7,0,0,21,20,2,1.0000,0.0000,0.0000,5.7143,0,0,2,0,0,0,0,0,2,34
32,L,7,0,0,21,20,2,1.0000,0.0000,0.0000,5.7143,0,0,2,0,0,0,0,0,2,34
33,L,7,0,0,21,20,2,1.0000,0.0000,0.0000,5.7143,0,0,2,0,0,0,0,0,2,36
34,L,7,0,0,21,20,2,1.0000,0.0000,0.0000,5.7143,0,0,2,0,0,0,0,0,2,37
35,L,7,0,0,21,20,2,1.0000,0.0000,0.0000,5.7143,0,0,2,0,0,0,0,0,2,38
36,L,7,0,0,21,20,2,1.0000,0.0000,0.0000,5.7143,0,0,2,0,0,0,0,0,2,39
37,L,7,0,0,21,20,2,1.0000,0.0000,0.0000,5.7143,0,0,2,0,0,0,0,0,2,39
38,L,7,0,0,21,20,2,1.0000,0.0000,0.0000,5.7143,0,0,2,0,0,0,0,0,2,41
39,L,7,0,0,21,20,2,1.0000,0.0000,0.0000,5.7143,0,0,2,0,0,0,0,0,2,43
40,L,7,0,0,21,20,2,1.0000,0.0000,0.0000,5.7143,0,0,2,0,0,0,0,0,2,44
41,L,7,0,0,21,20,2,1.0000,0.0000,0.0000,5.7143,0,0,2,0,0,0,0,0,2,45
42,L,7,0,0,21,20,2,1.0000,0.0000,0.0000,5.7143,0,0,2,0,0,0,0,0,2,46
43,L,7,0,0,21,20,2,1.0000,0.0000,0.0000,5.7143,0,0,2,0,0,0,0,0,2,48
44,L,7,0,0,21,20,3,1.0000,0.0000,0.0000,5.7143,0,0,2,0,0,0,0,0,3,48
45,L,7,0,0,21,20,3,1.0000,0.0000,0.0000,5.7143,0,0,2,0,0,0,0,0,3,48
46,L,7,0,0,21,20,3,1.0000,0.0000,0.0000,5.7143,0,0,2,0,0,0,0,0,3,48
47,L,7,0,0,21,19,3,1.0000,0.0000,0.0000,5.4286,1,0,3,0,0,0,0,0,3,49
48,L,7,0,0,21,19,3,1.0000,0.0000,0.0000,5.4286,0,0,3,0,0,0,0,0,3,49
49,L,7,0,0,21,20,3,1.0000,0.0000,0.0000,5.7143,0,0,3,0,0,0,0,0,3,51
50,L,7,0,0,21,20,3,1.0000,0.0000,0.0000,5.7143,0,0,3,0,0,0,0,0,3,52
51,L,7,0,0,21,20,3,1.0000,0.0000,0.0000,5.7143,0,0,3,0,0,0,0,0,3,54
52,L,7,0,0,21,20,3,1.0000,0.0000,0.0000,5.7143,0,0,3,0,0,0,0,0,3,54
53,L,7,0,0,21,20,3,1.0000,0.0000,0.0000,5.7143,0,0,3,0,0,0,0,0,3,55
54,L,7,0,0,21,20,3,1.0000,0.0000,0.0000,5.7143,0,0,3,0,0,0,0,0,3,57
55,L,7,0,0,21,20,3,1.0000,0.0000,0.0000,5.7143,0,0,3,0,0,0,0,0,3,57
56,L,7,0,0,21,20,3,1.0000,0.0000,0.0000,5.7143,0,0,3,0,0,0,0,0,3,57
57,L,7,0,0,21,19,3,1.0000,0.0000,0.0000,5.4286,0,0,3,0,0,0,0,0,3,57
58,L,7,0,0,21,19,3,1.0000,0.0000,0.0000,5.4286,0,0,3,0,0,0,0,0,3,57
59,L,7,0,0,21,18,3,1.0000,0.0000,0.0000,5.1429,0,0,3,0,0,0,0,0,3,57
60,L,7,0,0,21,18,3,1.0000,0.0000,0.0000,5.1429,0,0,3,0,0,0,0,0,3,58
61,L,7,0,0,21,17,3,1.0000,0.0000,0.0000,4.8571,0,0,3,0,0,0,0,0,3,59
62,L,7,0,0,21,17,3,1.0000,0.0000,0.0000,4.8571,0,0,3,0,0,0,0,0,3,60
63,L,7,0,0,21,17,3,1.0000,0.0000,0.0000,4.8571,0,0,3,0,0,0,0,0,3,61
64,L,7,0,0,21,17,3,1.0000,0.0000,0.0000,4.8571,0,0,3,0,0,0,0,0,3,62
65,L,7,0,0,21,17,3,1.0000,0.0000,0.0000,4.8571,0,0,3,0,0,0,0,0,3,64
66,L,7,0,0,21,17,3,1.0000,0.0000,0.0000,4.8571,0,0,3,0,0,0,0,0,3,66
67,L,7,0,0,21,17,3,1.0000,0.0000,0.0000,4.8571,0,0,3,0,0,0,0,0,3,67
68,L,7,0,0,21,17,3,1.0000,0.0000,0.0000,4.8571,0,0,3,0,0,0,0,0,3,68
69,L,7,0,0,21,17,3,1.0000,0.0000,0.0000,4.8571,0,0,3,0,0,0,0,0,3,69
70,L,7,0,0,21,17,3,1.0000,0.0000,0.0000,4.8571,0,0,3,0,0,0,0,0,3,70
71,L,7,0,0,21,17,3,1.0000,0.0000,0.0000,4.8571,0,0,3,0,0,0,0,0,3,70
72,L,7,0,0,20,16,3,1.0000,0.0000,0.0000,4.5714,0,0,3,0,0,0,0,0,3,72
73,L,7,0,0,20,15,3,1.0000,0.0000,0.0000,4.2857,0,0,3,0,0,0,0,0,3,73
74,L,7,0,0,20,14,3,1.0000,0.0000,0.0000,4.0000,0,0,3,0,0,0,0,0,3,74
75,L,7,0,0,20,14,3,1.0000,0.0000,0.0000,4.0000,0,0,3,0,0,0,0,0,3,75
76,L,7,0,0,19,14,3,1.0000,0.0000,0.0000,4.0000,0,0,3,0,0,0,0,0,3,76
77,L,7,0,0,20,14,3,1.0000,0.0000,0.0000,4.0000,0,0,3,0,0,0,0,0,3,77
78,L,7,0,0,19,14,3,1.0000,0.0000,0.0000,4.0000,0,0,3,0,0,0,0,0,3,78
79,L,7,0,0,19,14,3,1.0000,0.0000,0.0000,4.0000,0,0,3,0,0,0,0,0,3,79
80,L,7,0,0,19,14,3,1.0000,0.0000,0.0000,4.0000,0,0,3,0,0,0,0,0,3,80
81,L,7,0,0,19,14,3,1.0000,0.0000,0.0000,4.0000,0,0,3,0,0,0,0,0,3,81
82,L,7,0,0,19,14,3,1.0000,0.0000,0.0000,4.0000,0,0,3,0,0,0,0,0,3,83
83,L,7,0,0,19,14,3,1.0000,0.0000,0.0000,4.0000,0,0,3,0,0,0,0,0,3,84
84,L,7,0,0,20,14,3,1.0000,0.0000,0.0000,4.0000,0,0,3,0,0,0,0,0,3,85
85,L,7,0,0,20,14,3,1.0000,0.0000,0.0000,4.0000,0,0,3,0,0,0,0,0,3,86
86,L,7,0,0,20,14,3,1.0000,0.0000,0.0000,4.0000,0,0,3,0,0,0,0,0,3,87
87,L,7,0,0,20,14,3,1.0000,0.0000,0.0000,4.0000,0,0,3,0,0,0,0,0,3,88
88,L,7,0,0,20,14,3,1.0000,0.0000,0.0000,4.0000,0,0,3,0,0,0,0,0,3,89
89,L,7,0,0,20,13,3,1.0000,0.0000,0.0000,3.7143,0,0,3,0,0,0,0,0,3,90
90,L,7,0,0,20,11,3,1.0000,0.0000,0.0000,3.1429,0,0,3,0,0,0,0,0,3,91
91,L,7,0,0,20,11,3,1.0000,0.0000,0.0000,3.1429,0,0,3,0,0,0,0,0,3,93
92,L,7,0,0,20,11,3,1.0000,0.0000,0.0000,3.1429,0,0,3,0,0,0,0,0,3,94
93,L,7,0,0,20,11,3,1.0000,0.0000,0.0000,3.1429,0,0,3,0,0,0,0,0,3,95
94,L,7,0,0,18,11,3,1.0000,0.0000,0.0000,3.1429,0,0,3,0,0,0,0,0,3,96
95,L,7,0,0,19,11,3,1.0000,0.0000,0.0000,3.1429,0,0,3,0,0,0,0,0,3,97
96,L,7,0,0,20,11,3,1.0000,0.0000,0.0000,3.1429,0,0,3,0,0,0,0,0,3,98
97,L,7,0,0,18,10,3,0.8571,0.0000,0.1429,2.8571,0,0,3,0,0,0,0,0,3,101
98,L,7,0,0,19,10,3,0.8571,0.0000,0.1429,2.8571,0,0,3,0,0,0,0,0,3,102
99,L,7,0,0,20,9,3,0.8571,0.0000,0.1429,2.5714,0,0,3,0,0,0,0,0,3,103
100,L,7,0,0,19,9,3,1.0000,0.0000,0.0000,2.5714,1,0,4,0,0,0,0,1,3,107
101,L,7,0,0,19,9,3,1.0000,0.0000,0.0000,2.5714,0,0,4,0,0,0,0,1,3,108
102,L,7,0,0,19,9,3,1.0000,0.0000,0.0000,2.5714,0,0,4,0,0,0,0,1,3,108
103,L,7,0,0,19,9,3,1.0000,0.0000,0.0000,2.5714,0,0,4,0,0,0,0,1,3,108
104,L,7,0,0,19,8,3,1.0000,0.0000,0.0000,2.2857,0,0,4,0,0,0,0,1,3,109
105,L,7,0,0,19,8,3,1.0000,0.0000,0.0000,2.2857,0,0,4,0,0,0,0,1,3,109
106,L,7,0,0,19,9,3,1.0000,0.0000,0.0000,2.5714,0,0,4,0,0,0,0,1,3,110
107,L,7,0,0,19,9,3,1.0000,0.0000,0.0000,2.5714,0,0,4,0,0,0,0,1,3,110
108,L,7,0,0,20,9,3,1.0000,0.0000,0.0000,2.5714,0,0,4,0,0,0,0,1,3,111
109,L,7,0,0,20,8,3,1.0000,0.0000,0.0000,2.2857,0,0,4,0,0,0,0,1,3,111
110,L,7,0,0,20,8,3,1.0000,0.0000,0.0000,2.2857,0,0,4,0,0,0,0,1,3,112
111,L,7,0,0,19,8,3,1.0000,0.0000,0.0000,2.2857,0,0,4,0,0,0,0,1,3,112
112,L,7,0,0,19,8,3,1.0000,0.0000,0.0000,2.2857,0,0,4,0,0,0,0,1,3,114
113,L,7,0,0,21,8,3,1.0000,0.0000,0.0000,2.2857,0,0,4,0,0,0,0,1,3,114
114,L,7,0,0,21,8,3,1.0000,0.0000,0.0000,2.2857,0,0,4,0,0,0,0,1,3,115
115,L,7,0,0,19,8,3,1.0000,0.0000,0.0000,2.2857,0,0,4,0,0,0,0,1,3,118
116,L,7,0,0,19,8,3,1.0000,0.0000,0.0000,2.2857,0,0,4,0,0,0,0,1,3,118
117,L,7,0,0,20,8,3,1.0000,0.0000,0.0000,2.2857,0,0,4,0,0,0,0,1,3,118
118,L,7,0,0,21,9,3,1.0000,0.0000,0.0000,2.5714,1,0,5,0,0,0,0,2,3,120
119,L,7,0,0,20,9,3,1.0000,0.0000,0.0000,2.5714,0,0,5,0,0,0,0,2,3,120
120,L,7,0,0,19,9,3,1.0000,0.0000,0.0000,2.5714,0,0,5,0,0,0,0,2,3,122
121,L,7,0,0,19,9,3,1.0000,0.0000,0.0000,2.5714,0,0,5,0,0,0,0,2,3,122
122,L,7,0,0,18,8,3,1.0000,0.0000,0.0000,2.2857,0,0,5,0,0,0,0,2,3,123
123,L,7,0,0,18,8,3,1.0000,0.0000,0.0000,2.2857,0,0,5,0,0,0,0,2,3,123
124,L,7,0,0,18,8,3,1.0000,0.0000,0.0000,2.2857,0,0,5,0,0,0,0,2,3,123
125,L,7,0,0,16,8,3,1.0000,0.0000,0.0000,2.2857,0,0,5,0,0,0,0,2,3,123
126,L,7,0,0,15,8,3,1.0000,0.0000,0.0000,2.2857,0,0,5,0,0,0,0,2,3,123
127,L,7,0,0,15,8,3,1.0000,0.0000,0.0000,2.2857,0,0,5,0,0,0,0,2,3,126
128,L,7,0,0,15,8,3,1.0000,0.0000,0.0000,2.2857,0,0,5,0,0,0,0,2,3,127
129,L,7,0,0,16,8,3,1.0000,0.0000,0.0000,2.2857,0,0,5,0,0,0,0,2,3,128
130,L,7,0,0,16,8,3,1.0000,0.0000,0.0000,2.2857,0,0,5,0,0,0,0,2,3,129
131,L,7,0,0,17,8,3,1.0000,0.0000,0.0000,2.2857,0,0,5,0,0,0,0,2,3,132
132,L,7,0,0,18,8,3,1.0000,0.0000,0.0000,2.2857,0,0,5,0,0,0,0,2,3,133
133,L,7,0,0,17,8,3,1.0000,0.0000,0.0000,2.2857,0,0,5,0,0,0,0,2,3,134
134,L,7,0,0,16,8,3,1.0000,0.0000,0.0000,2.2857,0,0,5,0,0,0,0,2,3,136
135,L,7,0,0,15,8,3,1.0000,0.0000,0.0000,2.2857,0,0,5,0,0,0,0,2,3,137
136,L,7,0,0,16,7,3,0.8571,0.0000,0.1429,2.0000,0,0,5,0,0,0,0,2,3,137
137,L,7,0,0,16,7,3,0.8571,0.0000,0.1429,2.0000,0,0,5,0,0,0,0,2,3,137
138,L,7,0,0,14,7,3,0.8571,0.0000,0.1429,2.0000,0,0,5,0,0,0,0,2,3,139
139,L,7,0,0,14,7,3,0.8571,0.0000,0.1429,2.0000,0,0,5,0,0,0,0,2,3,139
140,L,7,0,0,16,7,3,0.8571,0.0000,0.1429,2.0000,0,0,5,0,0,0,0,2,3,141
141,L,7,0,0,18,7,3,0.8571,0.0000,0.1429,2.0000,0,0,5,0,0,0,0,2,3,141
142,L,7,0,0,16,7,3,0.8571,0.0000,0.1429,2.0000,0,0,5,0,0,0,0,2,3,142
143,L,7,0,0,15,7,3,0.8571,0.0000,0.1429,2.0000,0,0,5,0,0,0,0,2,3,143
144,L,7,0,0,15,7,3,0.8571,0.0000,0.1429,2.0000,0,0,5,0,0,0,0,2,3,144
145,L,7,0,0,16,7,3,0.8571,0.0000,0.1429,2.0000,0,0,5,0,0,0,0,2,3,146
146,L,7,0,0,15,8,3,0.8571,0.0000,0.1429,2.2857,1,0,6,0,0,0,0,3,3,148
147,L,7,0,0,16,8,3,0.8571,0.0000,0.1429,2.2857,0,0,6,0,0,0,0,3,3,149
148,L,7,0,0,16,7,3,0.8571,0.0000,0.1429,2.0000,0,0,6,0,0,0,0,3,3,150
149,L,7,0,0,14,7,3,0.8571,0.0000,0.1429,2.0000,0,0,6,0,0,0,0,3,3,151
150,L,7,0,0,15,7,3,0.8571,0.0000,0.1429,2.0000,0,0,6,0,0,0,0,3,3,153
151,L,7,0,0,15,7,3,0.8571,0.0000,0.1429,2.0000,0,0,6,0,0,0,0,3,3,154
152,L,7,0,0,16,7,3,0.8571,0.0000,0.1429,2.0000,0,0,6,0,0,0,0,3,3,155
153,L,7,0,0,14,7,3,0.8571,0.0000,0.1429,2.0000,0,0,6,0,0,0,0,3,3,157
154,L,7,0,0,13,7,3,0.8571,0.0000,0.1429,2.0000,0,0,6,0,0,0,0,3,3,158
155,L,7,0,0,13,7,3,0.8571,0.0000,0.1429,2.0000,0,0,6,0,0,0,0,3,3,159
156,L,7,0,0,13,7,3,0.8571,0.0000,0.1429,2.0000,0,0,6,0,0,0,0,3,3,160
157,L,7,0,0,14,7,3,0.8571,0.0000,0.1429,2.0000,0,0,6,0,0,0,0,3,3,161
158,L,7,0,0,12,7,3,0.8571,0.0000,0.1429,2.0000,0,0,6,0,0,0,0,3,3,164
159,L,7,0,0,13,7,3,0.8571,0.0000,0.1429,2.0000,0,0,6,0,0,0,0,3,3,165
160,L,7,0,0,13,7,3,0.8571,0.0000,0.1429,2.0000,0,0,6,0,0,0,0,3,3,169
161,L,7,0,0,14,7,3,0.8571,0.0000,0.1429,2.0000,0,0,6,0,0,0,0,3,3,169
162,L,7,0,0,14,7,3,0.8571,0.0000,0.1429,2.0000,0,0,6,0,0,0,0,3,3,169
163,L,7,0,0,14,7,3,0.8571,0.0000,0.1429,2.0000,0,0,6,0,0,0,0,3,3,170
164,L,7,0,0,13,7,3,0.8571,0.0000,0.1429,2.0000,0,0,6,0,0,0,0,3,3,172
165,L,7,0,0,13,7,3,0.8571,0.0000,0.1429,2.0000,0,0,6,0,0,0,0,3,3,172
166,L,7,0,0,15,7,3,0.8571,0.0000,0.1429,2.0000,0,0,6,0,0,0,0,3,3,172
167,L,7,0,0,16,7,3,0.8571,0.0000,0.1429,2.0000,0,0,6,0,0,0,0,3,3,174
168,L,7,0,0,13,6,3,0.8571,0.0000,0.1429,1.7143,0,0,6,0,0,0,0,3,3,175
169,L,7,0,0,15,6,3,0.8571,0.0000,0.1429,1.7143,0,0,6,0,0,0,0,3,3,175
170,L,7,0,0,14,5,3,0.7143,0.0000,0.2857,1.4286,0,0,6,0,0,0,0,3,3,175
171,L,7,0,0,17,5,3,0.7143,0.0000,0.2857,1.4286,0,0,6,0,0,0,0,3,3,175
172,L,7,0,0,17,5,3,0.7143,0.0000,0.2857,1.4286,0,0,6,0,0,0,0,3,3,175
173,L,7,0,0,17,5,3,0.7143,0.0000,0.2857,1.4286,0,0,6,0,0,0,0,3,3,175
174,L,7,0,0,16,5,3,0.7143,0.0000,0.2857,1.4286,0,0,6,0,0,0,0,3,3,175
175,L,7,0,0,18,5,3,0.7143,0.0000,0.2857,1.4286,0,0,6,0,0,0,0,3,3,175
176,L,7,0,0,17,5,3,0.7143,0.0000,0.2857,1.4286,0,0,6,0,0,0,0,3,3,176
177,L,7,0,0,18,5,3,0.7143,0.0000,0.2857,1.4286,0,0,6,0,0,0,0,3,3,177
178,L,7,0,0,16,5,3,0.7143,0.0000,0.2857,1.4286,0,0,6,0,0,0,0,3,3,178
179,L,7,0,0,17,5,3,0.7143,0.0000,0.2857,1.4286,0,0,6,0,0,0,0,3,3,178
180,L,7,0,0,15,5,3,0.7143,0.0000,0.2857,1.4286,0,0,6,0,0,0,0,3,3,178
181,L,7,0,0,17,5,3,0.7143,0.0000,0.2857,1.4286,0,0,6,0,0,0,0,3,3,180
182,L,7,0,0,15,5,3,0.7143,0.0000,0.2857,1.4286,0,0,6,0,0,0,0,3,3,181
183,L,7,0,0,15,5,3,0.7143,0.0000,0.2857,1.4286,0,0,6,0,0,0,0,3,3,182
184,L,7,0,0,17,5,3,0.7143,0.0000,0.2857,1.4286,0,0,6,0,0,0,0,3,3,183
185,L,7,0,0,17,5,3,0.7143,0.0000,0.2857,1.4286,0,0,6,0,0,0,0,3,3,186
186,L,7,0,0,17,5,3,0.7143,0.0000,0.2857,1.4286,0,0,6,0,0,0,0,3,3,186
187,L,7,0,0,15,5,3,0.7143,0.0000,0.2857,1.4286,0,0,6,0,0,0,0,3,3,187
188,L,7,0,0,13,5,3,0.7143,0.0000,0.2857,1.4286,0,0,6,0,0,0,0,3,3,188
189,L,7,0,0,14,5,3,0.7143,0.0000,0.2857,1.4286,0,0,6,0,0,0,0,3,3,189
190,L,7,0,0,15,5,3,0.7143,0.0000,0.2857,1.4286,0,0,6,0,0,0,0,3,3,190
191,L,7,0,0,16,5,3,0.7143,0.0000,0.2857,1.4286,0,0,6,0,0,0,0,3,3,191
192,L,7,0,0,19,5,3,0.7143,0.0000,0.2857,1.4286,0,0,6,0,0,0,0,3,3,191
193,L,7,0,0,18,5,3,0.7143,0.0000,0.2857,1.4286,0,0,6,0,0,0,0,3,3,191
194,L,7,0,0,18,5,3,0.7143,0.0000,0.2857,1.4286,0,0,6,0,0,0,0,3,3,193
195,L,7,0,0,13,5,3,0.7143,0.0000,0.2857,1.4286,0,0,6,0,0,0,0,3,3,194
196,L,7,0,0,17,5,3,0.7143,0.0000,0.2857,1.4286,0,0,6,0,0,0,0,3,3,195
197,L,7,0,0,14,5,3,0.7143,0.0000,0.2857,1.4286,0,0,6,0,0,0,0,3,3,196
198,L,7,0,0,15,5,3,0.7143,0.0000,0.2857,1.4286,0,0,6,0,0,0,0,3,3,196
199,L,7,0,0,15,5,3,0.7143,0.0000,0.2857,1.4286,0,0,6,0,0,0,0,3,3,197
200,L,7,0,0,14,5,3,0.7143,0.0000,0.2857,1.4286,0,0,6,0,0,0,0,3,3,197
201,L,7,0,0,13,5,3,0.7143,0.0000,0.2857,1.4286,0,0,6,0,0,0,0,3,3,199
202,L,7,0,0,11,5,3,0.7143,0.0000,0.2857,1.4286,0,0,6,0,0,0,0,3,3,200
203,L,7,0,0,11,5,3,0.7143,0.0000,0.2857,1.4286,0,0,6,0,0,0,0,3,3,200
204,L,7,0,0,11,5,3,0.7143,0.0000,0.2857,1.4286,0,0,6,0,0,0,0,3,3,200
205,L,7,0,0,14,5,3,0.7143,0.0000,0.2857,1.4286,0,0,6,0,0,0,0,3,3,200
206,L,7,0,0,14,5,3,0.7143,0.0000,0.2857,1.4286,0,0,6,0,0,0,0,3,3,201
207,L,7,0,0,14,5,3,0.7143,0.0000,0.2857,1.4286,0,0,6,0,0,0,0,3,3,202
208,L,7,0,0,14,5,3,0.7143,0.0000,0.2857,1.4286,0,0,6,0,0,0,0,3,3,202
209,L,7,0,0,13,5,3,0.7143,0.0000,0.2857,1.4286,0,0,6,0,0,0,0,3,3,203
210,L,7,0,0,15,5,3,0.7143,0.0000,0.2857,1.4286,0,0,6,0,0,0,0,3,3,204
211,L,7,0,0,13,5,3,0.7143,0.0000,0.2857,1.4286,0,0,6,0,0,0,0,3,3,205
212,L,7,0,0,13,5,3,0.7143,0.0000,0.2857,1.4286,0,0,6,0,0,0,0,3,3,206
213,L,7,0,0,15,4,3,0.5714,0.0000,0.4286,1.1429,0,0,6,0,0,0,0,3,3,207
214,L,7,0,0,13,4,3,0.5714,0.0000,0.4286,1.1429,0,0,6,0,0,0,0,3,3,208
215,L,7,0,0,17,4,3,0.5714,0.0000,0.4286,1.1429,0,0,6,0,0,0,0,3,3,208
216,L,7,0,0,15,4,3,0.5714,0.0000,0.4286,1.1429,0,0,6,0,0,0,0,3,3,208
217,L,7,0,0,15,4,3,0.5714,0.0000,0.4286,1.1429,0,0,6,0,0,0,0,3,3,208
218,L,7,0,0,16,4,3,0.5714,0.0000,0.4286,1.1429,0,0,6,0,0,0,0,3,3,208
219,L,7,0,0,14,4,3,0.5714,0.0000,0.4286,1.1429,0,0,6,0,0,0,0,3,3,211
220,L,7,0,0,12,4,3,0.5714,0.0000,0.4286,1.1429,0,0,6,0,0,0,0,3,3,211
221,L,7,0,0,14,4,3,0.5714,0.0000,0.4286,1.1429,0,0,6,0,0,0,0,3,3,211
222,L,7,0,0,17,4,3,0.5714,0.0000,0.4286,1.1429,0,0,6,0,0,0,0,3,3,211
223,L,7,0,0,19,4,3,0.5714,0.0000,0.4286,1.1429,0,0,6,0,0,0,0,3,3,212
224,L,7,0,0,18,4,3,0.5714,0.0000,0.4286,1.1429,0,0,6,0,0,0,0,3,3,212
225,L,7,0,0,16,4,3,0.5714,0.0000,0.4286,1.1429,0,0,6,0,0,0,0,3,3,212
226,L,7,0,0,16,4,3,0.5714,0.0000,0.4286,1.1429,0,0,6,0,0,0,0,3,3,213
227,L,7,0,0,15,4,3,0.5714,0.0000,0.4286,1.1429,0,0,6,0,0,0,0,3,3,214
228,L,7,0,0,15,4,3,0.5714,0.0000,0.4286,1.1429,0,0,6,0,0,0,0,3,3,214
229,L,7,0,0,16,4,3,0.5714,0.0000,0.4286,1.1429,0,0,6,0,0,0,0,3,3,214
230,L,7,0,0,17,4,3,0.5714,0.0000,0.4286,1.1429,0,0,6,0,0,0,0,3,3,214
231,L,7,0,0,16,4,3,0.5714,0.0000,0.4286,1.1429,0,0,6,0,0,0,0,3,3,214
232,L,7,0,0,16,4,3,0.5714,0.0000,0.4286,1.1429,0,0,6,0,0,0,0,3,3,216
233,L,7,0,0,16,4,3,0.5714,0.0000,0.4286,1.1429,0,0,6,0,0,0,0,3,3,216
234,L,7,0,0,15,4,3,0.5714,0.0000,0.4286,1.1429,0,0,6,0,0,0,0,3,3,217
235,L,7,0,0,14,4,3,0.5714,0.0000,0.4286,1.1429,0,0,6,0,0,0,0,3,3,217
236,L,7,0,0,18,4,3,0.5714,0.0000,0.4286,1.1429,0,0,6,0,0,0,0,3,3,217
237,L,7,0,0,16,4,3,0.5714,0.0000,0.4286,1.1429,0,0,6,0,0,0,0,3,3,217
238,L,7,0,0,14,4,3,0.5714,0.0000,0.4286,1.1429,0,0,6,0,0,0,0,3,3,220
239,L,7,0,0,14,4,3,0.5714,0.0000,0.4286,1.1429,0,0,6,0,0,0,0,3,3,221
240,L,7,0,0,16,4,3,0.5714,0.0000,0.4286,1.1429,0,0,6,0,0,0,0,3,3,222
241,L,7,0,0,15,4,3,0.5714,0.0000,0.4286,1.1429,0,0,6,0,0,0,0,3,3,223
242,L,7,0,0,16,4,3,0.5714,0.0000,0.4286,1.1429,0,0,6,0,0,0,0,3,3,224
243,L,7,0,0,17,4,3,0.5714,0.0000,0.4286,1.1429,0,0,6,0,0,0,0,3,3,225
244,L,7,0,0,16,4,3,0.5714,0.0000,0.4286,1.1429,0,0,6,0,0,0,0,3,3,227
245,L,7,0,0,13,4,3,0.5714,0.0000,0.4286,1.1429,0,0,6,0,0,0,0,3,3,228
246,L,7,0,0,16,4,3,0.5714,0.0000,0.4286,1.1429,0,0,6,0,0,0,0,3,3,230
247,L,7,0,0,15,4,3,0.5714,0.0000,0.4286,1.1429,0,0,6,0,0,0,0,3,3,231
248,L,7,0,0,16,4,3,0.5714,0.0000,0.4286,1.1429,0,0,6,0,0,0,0,3,3,232
249,L,7,0,0,19,4,3,0.5714,0.0000,0.4286,1.1429,0,0,6,0,0,0,0,3,3,233
250,L,7,0,0,15,4,3,0.5714,0.0000,0.4286,1.1429,0,0,6,0,0,0,0,3,3,234
251,L,7,0,0,15,4,3,0.5714,0.0000,0.4286,1.1429,0,0,6,0,0,0,0,3,3,235
252,L,7,0,0,14,4,3,0.5714,0.0000,0.4286,1.1429,0,0,6,0,0,0,0,3,3,236
253,L,7,0,0,15,4,3,0.5714,0.0000,0.4286,1.1429,0,0,6,0,0,0,0,3,3,237
254,L,7,0,0,15,4,3,0.5714,0.0000,0.4286,1.1429,0,0,6,0,0,0,0,3,3,238
255,L,7,0,0,14,4,3,0.5714,0.0000,0.4286,1.1429,0,0,6,0,0,0,0,3,3,239
256,L,7,0,0,17,4,3,0.5714,0.0000,0.4286,1.1429,0,0,6,0,0,0,0,3,3,240
257,L,7,0,0,14,4,3,0.5714,0.0000,0.4286,1.1429,0,0,6,0,0,0,0,3,3,241
258,L,7,0,0,14,4,3,0.5714,0.0000,0.4286,1.1429,0,0,6,0,0,0,0,3,3,242
259,L,7,0,0,15,4,3,0.5714,0.0000,0.4286,1.1429,0,0,6,0,0,0,0,3,3,243
260,L,7,0,0,15,4,3,0.5714,0.0000,0.4286,1.1429,0,0,6,0,0,0,0,3,3,244
261,L,7,0,0,14,4,3,0.5714,0.0000,0.4286,1.1429,0,0,6,0,0,0,0,3,3,245
262,L,7,0,0,13,4,3,0.5714,0.0000,0.4286,1.1429,0,0,6,0,0,0,0,3,3,246
263,L,7,0,0,12,4,3,0.5714,0.0000,0.4286,1.1429,0,0,6,0,0,0,0,3,3,249
264,L,7,0,0,12,4,3,0.5714,0.0000,0.4286,1.1429,0,0,6,0,0,0,0,3,3,250
265,L,7,0,0,12,4,3,0.5714,0.0000,0.4286,1.1429,0,0,6,0,0,0,0,3,3,251
266,L,7,0,0,13,4,3,0.5714,0.0000,0.4286,1.1429,0,0,6,0,0,0,0,3,3,252
267,L,7,0,0,11,4,3,0.5714,0.0000,0.4286,1.1429,0,0,6,0,0,0,0,3,3,254
268,L,7,0,0,13,4,3,0.5714,0.0000,0.4286,1.1429,0,0,6,0,0,0,0,3,3,255
269,L,7,0,0,11,4,3,0.5714,0.0000,0.4286,1.1429,0,0,6,0,0,0,0,3,3,257
270,L,7,0,0,11,4,3,0.5714,0.0000,0.4286,1.1429,0,0,6,0,0,0,0,3,3,260
271,L,7,0,0,11,4,3,0.5714,0.0000,0.4286,1.1429,0,0,6,0,0,0,0,3,3,261
272,L,7,0,0,11,4,3,0.5714,0.0000,0.4286,1.1429,0,0,6,0,0,0,0,3,3,262
273,L,7,0,0,11,4,3,0.5714,0.0000,0.4286,1.1429,0,0,6,0,0,0,0,3,3,263
274,L,7,0,0,10,4,3,0.5714,0.0000,0.4286,1.1429,0,0,6,0,0,0,0,3,3,265
275,L,7,0,0,11,4,3,0.5714,0.0000,0.4286,1.1429,0,0,6,0,0,0,0,3,3,266
276,L,7,0,0,10,4,3,0.5714,0.0000,0.4286,1.1429,0,0,6,0,0,0,0,3,3,267
277,L,7,0,0,9,4,3,0.5714,0.0000,0.4286,1.1429,0,0,6,0,0,0,0,3,3,268
278,L,7,0,0,12,4,3,0.5714,0.0000,0.4286,1.1429,0,0,6,0,0,0,0,3,3,269
279,L,7,0,0,12,4,3,0.5714,0.0000,0.4286,1.1429,0,0,6,0,0,0,0,3,3,270
280,L,7,0,0,12,4,3,0.5714,0.0000,0.4286,1.1429,0,0,6,0,0,0,0,3,3,271
281,L,7,0,0,15,4,3,0.5714,0.0000,0.4286,1.1429,0,0,6,0,0,0,0,3,3,272
282,L,7,0,0,14,4,3,0.5714,0.0000,0.4286,1.1429,0,0,6,0,0,0,0,3,3,273
283,L,7,0,0,17,4,3,0.5714,0.0000,0.4286,1.1429,0,0,6,0,0,0,0,3,3,274
284,L,7,0,0,15,4,3,0.5714,0.0000,0.4286,1.1429,0,0,6,0,0,0,0,3,3,275
285,L,7,0,0,15,4,3,0.5714,0.0000,0.4286,1.1429,0,0,6,0,0,0,0,3,3,276
286,L,7,0,0,14,4,3,0.5714,0.0000,0.4286,1.1429,0,0,6,0,0,0,0,3,3,279
287,L,8,1,0,16,5,3,0.6250,0.0000,0.3750,1.2500,0,0,6,0,0,0,0,3,3,281
288,L,8,1,0,19,5,3,0.6250,0.0000,0.3750,1.2500,0,0,6,0,0,0,0,3,3,282
289,L,9,2,0,25,6,3,0.6667,0.0000,0.3333,1.3333,0,0,6,0,0,0,0,3,3,284
290,L,9,2,0,28,6,3,0.6667,0.0000,0.3333,1.3333,0,0,6,0,0,0,0,3,3,285
291,L,10,3,0,30,7,3,0.6000,0.2000,0.2000,1.4000,0,0,6,0,0,0,0,3,3,288
292,L,10,3,0,30,7,3,0.6000,0.2000,0.2000,1.4000,0,0,6,0,0,0,0,3,3,289
293,L,11,4,0,35,9,3,0.6364,0.1818,0.1818,1.6364,1,0,7,0,0,0,0,4,3,294
294,L,11,4,0,36,9,3,0.6364,0.1818,0.1818,1.6364,0,0,7,0,0,0,0,4,3,295
295,L,12,5,0,48,12,3,0.7500,0.1667,0.0833,2.0000,1,0,8,0,0,0,0,6,3,298
296,L,12,5,0,54,12,3,0.7500,0.1667,0.0833,2.0000,0,0,8,0,0,0,0,6,3,299
297,L,12,5,0,41,15,3,0.7500,0.1667,0.0833,2.5000,1,0,9,0,0,0,0,9,3,301
298,L,12,5,0,44,15,3,0.7500,0.1667,0.0833,2.5000,0,0,9,0,0,0,0,9,3,302
299,L,10,5,2,35,12,2,0.9000,0.0000,0.1000,2.4000,1,3,10,0,0,0,0,11,3,310
300,L,9,5,3,24,9,2,0.7778,0.0000,0.2222,2.0000,0,2,10,0,0,0,0,12,3,314
301,L,9,5,3,25,9,2,0.7778,0.0000,0.2222,2.0000,0,0,10,0,0,0,0,12,3,317
302,L,9,5,3,23,9,3,0.7778,0.0000,0.2222,2.0000,1,0,11,0,0,0,0,12,4,319
303,L,7,5,5,14,6,4,0.7143,0.0000,0.2857,1.7143,0,2,11,0,0,0,0,12,6,325
304,L,6,5,6,18,7,4,0.6667,0.0000,0.3333,2.3333,0,0,11,0,0,0,0,13,6,327
305,L,6,5,6,9,4,2,0.6667,0.0000,0.3333,1.3333,0,2,11,0,0,0,0,13,6,331
306,L,3,5,9,1,0,0,0.3333,0.0000,1.0000,0.0000,0,3,11,0,0,0,0,13,6,338
307,L,0,5,12,0,0,0,0.0000,0.0000,0.0000,0.0000,0,0,11,0,0,0,0,13,6,344
308,L,0,5,12,0,0,0,0.0000,0.0000,0.0000,0.0000,0,0,11,0,0,0,0,13,6,345
309,L,0,5,12,0,0,0,0.0000,0.0000,0.0000,0.0000,0,0,11,0,0,0,0,13,6,347
310,L,0,5,12,0,0,0,0.0000,0.0000,0.0000,0.0000,0,0,11,0,0,0,0,13,6,348
311,L,0,5,12,0,0,0,0.0000,0.0000,0.0000,0.0000,0,0,11,0,0,0,0,13,6,350
312,L,0,5,12,0,0,0,0.0000,0.0000,0.0000,0.0000,0,0,11,0,0,0,0,13,6,351
313,L,0,5,12,0,0,0,0.0000,0.0000,0.0000,0.0000,0,0,11,0,0,0,0,13,6,353
314,L,0,5,12,0,0,0,0.0000,0.0000,0.0000,0.0000,0,0,11,0,0,0,0,13,6,354
315,L,0,5,12,0,0,0,0.0000,0.0000,0.0000,0.0000,0,0,11,0,0,0,0,13,6,356
316,L,0,5,12,0,0,0,0.0000,0.0000,0.0000,0.0000,0,0,11,0,0,0,0,13,6,357
317,L,0,5,12,0,0,0,0.0000,0.0000,0.0000,0.0000,0,0,11,0,0,0,0,13,6,359
318,L,0,5,12,0,0,0,0.0000,0.0000,0.0000,0.0000,0,0,11,0,0,0,0,13,6,360
319,L,0,5,12,0,0,0,0.0000,0.0000,0.0000,0.0000,0,0,11,0,0,0,0,13,6,362
320,L,0,5,12,0,0,0,0.0000,0.0000,0.0000,0.0000,0,0,11,0,0,0,0,13,6,363
321,L,0,5,12,0,0,0,0.0000,0.0000,0.0000,0.0000,0,0,11,0,0,0,0,13,6,365
322,L,0,5,12,0,0,0,0.0000,0.0000,0.0000,0.0000,0,0,11,0,0,0,0,13,6,366
323,L,0,5,12,0,0,0,0.0000,0.0000,0.0000,0.0000,0,0,11,0,0,0,0,13,6,368
324,L,0,5,12,0,0,0,0.0000,0.0000,0.0000,0.0000,0,0,11,0,0,0,0,13,6,369
325,L,0,5,12,0,0,0,0.0000,0.0000,0.0000,0.0000,0,0,11,0,0,0,0,13,6,371
326,L,0,5,12,0,0,0,0.0000,0.0000,0.0000,0.0000,0,0,11,0,0,0,0,13,6,372
327,L,0,5,12,0,0,0,0.0000,0.0000,0.0000,0.0000,0,0,11,0,0,0,0,13,6,374
328,L,0,5,12,0,0,0,0.0000,0.0000,0.0000,0.0000,0,0,11,0,0,0,0,13,6,375
329,L,0,5,12,0,0,0,0.0000,0.0000,0.0000,0.0000,0,0,11,0,0,0,0,13,6,377
330,L,0,5,12,0,0,0,0.0000,0.0000,0.0000,0.0000,0,0,11,0,0,0,0,13,6,378
331,L,0,5,12,0,0,0,0.0000,0.0000,0.0000,0.0000,0,0,11,0,0,0,0,13,6,380
332,L,0,5,12,0,0,0,0.0000,0.0000,0.0000,0.0000,0,0,11,0,0,0,0,13,6,381
333,L,0,5,12,0,0,0,0.0000,0.0000,0.0000,0.0000,0,0,11,0,0,0,0,13,6,383
334,L,0,5,12,0,0,0,0.0000,0.0000,0.0000,0.0000,0,0,11,0,0,0,0,13,6,384
335,L,0,5,12,0,0,0,0.0000,0.0000,0.0000,0.0000,0,0,11,0,0,0,0,13,6,386
336,L,0,5,12,0,0,0,0.0000,0.0000,0.0000,0.0000,0,0,11,0,0,0,0,13,6,387
337,L,0,5,12,0,0,0,0.0000,0.0000,0.0000,0.0000,0,0,11,0,0,0,0,13,6,389
338,L,0,5,12,0,0,0,0.0000,0.0000,0.0000,0.0000,0,0,11,0,0,0,0,13,6,390
339,L,0,5,12,0,0,0,0.0000,0.0000,0.0000,0.0000,0,0,11,0,0,0,0,13,6,392
340,L,0,5,12,0,0,0,0.0000,0.0000,0.0000,0.0000,0,0,11,0,0,0,0,13,6,393
341,L,0,5,12,0,0,0,0.0000,0.0000,0.0000,0.0000,0,0,11,0,0,0,0,13,6,395
342,L,0,5,12,0,0,0,0.0000,0.0000,0.0000,0.0000,0,0,11,0,0,0,0,13,6,396
343,L,0,5,12,0,0,0,0.0000,0.0000,0.0000,0.0000,0,0,11,0,0,0,0,13,6,398
344,L,0,5,12,0,0,0,0.0000,0.0000,0.0000,0.0000,0,0,11,0,0,0,0,13,6,399
345,L,0,5,12,0,0,0,0.0000,0.0000,0.0000,0.0000,0,0,11,0,0,0,0,13,6,401
346,L,0,5,12,0,0,0,0.0000,0.0000,0.0000,0.0000,0,0,11,0,0,0,0,13,6,402
347,L,0,5,12,0,0,0,0.0000,0.0000,0.0000,0.0000,0,0,11,0,0,0,0,13,6,404
348,L,0,5,12,0,0,0,0.0000,0.0000,0.0000,0.0000,0,0,11,0,0,0,0,13,6,405
349,L,0,5,12,0,0,0,0.0000,0.0000,0.0000,0.0000,0,0,11,0,0,0,0,13,6,407
350,L,0,5,12,0,0,0,0.0000,0.0000,0.0000,0.0000,0,0,11,0,0,0,0,13,6,408
351,L,0,5,12,0,0,0,0.0000,0.0000,0.0000,0.0000,0,0,11,0,0,0,0,13,6,410
352,L,0,5,12,0,0,0,0.0000,0.0000,0.0000,0.0000,0,0,11,0,0,0,0,13,6,411
353,L,0,5,12,0,0,0,0.0000,0.0000,0.0000,0.0000,0,0,11,0,0,0,0,13,6,413
354,L,0,5,12,0,0,0,0.0000,0.0000,0.0000,0.0000,0,0,11,0,0,0,0,13,6,414
355,L,0,5,12,0,0,0,0.0000,0.0000,0.0000,0.0000,0,0,11,0,0,0,0,13,6,416
356,L,0,5,12,0,0,0,0.0000,0.0000,0.0000,0.0000,0,0,11,0,0,0,0,13,6,417
357,L,0,5,12,0,0,0,0.0000,0.0000,0.0000,0.0000,0,0,11,0,0,0,0,13,6,419
358,L,0,5,12,0,0,0,0.0000,0.0000,0.0000,0.0000,0,0,11,0,0,0,0,13,6,420
359,L,0,5,12,0,0,0,0.0000,0.0000,0.0000,0.0000,0,0,11,0,0,0,0,13,6,422
360,L,0,5,12,0,0,0,0.0000,0.0000,0.0000,0.0000,0,0,11,0,0,0,0,13,6,423
361,L,0,5,12,0,0,0,0.0000,0.0000,0.0000,0.0000,0,0,11,0,0,0,0,13,6,425
362,L,0,5,12,0,0,0,0.0000,0.0000,0.0000,0.0000,0,0,11,0,0,0,0,13,6,426
363,L,0,5,12,0,0,0,0.0000,0.0000,0.0000,0.0000,0,0,11,0,0,0,0,13,6,428
364,L,0,5,12,0,0,0,0.0000,0.0000,0.0000,0.0000,0,0,11,0,0,0,0,13,6,429
365,L,0,5,12,0,0,0,0.0000,0.0000,0.0000,0.0000,0,0,11,0,0,0,0,13,6,431
366,L,0,5,12,0,0,0,0.0000,0.0000,0.0000,0.0000,0,0,11,0,0,0,0,13,6,432
367,L,0,5,12,0,0,0,0.0000,0.0000,0.0000,0.0000,0,0,11,0,0,0,0,13,6,434
368,L,0,5,12,0,0,0,0.0000,0.0000,0.0000,0.0000,0,0,11,0,0,0,0,13,6,435
369,L,0,5,12,0,0,0,0.0000,0.0000,0.0000,0.0000,0,0,11,0,0,0,0,13,6,437
370,L,0,5,12,0,0,0,0.0000,0.0000,0.0000,0.0000,0,0,11,0,0,0,0,13,6,438
371,L,0,5,12,0,0,0,0.0000,0.0000,0.0000,0.0000,0,0,11,0,0,0,0,13,6,440
372,L,0,5,12,0,0,0,0.0000,0.0000,0.0000,0.0000,0,0,11,0,0,0,0,13,6,441
373,L,0,5,12,0,0,0,0.0000,0.0000,0.0000,0.0000,0,0,11,0,0,0,0,13,6,443
374,L,0,5,12,0,0,0,0.0000,0.0000,0.0000,0.0000,0,0,11,0,0,0,0,13,6,444
375,L,0,5,12,0,0,0,0.0000,0.0000,0.0000,0.0000,0,0,11,0,0,0,0,13,6,446
376,L,0,5,12,0,0,0,0.0000,0.0000,0.0000,0.0000,0,0,11,0,0,0,0,13,6,447
377,L,0,5,12,0,0,0,0.0000,0.0000,0.0000,0.0000,0,0,11,0,0,0,0,13,6,449
378,L,0,5,12,0,0,0,0.0000,0.0000,0.0000,0.0000,0,0,11,0,0,0,0,13,6,450
379,L,0,5,12,0,0,0,0.0000,0.0000,0.0000,0.0000,0,0,11,0,0,0,0,13,6,452
380,L,0,5,12,0,0,0,0.0000,0.0000,0.0000,0.0000,0,0,11,0,0,0,0,13,6,453
381,L,0,5,12,0,0,0,0.0000,0.0000,0.0000,0.0000,0,0,11,0,0,0,0,13,6,455
382,L,0,5,12,0,0,0,0.0000,0.0000,0.0000,0.0000,0,0,11,0,0,0,0,13,6,456
383,L,0,5,12,0,0,0,0.0000,0.0000,0.0000,0.0000,0,0,11,0,0,0,0,13,6,458
384,L,0,5,12,0,0,0,0.0000,0.0000,0.0000,0.0000,0,0,11,0,0,0,0,13,6,459
385,L,0,5,12,0,0,0,0.0000,0.0000,0.0000,0.0000,0,0,11,0,0,0,0,13,6,461
386,L,0,5,12,0,0,0,0.0000,0.0000,0.0000,0.0000,0,0,11,0,0,0,0,13,6,462
387,L,0,5,12,0,0,0,0.0000,0.0000,0.0000,0.0000,0,0,11,0,0,0,0,13,6,464
388,L,0,5,12,0,0,0,0.0000,0.0000,0.0000,0.0000,0,0,11,0,0,0,0,13,6,465
389,L,0,5,12,0,0,0,0.0000,0.0000,0.0000,0.0000,0,0,11,0,0,0,0,13,6,467
390,L,0,5,12,0,0,0,0.0000,0.0000,0.0000,0.0000,0,0,11,0,0,0,0,13,6,468
391,L,0,5,12,0,0,0,0.0000,0.0000,0.0000,0.0000,0,0,11,0,0,0,0,13,6,470
392,L,0,5,12,0,0,0,0.0000,0.0000,0.0000,0.0000,0,0,11,0,0,0,0,13,6,471
393,L,0,5,12,0,0,0,0.0000,0.0000,0.0000,0.0000,0,0,11,0,0,0,0,13,6,473
394,L,0,5,12,0,0,0,0.0000,0.0000,0.0000,0.0000,0,0,11,0,0,0,0,13,6,474
395,L,0,5,12,0,0,0,0.0000,0.0000,0.0000,0.0000,0,0,11,0,0,0,0,13,6,476
396,L,0,5,12,0,0,0,0.0000,0.0000,0.0000,0.0000,0,0,11,0,0,0,0,13,6,477
397,L,0,5,12,0,0,0,0.0000,0.0000,0.0000,0.0000,0,0,11,0,0,0,0,13,6,479
398,L,0,5,12,0,0,0,0.0000,0.0000,0.0000,0.0000,0,0,11,0,0,0,0,13,6,480
399,L,0,5,12,0,0,0,0.0000,0.0000,0.0000,0.0000,0,0,11,0,0,0,0,13,6,482
400,L,0,5,12,0,0,0,0.0000,0.0000,0.0000,0.0000,0,0,11,0,0,0,0,13,6,483
401,L,0,5,12,0,0,0,0.0000,0.0000,0.0000,0.0000,0,0,11,0,0,0,0,13,6,485
402,L,0,5,12,0,0,0,0.0000,0.0000,0.0000,0.0000,0,0,11,0,0,0,0,13,6,486
403,L,0,5,12,0,0,0,0.0000,0.0000,0.0000,0.0000,0,0,11,0,0,0,0,13,6,488
404,L,0,5,12,0,0,0,0.0000,0.0000,0.0000,0.0000,0,0,11,0,0,0,0,13,6,489
405,L,0,5,12,0,0,0,0.0000,0.0000,0.0000,0.0000,0,0,11,0,0,0,0,13,6,491
406,L,0,5,12,0,0,0,0.0000,0.0000,0.0000,0.0000,0,0,11,0,0,0,0,13,6,492
407,L,0,5,12,0,0,0,0.0000,0.0000,0.0000,0.0000,0,0,11,0,0,0,0,13,6,494
408,L,0,5,12,0,0,0,0.0000,0.0000,0.0000,0.0000,0,0,11,0,0,0,0,13,6,495
409,L,0,5,12,0,0,0,0.0000,0.0000,0.0000,0.0000,0,0,11,0,0,0,0,13,6,497
410,L,0,5,12,0,0,0,0.0000,0.0000,0.0000,0.0000,0,0,11,0,0,0,0,13,6,498
411,L,0,5,12,0,0,0,0.0000,0.0000,0.0000,0.0000,0,0,11,0,0,0,0,13,6,500
412,L,0,5,12,0,0,0,0.0000,0.0000,0.0000,0.0000,0,0,11,0,0,0,0,13,6,500
413,L,0,5,12,0,0,0,0.0000,0.0000,0.0000,0.0000,0,0,11,0,0,0,0,13,6,500
414,L,0,5,12,0,0,0,0.0000,0.0000,0.0000,0.0000,0,0,11,0,0,0,0,13,6,500
415,L,0,5,12,0,0,0,0.0000,0.0000,0.0000,0.0000,0,0,11,0,0,0,0,13,6,500
416,L,0,5,12,0,0,0,0.0000,0.0000,0.0000,0.0000,0,0,11,0,0,0,0,13,6,500
417,L,0,5,12,0,0,0,0.0000,0.0000,0.0000,0.0000,0,0,11,0,0,0,0,13,6,500
418,L,0,5,12,0,0,0,0.0000,0.0000,0.0000,0.0000,0,0,11,0,0,0,0,13,6,500
419,L,0,5,12,0,0,0,0.0000,0.0000,0.0000,0.0000,0,0,11,0,0,0,0,13,6,500
420,L,0,5,12,0,0,0,0.0000,0.0000,0.0000,0.0000,0,0,11,0,0,0,0,13,6,500
421,L,0,5,12,0,0,0,0.0000,0.0000,0.0000,0.0000,0,0,11,0,0,0,0,13,6,500
422,L,0,5,12,0,0,0,0.0000,0.0000,0.0000,0.0000,0,0,11,0,0,0,0,13,6,500
423,L,0,5,12,0,0,0,0.0000,0.0000,0.0000,0.0000,0,0,11,0,0,0,0,13,6,500
424,L,0,5,12,0,0,0,0.0000,0.0000,0.0000,0.0000,0,0,11,0,0,0,0,13,6,500
425,L,0,5,12,0,0,0,0.0000,0.0000,0.0000,0.0000,0,0,11,0,0,0,0,13,6,500
426,L,0,5,12,0,0,0,0.0000,0.0000,0.0000,0.0000,0,0,11,0,0,0,0,13,6,500
427,L,0,5,12,0,0,0,0.0000,0.0000,0.0000,0.0000,0,0,11,0,0,0,0,13,6,500
428,L,0,5,12,0,0,0,0.0000,0.0000,0.0000,0.0000,0,0,11,0,0,0,0,13,6,500
429,L,0,5,12,0,0,0,0.0000,0.0000,0.0000,0.0000,0,0,11,0,0,0,0,13,6,500
430,L,0,5,12,0,0,0,0.0000,0.0000,0.0000,0.0000,0,0,11,0,0,0,0,13,6,500
431,L,0,5,12,0,0,0,0.0000,0.0000,0.0000,0.0000,0,0,11,0,0,0,0,13,6,500
432,L,0,5,12,0,0,0,0.0000,0.0000,0.0000,0.0000,0,0,11,0,0,0,0,13,6,500
433,L,0,5,12,0,0,0,0.0000,0.0000,0.0000,0.0000,0,0,11,0,0,0,0,13,6,500
434,L,0,5,12,0,0,0,0.0000,0.0000,0.0000,0.0000,0,0,11,0,0,0,0,13,6,500
435,L,0,5,12,0,0,0,0.0000,0.0000,0.0000,0.0000,0,0,11,0,0,0,0,13,6,500
436,L,0,5,12,0,0,0,0.0000,0.0000,0.0000,0.0000,0,0,11,0,0,0,0,13,6,500
437,L,0,5,12,0,0,0,0.0000,0.0000,0.0000,0.0000,0,0,11,0,0,0,0,13,6,500
438,L,0,5,12,0,0,0,0.0000,0.0000,0.0000,0.0000,0,0,11,0,0,0,0,13,6,500
439,L,0,5,12,0,0,0,0.0000,0.0000,0.0000,0.0000,0,0,11,0,0,0,0,13,6,500
440,L,0,5,12,0,0,0,0.0000,0.0000,0.0000,0.0000,0,0,11,0,0,0,0,13,6,500
441,L,0,5,12,0,0,0,0.0000,0.0000,0.0000,0.0000,0,0,11,0,0,0,0,13,6,500
442,L,0,5,12,0,0,0,0.0000,0.0000,0.0000,0.0000,0,0,11,0,0,0,0,13,6,500
443,L,0,5,12,0,0,0,0.0000,0.0000,0.0000,0.0000,0,0,11,0,0,0,0,13,6,500
444,L,0,5,12,0,0,0,0.0000,0.0000,0.0000,0.0000,0,0,11,0,0,0,0,13,6,500
445,L,0,5,12,0,0,0,0.0000,0.0000,0.0000,0.0000,0,0,11,0,0,0,0,13,6,500
446,L,0,5,12,0,0,0,0.0000,0.0000,0.0000,0.0000,0,0,11,0,0,0,0,13,6,500
447,L,0,5,12,0,0,0,0.0000,0.0000,0.0000,0.0000,0,0,11,0,0,0,0,13,6,500
448,L,0,5,12,0,0,0,0.0000,0.0000,0.0000,0.0000,0,0,11,0,0,0,0,13,6,500
449,L,0,5,12,0,0,0,0.0000,0.0000,0.0000,0.0000,0,0,11,0,0,0,0,13,6,500
450,L,0,5,12,0,0,0,0.0000,0.0000,0.0000,0.0000,0,0,11,0,0,0,0,13,6,500
451,L,0,5,12,0,0,0,0.0000,0.0000,0.0000,0.0000,0,0,11,0,0,0,0,13,6,500
452,L,0,5,12,0,0,0,0.0000,0.0000,0.0000,0.0000,0,0,11,0,0,0,0,13,6,500
453,L,0,5,12,0,0,0,0.0000,0.0000,0.0000,0.0000,0,0,11,0,0,0,0,13,6,500
454,L,0,5,12,0,0,0,0.0000,0.0000,0.0000,0.0000,0,0,11,0,0,0,0,13,6,500
455,L,0,5,12,0,0,0,0.0000,0.0000,0.0000,0.0000,0,0,11,0,0,0,0,13,6,500
456,L,0,5,12,0,0,0,0.0000,0.0000,0.0000,0.0000,0,0,11,0,0,0,0,13,6,500
457,L,0,5,12,0,0,0,0.0000,0.0000,0.0000,0.0000,0,0,11,0,0,0,0,13,6,500
458,L,0,5,12,0,0,0,0.0000,0.0000,0.0000,0.0000,0,0,11,0,0,0,0,13,6,500
459,L,0,5,12,0,0,0,0.0000,0.0000,0.0000,0.0000,0,0,11,0,0,0,0,13,6,500
460,L,0,5,12,0,0,0,0.0000,0.0000,0.0000,0.0000,0,0,11,0,0,0,0,13,6,500
461,L,0,5,12,0,0,0,0.0000,0.0000,0.0000,0.0000,0,0,11,0,0,0,0,13,6,500
462,L,0,5,12,0,0,0,0.0000,0.0000,0.0000,0.0000,0,0,11,0,0,0,0,13,6,500
463,L,0,5,12,0,0,0,0.0000,0.0000,0.0000,0.0000,0,0,11,0,0,0,0,13,6,500
464,L,0,5,12,0,0,0,0.0000,0.0000,0.0000,0.0000,0,0,11,0,0,0,0,13,6,500
465,L,0,5,12,0,0,0,0.0000,0.0000,0.0000,0.0000,0,0,11,0,0,0,0,13,6,500
466,L,0,5,12,0,0,0,0.0000,0.0000,0.0000,0.0000,0,0,11,0,0,0,0,13,6,500
467,L,0,5,12,0,0,0,0.0000,0.0000,0.0000,0.0000,0,0,11,0,0,0,0,13,6,500
468,L,0,5,12,0,0,0,0.0000,0.0000,0.0000,0.0000,0,0,11,0,0,0,0,13,6,500
469,L,0,5,12,0,0,0,0.0000,0.0000,0.0000,0.0000,0,0,11,0,0,0,0,13,6,500
470,L,0,5,12,0,0,0,0.0000,0.0000,0.0000,0.0000,0,0,11,0,0,0,0,13,6,500
471,L,0,5,12,0,0,0,0.0000,0.0000,0.0000,0.0000,0,0,11,0,0,0,0,13,6,500
472,L,0,5,12,0,0,0,0.0000,0.0000,0.0000,0.0000,0,0,11,0,0,0,0,13,6,500
473,L,0,5,12,0,0,0,0.0000,0.0000,0.0000,0.0000,0,0,11,0,0,0,0,13,6,500
474,L,0,5,12,0,0,0,0.0000,0.0000,0.0000,0.0000,0,0,11,0,0,0,0,13,6,500
475,L,0,5,12,0,0,0,0.0000,0.0000,0.0000,0.0000,0,0,11,0,0,0,0,13,6,500
476,L,0,5,12,0,0,0,0.0000,0.0000,0.0000,0.0000,0,0,11,0,0,0,0,13,6,500
477,L,0,5,12,0,0,0,0.0000,0.0000,0.0000,0.0000,0,0,11,0,0,0,0,13,6,500
478,L,0,5,12,0,0,0,0.0000,0.0000,0.0000,0.0000,0,0,11,0,0,0,0,13,6,500
479,L,0,5,12,0,0,0,0.0000,0.0000,0.0000,0.0000,0,0,11,0,0,0,0,13,6,500
480,L,0,5,12,0,0,0,0.0000,0.0000,0.0000,0.0000,0,0,11,0,0,0,0,13,6,500
481,L,0,5,12,0,0,0,0.0000,0.0000,0.0000,0.0000,0,0,11,0,0,0,0,13,6,500
482,L,0,5,12,0,0,0,0.0000,0.0000,0.0000,0.0000,0,0,11,0,0,0,0,13,6,500
483,L,0,5,12,0,0,0,0.0000,0.0000,0.0000,0.0000,0,0,11,0,0,0,0,13,6,500
484,L,0,5,12,0,0,0,0.0000,0.0000,0.0000,0.0000,0,0,11,0,0,0,0,13,6,500
485,L,0,5,12,0,0,0,0.0000,0.0000,0.0000,0.0000,0,0,11,0,0,0,0,13,6,500
486,L,0,5,12,0,0,0,0.0000,0.0000,0.0000,0.0000,0,0,11,0,0,0,0,13,6,500
487,L,0,5,12,0,0,0,0.0000,0.0000,0.0000,0.0000,0,0,11,0,0,0,0,13,6,500
488,L,0,5,12,0,0,0,0.0000,0.0000,0.0000,0.0000,0,0,11,0,0,0,0,13,6,500
489,L,0,5,12,0,0,0,0.0000,0.0000,0.0000,0.0000,0,0,11,0,0,0,0,13,6,500
490,L,0,5,12,0,0,0,0.0000,0.0000,0.0000,0.0000,0,0,11,0,0,0,0,13,6,500
491,L,0,5,12,0,0,0,0.0000,0.0000,0.0000,0.0000,0,0,11,0,0,0,0,13,6,500
492,L,0,5,12,0,0,0,0.0000,0.0000,0.0000,0.0000,0,0,11,0,0,0,0,13,6,500
493,L,0,5,12,0,0,0,0.0000,0.0000,0.0000,0.0000,0,0,11,0,0,0,0,13,6,500
494,L,0,5,12,0,0,0,0.0000,0.0000,0.0000,0.0000,0,0,11,0,0,0,0,13,6,500
495,L,0,5,12,0,0,0,0.0000,0.0000,0.0000,0.0000,0,0,11,0,0,0,0,13,6,500
496,L,0,5,12,0,0,0,0.0000,0.0000,0.0000,0.0000,0,0,11,0,0,0,0,13,6,500
497,L,0,5,12,0,0,0,0.0000,0.0000,0.0000,0.0000,0,0,11,0,0,0,0,13,6,500
498,L,0,5,12,0,0,0,0.0000,0.0000,0.0000,0.0000,0,0,11,0,0,0,0,13,6,500
499,L,0,5,12,0,0,0,0.0000,0.0000,0.0000,0.0000,0,0,11,0,0,0,0,13,6,500
500,L,0,5,12,0,0,0,0.0000,0.0000,0.0000,0.0000,0,0,11,0,0,0,0,13,6,500
501,L,0,5,12,0,0,0,0.0000,0.0000,0.0000,0.0000,0,0,11,0,0,0,0,13,6,500
502,L,0,5,12,0,0,0,0.0000,0.0000,0.0000,0.0000,0,0,11,0,0,0,0,13,6,500
503,L,0,5,12,0,0,0,0.0000,0.0000,0.0000,0.0000,0,0,11,0,0,0,0,13,6,500
504,L,0,5,12,0,0,0,0.0000,0.0000,0.0000,0.0000,0,0,11,0,0,0,0,13,6,500
505,L,0,5,12,0,0,0,0.0000,0.0000,0.0000,0.0000,0,0,11,0,0,0,0,13,6,500
506,L,0,5,12,0,0,0,0.0000,0.0000,0.0000,0.0000,0,0,11,0,0,0,0,13,6,500
507,L,0,5,12,0,0,0,0.0000,0.0000,0.0000,0.0000,0,0,11,0,0,0,0,13,6,500
508,L,0,5,12,0,0,0,0.0000,0.0000,0.0000,0.0000,0,0,11,0,0,0,0,13,6,500
509,L,0,5,12,0,0,0,0.0000,0.0000,0.0000,0.0000,0,0,11,0,0,0,0,13,6,500
510,L,0,5,12,0,0,0,0.0000,0.0000,0.0000,0.0000,0,0,11,0,0,0,0,13,6,500
511,L,0,5,12,0,0,0,0.0000,0.0000,0.0000,0.0000,0,0,11,0,0,0,0,13,6,500
512,L,0,5,12,0,0,0,0.0000,0.0000,0.0000,0.0000,0,0,11,0,0,0,0,13,6,500
513,L,0,5,12,0,0,0,0.0000,0.0000,0.0000,0.0000,0,0,11,0,0,0,0,13,6,500
514,L,0,5,12,0,0,0,0.0000,0.0000,0.0000,0.0000,0,0,11,0,0,0,0,13,6,500
515,L,0,5,12,0,0,0,0.0000,0.0000,0.0000,0.0000,0,0,11,0,0,0,0,13,6,500
516,L,0,5,12,0,0,0,0.0000,0.0000,0.0000,0.0000,0,0,11,0,0,0,0,13,6,500
517,L,0,5,12,0,0,0,0.0000,0.0000,0.0000,0.0000,0,0,11,0,0,0,0,13,6,500
518,L,0,5,12,0,0,0,0.0000,0.0000,0.0000,0.0000,0,0,11,0,0,0,0,13,6,500
519,L,0,5,12,0,0,0,0.0000,0.0000,0.0000,0.0000,0,0,11,0,0,0,0,13,6,500
520,L,0,5,12,0,0,0,0.0000,0.0000,0.0000,0.0000,0,0,11,0,0,0,0,13,6,500
521,L,0,5,12,0,0,0,0.0000,0.0000,0.0000,0.0000,0,0,11,0,0,0,0,13,6,500
522,L,0,5,12,0,0,0,0.0000,0.0000,0.0000,0.0000,0,0,11,0,0,0,0,13,6,500
523,L,0,5,12,0,0,0,0.0000,0.0000,0.0000,0.0000,0,0,11,0,0,0,0,13,6,500
524,L,0,5,12,0,0,0,0.0000,0.0000,0.0000,0.0000,0,0,11,0,0,0,0,13,6,500
525,L,0,5,12,0,0,0,0.0000,0.0000,0.0000,0.0000,0,0,11,0,0,0,0,13,6,500
526,L,0,5,12,0,0,0,0.0000,0.0000,0.0000,0.0000,0,0,11,0,0,0,0,13,6,500
527,L,0,5,12,0,0,0,0.0000,0.0000,0.0000,0.0000,0,0,11,0,0,0,0,13,6,500
528,L,0,5,12,0,0,0,0.0000,0.0000,0.0000,0.0000,0,0,11,0,0,0,0,13,6,500
529,L,0,5,12,0,0,0,0.0000,0.0000,0.0000,0.0000,0,0,11,0,0,0,0,13,6,500
530,L,0,5,12,0,0,0,0.0000,0.0000,0.0000,0.0000,0,0,11,0,0,0,0,13,6,500
531,L,0,5,12,0,0,0,0.0000,0.0000,0.0000,0.0000,0,0,11,0,0,0,0,13,6,500
532,L,0,5,12,0,0,0,0.0000,0.0000,0.0000,0.0000,0,0,11,0,0,0,0,13,6,500
533,L,0,5,12,0,0,0,0.0000,0.0000,0.0000,0.0000,0,0,11,0,0,0,0,13,6,500
534,L,0,5,12,0,0,0,0.0000,0.0000,0.0000,0.0000,0,0,11,0,0,0,0,13,6,500
535,L,0,5,12,0,0,0,0.0000,0.0000,0.0000,0.0000,0,0,11,0,0,0,0,13,6,500
536,L,0,5,12,0,0,0,0.0000,0.0000,0.0000,0.0000,0,0,11,0,0,0,0,13,6,500
537,L,0,5,12,0,0,0,0.0000,0.0000,0.0000,0.0000,0,0,11,0,0,0,0,13,6,500
538,L,0,5,12,0,0,0,0.0000,0.0000,0.0000,0.0000,0,0,11,0,0,0,0,13,6,500
539,L,0,5,12,0,0,0,0.0000,0.0000,0.0000,0.0000,0,0,11,0,0,0,0,13,6,500
540,L,0,5,12,0,0,0,0.0000,0.0000,0.0000,0.0000,0,0,11,0,0,0,0,13,6,500
541,L,0,5,12,0,0,0,0.0000,0.0000,0.0000,0.0000,0,0,11,0,0,0,0,13,6,500
542,L,0,5,12,0,0,0,0.0000,0.0000,0.0000,0.0000,0,0,11,0,0,0,0,13,6,500
543,L,0,5,12,0,0,0,0.0000,0.0000,0.0000,0.0000,0,0,11,0,0,0,0,13,6,500
544,L,0,5,12,0,0,0,0.0000,0.0000,0.0000,0.0000,0,0,11,0,0,0,0,13,6,500
545,L,0,5,12,0,0,0,0.0000,0.0000,0.0000,0.0000,0,0,11,0,0,0,0,13,6,500
546,L,0,5,12,0,0,0,0.0000,0.0000,0.0000,0.0000,0,0,11,0,0,0,0,13,6,500
547,L,0,5,12,0,0,0,0.0000,0.0000,0.0000,0.0000,0,0,11,0,0,0,0,13,6,500
548,L,0,5,12,0,0,0,0.0000,0.0000,0.0000,0.0000,0,0,11,0,0,0,0,13,6,500
549,L,0,5,12,0,0,0,0.0000,0.0000,0.0000,0.0000,0,0,11,0,0,0,0,13,6,500
550,L,0,5,12,0,0,0,0.0000,0.0000,0.0000,0.0000,0,0,11,0,0,0,0,13,6,500
551,L,0,5,12,0,0,0,0.0000,0.0000,0.0000,0.0000,0,0,11,0,0,0,0,13,6,500
552,L,0,5,12,0,0,0,0.0000,0.0000,0.0000,0.0000,0,0,11,0,0,0,0,13,6,500
553,L,0,5,12,0,0,0,0.0000,0.0000,0.0000,0.0000,0,0,11,0,0,0,0,13,6,500
554,L,0,5,12,0,0,0,0.0000,0.0000,0.0000,0.0000,0,0,11,0,0,0,0,13,6,500
555,L,0,5,12,0,0,0,0.0000,0.0000,0.0000,0.0000,0,0,11,0,0,0,0,13,6,500
556,L,0,5,12,0,0,0,0.0000,0.0000,0.0000,0.0000,0,0,11,0,0,0,0,13,6,500
557,L,0,5,12,0,0,0,0.0000,0.0000,0.0000,0.0000,0,0,11,0,0,0,0,13,6,500
558,L,0,5,12,0,0,0,0.0000,0.0000,0.0000,0.0000,0,0,11,0,0,0,0,13,6,500
559,L,0,5,12,0,0,0,0.0000,0.0000,0.0000,0.0000,0,0,11,0,0,0,0,13,6,500
560,L,0,5,12,0,0,0,0.0000,0.0000,0.0000,0.0000,0,0,11,0,0,0,0,13,6,500
561,L,0,5,12,0,0,0,0.0000,0.0000,0.0000,0.0000,0,0,11,0,0,0,0,13,6,500
562,L,0,5,12,0,0,0,0.0000,0.0000,0.0000,0.0000,0,0,11,0,0,0,0,13,6,500
563,L,0,5,12,0,0,0,0.0000,0.0000,0.0000,0.0000,0,0,11,0,0,0,0,13,6,500
564,L,0,5,12,0,0,0,0.0000,0.0000,0.0000,0.0000,0,0,11,0,0,0,0,13,6,500
565,L,0,5,12,0,0,0,0.0000,0.0000,0.0000,0.0000,0,0,11,0,0,0,0,13,6,500
566,L,0,5,12,0,0,0,0.0000,0.0000,0.0000,0.0000,0,0,11,0,0,0,0,13,6,500
567,L,0,5,12,0,0,0,0.0000,0.0000,0.0000,0.0000,0,0,11,0,0,0,0,13,6,500
568,L,0,5,12,0,0,0,0.0000,0.0000,0.0000,0.0000,0,0,11,0,0,0,0,13,6,500
569,L,0,5,12,0,0,0,0.0000,0.0000,0.0000,0.0000,0,0,11,0,0,0,0,13,6,500
570,L,0,5,12,0,0,0,0.0000,0.0000,0.0000,0.0000,0,0,11,0,0,0,0,13,6,500
571,L,0,5,12,0,0,0,0.0000,0.0000,0.0000,0.0000,0,0,11,0,0,0,0,13,6,500
572,L,0,5,12,0,0,0,0.0000,0.0000,0.0000,0.0000,0,0,11,0,0,0,0,13,6,500
573,L,0,5,12,0,0,0,0.0000,0.0000,0.0000,0.0000,0,0,11,0,0,0,0,13,6,500
574,L,0,5,12,0,0,0,0.0000,0.0000,0.0000,0.0000,0,0,11,0,0,0,0,13,6,500
575,L,0,5,12,0,0,0,0.0000,0.0000,0.0000,0.0000,0,0,11,0,0,0,0,13,6,500
576,L,0,5,12,0,0,0,0.0000,0.0000,0.0000,0.0000,0,0,11,0,0,0,0,13,6,500
577,L,0,5,12,0,0,0,0.0000,0.0000,0.0000,0.0000,0,0,11,0,0,0,0,13,6,500
578,L,0,5,12,0,0,0,0.0000,0.0000,0.0000,0.0000,0,0,11,0,0,0,0,13,6,500
579,L,0,5,12,0,0,0,0.0000,0.0000,0.0000,0.0000,0,0,11,0,0,0,0,13,6,500
580,L,0,5,12,0,0,0,0.0000,0.0000,0.0000,0.0000,0,0,11,0,0,0,0,13,6,500
581,L,0,5,12,0,0,0,0.0000,0.0000,0.0000,0.0000,0,0,11,0,0,0,0,13,6,500
582,L,0,5,12,0,0,0,0.0000,0.0000,0.0000,0.0000,0,0,11,0,0,0,0,13,6,500
583,L,0,5,12,0,0,0,0.0000,0.0000,0.0000,0.0000,0,0,11,0,0,0,0,13,6,500
584,L,0,5,12,0,0,0,0.0000,0.0000,0.0000,0.0000,0,0,11,0,0,0,0,13,6,500
585,L,0,5,12,0,0,0,0.0000,0.0000,0.0000,0.0000,0,0,11,0,0,0,0,13,6,500
586,L,0,5,12,0,0,0,0.0000,0.0000,0.0000,0.0000,0,0,11,0,0,0,0,13,6,500
587,L,0,5,12,0,0,0,0.0000,0.0000,0.0000,0.0000,0,0,11,0,0,0,0,13,6,500
588,L,0,5,12,0,0,0,0.0000,0.0000,0.0000,0.0000,0,0,11,0,0,0,0,13,6,500
589,L,0,5,12,0,0,0,0.0000,0.0000,0.0000,0.0000,0,0,11,0,0,0,0,13,6,500
590,L,0,5,12,0,0,0,0.0000,0.0000,0.0000,0.0000,0,0,11,0,0,0,0,13,6,500
591,L,0,5,12,0,0,0,0.0000,0.0000,0.0000,0.0000,0,0,11,0,0,0,0,13,6,500
592,L,0,5,12,0,0,0,0.0000,0.0000,0.0000,0.0000,0,0,11,0,0,0,0,13,6,500
593,L,0,5,12,0,0,0,0.0000,0.0000,0.0000,0.0000,0,0,11,0,0,0,0,13,6,500
594,L,0,5,12,0,0,0,0.0000,0.0000,0.0000,0.0000,0,0,11,0,0,0,0,13,6,500
595,L,0,5,12,0,0,0,0.0000,0.0000,0.0000,0.0000,0,0,11,0,0,0,0,13,6,500
596,L,0,5,12,0,0,0,0.0000,0.0000,0.0000,0.0000,0,0,11,0,0,0,0,13,6,500
597,L,0,5,12,0,0,0,0.0000,0.0000,0.0000,0.0000,0,0,11,0,0,0,0,13,6,500
598,L,0,5,12,0,0,0,0.0000,0.0000,0.0000,0.0000,0,0,11,0,0,0,0,13,6,500
599,L,0,5,12,0,0,0,0.0000,0.0000,0.0000,0.0000,0,0,11,0,0,0,0,13,6,500
600,L,0,5,12,0,0,0,0.0000,0.0000,0.0000,0.0000,0,0,11,0,0,0,0,13,6,500
601,L,0,5,12,0,0,0,0.0000,0.0000,0.0000,0.0000,0,0,11,0,0,0,0,13,6,500
602,L,0,5,12,0,0,0,0.0000,0.0000,0.0000,0.0000,0,0,11,0,0,0,0,13,6,500
603,L,0,5,12,0,0,0,0.0000,0.0000,0.0000,0.0000,0,0,11,0,0,0,0,13,6,500
604,L,0,5,12,0,0,0,0.0000,0.0000,0.0000,0.0000,0,0,11,0,0,0,0,13,6,500
605,L,0,5,12,0,0,0,0.0000,0.0000,0.0000,0.0000,0,0,11,0,0,0,0,13,6,500
606,L,0,5,12,0,0,0,0.0000,0.0000,0.0000,0.0000,0,0,11,0,0,0,0,13,6,500
607,L,0,5,12,0,0,0,0.0000,0.0000,0.0000,0.0000,0,0,11,0,0,0,0,13,6,500
608,L,0,5,12,0,0,0,0.0000,0.0000,0.0000,0.0000,0,0,11,0,0,0,0,13,6,500
609,L,0,5,12,0,0,0,0.0000,0.0000,0.0000,0.0000,0,0,11,0,0,0,0,13,6,500
610,L,0,5,12,0,0,0,0.0000,0.0000,0.0000,0.0000,0,0,11,0,0,0,0,13,6,500
611,L,0,5,12,0,0,0,0.0000,0.0000,0.0000,0.0000,0,0,11,0,0,0,0,13,6,500
612,L,0,5,12,0,0,0,0.0000,0.0000,0.0000,0.0000,0,0,11,0,0,0,0,13,6,500
613,L,0,5,12,0,0,0,0.0000,0.0000,0.0000,0.0000,0,0,11,0,0,0,0,13,6,500
614,L,0,5,12,0,0,0,0.0000,0.0000,0.0000,0.0000,0,0,11,0,0,0,0,13,6,500
615,L,0,5,12,0,0,0,0.0000,0.0000,0.0000,0.0000,0,0,11,0,0,0,0,13,6,500
616,L,0,5,12,0,0,0,0.0000,0.0000,0.0000,0.0000,0,0,11,0,0,0,0,13,6,500
617,L,0,5,12,0,0,0,0.0000,0.0000,0.0000,0.0000,0,0,11,0,0,0,0,13,6,500
618,L,0,5,12,0,0,0,0.0000,0.0000,0.0000,0.0000,0,0,11,0,0,0,0,13,6,500
619,L,0,5,12,0,0,0,0.0000,0.0000,0.0000,0.0000,0,0,11,0,0,0,0,13,6,500
620,L,0,5,12,0,0,0,0.0000,0.0000,0.0000,0.0000,0,0,11,0,0,0,0,13,6,500
621,L,0,5,12,0,0,0,0.0000,0.0000,0.0000,0.0000,0,0,11,0,0,0,0,13,6,500
622,L,0,5,12,0,0,0,0.0000,0.0000,0.0000,0.0000,0,0,11,0,0,0,0,13,6,500
623,L,0,5,12,0,0,0,0.0000,0.0000,0.0000,0.0000,0,0,11,0,0,0,0,13,6,500
624,L,0,5,12,0,0,0,0.0000,0.0000,0.0000,0.0000,0,0,11,0,0,0,0,13,6,500
625,L,0,5,12,0,0,0,0.0000,0.0000,0.0000,0.0000,0,0,11,0,0,0,0,13,6,500
626,L,0,5,12,0,0,0,0.0000,0.0000,0.0000,0.0000,0,0,11,0,0,0,0,13,6,500
627,L,0,5,12,0,0,0,0.0000,0.0000,0.0000,0.0000,0,0,11,0,0,0,0,13,6,500
628,L,0,5,12,0,0,0,0.0000,0.0000,0.0000,0.0000,0,0,11,0,0,0,0,13,6,500
629,L,0,5,12,0,0,0,0.0000,0.0000,0.0000,0.0000,0,0,11,0,0,0,0,13,6,500
630,L,0,5,12,0,0,0,0.0000,0.0000,0.0000,0.0000,0,0,11,0,0,0,0,13,6,500
631,L,0,5,12,0,0,0,0.0000,0.0000,0.0000,0.0000,0,0,11,0,0,0,0,13,6,500
632,L,0,5,12,0,0,0,0.0000,0.0000,0.0000,0.0000,0,0,11,0,0,0,0,13,6,500
633,L,0,5,12,0,0,0,0.0000,0.0000,0.0000,0.0000,0,0,11,0,0,0,0,13,6,500
634,L,0,5,12,0,0,0,0.0000,0.0000,0.0000,0.0000,0,0,11,0,0,0,0,13,6,500
635,L,0,5,12,0,0,0,0.0000,0.0000,0.0000,0.0000,0,0,11,0,0,0,0,13,6,500
636,L,0,5,12,0,0,0,0.0000,0.0000,0.0000,0.0000,0,0,11,0,0,0,0,13,6,500
637,L,0,5,12,0,0,0,0.0000,0.0000,0.0000,0.0000,0,0,11,0,0,0,0,13,6,500
638,L,0,5,12,0,0,0,0.0000,0.0000,0.0000,0.0000,0,0,11,0,0,0,0,13,6,500
639,L,0,5,12,0,0,0,0.0000,0.0000,0.0000,0.0000,0,0,11,0,0,0,0,13,6,500
640,L,0,5,12,0,0,0,0.0000,0.0000,0.0000,0.0000,0,0,11,0,0,0,0,13,6,500
641,L,0,5,12,0,0,0,0.0000,0.0000,0.0000,0.0000,0,0,11,0,0,0,0,13,6,500
642,L,0,5,12,0,0,0,0.0000,0.0000,0.0000,0.0000,0,0,11,0,0,0,0,13,6,500
643,L,0,5,12,0,0,0,0.0000,0.0000,0.0000,0.0000,0,0,11,0,0,0,0,13,6,500
644,L,0,5,12,0,0,0,0.0000,0.0000,0.0000,0.0000,0,0,11,0,0,0,0,13,6,500
645,L,0,5,12,0,0,0,0.0000,0.0000,0.0000,0.0000,0,0,11,0,0,0,0,13,6,500
646,L,0,5,12,0,0,0,0.0000,0.0000,0.0000,0.0000,0,0,11,0,0,0,0,13,6,500
647,L,0,5,12,0,0,0,0.0000,0.0000,0.0000,0.0000,0,0,11,0,0,0,0,13,6,500
648,L,0,5,12,0,0,0,0.0000,0.0000,0.0000,0.0000,0,0,11,0,0,0,0,13,6,500
649,L,0,5,12,0,0,0,0.0000,0.0000,0.0000,0.0000,0,0,11,0,0,0,0,13,6,500
650,L,0,5,12,0,0,0,0.0000,0.0000,0.0000,0.0000,0,0,11,0,0,0,0,13,6,500
651,L,0,5,12,0,0,0,0.0000,0.0000,0.0000,0.0000,0,0,11,0,0,0,0,13,6,500
652,L,0,5,12,0,0,0,0.0000,0.0000,0.0000,0.0000,0,0,11,0,0,0,0,13,6,500
653,L,0,5,12,0,0,0,0.0000,0.0000,0.0000,0.0000,0,0,11,0,0,0,0,13,6,500
654,L,0,5,12,0,0,0,0.0000,0.0000,0.0000,0.0000,0,0,11,0,0,0,0,13,6,500
655,L,0,5,12,0,0,0,0.0000,0.0000,0.0000,0.0000,0,0,11,0,0,0,0,13,6,500
656,L,0,5,12,0,0,0,0.0000,0.0000,0.0000,0.0000,0,0,11,0,0,0,0,13,6,500
657,L,0,5,12,0,0,0,0.0000,0.0000,0.0000,0.0000,0,0,11,0,0,0,0,13,6,500
658,L,0,5,12,0,0,0,0.0000,0.0000,0.0000,0.0000,0,0,11,0,0,0,0,13,6,500
659,L,0,5,12,0,0,0,0.0000,0.0000,0.0000,0.0000,0,0,11,0,0,0,0,13,6,500
660,L,0,5,12,0,0,0,0.0000,0.0000,0.0000,0.0000,0,0,11,0,0,0,0,13,6,500
661,L,0,5,12,0,0,0,0.0000,0.0000,0.0000,0.0000,0,0,11,0,0,0,0,13,6,500
662,L,0,5,12,0,0,0,0.0000,0.0000,0.0000,0.0000,0,0,11,0,0,0,0,13,6,500
663,L,0,5,12,0,0,0,0.0000,0.0000,0.0000,0.0000,0,0,11,0,0,0,0,13,6,500
664,L,0,5,12,0,0,0,0.0000,0.0000,0.0000,0.0000,0,0,11,0,0,0,0,13,6,500
665,L,0,5,12,0,0,0,0.0000,0.0000,0.0000,0.0000,0,0,11,0,0,0,0,13,6,500
666,L,0,5,12,0,0,0,0.0000,0.0000,0.0000,0.0000,0,0,11,0,0,0,0,13,6,500
667,L,0,5,12,0,0,0,0.0000,0.0000,0.0000,0.0000,0,0,11,0,0,0,0,13,6,500
668,L,0,5,12,0,0,0,0.0000,0.0000,0.0000,0.0000,0,0,11,0,0,0,0,13,6,500
669,L,0,5,12,0,0,0,0.0000,0.0000,0.0000,0.0000,0,0,11,0,0,0,0,13,6,500
670,L,0,5,12,0,0,0,0.0000,0.0000,0.0000,0.0000,0,0,11,0,0,0,0,13,6,500
671,L,0,5,12,0,0,0,0.0000,0.0000,0.0000,0.0000,0,0,11,0,0,0,0,13,6,500
672,L,0,5,12,0,0,0,0.0000,0.0000,0.0000,0.0000,0,0,11,0,0,0,0,13,6,500
673,L,0,5,12,0,0,0,0.0000,0.0000,0.0000,0.0000,0,0,11,0,0,0,0,13,6,500
674,L,0,5,12,0,0,0,0.0000,0.0000,0.0000,0.0000,0,0,11,0,0,0,0,13,6,500
675,L,0,5,12,0,0,0,0.0000,0.0000,0.0000,0.0000,0,0,11,0,0,0,0,13,6,500
676,L,0,5,12,0,0,0,0.0000,0.0000,0.0000,0.0000,0,0,11,0,0,0,0,13,6,500
677,L,0,5,12,0,0,0,0.0000,0.0000,0.0000,0.0000,0,0,11,0,0,0,0,13,6,500
678,L,0,5,12,0,0,0,0.0000,0.0000,0.0000,0.0000,0,0,11,0,0,0,0,13,6,500
679,L,0,5,12,0,0,0,0.0000,0.0000,0.0000,0.0000,0,0,11,0,0,0,0,13,6,500
680,L,0,5,12,0,0,0,0.0000,0.0000,0.0000,0.0000,0,0,11,0,0,0,0,13,6,500
681,L,0,5,12,0,0,0,0.0000,0.0000,0.0000,0.0000,0,0,11,0,0,0,0,13,6,500
682,L,0,5,12,0,0,0,0.0000,0.0000,0.0000,0.0000,0,0,11,0,0,0,0,13,6,500
683,L,0,5,12,0,0,0,0.0000,0.0000,0.0000,0.0000,0,0,11,0,0,0,0,13,6,500
684,L,0,5,12,0,0,0,0.0000,0.0000,0.0000,0.0000,0,0,11,0,0,0,0,13,6,500
685,L,0,5,12,0,0,0,0.0000,0.0000,0.0000,0.0000,0,0,11,0,0,0,0,13,6,500
686,L,0,5,12,0,0,0,0.0000,0.0000,0.0000,0.0000,0,0,11,0,0,0,0,13,6,500
687,L,0,5,12,0,0,0,0.0000,0.0000,0.0000,0.0000,0,0,11,0,0,0,0,13,6,500
688,L,0,5,12,0,0,0,0.0000,0.0000,0.0000,0.0000,0,0,11,0,0,0,0,13,6,500
689,L,0,5,12,0,0,0,0.0000,0.0000,0.0000,0.0000,0,0,11,0,0,0,0,13,6,500
690,L,0,5,12,0,0,0,0.0000,0.0000,0.0000,0.0000,0,0,11,0,0,0,0,13,6,500
691,L,0,5,12,0,0,0,0.0000,0.0000,0.0000,0.0000,0,0,11,0,0,0,0,13,6,500
692,L,0,5,12,0,0,0,0.0000,0.0000,0.0000,0.0000,0,0,11,0,0,0,0,13,6,500
693,L,0,5,12,0,0,0,0.0000,0.0000,0.0000,0.0000,0,0,11,0,0,0,0,13,6,500
694,L,0,5,12,0,0,0,0.0000,0.0000,0.0000,0.0000,0,0,11,0,0,0,0,13,6,500
695,L,0,5,12,0,0,0,0.0000,0.0000,0.0000,0.0000,0,0,11,0,0,0,0,13,6,500
696,L,0,5,12,0,0,0,0.0000,0.0000,0.0000,0.0000,0,0,11,0,0,0,0,13,6,500
697,L,0,5,12,0,0,0,0.0000,0.0000,0.0000,0.0000,0,0,11,0,0,0,0,13,6,500
698,L,0,5,12,0,0,0,0.0000,0.0000,0.0000,0.0000,0,0,11,0,0,0,0,13,6,500
699,L,0,5,12,0,0,0,0.0000,0.0000,0.0000,0.0000,0,0,11,0,0,0,0,13,6,500
700,L,0,5,12,0,0,0,0.0000,0.0000,0.0000,0.0000,0,0,11,0,0,0,0,13,6,500
701,L,0,5,12,0,0,0,0.0000,0.0000,0.0000,0.0000,0,0,11,0,0,0,0,13,6,500
702,L,0,5,12,0,0,0,0.0000,0.0000,0.0000,0.0000,0,0,11,0,0,0,0,13,6,500
703,L,0,5,12,0,0,0,0.0000,0.0000,0.0000,0.0000,0,0,11,0,0,0,0,13,6,500
704,L,0,5,12,0,0,0,0.0000,0.0000,0.0000,0.0000,0,0,11,0,0,0,0,13,6,500
705,L,0,5,12,0,0,0,0.0000,0.0000,0.0000,0.0000,0,0,11,0,0,0,0,13,6,500
706,L,0,5,12,0,0,0,0.0000,0.0000,0.0000,0.0000,0,0,11,0,0,0,0,13,6,500
707,L,0,5,12,0,0,0,0.0000,0.0000,0.0000,0.0000,0,0,11,0,0,0,0,13,6,500
708,L,0,5,12,0,0,0,0.0000,0.0000,0.0000,0.0000,0,0,11,0,0,0,0,13,6,500
709,L,0,5,12,0,0,0,0.0000,0.0000,0.0000,0.0000,0,0,11,0,0,0,0,13,6,500
710,L,0,5,12,0,0,0,0.0000,0.0000,0.0000,0.0000,0,0,11,0,0,0,0,13,6,500
711,L,0,5,12,0,0,0,0.0000,0.0000,0.0000,0.0000,0,0,11,0,0,0,0,13,6,500
712,L,0,5,12,0,0,0,0.0000,0.0000,0.0000,0.0000,0,0,11,0,0,0,0,13,6,500
713,L,0,5,12,0,0,0,0.0000,0.0000,0.0000,0.0000,0,0,11,0,0,0,0,13,6,500
714,L,0,5,12,0,0,0,0.0000,0.0000,0.0000,0.0000,0,0,11,0,0,0,0,13,6,500
715,L,0,5,12,0,0,0,0.0000,0.0000,0.0000,0.0000,0,0,11,0,0,0,0,13,6,500
716,L,0,5,12,0,0,0,0.0000,0.0000,0.0000,0.0000,0,0,11,0,0,0,0,13,6,500
717,L,0,5,12,0,0,0,0.0000,0.0000,0.0000,0.0000,0,0,11,0,0,0,0,13,6,500
718,L,0,5,12,0,0,0,0.0000,0.0000,0.0000,0.0000,0,0,11,0,0,0,0,13,6,500
719,L,0,5,12,0,0,0,0.0000,0.0000,0.0000,0.0000,0,0,11,0,0,0,0,13,6,500
720,L,0,5,12,0,0,0,0.0000,0.0000,0.0000,0.0000,0,0,11,0,0,0,0,13,6,500
721,L,0,5,12,0,0,0,0.0000,0.0000,0.0000,0.0000,0,0,11,0,0,0,0,13,6,500
722,L,0,5,12,0,0,0,0.0000,0.0000,0.0000,0.0000,0,0,11,0,0,0,0,13,6,500
723,L,0,5,12,0,0,0,0.0000,0.0000,0.0000,0.0000,0,0,11,0,0,0,0,13,6,500
724,L,0,5,12,0,0,0,0.0000,0.0000,0.0000,0.0000,0,0,11,0,0,0,0,13,6,500
725,L,0,5,12,0,0,0,0.0000,0.0000,0.0000,0.0000,0,0,11,0,0,0,0,13,6,500
726,L,0,5,12,0,0,0,0.0000,0.0000,0.0000,0.0000,0,0,11,0,0,0,0,13,6,500
727,L,0,5,12,0,0,0,0.0000,0.0000,0.0000,0.0000,0,0,11,0,0,0,0,13,6,500
728,L,0,5,12,0,0,0,0.0000,0.0000,0.0000,0.0000,0,0,11,0,0,0,0,13,6,500
729,L,0,5,12,0,0,0,0.0000,0.0000,0.0000,0.0000,0,0,11,0,0,0,0,13,6,500
730,L,0,5,12,0,0,0,0.0000,0.0000,0.0000,0.0000,0,0,11,0,0,0,0,13,6,500
731,L,0,5,12,0,0,0,0.0000,0.0000,0.0000,0.0000,0,0,11,0,0,0,0,13,6,500
732,L,0,5,12,0,0,0,0.0000,0.0000,0.0000,0.0000,0,0,11,0,0,0,0,13,6,500
733,L,0,5,12,0,0,0,0.0000,0.0000,0.0000,0.0000,0,0,11,0,0,0,0,13,6,500
734,L,0,5,12,0,0,0,0.0000,0.0000,0.0000,0.0000,0,0,11,0,0,0,0,13,6,500
735,L,0,5,12,0,0,0,0.0000,0.0000,0.0000,0.0000,0,0,11,0,0,0,0,13,6,500
736,L,0,5,12,0,0,0,0.0000,0.0000,0.0000,0.0000,0,0,11,0,0,0,0,13,6,500
737,L,0,5,12,0,0,0,0.0000,0.0000,0.0000,0.0000,0,0,11,0,0,0,0,13,6,500
738,L,0,5,12,0,0,0,0.0000,0.0000,0.0000,0.0000,0,0,11,0,0,0,0,13,6,500
739,L,0,5,12,0,0,0,0.0000,0.0000,0.0000,0.0000,0,0,11,0,0,0,0,13,6,500
740,L,0,5,12,0,0,0,0.0000,0.0000,0.0000,0.0000,0,0,11,0,0,0,0,13,6,500
741,L,0,5,12,0,0,0,0.0000,0.0000,0.0000,0.0000,0,0,11,0,0,0,0,13,6,500
742,L,0,5,12,0,0,0,0.0000,0.0000,0.0000,0.0000,0,0,11,0,0,0,0,13,6,500
743,L,0,5,12,0,0,0,0.0000,0.0000,0.0000,0.0000,0,0,11,0,0,0,0,13,6,500
744,L,0,5,12,0,0,0,0.0000,0.0000,0.0000,0.0000,0,0,11,0,0,0,0,13,6,500
745,L,0,5,12,0,0,0,0.0000,0.0000,0.0000,0.0000,0,0,11,0,0,0,0,13,6,500
746,L,0,5,12,0,0,0,0.0000,0.0000,0.0000,0.0000,0,0,11,0,0,0,0,13,6,500
747,L,0,5,12,0,0,0,0.0000,0.0000,0.0000,0.0000,0,0,11,0,0,0,0,13,6,500
748,L,0,5,12,0,0,0,0.0000,0.0000,0.0000,0.0000,0,0,11,0,0,0,0,13,6,500
749,L,0,5,12,0,0,0,0.0000,0.0000,0.0000,0.0000,0,0,11,0,0,0,0,13,6,500
750,L,0,5,12,0,0,0,0.0000,0.0000,0.0000,0.0000,0,0,11,0,0,0,0,13,6,500
751,L,0,5,12,0,0,0,0.0000,0.0000,0.0000,0.0000,0,0,11,0,0,0,0,13,6,500
752,L,0,5,12,0,0,0,0.0000,0.0000,0.0000,0.0000,0,0,11,0,0,0,0,13,6,500
753,L,0,5,12,0,0,0,0.0000,0.0000,0.0000,0.0000,0,0,11,0,0,0,0,13,6,500
754,L,0,5,12,0,0,0,0.0000,0.0000,0.0000,0.0000,0,0,11,0,0,0,0,13,6,500
755,L,0,5,12,0,0,0,0.0000,0.0000,0.0000,0.0000,0,0,11,0,0,0,0,13,6,500
756,L,0,5,12,0,0,0,0.0000,0.0000,0.0000,0.0000,0,0,11,0,0,0,0,13,6,500
757,L,0,5,12,0,0,0,0.0000,0.0000,0.0000,0.0000,0,0,11,0,0,0,0,13,6,500
758,L,0,5,12,0,0,0,0.0000,0.0000,0.0000,0.0000,0,0,11,0,0,0,0,13,6,500
759,L,0,5,12,0,0,0,0.0000,0.0000,0.0000,0.0000,0,0,11,0,0,0,0,13,6,500
760,L,0,5,12,0,0,0,0.0000,0.0000,0.0000,0.0000,0,0,11,0,0,0,0,13,6,500
761,L,0,5,12,0,0,0,0.0000,0.0000,0.0000,0.0000,0,0,11,0,0,0,0,13,6,500
762,L,0,5,12,0,0,0,0.0000,0.0000,0.0000,0.0000,0,0,11,0,0,0,0,13,6,500
763,L,0,5,12,0,0,0,0.0000,0.0000,0.0000,0.0000,0,0,11,0,0,0,0,13,6,500
764,L,0,5,12,0,0,0,0.0000,0.0000,0.0000,0.0000,0,0,11,0,0,0,0,13,6,500
765,L,0,5,12,0,0,0,0.0000,0.0000,0.0000,0.0000,0,0,11,0,0,0,0,13,6,500
766,L,0,5,12,0,0,0,0.0000,0.0000,0.0000,0.0000,0,0,11,0,0,0,0,13,6,500
767,L,0,5,12,0,0,0,0.0000,0.0000,0.0000,0.0000,0,0,11,0,0,0,0,13,6,500
768,L,0,5,12,0,0,0,0.0000,0.0000,0.0000,0.0000,0,0,11,0,0,0,0,13,6,500
769,L,0,5,12,0,0,0,0.0000,0.0000,0.0000,0.0000,0,0,11,0,0,0,0,13,6,500
770,L,0,5,12,0,0,0,0.0000,0.0000,0.0000,0.0000,0,0,11,0,0,0,0,13,6,500
771,L,0,5,12,0,0,0,0.0000,0.0000,0.0000,0.0000,0,0,11,0,0,0,0,13,6,500
772,L,0,5,12,0,0,0,0.0000,0.0000,0.0000,0.0000,0,0,11,0,0,0,0,13,6,500
773,L,0,5,12,0,0,0,0.0000,0.0000,0.0000,0.0000,0,0,11,0,0,0,0,13,6,500
774,L,0,5,12,0,0,0,0.0000,0.0000,0.0000,0.0000,0,0,11,0,0,0,0,13,6,500
775,L,0,5,12,0,0,0,0.0000,0.0000,0.0000,0.0000,0,0,11,0,0,0,0,13,6,500
776,L,0,5,12,0,0,0,0.0000,0.0000,0.0000,0.0000,0,0,11,0,0,0,0,13,6,500
777,L,0,5,12,0,0,0,0.0000,0.0000,0.0000,0.0000,0,0,11,0,0,0,0,13,6,500
778,L,0,5,12,0,0,0,0.0000,0.0000,0.0000,0.0000,0,0,11,0,0,0,0,13,6,500
779,L,0,5,12,0,0,0,0.0000,0.0000,0.0000,0.0000,0,0,11,0,0,0,0,13,6,500
780,L,0,5,12,0,0,0,0.0000,0.0000,0.0000,0.0000,0,0,11,0,0,0,0,13,6,500
781,L,0,5,12,0,0,0,0.0000,0.0000,0.0000,0.0000,0,0,11,0,0,0,0,13,6,500
782,L,0,5,12,0,0,0,0.0000,0.0000,0.0000,0.0000,0,0,11,0,0,0,0,13,6,500
783,L,0,5,12,0,0,0,0.0000,0.0000,0.0000,0.0000,0,0,11,0,0,0,0,13,6,500
784,L,0,5,12,0,0,0,0.0000,0.0000,0.0000,0.0000,0,0,11,0,0,0,0,13,6,500
785,L,0,5,12,0,0,0,0.0000,0.0000,0.0000,0.0000,0,0,11,0,0,0,0,13,6,500
786,L,0,5,12,0,0,0,0.0000,0.0000,0.0000,0.0000,0,0,11,0,0,0,0,13,6,500
787,L,0,5,12,0,0,0,0.0000,0.0000,0.0000,0.0000,0,0,11,0,0,0,0,13,6,500
788,L,0,5,12,0,0,0,0.0000,0.0000,0.0000,0.0000,0,0,11,0,0,0,0,13,6,500
789,L,0,5,12,0,0,0,0.0000,0.0000,0.0000,0.0000,0,0,11,0,0,0,0,13,6,500
790,L,0,5,12,0,0,0,0.0000,0.0000,0.0000,0.0000,0,0,11,0,0,0,0,13,6,500
791,L,0,5,12,0,0,0,0.0000,0.0000,0.0000,0.0000,0,0,11,0,0,0,0,13,6,500
792,L,0,5,12,0,0,0,0.0000,0.0000,0.0000,0.0000,0,0,11,0,0,0,0,13,6,500
793,L,0,5,12,0,0,0,0.0000,0.0000,0.0000,0.0000,0,0,11,0,0,0,0,13,6,500
794,L,0,5,12,0,0,0,0.0000,0.0000,0.0000,0.0000,0,0,11,0,0,0,0,13,6,500
795,L,0,5,12,0,0,0,0.0000,0.0000,0.0000,0.0000,0,0,11,0,0,0,0,13,6,500
796,L,0,5,12,0,0,0,0.0000,0.0000,0.0000,0.0000,0,0,11,0,0,0,0,13,6,500
797,L,0,5,12,0,0,0,0.0000,0.0000,0.0000,0.0000,0,0,11,0,0,0,0,13,6,500
798,L,0,5,12,0,0,0,0.0000,0.0000,0.0000,0.0000,0,0,11,0,0,0,0,13,6,500
799,L,0,5,12,0,0,0,0.0000,0.0000,0.0000,0.0000,0,0,11,0,0,0,0,13,6,500
800,L,0,5,12,0,0,0,0.0000,0.0000,0.0000,0.0000,0,0,11,0,0,0,0,13,6,500
801,L,0,5,12,0,0,0,0.0000,0.0000,0.0000,0.0000,0,0,11,0,0,0,0,13,6,500
802,L,0,5,12,0,0,0,0.0000,0.0000,0.0000,0.0000,0,0,11,0,0,0,0,13,6,500
803,L,0,5,12,0,0,0,0.0000,0.0000,0.0000,0.0000,0,0,11,0,0,0,0,13,6,500
804,L,0,5,12,0,0,0,0.0000,0.0000,0.0000,0.0000,0,0,11,0,0,0,0,13,6,500
805,L,0,5,12,0,0,0,0.0000,0.0000,0.0000,0.0000,0,0,11,0,0,0,0,13,6,500
806,L,0,5,12,0,0,0,0.0000,0.0000,0.0000,0.0000,0,0,11,0,0,0,0,13,6,500
807,L,0,5,12,0,0,0,0.0000,0.0000,0.0000,0.0000,0,0,11,0,0,0,0,13,6,500
808,L,0,5,12,0,0,0,0.0000,0.0000,0.0000,0.0000,0,0,11,0,0,0,0,13,6,500
809,L,0,5,12,0,0,0,0.0000,0.0000,0.0000,0.0000,0,0,11,0,0,0,0,13,6,500
810,L,0,5,12,0,0,0,0.0000,0.0000,0.0000,0.0000,0,0,11,0,0,0,0,13,6,500
811,L,0,5,12,0,0,0,0.0000,0.0000,0.0000,0.0000,0,0,11,0,0,0,0,13,6,500
812,L,0,5,12,0,0,0,0.0000,0.0000,0.0000,0.0000,0,0,11,0,0,0,0,13,6,500
813,L,0,5,12,0,0,0,0.0000,0.0000,0.0000,0.0000,0,0,11,0,0,0,0,13,6,500
814,L,0,5,12,0,0,0,0.0000,0.0000,0.0000,0.0000,0,0,11,0,0,0,0,13,6,500
815,L,0,5,12,0,0,0,0.0000,0.0000,0.0000,0.0000,0,0,11,0,0,0,0,13,6,500
816,L,0,5,12,0,0,0,0.0000,0.0000,0.0000,0.0000,0,0,11,0,0,0,0,13,6,500
817,L,0,5,12,0,0,0,0.0000,0.0000,0.0000,0.0000,0,0,11,0,0,0,0,13,6,500
818,L,0,5,12,0,0,0,0.0000,0.0000,0.0000,0.0000,0,0,11,0,0,0,0,13,6,500
819,L,0,5,12,0,0,0,0.0000,0.0000,0.0000,0.0000,0,0,11,0,0,0,0,13,6,500
820,L,0,5,12,0,0,0,0.0000,0.0000,0.0000,0.0000,0,0,11,0,0,0,0,13,6,500
821,L,0,5,12,0,0,0,0.0000,0.0000,0.0000,0.0000,0,0,11,0,0,0,0,13,6,500
822,L,0,5,12,0,0,0,0.0000,0.0000,0.0000,0.0000,0,0,11,0,0,0,0,13,6,500
823,L,0,5,12,0,0,0,0.0000,0.0000,0.0000,0.0000,0,0,11,0,0,0,0,13,6,500
824,L,0,5,12,0,0,0,0.0000,0.0000,0.0000,0.0000,0,0,11,0,0,0,0,13,6,500
825,L,0,5,12,0,0,0,0.0000,0.0000,0.0000,0.0000,0,0,11,0,0,0,0,13,6,500
826,L,0,5,12,0,0,0,0.0000,0.0000,0.0000,0.0000,0,0,11,0,0,0,0,13,6,500
827,L,0,5,12,0,0,0,0.0000,0.0000,0.0000,0.0000,0,0,11,0,0,0,0,13,6,500
828,L,0,5,12,0,0,0,0.0000,0.0000,0.0000,0.0000,0,0,11,0,0,0,0,13,6,500
829,L,0,5,12,0,0,0,0.0000,0.0000,0.0000,0.0000,0,0,11,0,0,0,0,13,6,500
830,L,0,5,12,0,0,0,0.0000,0.0000,0.0000,0.0000,0,0,11,0,0,0,0,13,6,500
831,L,0,5,12,0,0,0,0.0000,0.0000,0.0000,0.0000,0,0,11,0,0,0,0,13,6,500
832,L,0,5,12,0,0,0,0.0000,0.0000,0.0000,0.0000,0,0,11,0,0,0,0,13,6,500
833,L,0,5,12,0,0,0,0.0000,0.0000,0.0000,0.0000,0,0,11,0,0,0,0,13,6,500
834,L,0,5,12,0,0,0,0.0000,0.0000,0.0000,0.0000,0,0,11,0,0,0,0,13,6,500
835,L,0,5,12,0,0,0,0.0000,0.0000,0.0000,0.0000,0,0,11,0,0,0,0,13,6,500
836,L,0,5,12,0,0,0,0.0000,0.0000,0.0000,0.0000,0,0,11,0,0,0,0,13,6,500
837,L,0,5,12,0,0,0,0.0000,0.0000,0.0000,0.0000,0,0,11,0,0,0,0,13,6,500
838,L,0,5,12,0,0,0,0.0000,0.0000,0.0000,0.0000,0,0,11,0,0,0,0,13,6,500
839,L,0,5,12,0,0,0,0.0000,0.0000,0.0000,0.0000,0,0,11,0,0,0,0,13,6,500
840,L,0,5,12,0,0,0,0.0000,0.0000,0.0000,0.0000,0,0,11,0,0,0,0,13,6,500
841,L,0,5,12,0,0,0,0.0000,0.0000,0.0000,0.0000,0,0,11,0,0,0,0,13,6,500
842,L,0,5,12,0,0,0,0.0000,0.0000,0.0000,0.0000,0,0,11,0,0,0,0,13,6,500
843,L,0,5,12,0,0,0,0.0000,0.0000,0.0000,0.0000,0,0,11,0,0,0,0,13,6,500
844,L,0,5,12,0,0,0,0.0000,0.0000,0.0000,0.0000,0,0,11,0,0,0,0,13,6,500
845,L,0,5,12,0,0,0,0.0000,0.0000,0.0000,0.0000,0,0,11,0,0,0,0,13,6,500
846,L,0,5,12,0,0,0,0.0000,0.0000,0.0000,0.0000,0,0,11,0,0,0,0,13,6,500
847,L,0,5,12,0,0,0,0.0000,0.0000,0.0000,0.0000,0,0,11,0,0,0,0,13,6,500
848,L,0,5,12,0,0,0,0.0000,0.0000,0.0000,0.0000,0,0,11,0,0,0,0,13,6,500
849,L,0,5,12,0,0,0,0.0000,0.0000,0.0000,0.0000,0,0,11,0,0,0,0,13,6,500
850,L,0,5,12,0,0,0,0.0000,0.0000,0.0000,0.0000,0,0,11,0,0,0,0,13,6,500
851,L,0,5,12,0,0,0,0.0000,0.0000,0.0000,0.0000,0,0,11,0,0,0,0,13,6,500
852,L,0,5,12,0,0,0,0.0000,0.0000,0.0000,0.0000,0,0,11,0,0,0,0,13,6,500
853,L,0,5,12,0,0,0,0.0000,0.0000,0.0000,0.0000,0,0,11,0,0,0,0,13,6,500
854,L,0,5,12,0,0,0,0.0000,0.0000,0.0000,0.0000,0,0,11,0,0,0,0,13,6,500
855,L,0,5,12,0,0,0,0.0000,0.0000,0.0000,0.0000,0,0,11,0,0,0,0,13,6,500
856,L,0,5,12,0,0,0,0.0000,0.0000,0.0000,0.0000,0,0,11,0,0,0,0,13,6,500
857,L,0,5,12,0,0,0,0.0000,0.0000,0.0000,0.0000,0,0,11,0,0,0,0,13,6,500
858,L,0,5,12,0,0,0,0.0000,0.0000,0.0000,0.0000,0,0,11,0,0,0,0,13,6,500
859,L,0,5,12,0,0,0,0.0000,0.0000,0.0000,0.0000,0,0,11,0,0,0,0,13,6,500
860,L,0,5,12,0,0,0,0.0000,0.0000,0.0000,0.0000,0,0,11,0,0,0,0,13,6,500
861,L,0,5,12,0,0,0,0.0000,0.0000,0.0000,0.0000,0,0,11,0,0,0,0,13,6,500
862,L,0,5,12,0,0,0,0.0000,0.0000,0.0000,0.0000,0,0,11,0,0,0,0,13,6,500
863,L,0,5,12,0,0,0,0.0000,0.0000,0.0000,0.0000,0,0,11,0,0,0,0,13,6,500
864,L,0,5,12,0,0,0,0.0000,0.0000,0.0000,0.0000,0,0,11,0,0,0,0,13,6,500
865,L,0,5,12,0,0,0,0.0000,0.0000,0.0000,0.0000,0,0,11,0,0,0,0,13,6,500
866,L,0,5,12,0,0,0,0.0000,0.0000,0.0000,0.0000,0,0,11,0,0,0,0,13,6,500
867,L,0,5,12,0,0,0,0.0000,0.0000,0.0000,0.0000,0,0,11,0,0,0,0,13,6,500
868,L,0,5,12,0,0,0,0.0000,0.0000,0.0000,0.0000,0,0,11,0,0,0,0,13,6,500
869,L,0,5,12,0,0,0,0.0000,0.0000,0.0000,0.0000,0,0,11,0,0,0,0,13,6,500
870,L,0,5,12,0,0,0,0.0000,0.0000,0.0000,0.0000,0,0,11,0,0,0,0,13,6,500
871,L,0,5,12,0,0,0,0.0000,0.0000,0.0000,0.0000,0,0,11,0,0,0,0,13,6,500
872,L,0,5,12,0,0,0,0.0000,0.0000,0.0000,0.0000,0,0,11,0,0,0,0,13,6,500
873,L,0,5,12,0,0,0,0.0000,0.0000,0.0000,0.0000,0,0,11,0,0,0,0,13,6,500
874,L,0,5,12,0,0,0,0.0000,0.0000,0.0000,0.0000,0,0,11,0,0,0,0,13,6,500
875,L,0,5,12,0,0,0,0.0000,0.0000,0.0000,0.0000,0,0,11,0,0,0,0,13,6,500
876,L,0,5,12,0,0,0,0.0000,0.0000,0.0000,0.0000,0,0,11,0,0,0,0,13,6,500
877,L,0,5,12,0,0,0,0.0000,0.0000,0.0000,0.0000,0,0,11,0,0,0,0,13,6,500
878,L,0,5,12,0,0,0,0.0000,0.0000,0.0000,0.0000,0,0,11,0,0,0,0,13,6,500
879,L,0,5,12,0,0,0,0.0000,0.0000,0.0000,0.0000,0,0,11,0,0,0,0,13,6,500
880,L,0,5,12,0,0,0,0.0000,0.0000,0.0000,0.0000,0,0,11,0,0,0,0,13,6,500
881,L,0,5,12,0,0,0,0.0000,0.0000,0.0000,0.0000,0,0,11,0,0,0,0,13,6,500
882,L,0,5,12,0,0,0,0.0000,0.0000,0.0000,0.0000,0,0,11,0,0,0,0,13,6,500
883,L,0,5,12,0,0,0,0.0000,0.0000,0.0000,0.0000,0,0,11,0,0,0,0,13,6,500
884,L,0,5,12,0,0,0,0.0000,0.0000,0.0000,0.0000,0,0,11,0,0,0,0,13,6,500
885,L,0,5,12,0,0,0,0.0000,0.0000,0.0000,0.0000,0,0,11,0,0,0,0,13,6,500
886,L,0,5,12,0,0,0,0.0000,0.0000,0.0000,0.0000,0,0,11,0,0,0,0,13,6,500
887,L,0,5,12,0,0,0,0.0000,0.0000,0.0000,0.0000,0,0,11,0,0,0,0,13,6,500
888,L,0,5,12,0,0,0,0.0000,0.0000,0.0000,0.0000,0,0,11,0,0,0,0,13,6,500
889,L,0,5,12,0,0,0,0.0000,0.0000,0.0000,0.0000,0,0,11,0,0,0,0,13,6,500
890,L,0,5,12,0,0,0,0.0000,0.0000,0.0000,0.0000,0,0,11,0,0,0,0,13,6,500
891,L,0,5,12,0,0,0,0.0000,0.0000,0.0000,0.0000,0,0,11,0,0,0,0,13,6,500
892,L,0,5,12,0,0,0,0.0000,0.0000,0.0000,0.0000,0,0,11,0,0,0,0,13,6,500
893,L,0,5,12,0,0,0,0.0000,0.0000,0.0000,0.0000,0,0,11,0,0,0,0,13,6,500
894,L,0,5,12,0,0,0,0.0000,0.0000,0.0000,0.0000,0,0,11,0,0,0,0,13,6,500
895,L,0,5,12,0,0,0,0.0000,0.0000,0.0000,0.0000,0,0,11,0,0,0,0,13,6,500
896,L,0,5,12,0,0,0,0.0000,0.0000,0.0000,0.0000,0,0,11,0,0,0,0,13,6,500
897,L,0,5,12,0,0,0,0.0000,0.0000,0.0000,0.0000,0,0,11,0,0,0,0,13,6,500
898,L,0,5,12,0,0,0,0.0000,0.0000,0.0000,0.0000,0,0,11,0,0,0,0,13,6,500
899,L,0,5,12,0,0,0,0.0000,0.0000,0.0000,0.0000,0,0,11,0,0,0,0,13,6,500
900,L,0,5,12,0,0,0,0.0000,0.0000,0.0000,0.0000,0,0,11,0,0,0,0,13,6,500
901,L,0,5,12,0,0,0,0.0000,0.0000,0.0000,0.0000,0,0,11,0,0,0,0,13,6,500
902,L,0,5,12,0,0,0,0.0000,0.0000,0.0000,0.0000,0,0,11,0,0,0,0,13,6,500
903,L,0,5,12,0,0,0,0.0000,0.0000,0.0000,0.0000,0,0,11,0,0,0,0,13,6,500
904,L,0,5,12,0,0,0,0.0000,0.0000,0.0000,0.0000,0,0,11,0,0,0,0,13,6,500
905,L,0,5,12,0,0,0,0.0000,0.0000,0.0000,0.0000,0,0,11,0,0,0,0,13,6,500
906,L,0,5,12,0,0,0,0.0000,0.0000,0.0000,0.0000,0,0,11,0,0,0,0,13,6,500
907,L,0,5,12,0,0,0,0.0000,0.0000,0.0000,0.0000,0,0,11,0,0,0,0,13,6,500
908,L,0,5,12,0,0,0,0.0000,0.0000,0.0000,0.0000,0,0,11,0,0,0,0,13,6,500
909,L,0,5,12,0,0,0,0.0000,0.0000,0.0000,0.0000,0,0,11,0,0,0,0,13,6,500
910,L,0,5,12,0,0,0,0.0000,0.0000,0.0000,0.0000,0,0,11,0,0,0,0,13,6,500
911,L,0,5,12,0,0,0,0.0000,0.0000,0.0000,0.0000,0,0,11,0,0,0,0,13,6,500
912,L,0,5,12,0,0,0,0.0000,0.0000,0.0000,0.0000,0,0,11,0,0,0,0,13,6,500
913,L,0,5,12,0,0,0,0.0000,0.0000,0.0000,0.0000,0,0,11,0,0,0,0,13,6,500
914,L,0,5,12,0,0,0,0.0000,0.0000,0.0000,0.0000,0,0,11,0,0,0,0,13,6,500
915,L,0,5,12,0,0,0,0.0000,0.0000,0.0000,0.0000,0,0,11,0,0,0,0,13,6,500
916,L,0,5,12,0,0,0,0.0000,0.0000,0.0000,0.0000,0,0,11,0,0,0,0,13,6,500
917,L,0,5,12,0,0,0,0.0000,0.0000,0.0000,0.0000,0,0,11,0,0,0,0,13,6,500
918,L,0,5,12,0,0,0,0.0000,0.0000,0.0000,0.0000,0,0,11,0,0,0,0,13,6,500
919,L,0,5,12,0,0,0,0.0000,0.0000,0.0000,0.0000,0,0,11,0,0,0,0,13,6,500
920,L,0,5,12,0,0,0,0.0000,0.0000,0.0000,0.0000,0,0,11,0,0,0,0,13,6,500
921,L,0,5,12,0,0,0,0.0000,0.0000,0.0000,0.0000,0,0,11,0,0,0,0,13,6,500
922,L,0,5,12,0,0,0,0.0000,0.0000,0.0000,0.0000,0,0,11,0,0,0,0,13,6,500
923,L,0,5,12,0,0,0,0.0000,0.0000,0.0000,0.0000,0,0,11,0,0,0,0,13,6,500
924,L,0,5,12,0,0,0,0.0000,0.0000,0.0000,0.0000,0,0,11,0,0,0,0,13,6,500
925,L,0,5,12,0,0,0,0.0000,0.0000,0.0000,0.0000,0,0,11,0,0,0,0,13,6,500
926,L,0,5,12,0,0,0,0.0000,0.0000,0.0000,0.0000,0,0,11,0,0,0,0,13,6,500
927,L,0,5,12,0,0,0,0.0000,0.0000,0.0000,0.0000,0,0,11,0,0,0,0,13,6,500
928,L,0,5,12,0,0,0,0.0000,0.0000,0.0000,0.0000,0,0,11,0,0,0,0,13,6,500
929,L,0,5,12,0,0,0,0.0000,0.0000,0.0000,0.0000,0,0,11,0,0,0,0,13,6,500
930,L,0,5,12,0,0,0,0.0000,0.0000,0.0000,0.0000,0,0,11,0,0,0,0,13,6,500
931,L,0,5,12,0,0,0,0.0000,0.0000,0.0000,0.0000,0,0,11,0,0,0,0,13,6,500
932,L,0,5,12,0,0,0,0.0000,0.0000,0.0000,0.0000,0,0,11,0,0,0,0,13,6,500
933,L,0,5,12,0,0,0,0.0000,0.0000,0.0000,0.0000,0,0,11,0,0,0,0,13,6,500
934,L,0,5,12,0,0,0,0.0000,0.0000,0.0000,0.0000,0,0,11,0,0,0,0,13,6,500
935,L,0,5,12,0,0,0,0.0000,0.0000,0.0000,0.0000,0,0,11,0,0,0,0,13,6,500
936,L,0,5,12,0,0,0,0.0000,0.0000,0.0000,0.0000,0,0,11,0,0,0,0,13,6,500
937,L,0,5,12,0,0,0,0.0000,0.0000,0.0000,0.0000,0,0,11,0,0,0,0,13,6,500
938,L,0,5,12,0,0,0,0.0000,0.0000,0.0000,0.0000,0,0,11,0,0,0,0,13,6,500
939,L,0,5,12,0,0,0,0.0000,0.0000,0.0000,0.0000,0,0,11,0,0,0,0,13,6,500
940,L,0,5,12,0,0,0,0.0000,0.0000,0.0000,0.0000,0,0,11,0,0,0,0,13,6,500
941,L,0,5,12,0,0,0,0.0000,0.0000,0.0000,0.0000,0,0,11,0,0,0,0,13,6,500
942,L,0,5,12,0,0,0,0.0000,0.0000,0.0000,0.0000,0,0,11,0,0,0,0,13,6,500
943,L,0,5,12,0,0,0,0.0000,0.0000,0.0000,0.0000,0,0,11,0,0,0,0,13,6,500
944,L,0,5,12,0,0,0,0.0000,0.0000,0.0000,0.0000,0,0,11,0,0,0,0,13,6,500
945,L,0,5,12,0,0,0,0.0000,0.0000,0.0000,0.0000,0,0,11,0,0,0,0,13,6,500
946,L,0,5,12,0,0,0,0.0000,0.0000,0.0000,0.0000,0,0,11,0,0,0,0,13,6,500
947,L,0,5,12,0,0,0,0.0000,0.0000,0.0000,0.0000,0,0,11,0,0,0,0,13,6,500
948,L,0,5,12,0,0,0,0.0000,0.0000,0.0000,0.0000,0,0,11,0,0,0,0,13,6,500
949,L,0,5,12,0,0,0,0.0000,0.0000,0.0000,0.0000,0,0,11,0,0,0,0,13,6,500
950,L,0,5,12,0,0,0,0.0000,0.0000,0.0000,0.0000,0,0,11,0,0,0,0,13,6,500
951,L,0,5,12,0,0,0,0.0000,0.0000,0.0000,0.0000,0,0,11,0,0,0,0,13,6,500
952,L,0,5,12,0,0,0,0.0000,0.0000,0.0000,0.0000,0,0,11,0,0,0,0,13,6,500
953,L,0,5,12,0,0,0,0.0000,0.0000,0.0000,0.0000,0,0,11,0,0,0,0,13,6,500
954,L,0,5,12,0,0,0,0.0000,0.0000,0.0000,0.0000,0,0,11,0,0,0,0,13,6,500
955,L,0,5,12,0,0,0,0.0000,0.0000,0.0000,0.0000,0,0,11,0,0,0,0,13,6,500
956,L,0,5,12,0,0,0,0.0000,0.0000,0.0000,0.0000,0,0,11,0,0,0,0,13,6,500
957,L,0,5,12,0,0,0,0.0000,0.0000,0.0000,0.0000,0,0,11,0,0,0,0,13,6,500
958,L,0,5,12,0,0,0,0.0000,0.0000,0.0000,0.0000,0,0,11,0,0,0,0,13,6,500
959,L,0,5,12,0,0,0,0.0000,0.0000,0.0000,0.0000,0,0,11,0,0,0,0,13,6,500
960,L,0,5,12,0,0,0,0.0000,0.0000,0.0000,0.0000,0,0,11,0,0,0,0,13,6,500
961,L,0,5,12,0,0,0,0.0000,0.0000,0.0000,0.0000,0,0,11,0,0,0,0,13,6,500
962,L,0,5,12,0,0,0,0.0000,0.0000,0.0000,0.0000,0,0,11,0,0,0,0,13,6,500
963,L,0,5,12,0,0,0,0.0000,0.0000,0.0000,0.0000,0,0,11,0,0,0,0,13,6,500
964,L,0,5,12,0,0,0,0.0000,0.0000,0.0000,0.0000,0,0,11,0,0,0,0,13,6,500
965,L,0,5,12,0,0,0,0.0000,0.0000,0.0000,0.0000,0,0,11,0,0,0,0,13,6,500
966,L,0,5,12,0,0,0,0.0000,0.0000,0.0000,0.0000,0,0,11,0,0,0,0,13,6,500
967,L,0,5,12,0,0,0,0.0000,0.0000,0.0000,0.0000,0,0,11,0,0,0,0,13,6,500
968,L,0,5,12,0,0,0,0.0000,0.0000,0.0000,0.0000,0,0,11,0,0,0,0,13,6,500
969,L,0,5,12,0,0,0,0.0000,0.0000,0.0000,0.0000,0,0,11,0,0,0,0,13,6,500
970,L,0,5,12,0,0,0,0.0000,0.0000,0.0000,0.0000,0,0,11,0,0,0,0,13,6,500
971,L,0,5,12,0,0,0,0.0000,0.0000,0.0000,0.0000,0,0,11,0,0,0,0,13,6,500
972,L,0,5,12,0,0,0,0.0000,0.0000,0.0000,0.0000,0,0,11,0,0,0,0,13,6,500
973,L,0,5,12,0,0,0,0.0000,0.0000,0.0000,0.0000,0,0,11,0,0,0,0,13,6,500
974,L,0,5,12,0,0,0,0.0000,0.0000,0.0000,0.0000,0,0,11,0,0,0,0,13,6,500
975,L,0,5,12,0,0,0,0.0000,0.0000,0.0000,0.0000,0,0,11,0,0,0,0,13,6,500
976,L,0,5,12,0,0,0,0.0000,0.0000,0.0000,0.0000,0,0,11,0,0,0,0,13,6,500
977,L,0,5,12,0,0,0,0.0000,0.0000,0.0000,0.0000,0,0,11,0,0,0,0,13,6,500
978,L,0,5,12,0,0,0,0.0000,0.0000,0.0000,0.0000,0,0,11,0,0,0,0,13,6,500
979,L,0,5,12,0,0,0,0.0000,0.0000,0.0000,0.0000,0,0,11,0,0,0,0,13,6,500
980,L,0,5,12,0,0,0,0.0000,0.0000,0.0000,0.0000,0,0,11,0,0,0,0,13,6,500
981,L,0,5,12,0,0,0,0.0000,0.0000,0.0000,0.0000,0,0,11,0,0,0,0,13,6,500
982,L,0,5,12,0,0,0,0.0000,0.0000,0.0000,0.0000,0,0,11,0,0,0,0,13,6,500
983,L,0,5,12,0,0,0,0.0000,0.0000,0.0000,0.0000,0,0,11,0,0,0,0,13,6,500
984,L,0,5,12,0,0,0,0.0000,0.0000,0.0000,0.0000,0,0,11,0,0,0,0,13,6,500
985,L,0,5,12,0,0,0,0.0000,0.0000,0.0000,0.0000,0,0,11,0,0,0,0,13,6,500
986,L,0,5,12,0,0,0,0.0000,0.0000,0.0000,0.0000,0,0,11,0,0,0,0,13,6,500
987,L,0,5,12,0,0,0,0.0000,0.0000,0.0000,0.0000,0,0,11,0,0,0,0,13,6,500
988,L,0,5,12,0,0,0,0.0000,0.0000,0.0000,0.0000,0,0,11,0,0,0,0,13,6,500
989,L,0,5,12,0,0,0,0.0000,0.0000,0.0000,0.0000,0,0,11,0,0,0,0,13,6,500
990,L,0,5,12,0,0,0,0.0000,0.0000,0.0000,0.0000,0,0,11,0,0,0,0,13,6,500
991,L,0,5,12,0,0,0,0.0000,0.0000,0.0000,0.0000,0,0,11,0,0,0,0,13,6,500
992,L,0,5,12,0,0,0,0.0000,0.0000,0.0000,0.0000,0,0,11,0,0,0,0,13,6,500
993,L,0,5,12,0,0,0,0.0000,0.0000,0.0000,0.0000,0,0,11,0,0,0,0,13,6,500
994,L,0,5,12,0,0,0,0.0000,0.0000,0.0000,0.0000,0,0,11,0,0,0,0,13,6,500
995,L,0,5,12,0,0,0,0.0000,0.0000,0.0000,0.0000,0,0,11,0,0,0,0,13,6,500
996,L,0,5,12,0,0,0,0.0000,0.0000,0.0000,0.0000,0,0,11,0,0,0,0,13,6,500
997,L,0,5,12,0,0,0,0.0000,0.0000,0.0000,0.0000,0,0,11,0,0,0,0,13,6,500
998,L,0,5,12,0,0,0,0.0000,0.0000,0.0000,0.0000,0,0,11,0,0,0,0,13,6,500
999,L,0,5,12,0,0,0,0.0000,0.0000,0.0000,0.0000,0,0,11,0,0,0,0,13,6,500
1000,L,0,5,12,0,0,0,0.0000,0.0000,0.0000,0.0000,0,0,11,0,0,0,0,13,6,500
1001,L,0,5,12,0,0,0,0.0000,0.0000,0.0000,0.0000,0,0,11,0,0,0,0,13,6,500
1002,L,0,5,12,0,0,0,0.0000,0.0000,0.0000,0.0000,0,0,11,0,0,0,0,13,6,500
1003,L,0,5,12,0,0,0,0.0000,0.0000,0.0000,0.0000,0,0,11,0,0,0,0,13,6,500
1004,L,0,5,12,0,0,0,0.0000,0.0000,0.0000,0.0000,0,0,11,0,0,0,0,13,6,500
1005,L,0,5,12,0,0,0,0.0000,0.0000,0.0000,0.0000,0,0,11,0,0,0,0,13,6,500
1006,L,0,5,12,0,0,0,0.0000,0.0000,0.0000,0.0000,0,0,11,0,0,0,0,13,6,500
1007,L,0,5,12,0,0,0,0.0000,0.0000,0.0000,0.0000,0,0,11,0,0,0,0,13,6,500
1008,L,0,5,12,0,0,0,0.0000,0.0000,0.0000,0.0000,0,0,11,0,0,0,0,13,6,500
1009,L,0,5,12,0,0,0,0.0000,0.0000,0.0000,0.0000,0,0,11,0,0,0,0,13,6,500
1010,L,0,5,12,0,0,0,0.0000,0.0000,0.0000,0.0000,0,0,11,0,0,0,0,13,6,500
1011,L,0,5,12,0,0,0,0.0000,0.0000,0.0000,0.0000,0,0,11,0,0,0,0,13,6,500
1012,L,0,5,12,0,0,0,0.0000,0.0000,0.0000,0.0000,0,0,11,0,0,0,0,13,6,500
1013,L,0,5,12,0,0,0,0.0000,0.0000,0.0000,0.0000,0,0,11,0,0,0,0,13,6,500
1014,L,0,5,12,0,0,0,0.0000,0.0000,0.0000,0.0000,0,0,11,0,0,0,0,13,6,500
1015,L,0,5,12,0,0,0,0.0000,0.0000,0.0000,0.0000,0,0,11,0,0,0,0,13,6,500
1016,L,0,5,12,0,0,0,0.0000,0.0000,0.0000,0.0000,0,0,11,0,0,0,0,13,6,500
1017,L,0,5,12,0,0,0,0.0000,0.0000,0.0000,0.0000,0,0,11,0,0,0,0,13,6,500
1018,L,0,5,12,0,0,0,0.0000,0.0000,0.0000,0.0000,0,0,11,0,0,0,0,13,6,500
1019,L,0,5,12,0,0,0,0.0000,0.0000,0.0000,0.0000,0,0,11,0,0,0,0,13,6,500
1020,L,0,5,12,0,0,0,0.0000,0.0000,0.0000,0.0000,0,0,11,0,0,0,0,13,6,500
1021,L,0,5,12,0,0,0,0.0000,0.0000,0.0000,0.0000,0,0,11,0,0,0,0,13,6,500
1022,L,0,5,12,0,0,0,0.0000,0.0000,0.0000,0.0000,0,0,11,0,0,0,0,13,6,500
1023,L,0,5,12,0,0,0,0.0000,0.0000,0.0000,0.0000,0,0,11,0,0,0,0,13,6,500
1024,L,0,5,12,0,0,0,0.0000,0.0000,0.0000,0.0000,0,0,11,0,0,0,0,13,6,500
1025,L,0,5,12,0,0,0,0.0000,0.0000,0.0000,0.0000,0,0,11,0,0,0,0,13,6,500
1026,L,0,5,12,0,0,0,0.0000,0.0000,0.0000,0.0000,0,0,11,0,0,0,0,13,6,500
1027,L,0,5,12,0,0,0,0.0000,0.0000,0.0000,0.0000,0,0,11,0,0,0,0,13,6,500
1028,L,0,5,12,0,0,0,0.0000,0.0000,0.0000,0.0000,0,0,11,0,0,0,0,13,6,500
1029,L,0,5,12,0,0,0,0.0000,0.0000,0.0000,0.0000,0,0,11,0,0,0,0,13,6,500
1030,L,0,5,12,0,0,0,0.0000,0.0000,0.0000,0.0000,0,0,11,0,0,0,0,13,6,500
1031,L,0,5,12,0,0,0,0.0000,0.0000,0.0000,0.0000,0,0,11,0,0,0,0,13,6,500
1032,L,0,5,12,0,0,0,0.0000,0.0000,0.0000,0.0000,0,0,11,0,0,0,0,13,6,500
1033,L,0,5,12,0,0,0,0.0000,0.0000,0.0000,0.0000,0,0,11,0,0,0,0,13,6,500
1034,L,0,5,12,0,0,0,0.0000,0.0000,0.0000,0.0000,0,0,11,0,0,0,0,13,6,500
1035,L,0,5,12,0,0,0,0.0000,0.0000,0.0000,0.0000,0,0,11,0,0,0,0,13,6,500
1036,L,0,5,12,0,0,0,0.0000,0.0000,0.0000,0.0000,0,0,11,0,0,0,0,13,6,500
1037,L,0,5,12,0,0,0,0.0000,0.0000,0.0000,0.0000,0,0,11,0,0,0,0,13,6,500
1038,L,0,5,12,0,0,0,0.0000,0.0000,0.0000,0.0000,0,0,11,0,0,0,0,13,6,500
1039,L,0,5,12,0,0,0,0.0000,0.0000,0.0000,0.0000,0,0,11,0,0,0,0,13,6,500
1040,L,0,5,12,0,0,0,0.0000,0.0000,0.0000,0.0000,0,0,11,0,0,0,0,13,6,500
1041,L,0,5,12,0,0,0,0.0000,0.0000,0.0000,0.0000,0,0,11,0,0,0,0,13,6,500
1042,L,0,5,12,0,0,0,0.0000,0.0000,0.0000,0.0000,0,0,11,0,0,0,0,13,6,500
1043,L,0,5,12,0,0,0,0.0000,0.0000,0.0000,0.0000,0,0,11,0,0,0,0,13,6,500
1044,L,0,5,12,0,0,0,0.0000,0.0000,0.0000,0.0000,0,0,11,0,0,0,0,13,6,500
1045,L,0,5,12,0,0,0,0.0000,0.0000,0.0000,0.0000,0,0,11,0,0,0,0,13,6,500
1046,L,0,5,12,0,0,0,0.0000,0.0000,0.0000,0.0000,0,0,11,0,0,0,0,13,6,500
1047,L,0,5,12,0,0,0,0.0000,0.0000,0.0000,0.0000,0,0,11,0,0,0,0,13,6,500
1048,L,0,5,12,0,0,0,0.0000,0.0000,0.0000,0.0000,0,0,11,0,0,0,0,13,6,500
1049,L,0,5,12,0,0,0,0.0000,0.0000,0.0000,0.0000,0,0,11,0,0,0,0,13,6,500
1050,L,0,5,12,0,0,0,0.0000,0.0000,0.0000,0.0000,0,0,11,0,0,0,0,13,6,500
1051,L,0,5,12,0,0,0,0.0000,0.0000,0.0000,0.0000,0,0,11,0,0,0,0,13,6,500
1052,L,0,5,12,0,0,0,0.0000,0.0000,0.0000,0.0000,0,0,11,0,0,0,0,13,6,500
1053,L,0,5,12,0,0,0,0.0000,0.0000,0.0000,0.0000,0,0,11,0,0,0,0,13,6,500
1054,L,0,5,12,0,0,0,0.0000,0.0000,0.0000,0.0000,0,0,11,0,0,0,0,13,6,500
1055,L,0,5,12,0,0,0,0.0000,0.0000,0.0000,0.0000,0,0,11,0,0,0,0,13,6,500
1056,L,0,5,12,0,0,0,0.0000,0.0000,0.0000,0.0000,0,0,11,0,0,0,0,13,6,500
1057,L,0,5,12,0,0,0,0.0000,0.0000,0.0000,0.0000,0,0,11,0,0,0,0,13,6,500
1058,L,0,5,12,0,0,0,0.0000,0.0000,0.0000,0.0000,0,0,11,0,0,0,0,13,6,500
1059,L,0,5,12,0,0,0,0.0000,0.0000,0.0000,0.0000,0,0,11,0,0,0,0,13,6,500
1060,L,0,5,12,0,0,0,0.0000,0.0000,0.0000,0.0000,0,0,11,0,0,0,0,13,6,500
1061,L,0,5,12,0,0,0,0.0000,0.0000,0.0000,0.0000,0,0,11,0,0,0,0,13,6,500
1062,L,0,5,12,0,0,0,0.0000,0.0000,0.0000,0.0000,0,0,11,0,0,0,0,13,6,500
1063,L,0,5,12,0,0,0,0.0000,0.0000,0.0000,0.0000,0,0,11,0,0,0,0,13,6,500
1064,L,0,5,12,0,0,0,0.0000,0.0000,0.0000,0.0000,0,0,11,0,0,0,0,13,6,500
1065,L,0,5,12,0,0,0,0.0000,0.0000,0.0000,0.0000,0,0,11,0,0,0,0,13,6,500
1066,L,0,5,12,0,0,0,0.0000,0.0000,0.0000,0.0000,0,0,11,0,0,0,0,13,6,500
1067,L,0,5,12,0,0,0,0.0000,0.0000,0.0000,0.0000,0,0,11,0,0,0,0,13,6,500
1068,L,0,5,12,0,0,0,0.0000,0.0000,0.0000,0.0000,0,0,11,0,0,0,0,13,6,500
1069,L,0,5,12,0,0,0,0.0000,0.0000,0.0000,0.0000,0,0,11,0,0,0,0,13,6,500
1070,L,0,5,12,0,0,0,0.0000,0.0000,0.0000,0.0000,0,0,11,0,0,0,0,13,6,500
1071,L,0,5,12,0,0,0,0.0000,0.0000,0.0000,0.0000,0,0,11,0,0,0,0,13,6,500
1072,L,0,5,12,0,0,0,0.0000,0.0000,0.0000,0.0000,0,0,11,0,0,0,0,13,6,500
1073,L,0,5,12,0,0,0,0.0000,0.0000,0.0000,0.0000,0,0,11,0,0,0,0,13,6,500
1074,L,0,5,12,0,0,0,0.0000,0.0000,0.0000,0.0000,0,0,11,0,0,0,0,13,6,500
1075,L,0,5,12,0,0,0,0.0000,0.0000,0.0000,0.0000,0,0,11,0,0,0,0,13,6,500
1076,L,0,5,12,0,0,0,0.0000,0.0000,0.0000,0.0000,0,0,11,0,0,0,0,13,6,500
1077,L,0,5,12,0,0,0,0.0000,0.0000,0.0000,0.0000,0,0,11,0,0,0,0,13,6,500
1078,L,0,5,12,0,0,0,0.0000,0.0000,0.0000,0.0000,0,0,11,0,0,0,0,13,6,500
1079,L,0,5,12,0,0,0,0.0000,0.0000,0.0000,0.0000,0,0,11,0,0,0,0,13,6,500
1080,L,0,5,12,0,0,0,0.0000,0.0000,0.0000,0.0000,0,0,11,0,0,0,0,13,6,500
1081,L,0,5,12,0,0,0,0.0000,0.0000,0.0000,0.0000,0,0,11,0,0,0,0,13,6,500
1082,L,0,5,12,0,0,0,0.0000,0.0000,0.0000,0.0000,0,0,11,0,0,0,0,13,6,500
1083,L,0,5,12,0,0,0,0.0000,0.0000,0.0000,0.0000,0,0,11,0,0,0,0,13,6,500
1084,L,0,5,12,0,0,0,0.0000,0.0000,0.0000,0.0000,0,0,11,0,0,0,0,13,6,500
1085,L,0,5,12,0,0,0,0.0000,0.0000,0.0000,0.0000,0,0,11,0,0,0,0,13,6,500
1086,L,0,5,12,0,0,0,0.0000,0.0000,0.0000,0.0000,0,0,11,0,0,0,0,13,6,500
1087,L,0,5,12,0,0,0,0.0000,0.0000,0.0000,0.0000,0,0,11,0,0,0,0,13,6,500
1088,L,0,5,12,0,0,0,0.0000,0.0000,0.0000,0.0000,0,0,11,0,0,0,0,13,6,500
1089,L,0,5,12,0,0,0,0.0000,0.0000,0.0000,0.0000,0,0,11,0,0,0,0,13,6,500
1090,L,0,5,12,0,0,0,0.0000,0.0000,0.0000,0.0000,0,0,11,0,0,0,0,13,6,500
1091,L,0,5,12,0,0,0,0.0000,0.0000,0.0000,0.0000,0,0,11,0,0,0,0,13,6,500
1092,L,0,5,12,0,0,0,0.0000,0.0000,0.0000,0.0000,0,0,11,0,0,0,0,13,6,500
1093,L,0,5,12,0,0,0,0.0000,0.0000,0.0000,0.0000,0,0,11,0,0,0,0,13,6,500
1094,L,0,5,12,0,0,0,0.0000,0.0000,0.0000,0.0000,0,0,11,0,0,0,0,13,6,500
1095,L,0,5,12,0,0,0,0.0000,0.0000,0.0000,0.0000,0,0,11,0,0,0,0,13,6,500
1096,L,0,5,12,0,0,0,0.0000,0.0000,0.0000,0.0000,0,0,11,0,0,0,0,13,6,500
1097,L,0,5,12,0,0,0,0.0000,0.0000,0.0000,0.0000,0,0,11,0,0,0,0,13,6,500
1098,L,0,5,12,0,0,0,0.0000,0.0000,0.0000,0.0000,0,0,11,0,0,0,0,13,6,500
1099,L,0,5,12,0,0,0,0.0000,0.0000,0.0000,0.0000,0,0,11,0,0,0,0,13,6,500
1100,L,0,5,12,0,0,0,0.0000,0.0000,0.0000,0.0000,0,0,11,0,0,0,0,13,6,500
1101,L,0,5,12,0,0,0,0.0000,0.0000,0.0000,0.0000,0,0,11,0,0,0,0,13,6,500
1102,L,0,5,12,0,0,0,0.0000,0.0000,0.0000,0.0000,0,0,11,0,0,0,0,13,6,500
1103,L,0,5,12,0,0,0,0.0000,0.0000,0.0000,0.0000,0,0,11,0,0,0,0,13,6,500
1104,L,0,5,12,0,0,0,0.0000,0.0000,0.0000,0.0000,0,0,11,0,0,0,0,13,6,500
1105,L,0,5,12,0,0,0,0.0000,0.0000,0.0000,0.0000,0,0,11,0,0,0,0,13,6,500
1106,L,0,5,12,0,0,0,0.0000,0.0000,0.0000,0.0000,0,0,11,0,0,0,0,13,6,500
1107,L,0,5,12,0,0,0,0.0000,0.0000,0.0000,0.0000,0,0,11,0,0,0,0,13,6,500
1108,L,0,5,12,0,0,0,0.0000,0.0000,0.0000,0.0000,0,0,11,0,0,0,0,13,6,500
1109,L,0,5,12,0,0,0,0.0000,0.0000,0.0000,0.0000,0,0,11,0,0,0,0,13,6,500
1110,L,0,5,12,0,0,0,0.0000,0.0000,0.0000,0.0000,0,0,11,0,0,0,0,13,6,500
1111,L,0,5,12,0,0,0,0.0000,0.0000,0.0000,0.0000,0,0,11,0,0,0,0,13,6,500
1112,L,0,5,12,0,0,0,0.0000,0.0000,0.0000,0.0000,0,0,11,0,0,0,0,13,6,500
1113,L,0,5,12,0,0,0,0.0000,0.0000,0.0000,0.0000,0,0,11,0,0,0,0,13,6,500
1114,L,0,5,12,0,0,0,0.0000,0.0000,0.0000,0.0000,0,0,11,0,0,0,0,13,6,500
1115,L,0,5,12,0,0,0,0.0000,0.0000,0.0000,0.0000,0,0,11,0,0,0,0,13,6,500
1116,L,0,5,12,0,0,0,0.0000,0.0000,0.0000,0.0000,0,0,11,0,0,0,0,13,6,500
1117,L,0,5,12,0,0,0,0.0000,0.0000,0.0000,0.0000,0,0,11,0,0,0,0,13,6,500
1118,L,0,5,12,0,0,0,0.0000,0.0000,0.0000,0.0000,0,0,11,0,0,0,0,13,6,500
1119,L,0,5,12,0,0,0,0.0000,0.0000,0.0000,0.0000,0,0,11,0,0,0,0,13,6,500
1120,L,0,5,12,0,0,0,0.0000,0.0000,0.0000,0.0000,0,0,11,0,0,0,0,13,6,500
1121,L,0,5,12,0,0,0,0.0000,0.0000,0.0000,0.0000,0,0,11,0,0,0,0,13,6,500
1122,L,0,5,12,0,0,0,0.0000,0.0000,0.0000,0.0000,0,0,11,0,0,0,0,13,6,500
1123,L,0,5,12,0,0,0,0.0000,0.0000,0.0000,0.0000,0,0,11,0,0,0,0,13,6,500
1124,L,0,5,12,0,0,0,0.0000,0.0000,0.0000,0.0000,0,0,11,0,0,0,0,13,6,500
1125,L,0,5,12,0,0,0,0.0000,0.0000,0.0000,0.0000,0,0,11,0,0,0,0,13,6,500
1126,L,0,5,12,0,0,0,0.0000,0.0000,0.0000,0.0000,0,0,11,0,0,0,0,13,6,500
1127,L,0,5,12,0,0,0,0.0000,0.0000,0.0000,0.0000,0,0,11,0,0,0,0,13,6,500
1128,L,0,5,12,0,0,0,0.0000,0.0000,0.0000,0.0000,0,0,11,0,0,0,0,13,6,500
1129,L,0,5,12,0,0,0,0.0000,0.0000,0.0000,0.0000,0,0,11,0,0,0,0,13,6,500
1130,L,0,5,12,0,0,0,0.0000,0.0000,0.0000,0.0000,0,0,11,0,0,0,0,13,6,500
1131,L,0,5,12,0,0,0,0.0000,0.0000,0.0000,0.0000,0,0,11,0,0,0,0,13,6,500
1132,L,0,5,12,0,0,0,0.0000,0.0000,0.0000,0.0000,0,0,11,0,0,0,0,13,6,500
1133,L,0,5,12,0,0,0,0.0000,0.0000,0.0000,0.0000,0,0,11,0,0,0,0,13,6,500
1134,L,0,5,12,0,0,0,0.0000,0.0000,0.0000,0.0000,0,0,11,0,0,0,0,13,6,500
1135,L,0,5,12,0,0,0,0.0000,0.0000,0.0000,0.0000,0,0,11,0,0,0,0,13,6,500
1136,L,0,5,12,0,0,0,0.0000,0.0000,0.0000,0.0000,0,0,11,0,0,0,0,13,6,500
1137,L,0,5,12,0,0,0,0.0000,0.0000,0.0000,0.0000,0,0,11,0,0,0,0,13,6,500
1138,L,0,5,12,0,0,0,0.0000,0.0000,0.0000,0.0000,0,0,11,0,0,0,0,13,6,500
1139,L,0,5,12,0,0,0,0.0000,0.0000,0.0000,0.0000,0,0,11,0,0,0,0,13,6,500
1140,L,0,5,12,0,0,0,0.0000,0.0000,0.0000,0.0000,0,0,11,0,0,0,0,13,6,500
1141,L,0,5,12,0,0,0,0.0000,0.0000,0.0000,0.0000,0,0,11,0,0,0,0,13,6,500
1142,L,0,5,12,0,0,0,0.0000,0.0000,0.0000,0.0000,0,0,11,0,0,0,0,13,6,500
1143,L,0,5,12,0,0,0,0.0000,0.0000,0.0000,0.0000,0,0,11,0,0,0,0,13,6,500
1144,L,0,5,12,0,0,0,0.0000,0.0000,0.0000,0.0000,0,0,11,0,0,0,0,13,6,500
1145,L,0,5,12,0,0,0,0.0000,0.0000,0.0000,0.0000,0,0,11,0,0,0,0,13,6,500
1146,L,0,5,12,0,0,0,0.0000,0.0000,0.0000,0.0000,0,0,11,0,0,0,0,13,6,500
1147,L,0,5,12,0,0,0,0.0000,0.0000,0.0000,0.0000,0,0,11,0,0,0,0,13,6,500
1148,L,0,5,12,0,0,0,0.0000,0.0000,0.0000,0.0000,0,0,11,0,0,0,0,13,6,500
1149,L,0,5,12,0,0,0,0.0000,0.0000,0.0000,0.0000,0,0,11,0,0,0,0,13,6,500
1150,L,0,5,12,0,0,0,0.0000,0.0000,0.0000,0.0000,0,0,11,0,0,0,0,13,6,500
1151,L,0,5,12,0,0,0,0.0000,0.0000,0.0000,0.0000,0,0,11,0,0,0,0,13,6,500
1152,L,0,5,12,0,0,0,0.0000,0.0000,0.0000,0.0000,0,0,11,0,0,0,0,13,6,500
1153,L,0,5,12,0,0,0,0.0000,0.0000,0.0000,0.0000,0,0,11,0,0,0,0,13,6,500
1154,L,0,5,12,0,0,0,0.0000,0.0000,0.0000,0.0000,0,0,11,0,0,0,0,13,6,500
1155,L,0,5,12,0,0,0,0.0000,0.0000,0.0000,0.0000,0,0,11,0,0,0,0,13,6,500
1156,L,0,5,12,0,0,0,0.0000,0.0000,0.0000,0.0000,0,0,11,0,0,0,0,13,6,500
1157,L,0,5,12,0,0,0,0.0000,0.0000,0.0000,0.0000,0,0,11,0,0,0,0,13,6,500
1158,L,0,5,12,0,0,0,0.0000,0.0000,0.0000,0.0000,0,0,11,0,0,0,0,13,6,500
1159,L,0,5,12,0,0,0,0.0000,0.0000,0.0000,0.0000,0,0,11,0,0,0,0,13,6,500
1160,L,0,5,12,0,0,0,0.0000,0.0000,0.0000,0.0000,0,0,11,0,0,0,0,13,6,500
1161,L,0,5,12,0,0,0,0.0000,0.0000,0.0000,0.0000,0,0,11,0,0,0,0,13,6,500
1162,L,0,5,12,0,0,0,0.0000,0.0000,0.0000,0.0000,0,0,11,0,0,0,0,13,6,500
1163,L,0,5,12,0,0,0,0.0000,0.0000,0.0000,0.0000,0,0,11,0,0,0,0,13,6,500
1164,L,0,5,12,0,0,0,0.0000,0.0000,0.0000,0.0000,0,0,11,0,0,0,0,13,6,500
1165,L,0,5,12,0,0,0,0.0000,0.0000,0.0000,0.0000,0,0,11,0,0,0,0,13,6,500
1166,L,0,5,12,0,0,0,0.0000,0.0000,0.0000,0.0000,0,0,11,0,0,0,0,13,6,500
1167,L,0,5,12,0,0,0,0.0000,0.0000,0.0000,0.0000,0,0,11,0,0,0,0,13,6,500
1168,L,0,5,12,0,0,0,0.0000,0.0000,0.0000,0.0000,0,0,11,0,0,0,0,13,6,500
1169,L,0,5,12,0,0,0,0.0000,0.0000,0.0000,0.0000,0,0,11,0,0,0,0,13,6,500
1170,L,0,5,12,0,0,0,0.0000,0.0000,0.0000,0.0000,0,0,11,0,0,0,0,13,6,500
1171,L,0,5,12,0,0,0,0.0000,0.0000,0.0000,0.0000,0,0,11,0,0,0,0,13,6,500
1172,L,0,5,12,0,0,0,0.0000,0.0000,0.0000,0.0000,0,0,11,0,0,0,0,13,6,500
1173,L,0,5,12,0,0,0,0.0000,0.0000,0.0000,0.0000,0,0,11,0,0,0,0,13,6,500
1174,L,0,5,12,0,0,0,0.0000,0.0000,0.0000,0.0000,0,0,11,0,0,0,0,13,6,500
1175,L,0,5,12,0,0,0,0.0000,0.0000,0.0000,0.0000,0,0,11,0,0,0,0,13,6,500
1176,L,0,5,12,0,0,0,0.0000,0.0000,0.0000,0.0000,0,0,11,0,0,0,0,13,6,500
1177,L,0,5,12,0,0,0,0.0000,0.0000,0.0000,0.0000,0,0,11,0,0,0,0,13,6,500
1178,L,0,5,12,0,0,0,0.0000,0.0000,0.0000,0.0000,0,0,11,0,0,0,0,13,6,500
1179,L,0,5,12,0,0,0,0.0000,0.0000,0.0000,0.0000,0,0,11,0,0,0,0,13,6,500
1180,L,0,5,12,0,0,0,0.0000,0.0000,0.0000,0.0000,0,0,11,0,0,0,0,13,6,500
1181,L,0,5,12,0,0,0,0.0000,0.0000,0.0000,0.0000,0,0,11,0,0,0,0,13,6,500
1182,L,0,5,12,0,0,0,0.0000,0.0000,0.0000,0.0000,0,0,11,0,0,0,0,13,6,500
1183,L,0,5,12,0,0,0,0.0000,0.0000,0.0000,0.0000,0,0,11,0,0,0,0,13,6,500
1184,L,0,5,12,0,0,0,0.0000,0.0000,0.0000,0.0000,0,0,11,0,0,0,0,13,6,500
1185,L,0,5,12,0,0,0,0.0000,0.0000,0.0000,0.0000,0,0,11,0,0,0,0,13,6,500
1186,L,0,5,12,0,0,0,0.0000,0.0000,0.0000,0.0000,0,0,11,0,0,0,0,13,6,500
1187,L,0,5,12,0,0,0,0.0000,0.0000,0.0000,0.0000,0,0,11,0,0,0,0,13,6,500
1188,L,0,5,12,0,0,0,0.0000,0.0000,0.0000,0.0000,0,0,11,0,0,0,0,13,6,500
1189,L,0,5,12,0,0,0,0.0000,0.0000,0.0000,0.0000,0,0,11,0,0,0,0,13,6,500
1190,L,0,5,12,0,0,0,0.0000,0.0000,0.0000,0.0000,0,0,11,0,0,0,0,13,6,500
1191,L,0,5,12,0,0,0,0.0000,0.0000,0.0000,0.0000,0,0,11,0,0,0,0,13,6,500
1192,L,0,5,12,0,0,0,0.0000,0.0000,0.0000,0.0000,0,0,11,0,0,0,0,13,6,500
1193,L,0,5,12,0,0,0,0.0000,0.0000,0.0000,0.0000,0,0,11,0,0,0,0,13,6,500
1194,L,0,5,12,0,0,0,0.0000,0.0000,0.0000,0.0000,0,0,11,0,0,0,0,13,6,500
1195,L,0,5,12,0,0,0,0.0000,0.0000,0.0000,0.0000,0,0,11,0,0,0,0,13,6,500
1196,L,0,5,12,0,0,0,0.0000,0.0000,0.0000,0.0000,0,0,11,0,0,0,0,13,6,500
1197,L,0,5,12,0,0,0,0.0000,0.0000,0.0000,0.0000,0,0,11,0,0,0,0,13,6,500
1198,L,0,5,12,0,0,0,0.0000,0.0000,0.0000,0.0000,0,0,11,0,0,0,0,13,6,500
1199,L,0,5,12,0,0,0,0.0000,0.0000,0.0000,0.0000,0,0,11,0,0,0,0,13,6,500
1200,L,0,5,12,0,0,0,0.0000,0.0000,0.0000,0.0000,0,0,11,0,0,0,0,13,6,500
1201,L,0,5,12,0,0,0,0.0000,0.0000,0.0000,0.0000,0,0,11,0,0,0,0,13,6,500
1202,L,0,5,12,0,0,0,0.0000,0.0000,0.0000,0.0000,0,0,11,0,0,0,0,13,6,500
1203,L,0,5,12,0,0,0,0.0000,0.0000,0.0000,0.0000,0,0,11,0,0,0,0,13,6,500
1204,L,0,5,12,0,0,0,0.0000,0.0000,0.0000,0.0000,0,0,11,0,0,0,0,13,6,500
1205,L,0,5,12,0,0,0,0.0000,0.0000,0.0000,0.0000,0,0,11,0,0,0,0,13,6,500
1206,L,0,5,12,0,0,0,0.0000,0.0000,0.0000,0.0000,0,0,11,0,0,0,0,13,6,500
1207,L,0,5,12,0,0,0,0.0000,0.0000,0.0000,0.0000,0,0,11,0,0,0,0,13,6,500
1208,L,0,5,12,0,0,0,0.0000,0.0000,0.0000,0.0000,0,0,11,0,0,0,0,13,6,500
1209,L,0,5,12,0,0,0,0.0000,0.0000,0.0000,0.0000,0,0,11,0,0,0,0,13,6,500
1210,L,0,5,12,0,0,0,0.0000,0.0000,0.0000,0.0000,0,0,11,0,0,0,0,13,6,500
1211,L,0,5,12,0,0,0,0.0000,0.0000,0.0000,0.0000,0,0,11,0,0,0,0,13,6,500
1212,L,0,5,12,0,0,0,0.0000,0.0000,0.0000,0.0000,0,0,11,0,0,0,0,13,6,500
1213,L,0,5,12,0,0,0,0.0000,0.0000,0.0000,0.0000,0,0,11,0,0,0,0,13,6,500
1214,L,0,5,12,0,0,0,0.0000,0.0000,0.0000,0.0000,0,0,11,0,0,0,0,13,6,500
1215,L,0,5,12,0,0,0,0.0000,0.0000,0.0000,0.0000,0,0,11,0,0,0,0,13,6,500
1216,L,0,5,12,0,0,0,0.0000,0.0000,0.0000,0.0000,0,0,11,0,0,0,0,13,6,500
1217,L,0,5,12,0,0,0,0.0000,0.0000,0.0000,0.0000,0,0,11,0,0,0,0,13,6,500
1218,L,0,5,12,0,0,0,0.0000,0.0000,0.0000,0.0000,0,0,11,0,0,0,0,13,6,500
1219,L,0,5,12,0,0,0,0.0000,0.0000,0.0000,0.0000,0,0,11,0,0,0,0,13,6,500
1220,L,0,5,12,0,0,0,0.0000,0.0000,0.0000,0.0000,0,0,11,0,0,0,0,13,6,500
1221,L,0,5,12,0,0,0,0.0000,0.0000,0.0000,0.0000,0,0,11,0,0,0,0,13,6,500
1222,L,0,5,12,0,0,0,0.0000,0.0000,0.0000,0.0000,0,0,11,0,0,0,0,13,6,500
1223,L,0,5,12,0,0,0,0.0000,0.0000,0.0000,0.0000,0,0,11,0,0,0,0,13,6,500
1224,L,0,5,12,0,0,0,0.0000,0.0000,0.0000,0.0000,0,0,11,0,0,0,0,13,6,500
1225,L,0,5,12,0,0,0,0.0000,0.0000,0.0000,0.0000,0,0,11,0,0,0,0,13,6,500
1226,L,0,5,12,0,0,0,0.0000,0.0000,0.0000,0.0000,0,0,11,0,0,0,0,13,6,500
1227,L,0,5,12,0,0,0,0.0000,0.0000,0.0000,0.0000,0,0,11,0,0,0,0,13,6,500
1228,L,0,5,12,0,0,0,0.0000,0.0000,0.0000,0.0000,0,0,11,0,0,0,0,13,6,500
1229,L,0,5,12,0,0,0,0.0000,0.0000,0.0000,0.0000,0,0,11,0,0,0,0,13,6,500
1230,L,0,5,12,0,0,0,0.0000,0.0000,0.0000,0.0000,0,0,11,0,0,0,0,13,6,500
1231,L,0,5,12,0,0,0,0.0000,0.0000,0.0000,0.0000,0,0,11,0,0,0,0,13,6,500
1232,L,0,5,12,0,0,0,0.0000,0.0000,0.0000,0.0000,0,0,11,0,0,0,0,13,6,500
1233,L,0,5,12,0,0,0,0.0000,0.0000,0.0000,0.0000,0,0,11,0,0,0,0,13,6,500
1234,L,0,5,12,0,0,0,0.0000,0.0000,0.0000,0.0000,0,0,11,0,0,0,0,13,6,500
1235,L,0,5,12,0,0,0,0.0000,0.0000,0.0000,0.0000,0,0,11,0,0,0,0,13,6,500
1236,L,0,5,12,0,0,0,0.0000,0.0000,0.0000,0.0000,0,0,11,0,0,0,0,13,6,500
1237,L,0,5,12,0,0,0,0.0000,0.0000,0.0000,0.0000,0,0,11,0,0,0,0,13,6,500
1238,L,0,5,12,0,0,0,0.0000,0.0000,0.0000,0.0000,0,0,11,0,0,0,0,13,6,500
1239,L,0,5,12,0,0,0,0.0000,0.0000,0.0000,0.0000,0,0,11,0,0,0,0,13,6,500
1240,L,0,5,12,0,0,0,0.0000,0.0000,0.0000,0.0000,0,0,11,0,0,0,0,13,6,500
1241,L,0,5,12,0,0,0,0.0000,0.0000,0.0000,0.0000,0,0,11,0,0,0,0,13,6,500
1242,L,0,5,12,0,0,0,0.0000,0.0000,0.0000,0.0000,0,0,11,0,0,0,0,13,6,500
1243,L,0,5,12,0,0,0,0.0000,0.0000,0.0000,0.0000,0,0,11,0,0,0,0,13,6,500
1244,L,0,5,12,0,0,0,0.0000,0.0000,0.0000,0.0000,0,0,11,0,0,0,0,13,6,500
1245,L,0,5,12,0,0,0,0.0000,0.0000,0.0000,0.0000,0,0,11,0,0,0,0,13,6,500
1246,L,0,5,12,0,0,0,0.0000,0.0000,0.0000,0.0000,0,0,11,0,0,0,0,13,6,500
1247,L,0,5,12,0,0,0,0.0000,0.0000,0.0000,0.0000,0,0,11,0,0,0,0,13,6,500
1248,L,0,5,12,0,0,0,0.0000,0.0000,0.0000,0.0000,0,0,11,0,0,0,0,13,6,500
1249,L,0,5,12,0,0,0,0.0000,0.0000,0.0000,0.0000,0,0,11,0,0,0,0,13,6,500
1250,L,0,5,12,0,0,0,0.0000,0.0000,0.0000,0.0000,0,0,11,0,0,0,0,13,6,500
1251,L,0,5,12,0,0,0,0.0000,0.0000,0.0000,0.0000,0,0,11,0,0,0,0,13,6,500
1252,L,0,5,12,0,0,0,0.0000,0.0000,0.0000,0.0000,0,0,11,0,0,0,0,13,6,500
1253,L,0,5,12,0,0,0,0.0000,0.0000,0.0000,0.0000,0,0,11,0,0,0,0,13,6,500
1254,L,0,5,12,0,0,0,0.0000,0.0000,0.0000,0.0000,0,0,11,0,0,0,0,13,6,500
1255,L,0,5,12,0,0,0,0.0000,0.0000,0.0000,0.0000,0,0,11,0,0,0,0,13,6,500
1256,L,0,5,12,0,0,0,0.0000,0.0000,0.0000,0.0000,0,0,11,0,0,0,0,13,6,500
1257,L,0,5,12,0,0,0,0.0000,0.0000,0.0000,0.0000,0,0,11,0,0,0,0,13,6,500
1258,L,0,5,12,0,0,0,0.0000,0.0000,0.0000,0.0000,0,0,11,0,0,0,0,13,6,500
1259,L,0,5,12,0,0,0,0.0000,0.0000,0.0000,0.0000,0,0,11,0,0,0,0,13,6,500
1260,L,0,5,12,0,0,0,0.0000,0.0000,0.0000,0.0000,0,0,11,0,0,0,0,13,6,500
1261,L,0,5,12,0,0,0,0.0000,0.0000,0.0000,0.0000,0,0,11,0,0,0,0,13,6,500
1262,L,0,5,12,0,0,0,0.0000,0.0000,0.0000,0.0000,0,0,11,0,0,0,0,13,6,500
1263,L,0,5,12,0,0,0,0.0000,0.0000,0.0000,0.0000,0,0,11,0,0,0,0,13,6,500
1264,L,0,5,12,0,0,0,0.0000,0.0000,0.0000,0.0000,0,0,11,0,0,0,0,13,6,500
1265,L,0,5,12,0,0,0,0.0000,0.0000,0.0000,0.0000,0,0,11,0,0,0,0,13,6,500
1266,L,0,5,12,0,0,0,0.0000,0.0000,0.0000,0.0000,0,0,11,0,0,0,0,13,6,500
1267,L,0,5,12,0,0,0,0.0000,0.0000,0.0000,0.0000,0,0,11,0,0,0,0,13,6,500
1268,L,0,5,12,0,0,0,0.0000,0.0000,0.0000,0.0000,0,0,11,0,0,0,0,13,6,500
1269,L,0,5,12,0,0,0,0.0000,0.0000,0.0000,0.0000,0,0,11,0,0,0,0,13,6,500
1270,L,0,5,12,0,0,0,0.0000,0.0000,0.0000,0.0000,0,0,11,0,0,0,0,13,6,500
1271,L,0,5,12,0,0,0,0.0000,0.0000,0.0000,0.0000,0,0,11,0,0,0,0,13,6,500
1272,L,0,5,12,0,0,0,0.0000,0.0000,0.0000,0.0000,0,0,11,0,0,0,0,13,6,500
1273,L,0,5,12,0,0,0,0.0000,0.0000,0.0000,0.0000,0,0,11,0,0,0,0,13,6,500
1274,L,0,5,12,0,0,0,0.0000,0.0000,0.0000,0.0000,0,0,11,0,0,0,0,13,6,500
1275,L,0,5,12,0,0,0,0.0000,0.0000,0.0000,0.0000,0,0,11,0,0,0,0,13,6,500
1276,L,0,5,12,0,0,0,0.0000,0.0000,0.0000,0.0000,0,0,11,0,0,0,0,13,6,500
1277,L,0,5,12,0,0,0,0.0000,0.0000,0.0000,0.0000,0,0,11,0,0,0,0,13,6,500
1278,L,0,5,12,0,0,0,0.0000,0.0000,0.0000,0.0000,0,0,11,0,0,0,0,13,6,500
1279,L,0,5,12,0,0,0,0.0000,0.0000,0.0000,0.0000,0,0,11,0,0,0,0,13,6,500
1280,L,0,5,12,0,0,0,0.0000,0.0000,0.0000,0.0000,0,0,11,0,0,0,0,13,6,500
1281,L,0,5,12,0,0,0,0.0000,0.0000,0.0000,0.0000,0,0,11,0,0,0,0,13,6,500
1282,L,0,5,12,0,0,0,0.0000,0.0000,0.0000,0.0000,0,0,11,0,0,0,0,13,6,500
1283,L,0,5,12,0,0,0,0.0000,0.0000,0.0000,0.0000,0,0,11,0,0,0,0,13,6,500
1284,L,0,5,12,0,0,0,0.0000,0.0000,0.0000,0.0000,0,0,11,0,0,0,0,13,6,500
1285,L,0,5,12,0,0,0,0.0000,0.0000,0.0000,0.0000,0,0,11,0,0,0,0,13,6,500
1286,L,0,5,12,0,0,0,0.0000,0.0000,0.0000,0.0000,0,0,11,0,0,0,0,13,6,500
1287,L,0,5,12,0,0,0,0.0000,0.0000,0.0000,0.0000,0,0,11,0,0,0,0,13,6,500
1288,L,0,5,12,0,0,0,0.0000,0.0000,0.0000,0.0000,0,0,11,0,0,0,0,13,6,500
1289,L,0,5,12,0,0,0,0.0000,0.0000,0.0000,0.0000,0,0,11,0,0,0,0,13,6,500
1290,L,0,5,12,0,0,0,0.0000,0.0000,0.0000,0.0000,0,0,11,0,0,0,0,13,6,500
1291,L,0,5,12,0,0,0,0.0000,0.0000,0.0000,0.0000,0,0,11,0,0,0,0,13,6,500
1292,L,0,5,12,0,0,0,0.0000,0.0000,0.0000,0.0000,0,0,11,0,0,0,0,13,6,500
1293,L,0,5,12,0,0,0,0.0000,0.0000,0.0000,0.0000,0,0,11,0,0,0,0,13,6,500
1294,L,0,5,12,0,0,0,0.0000,0.0000,0.0000,0.0000,0,0,11,0,0,0,0,13,6,500
1295,L,0,5,12,0,0,0,0.0000,0.0000,0.0000,0.0000,0,0,11,0,0,0,0,13,6,500
1296,L,0,5,12,0,0,0,0.0000,0.0000,0.0000,0.0000,0,0,11,0,0,0,0,13,6,500
1297,L,0,5,12,0,0,0,0.0000,0.0000,0.0000,0.0000,0,0,11,0,0,0,0,13,6,500
1298,L,0,5,12,0,0,0,0.0000,0.0000,0.0000,0.0000,0,0,11,0,0,0,0,13,6,500
1299,L,0,5,12,0,0,0,0.0000,0.0000,0.0000,0.0000,0,0,11,0,0,0,0,13,6,500
1300,L,0,5,12,0,0,0,0.0000,0.0000,0.0000,0.0000,0,0,11,0,0,0,0,13,6,500
1301,L,0,5,12,0,0,0,0.0000,0.0000,0.0000,0.0000,0,0,11,0,0,0,0,13,6,500
1302,L,0,5,12,0,0,0,0.0000,0.0000,0.0000,0.0000,0,0,11,0,0,0,0,13,6,500
1303,L,0,5,12,0,0,0,0.0000,0.0000,0.0000,0.0000,0,0,11,0,0,0,0,13,6,500
1304,L,0,5,12,0,0,0,0.0000,0.0000,0.0000,0.0000,0,0,11,0,0,0,0,13,6,500
1305,L,0,5,12,0,0,0,0.0000,0.0000,0.0000,0.0000,0,0,11,0,0,0,0,13,6,500
1306,L,0,5,12,0,0,0,0.0000,0.0000,0.0000,0.0000,0,0,11,0,0,0,0,13,6,500
1307,L,0,5,12,0,0,0,0.0000,0.0000,0.0000,0.0000,0,0,11,0,0,0,0,13,6,500
1308,L,0,5,12,0,0,0,0.0000,0.0000,0.0000,0.0000,0,0,11,0,0,0,0,13,6,500
1309,L,0,5,12,0,0,0,0.0000,0.0000,0.0000,0.0000,0,0,11,0,0,0,0,13,6,500
1310,L,0,5,12,0,0,0,0.0000,0.0000,0.0000,0.0000,0,0,11,0,0,0,0,13,6,500
1311,L,0,5,12,0,0,0,0.0000,0.0000,0.0000,0.0000,0,0,11,0,0,0,0,13,6,500
1312,L,0,5,12,0,0,0,0.0000,0.0000,0.0000,0.0000,0,0,11,0,0,0,0,13,6,500
1313,L,0,5,12,0,0,0,0.0000,0.0000,0.0000,0.0000,0,0,11,0,0,0,0,13,6,500
1314,L,0,5,12,0,0,0,0.0000,0.0000,0.0000,0.0000,0,0,11,0,0,0,0,13,6,500
1315,L,0,5,12,0,0,0,0.0000,0.0000,0.0000,0.0000,0,0,11,0,0,0,0,13,6,500
1316,L,0,5,12,0,0,0,0.0000,0.0000,0.0000,0.0000,0,0,11,0,0,0,0,13,6,500
1317,L,0,5,12,0,0,0,0.0000,0.0000,0.0000,0.0000,0,0,11,0,0,0,0,13,6,500
1318,L,0,5,12,0,0,0,0.0000,0.0000,0.0000,0.0000,0,0,11,0,0,0,0,13,6,500
1319,L,0,5,12,0,0,0,0.0000,0.0000,0.0000,0.0000,0,0,11,0,0,0,0,13,6,500
1320,L,0,5,12,0,0,0,0.0000,0.0000,0.0000,0.0000,0,0,11,0,0,0,0,13,6,500
1321,L,0,5,12,0,0,0,0.0000,0.0000,0.0000,0.0000,0,0,11,0,0,0,0,13,6,500
1322,L,0,5,12,0,0,0,0.0000,0.0000,0.0000,0.0000,0,0,11,0,0,0,0,13,6,500
1323,L,0,5,12,0,0,0,0.0000,0.0000,0.0000,0.0000,0,0,11,0,0,0,0,13,6,500
1324,L,0,5,12,0,0,0,0.0000,0.0000,0.0000,0.0000,0,0,11,0,0,0,0,13,6,500
1325,L,0,5,12,0,0,0,0.0000,0.0000,0.0000,0.0000,0,0,11,0,0,0,0,13,6,500
1326,L,0,5,12,0,0,0,0.0000,0.0000,0.0000,0.0000,0,0,11,0,0,0,0,13,6,500
1327,L,0,5,12,0,0,0,0.0000,0.0000,0.0000,0.0000,0,0,11,0,0,0,0,13,6,500
1328,L,0,5,12,0,0,0,0.0000,0.0000,0.0000,0.0000,0,0,11,0,0,0,0,13,6,500
1329,L,0,5,12,0,0,0,0.0000,0.0000,0.0000,0.0000,0,0,11,0,0,0,0,13,6,500
1330,L,0,5,12,0,0,0,0.0000,0.0000,0.0000,0.0000,0,0,11,0,0,0,0,13,6,500
1331,L,0,5,12,0,0,0,0.0000,0.0000,0.0000,0.0000,0,0,11,0,0,0,0,13,6,500
1332,L,0,5,12,0,0,0,0.0000,0.0000,0.0000,0.0000,0,0,11,0,0,0,0,13,6,500
1333,L,0,5,12,0,0,0,0.0000,0.0000,0.0000,0.0000,0,0,11,0,0,0,0,13,6,500
1334,L,0,5,12,0,0,0,0.0000,0.0000,0.0000,0.0000,0,0,11,0,0,0,0,13,6,500
1335,L,0,5,12,0,0,0,0.0000,0.0000,0.0000,0.0000,0,0,11,0,0,0,0,13,6,500
1336,L,0,5,12,0,0,0,0.0000,0.0000,0.0000,0.0000,0,0,11,0,0,0,0,13,6,500
1337,L,0,5,12,0,0,0,0.0000,0.0000,0.0000,0.0000,0,0,11,0,0,0,0,13,6,500
1338,L,0,5,12,0,0,0,0.0000,0.0000,0.0000,0.0000,0,0,11,0,0,0,0,13,6,500
1339,L,0,5,12,0,0,0,0.0000,0.0000,0.0000,0.0000,0,0,11,0,0,0,0,13,6,500
1340,L,0,5,12,0,0,0,0.0000,0.0000,0.0000,0.0000,0,0,11,0,0,0,0,13,6,500
1341,L,0,5,12,0,0,0,0.0000,0.0000,0.0000,0.0000,0,0,11,0,0,0,0,13,6,500
1342,L,0,5,12,0,0,0,0.0000,0.0000,0.0000,0.0000,0,0,11,0,0,0,0,13,6,500
1343,L,0,5,12,0,0,0,0.0000,0.0000,0.0000,0.0000,0,0,11,0,0,0,0,13,6,500
1344,L,0,5,12,0,0,0,0.0000,0.0000,0.0000,0.0000,0,0,11,0,0,0,0,13,6,500
1345,L,0,5,12,0,0,0,0.0000,0.0000,0.0000,0.0000,0,0,11,0,0,0,0,13,6,500
1346,L,0,5,12,0,0,0,0.0000,0.0000,0.0000,0.0000,0,0,11,0,0,0,0,13,6,500
1347,L,0,5,12,0,0,0,0.0000,0.0000,0.0000,0.0000,0,0,11,0,0,0,0,13,6,500
1348,L,0,5,12,0,0,0,0.0000,0.0000,0.0000,0.0000,0,0,11,0,0,0,0,13,6,500
1349,L,0,5,12,0,0,0,0.0000,0.0000,0.0000,0.0000,0,0,11,0,0,0,0,13,6,500
1350,L,0,5,12,0,0,0,0.0000,0.0000,0.0000,0.0000,0,0,11,0,0,0,0,13,6,500
1351,L,0,5,12,0,0,0,0.0000,0.0000,0.0000,0.0000,0,0,11,0,0,0,0,13,6,500
1352,L,0,5,12,0,0,0,0.0000,0.0000,0.0000,0.0000,0,0,11,0,0,0,0,13,6,500
1353,L,0,5,12,0,0,0,0.0000,0.0000,0.0000,0.0000,0,0,11,0,0,0,0,13,6,500
1354,L,0,5,12,0,0,0,0.0000,0.0000,0.0000,0.0000,0,0,11,0,0,0,0,13,6,500
1355,L,0,5,12,0,0,0,0.0000,0.0000,0.0000,0.0000,0,0,11,0,0,0,0,13,6,500
1356,L,0,5,12,0,0,0,0.0000,0.0000,0.0000,0.0000,0,0,11,0,0,0,0,13,6,500
1357,L,0,5,12,0,0,0,0.0000,0.0000,0.0000,0.0000,0,0,11,0,0,0,0,13,6,500
1358,L,0,5,12,0,0,0,0.0000,0.0000,0.0000,0.0000,0,0,11,0,0,0,0,13,6,500
1359,L,0,5,12,0,0,0,0.0000,0.0000,0.0000,0.0000,0,0,11,0,0,0,0,13,6,500
1360,L,0,5,12,0,0,0,0.0000,0.0000,0.0000,0.0000,0,0,11,0,0,0,0,13,6,500
1361,L,0,5,12,0,0,0,0.0000,0.0000,0.0000,0.0000,0,0,11,0,0,0,0,13,6,500
1362,L,0,5,12,0,0,0,0.0000,0.0000,0.0000,0.0000,0,0,11,0,0,0,0,13,6,500
1363,L,0,5,12,0,0,0,0.0000,0.0000,0.0000,0.0000,0,0,11,0,0,0,0,13,6,500
1364,L,0,5,12,0,0,0,0.0000,0.0000,0.0000,0.0000,0,0,11,0,0,0,0,13,6,500
1365,L,0,5,12,0,0,0,0.0000,0.0000,0.0000,0.0000,0,0,11,0,0,0,0,13,6,500
1366,L,0,5,12,0,0,0,0.0000,0.0000,0.0000,0.0000,0,0,11,0,0,0,0,13,6,500
1367,L,0,5,12,0,0,0,0.0000,0.0000,0.0000,0.0000,0,0,11,0,0,0,0,13,6,500
1368,L,0,5,12,0,0,0,0.0000,0.0000,0.0000,0.0000,0,0,11,0,0,0,0,13,6,500
1369,L,0,5,12,0,0,0,0.0000,0.0000,0.0000,0.0000,0,0,11,0,0,0,0,13,6,500
1370,L,0,5,12,0,0,0,0.0000,0.0000,0.0000,0.0000,0,0,11,0,0,0,0,13,6,500
1371,L,0,5,12,0,0,0,0.0000,0.0000,0.0000,0.0000,0,0,11,0,0,0,0,13,6,500
1372,L,0,5,12,0,0,0,0.0000,0.0000,0.0000,0.0000,0,0,11,0,0,0,0,13,6,500
1373,L,0,5,12,0,0,0,0.0000,0.0000,0.0000,0.0000,0,0,11,0,0,0,0,13,6,500
1374,L,0,5,12,0,0,0,0.0000,0.0000,0.0000,0.0000,0,0,11,0,0,0,0,13,6,500
1375,L,0,5,12,0,0,0,0.0000,0.0000,0.0000,0.0000,0,0,11,0,0,0,0,13,6,500
1376,L,0,5,12,0,0,0,0.0000,0.0000,0.0000,0.0000,0,0,11,0,0,0,0,13,6,500
1377,L,0,5,12,0,0,0,0.0000,0.0000,0.0000,0.0000,0,0,11,0,0,0,0,13,6,500
1378,L,0,5,12,0,0,0,0.0000,0.0000,0.0000,0.0000,0,0,11,0,0,0,0,13,6,500
1379,L,0,5,12,0,0,0,0.0000,0.0000,0.0000,0.0000,0,0,11,0,0,0,0,13,6,500
1380,L,0,5,12,0,0,0,0.0000,0.0000,0.0000,0.0000,0,0,11,0,0,0,0,13,6,500
1381,L,0,5,12,0,0,0,0.0000,0.0000,0.0000,0.0000,0,0,11,0,0,0,0,13,6,500
1382,L,0,5,12,0,0,0,0.0000,0.0000,0.0000,0.0000,0,0,11,0,0,0,0,13,6,500
1383,L,0,5,12,0,0,0,0.0000,0.0000,0.0000,0.0000,0,0,11,0,0,0,0,13,6,500
1384,L,0,5,12,0,0,0,0.0000,0.0000,0.0000,0.0000,0,0,11,0,0,0,0,13,6,500
1385,L,0,5,12,0,0,0,0.0000,0.0000,0.0000,0.0000,0,0,11,0,0,0,0,13,6,500
1386,L,0,5,12,0,0,0,0.0000,0.0000,0.0000,0.0000,0,0,11,0,0,0,0,13,6,500
1387,L,0,5,12,0,0,0,0.0000,0.0000,0.0000,0.0000,0,0,11,0,0,0,0,13,6,500
1388,L,0,5,12,0,0,0,0.0000,0.0000,0.0000,0.0000,0,0,11,0,0,0,0,13,6,500
1389,L,0,5,12,0,0,0,0.0000,0.0000,0.0000,0.0000,0,0,11,0,0,0,0,13,6,500
1390,L,0,5,12,0,0,0,0.0000,0.0000,0.0000,0.0000,0,0,11,0,0,0,0,13,6,500
1391,L,0,5,12,0,0,0,0.0000,0.0000,0.0000,0.0000,0,0,11,0,0,0,0,13,6,500
1392,L,0,5,12,0,0,0,0.0000,0.0000,0.0000,0.0000,0,0,11,0,0,0,0,13,6,500
1393,L,0,5,12,0,0,0,0.0000,0.0000,0.0000,0.0000,0,0,11,0,0,0,0,13,6,500
1394,L,0,5,12,0,0,0,0.0000,0.0000,0.0000,0.0000,0,0,11,0,0,0,0,13,6,500
1395,L,0,5,12,0,0,0,0.0000,0.0000,0.0000,0.0000,0,0,11,0,0,0,0,13,6,500
1396,L,0,5,12,0,0,0,0.0000,0.0000,0.0000,0.0000,0,0,11,0,0,0,0,13,6,500
1397,L,0,5,12,0,0,0,0.0000,0.0000,0.0000,0.0000,0,0,11,0,0,0,0,13,6,500
1398,L,0,5,12,0,0,0,0.0000,0.0000,0.0000,0.0000,0,0,11,0,0,0,0,13,6,500
1399,L,0,5,12,0,0,0,0.0000,0.0000,0.0000,0.0000,0,0,11,0,0,0,0,13,6,500
1400,L,0,5,12,0,0,0,0.0000,0.0000,0.0000,0.0000,0,0,11,0,0,0,0,13,6,500
1401,L,0,5,12,0,0,0,0.0000,0.0000,0.0000,0.0000,0,0,11,0,0,0,0,13,6,500
1402,L,0,5,12,0,0,0,0.0000,0.0000,0.0000,0.0000,0,0,11,0,0,0,0,13,6,500
1403,L,0,5,12,0,0,0,0.0000,0.0000,0.0000,0.0000,0,0,11,0,0,0,0,13,6,500
1404,L,0,5,12,0,0,0,0.0000,0.0000,0.0000,0.0000,0,0,11,0,0,0,0,13,6,500
1405,L,0,5,12,0,0,0,0.0000,0.0000,0.0000,0.0000,0,0,11,0,0,0,0,13,6,500
1406,L,0,5,12,0,0,0,0.0000,0.0000,0.0000,0.0000,0,0,11,0,0,0,0,13,6,500
1407,L,0,5,12,0,0,0,0.0000,0.0000,0.0000,0.0000,0,0,11,0,0,0,0,13,6,500
1408,L,0,5,12,0,0,0,0.0000,0.0000,0.0000,0.0000,0,0,11,0,0,0,0,13,6,500
1409,L,0,5,12,0,0,0,0.0000,0.0000,0.0000,0.0000,0,0,11,0,0,0,0,13,6,500
1410,L,0,5,12,0,0,0,0.0000,0.0000,0.0000,0.0000,0,0,11,0,0,0,0,13,6,500
1411,L,0,5,12,0,0,0,0.0000,0.0000,0.0000,0.0000,0,0,11,0,0,0,0,13,6,500
1412,L,0,5,12,0,0,0,0.0000,0.0000,0.0000,0.0000,0,0,11,0,0,0,0,13,6,500
1413,L,0,5,12,0,0,0,0.0000,0.0000,0.0000,0.0000,0,0,11,0,0,0,0,13,6,500
1414,L,0,5,12,0,0,0,0.0000,0.0000,0.0000,0.0000,0,0,11,0,0,0,0,13,6,500
1415,L,0,5,12,0,0,0,0.0000,0.0000,0.0000,0.0000,0,0,11,0,0,0,0,13,6,500
1416,L,0,5,12,0,0,0,0.0000,0.0000,0.0000,0.0000,0,0,11,0,0,0,0,13,6,500
1417,L,0,5,12,0,0,0,0.0000,0.0000,0.0000,0.0000,0,0,11,0,0,0,0,13,6,500
1418,L,0,5,12,0,0,0,0.0000,0.0000,0.0000,0.0000,0,0,11,0,0,0,0,13,6,500
1419,L,0,5,12,0,0,0,0.0000,0.0000,0.0000,0.0000,0,0,11,0,0,0,0,13,6,500
1420,L,0,5,12,0,0,0,0.0000,0.0000,0.0000,0.0000,0,0,11,0,0,0,0,13,6,500
1421,L,0,5,12,0,0,0,0.0000,0.0000,0.0000,0.0000,0,0,11,0,0,0,0,13,6,500
1422,L,0,5,12,0,0,0,0.0000,0.0000,0.0000,0.0000,0,0,11,0,0,0,0,13,6,500
1423,L,0,5,12,0,0,0,0.0000,0.0000,0.0000,0.0000,0,0,11,0,0,0,0,13,6,500
1424,L,0,5,12,0,0,0,0.0000,0.0000,0.0000,0.0000,0,0,11,0,0,0,0,13,6,500
1425,L,0,5,12,0,0,0,0.0000,0.0000,0.0000,0.0000,0,0,11,0,0,0,0,13,6,500
1426,L,0,5,12,0,0,0,0.0000,0.0000,0.0000,0.0000,0,0,11,0,0,0,0,13,6,500
1427,L,0,5,12,0,0,0,0.0000,0.0000,0.0000,0.0000,0,0,11,0,0,0,0,13,6,500
1428,L,0,5,12,0,0,0,0.0000,0.0000,0.0000,0.0000,0,0,11,0,0,0,0,13,6,500
1429,L,0,5,12,0,0,0,0.0000,0.0000,0.0000,0.0000,0,0,11,0,0,0,0,13,6,500
1430,L,0,5,12,0,0,0,0.0000,0.0000,0.0000,0.0000,0,0,11,0,0,0,0,13,6,500
1431,L,0,5,12,0,0,0,0.0000,0.0000,0.0000,0.0000,0,0,11,0,0,0,0,13,6,500
1432,L,0,5,12,0,0,0,0.0000,0.0000,0.0000,0.0000,0,0,11,0,0,0,0,13,6,500
1433,L,0,5,12,0,0,0,0.0000,0.0000,0.0000,0.0000,0,0,11,0,0,0,0,13,6,500
1434,L,0,5,12,0,0,0,0.0000,0.0000,0.0000,0.0000,0,0,11,0,0,0,0,13,6,500
1435,L,0,5,12,0,0,0,0.0000,0.0000,0.0000,0.0000,0,0,11,0,0,0,0,13,6,500
1436,L,0,5,12,0,0,0,0.0000,0.0000,0.0000,0.0000,0,0,11,0,0,0,0,13,6,500
1437,L,0,5,12,0,0,0,0.0000,0.0000,0.0000,0.0000,0,0,11,0,0,0,0,13,6,500
1438,L,0,5,12,0,0,0,0.0000,0.0000,0.0000,0.0000,0,0,11,0,0,0,0,13,6,500
1439,L,0,5,12,0,0,0,0.0000,0.0000,0.0000,0.0000,0,0,11,0,0,0,0,13,6,500
1440,L,0,5,12,0,0,0,0.0000,0.0000,0.0000,0.0000,0,0,11,0,0,0,0,13,6,500
1441,L,0,5,12,0,0,0,0.0000,0.0000,0.0000,0.0000,0,0,11,0,0,0,0,13,6,500
1442,L,0,5,12,0,0,0,0.0000,0.0000,0.0000,0.0000,0,0,11,0,0,0,0,13,6,500
1443,L,0,5,12,0,0,0,0.0000,0.0000,0.0000,0.0000,0,0,11,0,0,0,0,13,6,500
1444,L,0,5,12,0,0,0,0.0000,0.0000,0.0000,0.0000,0,0,11,0,0,0,0,13,6,500
1445,L,0,5,12,0,0,0,0.0000,0.0000,0.0000,0.0000,0,0,11,0,0,0,0,13,6,500
1446,L,0,5,12,0,0,0,0.0000,0.0000,0.0000,0.0000,0,0,11,0,0,0,0,13,6,500
1447,L,0,5,12,0,0,0,0.0000,0.0000,0.0000,0.0000,0,0,11,0,0,0,0,13,6,500
1448,L,0,5,12,0,0,0,0.0000,0.0000,0.0000,0.0000,0,0,11,0,0,0,0,13,6,500
1449,L,0,5,12,0,0,0,0.0000,0.0000,0.0000,0.0000,0,0,11,0,0,0,0,13,6,500
1450,L,0,5,12,0,0,0,0.0000,0.0000,0.0000,0.0000,0,0,11,0,0,0,0,13,6,500
1451,L,0,5,12,0,0,0,0.0000,0.0000,0.0000,0.0000,0,0,11,0,0,0,0,13,6,500
1452,L,0,5,12,0,0,0,0.0000,0.0000,0.0000,0.0000,0,0,11,0,0,0,0,13,6,500
1453,L,0,5,12,0,0,0,0.0000,0.0000,0.0000,0.0000,0,0,11,0,0,0,0,13,6,500
1454,L,0,5,12,0,0,0,0.0000,0.0000,0.0000,0.0000,0,0,11,0,0,0,0,13,6,500
1455,L,0,5,12,0,0,0,0.0000,0.0000,0.0000,0.0000,0,0,11,0,0,0,0,13,6,500
1456,L,0,5,12,0,0,0,0.0000,0.0000,0.0000,0.0000,0,0,11,0,0,0,0,13,6,500
1457,L,0,5,12,0,0,0,0.0000,0.0000,0.0000,0.0000,0,0,11,0,0,0,0,13,6,500
1458,L,0,5,12,0,0,0,0.0000,0.0000,0.0000,0.0000,0,0,11,0,0,0,0,13,6,500
1459,L,0,5,12,0,0,0,0.0000,0.0000,0.0000,0.0000,0,0,11,0,0,0,0,13,6,500
1460,L,0,5,12,0,0,0,0.0000,0.0000,0.0000,0.0000,0,0,11,0,0,0,0,13,6,500
1461,L,0,5,12,0,0,0,0.0000,0.0000,0.0000,0.0000,0,0,11,0,0,0,0,13,6,500
1462,L,0,5,12,0,0,0,0.0000,0.0000,0.0000,0.0000,0,0,11,0,0,0,0,13,6,500
1463,L,0,5,12,0,0,0,0.0000,0.0000,0.0000,0.0000,0,0,11,0,0,0,0,13,6,500
1464,L,0,5,12,0,0,0,0.0000,0.0000,0.0000,0.0000,0,0,11,0,0,0,0,13,6,500
1465,L,0,5,12,0,0,0,0.0000,0.0000,0.0000,0.0000,0,0,11,0,0,0,0,13,6,500
1466,L,0,5,12,0,0,0,0.0000,0.0000,0.0000,0.0000,0,0,11,0,0,0,0,13,6,500
1467,L,0,5,12,0,0,0,0.0000,0.0000,0.0000,0.0000,0,0,11,0,0,0,0,13,6,500
1468,L,0,5,12,0,0,0,0.0000,0.0000,0.0000,0.0000,0,0,11,0,0,0,0,13,6,500
1469,L,0,5,12,0,0,0,0.0000,0.0000,0.0000,0.0000,0,0,11,0,0,0,0,13,6,500
1470,L,0,5,12,0,0,0,0.0000,0.0000,0.0000,0.0000,0,0,11,0,0,0,0,13,6,500
1471,L,0,5,12,0,0,0,0.0000,0.0000,0.0000,0.0000,0,0,11,0,0,0,0,13,6,500
1472,L,0,5,12,0,0,0,0.0000,0.0000,0.0000,0.0000,0,0,11,0,0,0,0,13,6,500
1473,L,0,5,12,0,0,0,0.0000,0.0000,0.0000,0.0000,0,0,11,0,0,0,0,13,6,500
1474,L,0,5,12,0,0,0,0.0000,0.0000,0.0000,0.0000,0,0,11,0,0,0,0,13,6,500
1475,L,0,5,12,0,0,0,0.0000,0.0000,0.0000,0.0000,0,0,11,0,0,0,0,13,6,500
1476,L,0,5,12,0,0,0,0.0000,0.0000,0.0000,0.0000,0,0,11,0,0,0,0,13,6,500
1477,L,0,5,12,0,0,0,0.0000,0.0000,0.0000,0.0000,0,0,11,0,0,0,0,13,6,500
1478,L,0,5,12,0,0,0,0.0000,0.0000,0.0000,0.0000,0,0,11,0,0,0,0,13,6,500
1479,L,0,5,12,0,0,0,0.0000,0.0000,0.0000,0.0000,0,0,11,0,0,0,0,13,6,500
1480,L,0,5,12,0,0,0,0.0000,0.0000,0.0000,0.0000,0,0,11,0,0,0,0,13,6,500
1481,L,0,5,12,0,0,0,0.0000,0.0000,0.0000,0.0000,0,0,11,0,0,0,0,13,6,500
1482,L,0,5,12,0,0,0,0.0000,0.0000,0.0000,0.0000,0,0,11,0,0,0,0,13,6,500
1483,L,0,5,12,0,0,0,0.0000,0.0000,0.0000,0.0000,0,0,11,0,0,0,0,13,6,500
1484,L,0,5,12,0,0,0,0.0000,0.0000,0.0000,0.0000,0,0,11,0,0,0,0,13,6,500
1485,L,0,5,12,0,0,0,0.0000,0.0000,0.0000,0.0000,0,0,11,0,0,0,0,13,6,500
1486,L,0,5,12,0,0,0,0.0000,0.0000,0.0000,0.0000,0,0,11,0,0,0,0,13,6,500
1487,L,0,5,12,0,0,0,0.0000,0.0000,0.0000,0.0000,0,0,11,0,0,0,0,13,6,500
1488,L,0,5,12,0,0,0,0.0000,0.0000,0.0000,0.0000,0,0,11,0,0,0,0,13,6,500
1489,L,0,5,12,0,0,0,0.0000,0.0000,0.0000,0.0000,0,0,11,0,0,0,0,13,6,500
1490,L,0,5,12,0,0,0,0.0000,0.0000,0.0000,0.0000,0,0,11,0,0,0,0,13,6,500
1491,L,0,5,12,0,0,0,0.0000,0.0000,0.0000,0.0000,0,0,11,0,0,0,0,13,6,500
1492,L,0,5,12,0,0,0,0.0000,0.0000,0.0000,0.0000,0,0,11,0,0,0,0,13,6,500
1493,L,0,5,12,0,0,0,0.0000,0.0000,0.0000,0.0000,0,0,11,0,0,0,0,13,6,500
1494,L,0,5,12,0,0,0,0.0000,0.0000,0.0000,0.0000,0,0,11,0,0,0,0,13,6,500
1495,L,0,5,12,0,0,0,0.0000,0.0000,0.0000,0.0000,0,0,11,0,0,0,0,13,6,500
1496,L,0,5,12,0,0,0,0.0000,0.0000,0.0000,0.0000,0,0,11,0,0,0,0,13,6,500
1497,L,0,5,12,0,0,0,0.0000,0.0000,0.0000,0.0000,0,0,11,0,0,0,0,13,6,500
1498,L,0,5,12,0,0,0,0.0000,0.0000,0.0000,0.0000,0,0,11,0,0,0,0,13,6,500
1499,L,0,5,12,0,0,0,0.0000,0.0000,0.0000,0.0000,0,0,11,0,0,0,0,13,6,500
1500,L,0,5,12,0,0,0,0.0000,0.0000,0.0000,0.0000,0,0,11,0,0,0,0,13,6,500
