sol,age,pop,births,deaths,pairs,friend_pairs,close_pairs,web,second,lonely,friends_mean,lines,grief,lines_cum,capped_cum,dropped_cum,stale_cum,pending,formed_cum,close_cum,log_size
1,L,7,0,0,21,21,0,1.0000,0.0000,0.0000,6.0000,0,0,0,0,0,0,0,0,0,3
2,L,7,0,0,21,21,0,1.0000,0.0000,0.0000,6.0000,0,0,0,0,0,0,0,0,0,5
3,L,7,0,0,21,21,0,1.0000,0.0000,0.0000,6.0000,0,0,0,0,0,0,0,0,0,6
4,L,7,0,0,21,21,0,1.0000,0.0000,0.0000,6.0000,0,0,0,0,0,0,0,0,0,6
5,L,7,0,0,21,21,0,1.0000,0.0000,0.0000,6.0000,0,0,0,0,0,0,0,0,0,7
6,L,7,0,0,21,21,0,1.0000,0.0000,0.0000,6.0000,0,0,0,0,0,0,0,0,0,9
7,L,7,0,0,21,21,0,1.0000,0.0000,0.0000,6.0000,0,0,0,0,0,0,0,0,0,11
8,L,7,0,0,21,21,0,1.0000,0.0000,0.0000,6.0000,0,0,0,0,0,0,0,0,0,12
9,L,7,0,0,21,21,0,1.0000,0.0000,0.0000,6.0000,0,0,0,0,0,0,0,0,0,12
10,L,7,0,0,21,21,0,1.0000,0.0000,0.0000,6.0000,0,0,0,0,0,0,0,0,0,12
11,L,7,0,0,21,21,0,1.0000,0.0000,0.0000,6.0000,0,0,0,0,0,0,0,0,0,13
12,L,7,0,0,21,21,0,1.0000,0.0000,0.0000,6.0000,0,0,0,0,0,0,0,0,0,14
13,L,7,0,0,21,21,0,1.0000,0.0000,0.0000,6.0000,0,0,0,0,0,0,0,0,0,16
14,L,7,0,0,21,21,0,1.0000,0.0000,0.0000,6.0000,0,0,0,0,0,0,0,0,0,19
15,L,7,0,0,21,21,0,1.0000,0.0000,0.0000,6.0000,0,0,0,0,0,0,0,0,0,19
16,L,7,0,0,21,21,0,1.0000,0.0000,0.0000,6.0000,0,0,0,0,0,0,0,0,0,21
17,L,7,0,0,21,21,0,1.0000,0.0000,0.0000,6.0000,0,0,0,0,0,0,0,0,0,22
18,L,7,0,0,21,21,0,1.0000,0.0000,0.0000,6.0000,0,0,0,0,0,0,0,0,0,23
19,L,7,0,0,21,21,0,1.0000,0.0000,0.0000,6.0000,0,0,0,0,0,0,0,0,0,24
20,L,7,0,0,21,21,0,1.0000,0.0000,0.0000,6.0000,0,0,0,0,0,0,0,0,0,25
21,L,7,0,0,21,21,0,1.0000,0.0000,0.0000,6.0000,0,0,0,0,0,0,0,0,0,28
22,L,7,0,0,21,21,0,1.0000,0.0000,0.0000,6.0000,0,0,0,0,0,0,0,0,0,29
23,L,7,0,0,21,21,0,1.0000,0.0000,0.0000,6.0000,0,0,0,0,0,0,0,0,0,30
24,L,7,0,0,21,21,0,1.0000,0.0000,0.0000,6.0000,0,0,0,0,0,0,0,0,0,31
25,L,7,0,0,21,19,0,1.0000,0.0000,0.0000,5.4286,1,0,1,0,0,0,0,0,0,34
26,L,7,0,0,21,18,0,1.0000,0.0000,0.0000,5.1429,1,0,2,0,0,0,0,0,0,36
27,L,7,0,0,21,18,0,1.0000,0.0000,0.0000,5.1429,0,0,2,0,0,0,0,0,0,37
28,L,7,0,0,21,17,0,1.0000,0.0000,0.0000,4.8571,0,0,2,0,0,0,0,0,0,37
29,L,7,0,0,21,16,0,1.0000,0.0000,0.0000,4.5714,0,0,2,0,0,0,0,0,0,37
30,L,7,0,0,21,16,0,1.0000,0.0000,0.0000,4.5714,0,0,2,0,0,0,0,0,0,38
31,L,7,0,0,21,16,0,1.0000,0.0000,0.0000,4.5714,0,0,2,0,0,0,0,0,0,39
32,L,7,0,0,21,16,1,1.0000,0.0000,0.0000,4.5714,1,0,3,0,0,0,0,0,1,42
33,L,7,0,0,21,16,1,1.0000,0.0000,0.0000,4.5714,0,0,3,0,0,0,0,0,1,43
34,L,7,0,0,21,16,1,1.0000,0.0000,0.0000,4.5714,0,0,3,0,0,0,0,0,1,45
35,L,7,0,0,21,16,1,1.0000,0.0000,0.0000,4.5714,0,0,3,0,0,0,0,0,1,46
36,L,7,0,0,21,16,1,1.0000,0.0000,0.0000,4.5714,0,0,3,0,0,0,0,0,1,47
37,L,7,0,0,21,15,1,1.0000,0.0000,0.0000,4.2857,0,0,3,0,0,0,0,0,1,47
38,L,7,0,0,21,15,1,1.0000,0.0000,0.0000,4.2857,0,0,3,0,0,0,0,0,1,48
39,L,7,0,0,20,15,1,1.0000,0.0000,0.0000,4.2857,0,0,3,0,0,0,0,0,1,48
40,L,7,0,0,20,14,1,1.0000,0.0000,0.0000,4.0000,0,0,3,0,0,0,0,0,1,48
41,L,7,0,0,19,14,1,1.0000,0.0000,0.0000,4.0000,0,0,3,0,0,0,0,0,1,49
42,L,7,0,0,19,14,1,1.0000,0.0000,0.0000,4.0000,0,0,3,0,0,0,0,0,1,49
43,L,7,0,0,20,14,1,1.0000,0.0000,0.0000,4.0000,0,0,3,0,0,0,0,0,1,51
44,L,7,0,0,20,14,1,1.0000,0.0000,0.0000,4.0000,0,0,3,0,0,0,0,0,1,51
45,L,7,0,0,20,13,1,1.0000,0.0000,0.0000,3.7143,0,0,3,0,0,0,0,0,1,52
46,L,7,0,0,20,13,1,1.0000,0.0000,0.0000,3.7143,0,0,3,0,0,0,0,0,1,53
47,L,7,0,0,21,13,1,1.0000,0.0000,0.0000,3.7143,0,0,3,0,0,0,0,0,1,54
48,L,7,0,0,21,13,1,1.0000,0.0000,0.0000,3.7143,0,0,3,0,0,0,0,0,1,55
49,L,7,0,0,21,13,1,1.0000,0.0000,0.0000,3.7143,0,0,3,0,0,0,0,0,1,57
50,L,7,0,0,21,13,1,1.0000,0.0000,0.0000,3.7143,0,0,3,0,0,0,0,0,1,58
51,L,7,0,0,20,13,1,1.0000,0.0000,0.0000,3.7143,0,0,3,0,0,0,0,0,1,58
52,L,7,0,0,20,12,1,1.0000,0.0000,0.0000,3.4286,0,0,3,0,0,0,0,0,1,60
53,L,7,0,0,20,11,1,0.8571,0.0000,0.1429,3.1429,0,0,3,0,0,0,0,0,1,60
54,L,7,0,0,20,11,1,0.8571,0.0000,0.1429,3.1429,0,0,3,0,0,0,0,0,1,61
55,L,7,0,0,19,11,1,0.8571,0.0000,0.1429,3.1429,0,0,3,0,0,0,0,0,1,61
56,L,7,0,0,18,10,1,0.8571,0.0000,0.1429,2.8571,0,0,3,0,0,0,0,0,1,62
57,L,7,0,0,18,10,1,0.8571,0.0000,0.1429,2.8571,0,0,3,0,0,0,0,0,1,65
58,L,7,0,0,18,8,1,0.8571,0.0000,0.1429,2.2857,1,0,4,0,0,0,0,0,1,67
59,L,7,0,0,19,8,1,0.8571,0.0000,0.1429,2.2857,0,0,4,0,0,0,0,0,1,68
60,L,7,0,0,19,8,1,0.8571,0.0000,0.1429,2.2857,0,0,4,0,0,0,0,0,1,69
61,L,7,0,0,18,8,1,0.8571,0.0000,0.1429,2.2857,0,0,4,0,0,0,0,0,1,69
62,L,7,0,0,19,8,1,0.8571,0.0000,0.1429,2.2857,0,0,4,0,0,0,0,0,1,70
63,L,7,0,0,20,8,1,0.8571,0.0000,0.1429,2.2857,0,0,4,0,0,0,0,0,1,70
64,L,7,0,0,19,8,1,0.8571,0.0000,0.1429,2.2857,0,0,4,0,0,0,0,0,1,71
65,L,7,0,0,19,8,1,0.8571,0.0000,0.1429,2.2857,0,0,4,0,0,0,0,0,1,72
66,L,7,0,0,18,8,1,0.8571,0.0000,0.1429,2.2857,0,0,4,0,0,0,0,0,1,72
67,L,7,0,0,19,8,1,0.8571,0.0000,0.1429,2.2857,0,0,4,0,0,0,0,0,1,73
68,L,7,0,0,18,8,1,0.8571,0.0000,0.1429,2.2857,0,0,4,0,0,0,0,0,1,73
69,L,7,0,0,17,8,1,0.8571,0.0000,0.1429,2.2857,0,0,4,0,0,0,0,0,1,73
70,L,7,0,0,16,8,1,0.8571,0.0000,0.1429,2.2857,0,0,4,0,0,0,0,0,1,73
71,L,7,0,0,16,8,1,0.8571,0.0000,0.1429,2.2857,0,0,4,0,0,0,0,0,1,74
72,L,7,0,0,15,8,1,0.8571,0.0000,0.1429,2.2857,0,0,4,0,0,0,0,0,1,76
73,L,7,0,0,14,7,1,0.8571,0.0000,0.1429,2.0000,0,0,4,0,0,0,0,0,1,77
74,L,7,0,0,16,7,1,0.8571,0.0000,0.1429,2.0000,0,0,4,0,0,0,0,0,1,77
75,L,7,0,0,16,7,1,0.8571,0.0000,0.1429,2.0000,0,0,4,0,0,0,0,0,1,78
76,L,7,0,0,16,7,1,0.8571,0.0000,0.1429,2.0000,0,0,4,0,0,0,0,0,1,79
77,L,7,0,0,17,8,1,0.8571,0.0000,0.1429,2.2857,0,0,4,0,0,0,0,0,1,79
78,L,7,0,0,17,9,1,0.8571,0.0000,0.1429,2.5714,0,0,4,0,0,0,0,0,1,81
79,L,7,0,0,16,9,1,0.8571,0.0000,0.1429,2.5714,0,0,4,0,0,0,0,0,1,82
80,L,7,0,0,16,9,1,0.8571,0.0000,0.1429,2.5714,0,0,4,0,0,0,0,0,1,82
81,L,7,0,0,15,9,1,0.8571,0.0000,0.1429,2.5714,0,0,4,0,0,0,0,0,1,83
82,L,7,0,0,15,9,1,0.8571,0.0000,0.1429,2.5714,0,0,4,0,0,0,0,0,1,83
83,L,7,0,0,14,9,1,0.8571,0.0000,0.1429,2.5714,0,0,4,0,0,0,0,0,1,84
84,L,7,0,0,15,10,1,0.8571,0.0000,0.1429,2.8571,1,0,5,0,0,0,0,1,1,85
85,L,7,0,0,14,9,1,0.8571,0.0000,0.1429,2.5714,0,0,5,0,0,0,0,1,1,85
86,L,7,0,0,15,9,1,0.8571,0.0000,0.1429,2.5714,0,0,5,0,0,0,0,1,1,86
87,L,7,0,0,15,9,1,0.8571,0.0000,0.1429,2.5714,0,0,5,0,0,0,0,1,1,87
88,L,7,0,0,16,9,1,0.8571,0.0000,0.1429,2.5714,0,0,5,0,0,0,0,1,1,88
89,L,7,0,0,19,9,1,0.8571,0.0000,0.1429,2.5714,0,0,5,0,0,0,0,1,1,89
90,L,7,0,0,18,9,1,0.8571,0.0000,0.1429,2.5714,0,0,5,0,0,0,0,1,1,90
91,L,7,0,0,18,9,1,0.8571,0.0000,0.1429,2.5714,0,0,5,0,0,0,0,1,1,91
92,L,7,0,0,17,9,1,0.8571,0.0000,0.1429,2.5714,0,0,5,0,0,0,0,1,1,92
93,L,7,0,0,15,9,1,0.8571,0.0000,0.1429,2.5714,0,0,5,0,0,0,0,1,1,93
94,L,7,0,0,16,9,1,0.8571,0.0000,0.1429,2.5714,0,0,5,0,0,0,0,1,1,95
95,L,7,0,0,15,9,1,0.8571,0.0000,0.1429,2.5714,0,0,5,0,0,0,0,1,1,96
96,L,7,0,0,17,9,1,0.8571,0.0000,0.1429,2.5714,0,0,5,0,0,0,0,1,1,97
97,L,7,0,0,17,9,1,0.8571,0.0000,0.1429,2.5714,0,0,5,0,0,0,0,1,1,98
98,L,7,0,0,18,9,1,0.8571,0.0000,0.1429,2.5714,0,0,5,0,0,0,0,1,1,99
99,L,7,0,0,17,9,1,0.8571,0.0000,0.1429,2.5714,0,0,5,0,0,0,0,1,1,100
100,L,7,0,0,18,9,1,0.8571,0.0000,0.1429,2.5714,0,0,5,0,0,0,0,1,1,102
101,L,7,0,0,16,9,1,0.8571,0.0000,0.1429,2.5714,0,0,5,0,0,0,0,1,1,103
102,L,7,0,0,13,9,1,0.8571,0.0000,0.1429,2.5714,0,0,5,0,0,0,0,1,1,104
103,L,7,0,0,14,9,1,0.8571,0.0000,0.1429,2.5714,0,0,5,0,0,0,0,1,1,105
104,L,7,0,0,13,7,1,0.7143,0.0000,0.2857,2.0000,0,0,5,0,0,0,0,1,1,106
105,L,7,0,0,16,7,1,0.7143,0.0000,0.2857,2.0000,0,0,5,0,0,0,0,1,1,106
106,L,7,0,0,17,7,1,0.7143,0.0000,0.2857,2.0000,0,0,5,0,0,0,0,1,1,107
107,L,7,0,0,17,6,2,0.7143,0.0000,0.2857,1.7143,1,0,6,0,0,0,0,1,2,109
108,L,7,0,0,16,6,2,0.7143,0.0000,0.2857,1.7143,0,0,6,0,0,0,0,1,2,110
109,L,7,0,0,18,6,2,0.7143,0.0000,0.2857,1.7143,0,0,6,0,0,0,0,1,2,112
110,L,7,0,0,16,6,2,0.7143,0.0000,0.2857,1.7143,0,0,6,0,0,0,0,1,2,113
111,L,7,0,0,15,6,2,0.7143,0.0000,0.2857,1.7143,0,0,6,0,0,0,0,1,2,113
112,L,7,0,0,16,6,2,0.7143,0.0000,0.2857,1.7143,0,0,6,0,0,0,0,1,2,113
113,L,7,0,0,17,6,2,0.7143,0.0000,0.2857,1.7143,0,0,6,0,0,0,0,1,2,113
114,L,7,0,0,18,6,2,0.7143,0.0000,0.2857,1.7143,0,0,6,0,0,0,0,1,2,113
115,L,7,0,0,17,6,2,0.7143,0.0000,0.2857,1.7143,0,0,6,0,0,0,0,1,2,115
116,L,7,0,0,17,6,2,0.7143,0.0000,0.2857,1.7143,0,0,6,0,0,0,0,1,2,116
117,L,7,0,0,15,5,2,0.5714,0.0000,0.4286,1.4286,0,0,6,0,0,0,0,1,2,118
118,L,7,0,0,15,5,2,0.5714,0.0000,0.4286,1.4286,0,0,6,0,0,0,0,1,2,119
119,L,7,0,0,15,5,2,0.5714,0.0000,0.4286,1.4286,0,0,6,0,0,0,0,1,2,120
120,L,7,0,0,14,5,2,0.5714,0.0000,0.4286,1.4286,0,0,6,0,0,0,0,1,2,122
121,L,7,0,0,14,5,2,0.5714,0.0000,0.4286,1.4286,0,0,6,0,0,0,0,1,2,123
122,L,7,0,0,16,5,2,0.5714,0.0000,0.4286,1.4286,0,0,6,0,0,0,0,1,2,124
123,L,7,0,0,16,5,2,0.5714,0.0000,0.4286,1.4286,0,0,6,0,0,0,0,1,2,125
124,L,7,0,0,15,5,2,0.5714,0.0000,0.4286,1.4286,0,0,6,0,0,0,0,1,2,126
125,L,7,0,0,15,5,2,0.5714,0.0000,0.4286,1.4286,0,0,6,0,0,0,0,1,2,129
126,L,7,0,0,14,5,2,0.5714,0.0000,0.4286,1.4286,0,0,6,0,0,0,0,1,2,129
127,L,7,0,0,14,4,2,0.5714,0.0000,0.4286,1.1429,0,0,6,0,0,0,0,1,2,130
128,L,7,0,0,13,4,2,0.5714,0.0000,0.4286,1.1429,0,0,6,0,0,0,0,1,2,131
129,L,7,0,0,14,4,2,0.5714,0.0000,0.4286,1.1429,0,0,6,0,0,0,0,1,2,132
130,L,7,0,0,14,4,2,0.5714,0.0000,0.4286,1.1429,0,0,6,0,0,0,0,1,2,132
131,L,7,0,0,16,4,2,0.5714,0.0000,0.4286,1.1429,0,0,6,0,0,0,0,1,2,132
132,L,7,0,0,17,4,2,0.5714,0.0000,0.4286,1.1429,0,0,6,0,0,0,0,1,2,133
133,L,7,0,0,16,4,2,0.5714,0.0000,0.4286,1.1429,0,0,6,0,0,0,0,1,2,133
134,L,7,0,0,15,4,2,0.5714,0.0000,0.4286,1.1429,0,0,6,0,0,0,0,1,2,133
135,L,7,0,0,13,4,2,0.5714,0.0000,0.4286,1.1429,0,0,6,0,0,0,0,1,2,136
136,L,7,0,0,15,4,2,0.5714,0.0000,0.4286,1.1429,0,0,6,0,0,0,0,1,2,136
137,L,7,0,0,17,4,2,0.5714,0.0000,0.4286,1.1429,0,0,6,0,0,0,0,1,2,137
138,L,7,0,0,16,4,2,0.5714,0.0000,0.4286,1.1429,0,0,6,0,0,0,0,1,2,137
139,L,7,0,0,16,5,2,0.7143,0.0000,0.2857,1.4286,0,0,6,0,0,0,0,1,2,137
140,L,7,0,0,15,5,2,0.7143,0.0000,0.2857,1.4286,0,0,6,0,0,0,0,1,2,137
141,L,7,0,0,15,5,2,0.7143,0.0000,0.2857,1.4286,0,0,6,0,0,0,0,1,2,138
142,L,7,0,0,15,5,2,0.7143,0.0000,0.2857,1.4286,0,0,6,0,0,0,0,1,2,138
143,L,7,0,0,14,5,2,0.7143,0.0000,0.2857,1.4286,0,0,6,0,0,0,0,1,2,138
144,L,7,0,0,13,5,2,0.7143,0.0000,0.2857,1.4286,0,0,6,0,0,0,0,1,2,139
145,L,7,0,0,15,5,2,0.7143,0.0000,0.2857,1.4286,0,0,6,0,0,0,0,1,2,139
146,L,7,0,0,15,6,2,0.8571,0.0000,0.1429,1.7143,1,0,7,0,0,0,0,2,2,140
147,L,7,0,0,14,6,2,0.8571,0.0000,0.1429,1.7143,0,0,7,0,0,0,0,2,2,140
148,L,7,0,0,17,6,2,0.8571,0.0000,0.1429,1.7143,0,0,7,0,0,0,0,2,2,141
149,L,7,0,0,19,6,2,0.8571,0.0000,0.1429,1.7143,0,0,7,0,0,0,0,2,2,142
150,L,7,0,0,18,6,2,0.8571,0.0000,0.1429,1.7143,0,0,7,0,0,0,0,2,2,145
151,L,7,0,0,17,6,2,0.8571,0.0000,0.1429,1.7143,0,0,7,0,0,0,0,2,2,146
152,L,7,0,0,16,6,2,0.8571,0.0000,0.1429,1.7143,0,0,7,0,0,0,0,2,2,147
153,L,7,0,0,17,6,2,0.8571,0.0000,0.1429,1.7143,0,0,7,0,0,0,0,2,2,147
154,L,7,0,0,17,6,2,0.8571,0.0000,0.1429,1.7143,0,0,7,0,0,0,0,2,2,149
155,L,7,0,0,17,6,2,0.8571,0.0000,0.1429,1.7143,0,0,7,0,0,0,0,2,2,150
156,L,7,0,0,15,6,2,0.8571,0.0000,0.1429,1.7143,0,0,7,0,0,0,0,2,2,151
157,L,7,0,0,14,6,2,0.8571,0.0000,0.1429,1.7143,0,0,7,0,0,0,0,2,2,151
158,L,7,0,0,12,6,2,0.8571,0.0000,0.1429,1.7143,0,0,7,0,0,0,0,2,2,153
159,L,7,0,0,13,6,2,0.8571,0.0000,0.1429,1.7143,0,0,7,0,0,0,0,2,2,154
160,L,7,0,0,11,6,2,0.8571,0.0000,0.1429,1.7143,0,0,7,0,0,0,0,2,2,154
161,L,7,0,0,15,6,2,0.8571,0.0000,0.1429,1.7143,0,0,7,0,0,0,0,2,2,154
162,L,7,0,0,15,6,2,0.8571,0.0000,0.1429,1.7143,0,0,7,0,0,0,0,2,2,156
163,L,7,0,0,15,6,2,0.8571,0.0000,0.1429,1.7143,0,0,7,0,0,0,0,2,2,156
164,L,7,0,0,15,6,2,0.8571,0.0000,0.1429,1.7143,0,0,7,0,0,0,0,2,2,157
165,L,7,0,0,14,6,2,0.8571,0.0000,0.1429,1.7143,0,0,7,0,0,0,0,2,2,157
166,L,7,0,0,13,6,2,0.8571,0.0000,0.1429,1.7143,0,0,7,0,0,0,0,2,2,158
167,L,7,0,0,13,6,2,0.8571,0.0000,0.1429,1.7143,0,0,7,0,0,0,0,2,2,160
168,L,7,0,0,13,6,2,0.8571,0.0000,0.1429,1.7143,0,0,7,0,0,0,0,2,2,161
169,L,7,0,0,15,5,2,0.7143,0.0000,0.2857,1.4286,0,0,7,0,0,0,0,2,2,162
170,L,7,0,0,14,5,2,0.7143,0.0000,0.2857,1.4286,0,0,7,0,0,0,0,2,2,163
171,L,7,0,0,14,5,2,0.7143,0.0000,0.2857,1.4286,0,0,7,0,0,0,0,2,2,165
172,L,7,0,0,13,5,2,0.7143,0.0000,0.2857,1.4286,0,0,7,0,0,0,0,2,2,166
173,L,7,0,0,13,5,2,0.7143,0.0000,0.2857,1.4286,0,0,7,0,0,0,0,2,2,167
174,L,7,0,0,13,5,2,0.7143,0.0000,0.2857,1.4286,0,0,7,0,0,0,0,2,2,168
175,L,7,0,0,13,5,2,0.7143,0.0000,0.2857,1.4286,0,0,7,0,0,0,0,2,2,169
176,L,7,0,0,14,5,2,0.7143,0.0000,0.2857,1.4286,0,0,7,0,0,0,0,2,2,170
177,L,7,0,0,16,4,2,0.7143,0.0000,0.2857,1.1429,0,0,7,0,0,0,0,2,2,172
178,L,7,0,0,15,4,2,0.7143,0.0000,0.2857,1.1429,0,0,7,0,0,0,0,2,2,173
179,L,7,0,0,15,4,2,0.7143,0.0000,0.2857,1.1429,0,0,7,0,0,0,0,2,2,174
180,L,7,0,0,16,4,2,0.7143,0.0000,0.2857,1.1429,0,0,7,0,0,0,0,2,2,176
181,L,7,0,0,15,4,2,0.7143,0.0000,0.2857,1.1429,0,0,7,0,0,0,0,2,2,177
182,L,7,0,0,12,4,2,0.7143,0.0000,0.2857,1.1429,0,0,7,0,0,0,0,2,2,178
183,L,7,0,0,13,4,2,0.7143,0.0000,0.2857,1.1429,0,0,7,0,0,0,0,2,2,180
184,L,7,0,0,14,4,2,0.7143,0.0000,0.2857,1.1429,0,0,7,0,0,0,0,2,2,181
185,L,7,0,0,15,3,2,0.4286,0.2857,0.2857,0.8571,0,0,7,0,0,0,0,2,2,182
186,L,7,0,0,16,3,2,0.4286,0.2857,0.2857,0.8571,0,0,7,0,0,0,0,2,2,183
187,L,7,0,0,15,3,2,0.4286,0.2857,0.2857,0.8571,0,0,7,0,0,0,0,2,2,184
188,L,7,0,0,13,3,2,0.4286,0.2857,0.2857,0.8571,0,0,7,0,0,0,0,2,2,185
189,L,7,0,0,13,3,2,0.4286,0.2857,0.2857,0.8571,0,0,7,0,0,0,0,2,2,186
190,L,7,0,0,12,3,2,0.4286,0.2857,0.2857,0.8571,0,0,7,0,0,0,0,2,2,187
191,L,7,0,0,12,3,2,0.4286,0.2857,0.2857,0.8571,0,0,7,0,0,0,0,2,2,187
192,L,7,0,0,11,3,2,0.4286,0.2857,0.2857,0.8571,0,0,7,0,0,0,0,2,2,187
193,L,7,0,0,10,2,2,0.2857,0.2857,0.4286,0.5714,0,0,7,0,0,0,0,2,2,188
194,L,7,0,0,11,2,2,0.2857,0.2857,0.4286,0.5714,0,0,7,0,0,0,0,2,2,188
195,L,7,0,0,12,3,2,0.5714,0.0000,0.4286,0.8571,0,0,7,0,0,0,0,2,2,189
196,L,7,0,0,11,3,2,0.5714,0.0000,0.4286,0.8571,0,0,7,0,0,0,0,2,2,189
197,L,7,0,0,13,3,2,0.5714,0.0000,0.4286,0.8571,0,0,7,0,0,0,0,2,2,191
198,L,7,0,0,14,3,2,0.5714,0.0000,0.4286,0.8571,0,0,7,0,0,0,0,2,2,192
199,L,7,0,0,12,3,2,0.5714,0.0000,0.4286,0.8571,0,0,7,0,0,0,0,2,2,193
200,L,7,0,0,13,3,2,0.5714,0.0000,0.4286,0.8571,0,0,7,0,0,0,0,2,2,194
201,L,7,0,0,15,3,2,0.5714,0.0000,0.4286,0.8571,0,0,7,0,0,0,0,2,2,195
202,L,7,0,0,14,3,2,0.5714,0.0000,0.4286,0.8571,0,0,7,0,0,0,0,2,2,197
203,L,7,0,0,12,3,2,0.5714,0.0000,0.4286,0.8571,0,0,7,0,0,0,0,2,2,198
204,L,7,0,0,12,3,2,0.5714,0.0000,0.4286,0.8571,0,0,7,0,0,0,0,2,2,199
205,L,7,0,0,13,3,2,0.5714,0.0000,0.4286,0.8571,0,0,7,0,0,0,0,2,2,200
206,L,7,0,0,13,3,2,0.5714,0.0000,0.4286,0.8571,0,0,7,0,0,0,0,2,2,201
207,L,7,0,0,11,3,2,0.5714,0.0000,0.4286,0.8571,0,0,7,0,0,0,0,2,2,203
208,L,7,0,0,10,3,2,0.5714,0.0000,0.4286,0.8571,0,0,7,0,0,0,0,2,2,204
209,L,7,0,0,11,3,2,0.5714,0.0000,0.4286,0.8571,0,0,7,0,0,0,0,2,2,205
210,L,7,0,0,14,3,2,0.5714,0.0000,0.4286,0.8571,0,0,7,0,0,0,0,2,2,206
211,L,7,0,0,13,3,2,0.5714,0.0000,0.4286,0.8571,0,0,7,0,0,0,0,2,2,207
212,L,7,0,0,17,3,2,0.5714,0.0000,0.4286,0.8571,0,0,7,0,0,0,0,2,2,208
213,L,7,0,0,14,3,2,0.5714,0.0000,0.4286,0.8571,0,0,7,0,0,0,0,2,2,209
214,L,7,0,0,12,3,2,0.5714,0.0000,0.4286,0.8571,0,0,7,0,0,0,0,2,2,211
215,L,7,0,0,12,3,2,0.5714,0.0000,0.4286,0.8571,0,0,7,0,0,0,0,2,2,212
216,L,7,0,0,12,3,2,0.5714,0.0000,0.4286,0.8571,0,0,7,0,0,0,0,2,2,213
217,L,7,0,0,12,3,2,0.5714,0.0000,0.4286,0.8571,0,0,7,0,0,0,0,2,2,214
218,L,7,0,0,13,3,2,0.5714,0.0000,0.4286,0.8571,0,0,7,0,0,0,0,2,2,215
219,L,7,0,0,12,3,2,0.5714,0.0000,0.4286,0.8571,0,0,7,0,0,0,0,2,2,216
220,L,7,0,0,14,3,2,0.5714,0.0000,0.4286,0.8571,0,0,7,0,0,0,0,2,2,218
221,L,7,0,0,14,3,2,0.5714,0.0000,0.4286,0.8571,0,0,7,0,0,0,0,2,2,219
222,L,7,0,0,11,3,2,0.5714,0.0000,0.4286,0.8571,0,0,7,0,0,0,0,2,2,220
223,L,7,0,0,12,3,2,0.5714,0.0000,0.4286,0.8571,0,0,7,0,0,0,0,2,2,221
224,L,7,0,0,10,2,2,0.2857,0.2857,0.4286,0.5714,0,0,7,0,0,0,0,2,2,222
225,L,7,0,0,12,2,2,0.2857,0.2857,0.4286,0.5714,0,0,7,0,0,0,0,2,2,223
226,L,7,0,0,12,2,2,0.2857,0.2857,0.4286,0.5714,0,0,7,0,0,0,0,2,2,224
227,L,7,0,0,13,2,2,0.2857,0.2857,0.4286,0.5714,0,0,7,0,0,0,0,2,2,225
228,L,7,0,0,15,2,2,0.2857,0.2857,0.4286,0.5714,0,0,7,0,0,0,0,2,2,226
229,L,7,0,0,15,2,2,0.2857,0.2857,0.4286,0.5714,0,0,7,0,0,0,0,2,2,227
230,L,7,0,0,16,2,2,0.2857,0.2857,0.4286,0.5714,0,0,7,0,0,0,0,2,2,228
231,L,7,0,0,16,2,2,0.2857,0.2857,0.4286,0.5714,0,0,7,0,0,0,0,2,2,230
232,L,7,0,0,16,2,2,0.2857,0.2857,0.4286,0.5714,0,0,7,0,0,0,0,2,2,231
233,L,7,0,0,14,2,2,0.2857,0.2857,0.4286,0.5714,0,0,7,0,0,0,0,2,2,232
234,L,7,0,0,15,2,2,0.2857,0.2857,0.4286,0.5714,0,0,7,0,0,0,0,2,2,233
235,L,7,0,0,15,2,2,0.2857,0.2857,0.4286,0.5714,0,0,7,0,0,0,0,2,2,234
236,L,7,0,0,13,2,2,0.2857,0.2857,0.4286,0.5714,0,0,7,0,0,0,0,2,2,235
237,L,7,0,0,13,2,2,0.2857,0.2857,0.4286,0.5714,0,0,7,0,0,0,0,2,2,236
238,L,7,0,0,13,2,2,0.2857,0.2857,0.4286,0.5714,0,0,7,0,0,0,0,2,2,237
239,L,7,0,0,13,2,2,0.2857,0.2857,0.4286,0.5714,0,0,7,0,0,0,0,2,2,238
240,L,7,0,0,16,2,2,0.2857,0.2857,0.4286,0.5714,0,0,7,0,0,0,0,2,2,239
241,L,7,0,0,16,2,2,0.2857,0.2857,0.4286,0.5714,0,0,7,0,0,0,0,2,2,240
242,L,7,0,0,14,2,2,0.2857,0.2857,0.4286,0.5714,0,0,7,0,0,0,0,2,2,242
243,L,7,0,0,14,2,2,0.2857,0.2857,0.4286,0.5714,0,0,7,0,0,0,0,2,2,243
244,L,7,0,0,11,2,2,0.2857,0.2857,0.4286,0.5714,0,0,7,0,0,0,0,2,2,244
245,L,7,0,0,11,2,2,0.2857,0.2857,0.4286,0.5714,0,0,7,0,0,0,0,2,2,245
246,L,7,0,0,13,2,2,0.2857,0.2857,0.4286,0.5714,0,0,7,0,0,0,0,2,2,246
247,L,7,0,0,13,2,2,0.2857,0.2857,0.4286,0.5714,0,0,7,0,0,0,0,2,2,247
248,L,7,0,0,10,2,2,0.2857,0.2857,0.4286,0.5714,0,0,7,0,0,0,0,2,2,248
249,L,7,0,0,8,2,2,0.2857,0.2857,0.4286,0.5714,0,0,7,0,0,0,0,2,2,249
250,L,7,0,0,10,2,2,0.2857,0.2857,0.4286,0.5714,0,0,7,0,0,0,0,2,2,250
251,L,7,0,0,11,2,2,0.2857,0.2857,0.4286,0.5714,0,0,7,0,0,0,0,2,2,251
252,L,7,0,0,11,2,2,0.2857,0.2857,0.4286,0.5714,0,0,7,0,0,0,0,2,2,252
253,L,7,0,0,10,2,2,0.2857,0.2857,0.4286,0.5714,0,0,7,0,0,0,0,2,2,253
254,L,7,0,0,12,2,2,0.2857,0.2857,0.4286,0.5714,0,0,7,0,0,0,0,2,2,254
255,L,7,0,0,13,2,2,0.2857,0.2857,0.4286,0.5714,0,0,7,0,0,0,0,2,2,255
256,L,7,0,0,12,2,2,0.2857,0.2857,0.4286,0.5714,0,0,7,0,0,0,0,2,2,256
257,L,7,0,0,10,2,2,0.2857,0.2857,0.4286,0.5714,0,0,7,0,0,0,0,2,2,257
258,L,7,0,0,12,2,2,0.2857,0.2857,0.4286,0.5714,0,0,7,0,0,0,0,2,2,258
259,L,7,0,0,12,2,2,0.2857,0.2857,0.4286,0.5714,0,0,7,0,0,0,0,2,2,259
260,L,7,0,0,11,2,2,0.2857,0.2857,0.4286,0.5714,0,0,7,0,0,0,0,2,2,260
261,L,7,0,0,12,2,2,0.2857,0.2857,0.4286,0.5714,0,0,7,0,0,0,0,2,2,261
262,L,7,0,0,9,2,2,0.2857,0.2857,0.4286,0.5714,0,0,7,0,0,0,0,2,2,262
263,L,7,0,0,10,2,2,0.2857,0.2857,0.4286,0.5714,0,0,7,0,0,0,0,2,2,264
264,L,7,0,0,10,2,2,0.2857,0.2857,0.4286,0.5714,0,0,7,0,0,0,0,2,2,265
265,L,7,0,0,10,2,2,0.2857,0.2857,0.4286,0.5714,0,0,7,0,0,0,0,2,2,266
266,L,7,0,0,11,2,2,0.2857,0.2857,0.4286,0.5714,0,0,7,0,0,0,0,2,2,268
267,L,7,0,0,12,2,2,0.2857,0.2857,0.4286,0.5714,0,0,7,0,0,0,0,2,2,270
268,L,7,0,0,9,2,2,0.2857,0.2857,0.4286,0.5714,0,0,7,0,0,0,0,2,2,272
269,L,7,0,0,12,2,2,0.2857,0.2857,0.4286,0.5714,0,0,7,0,0,0,0,2,2,273
270,L,7,0,0,12,2,2,0.2857,0.2857,0.4286,0.5714,0,0,7,0,0,0,0,2,2,274
271,L,7,0,0,13,2,2,0.2857,0.2857,0.4286,0.5714,0,0,7,0,0,0,0,2,2,275
272,L,7,0,0,11,2,2,0.2857,0.2857,0.4286,0.5714,0,0,7,0,0,0,0,2,2,276
273,L,7,0,0,12,2,2,0.2857,0.2857,0.4286,0.5714,0,0,7,0,0,0,0,2,2,277
274,L,7,0,0,11,2,2,0.2857,0.2857,0.4286,0.5714,0,0,7,0,0,0,0,2,2,278
275,L,7,0,0,11,2,2,0.2857,0.2857,0.4286,0.5714,0,0,7,0,0,0,0,2,2,279
276,L,7,0,0,11,2,2,0.2857,0.2857,0.4286,0.5714,0,0,7,0,0,0,0,2,2,280
277,L,7,0,0,14,2,2,0.2857,0.2857,0.4286,0.5714,0,0,7,0,0,0,0,2,2,282
278,L,7,0,0,13,2,2,0.2857,0.2857,0.4286,0.5714,0,0,7,0,0,0,0,2,2,283
279,L,7,0,0,14,2,2,0.2857,0.2857,0.4286,0.5714,0,0,7,0,0,0,0,2,2,284
280,L,7,0,0,15,2,2,0.2857,0.2857,0.4286,0.5714,0,0,7,0,0,0,0,2,2,284
281,L,8,1,0,15,3,2,0.3750,0.2500,0.3750,0.7500,0,0,7,0,0,0,0,2,2,286
282,L,8,1,0,15,3,2,0.3750,0.2500,0.3750,0.7500,0,0,7,0,0,0,0,2,2,287
283,L,8,1,0,15,3,2,0.3750,0.2500,0.3750,0.7500,0,0,7,0,0,0,0,2,2,289
284,L,9,2,0,17,4,2,0.4444,0.2222,0.3333,0.8889,0,0,7,0,0,0,0,2,2,291
285,L,9,2,0,17,4,2,0.4444,0.2222,0.3333,0.8889,0,0,7,0,0,0,0,2,2,292
286,L,9,2,0,18,4,2,0.4444,0.2222,0.3333,0.8889,0,0,7,0,0,0,0,2,2,293
287,L,10,3,0,20,5,2,0.4000,0.2000,0.2000,1.0000,0,0,7,0,0,0,0,2,2,296
288,L,11,4,0,25,6,2,0.3636,0.1818,0.0909,1.0909,0,0,7,0,0,0,0,2,2,300
289,L,11,4,0,27,6,2,0.3636,0.1818,0.0909,1.0909,0,0,7,0,0,0,0,2,2,301
290,S,12,5,0,31,7,2,0.3333,0.2500,0.0833,1.1667,0,0,7,0,0,0,0,2,2,304
291,S,12,5,0,43,8,2,0.5000,0.2500,0.0833,1.3333,1,0,8,0,0,0,0,3,2,305
292,S,12,5,0,45,8,2,0.5000,0.2500,0.0833,1.3333,0,0,8,0,0,0,0,3,2,306
293,S,12,5,0,47,11,2,0.9167,0.0000,0.0833,1.8333,2,0,10,0,0,0,0,6,2,308
294,S,12,5,0,46,11,2,0.9167,0.0000,0.0833,1.8333,0,0,10,0,0,0,0,6,2,308
295,S,12,5,0,43,11,2,0.9167,0.0000,0.0833,1.8333,0,0,10,0,0,0,0,6,2,308
296,S,12,5,0,44,12,2,0.9167,0.0000,0.0833,2.0000,1,0,11,0,0,0,0,7,2,309
297,S,12,5,0,45,12,3,0.9167,0.0000,0.0833,2.0000,1,0,12,0,0,0,0,7,3,311
298,S,12,5,0,41,12,4,0.9167,0.0000,0.0833,2.0000,0,0,12,0,0,0,0,7,4,312
299,S,12,5,0,40,12,4,0.9167,0.0000,0.0833,2.0000,0,0,12,0,0,0,0,7,4,312
300,S,12,5,0,39,12,5,0.9167,0.0000,0.0833,2.0000,0,0,12,0,0,0,0,7,5,313
301,S,12,5,0,38,12,6,0.9167,0.0000,0.0833,2.0000,1,0,13,0,0,0,0,7,6,315
302,S,12,5,0,41,12,6,0.9167,0.0000,0.0833,2.0000,0,0,13,0,0,0,0,7,6,315
303,S,12,5,0,41,12,6,0.9167,0.0000,0.0833,2.0000,0,0,13,0,0,0,0,7,6,316
304,S,12,5,0,38,12,6,0.9167,0.0000,0.0833,2.0000,0,0,13,0,0,0,0,7,6,316
305,S,12,5,0,44,12,6,0.9167,0.0000,0.0833,2.0000,0,0,13,0,0,0,0,7,6,317
306,S,12,5,0,45,12,6,0.9167,0.0000,0.0833,2.0000,0,0,13,0,0,0,0,7,6,318
307,S,12,5,0,48,12,6,0.9167,0.0000,0.0833,2.0000,0,0,13,0,0,0,0,7,6,319
308,S,12,5,0,49,12,6,0.9167,0.0000,0.0833,2.0000,0,0,13,0,0,0,0,7,6,320
309,S,12,5,0,47,12,6,0.9167,0.0000,0.0833,2.0000,0,0,13,0,0,0,0,7,6,321
310,S,12,5,0,45,11,6,0.9167,0.0000,0.0833,1.8333,0,0,13,0,0,0,0,7,6,322
311,S,12,5,0,42,11,6,0.9167,0.0000,0.0833,1.8333,0,0,13,0,0,0,0,7,6,323
312,S,13,6,0,46,13,6,0.9231,0.0000,0.0769,2.0000,1,0,14,0,0,0,0,8,6,326
313,S,13,6,0,48,13,6,0.9231,0.0000,0.0769,2.0000,0,0,14,0,0,0,0,8,6,327
314,S,13,6,0,48,12,6,0.9231,0.0000,0.0769,1.8462,0,0,14,0,0,0,0,8,6,330
315,S,13,6,0,50,14,6,0.9231,0.0000,0.0769,2.1538,0,0,14,0,0,0,0,10,6,331
316,S,13,6,0,50,16,6,0.9231,0.0000,0.0769,2.4615,1,0,15,0,0,1,0,12,6,333
317,S,13,6,0,46,17,6,0.9231,0.0000,0.0769,2.6154,0,0,15,0,0,1,0,13,6,334
318,S,13,6,0,45,17,6,0.9231,0.0000,0.0769,2.6154,0,0,15,0,0,1,0,13,6,335
319,S,13,6,0,44,17,6,0.9231,0.0000,0.0769,2.6154,0,0,15,0,0,1,0,13,6,336
320,S,13,6,0,45,17,6,0.9231,0.0000,0.0769,2.6154,0,0,15,0,0,1,0,13,6,337
321,S,13,6,0,45,17,7,0.9231,0.0000,0.0769,2.6154,0,0,15,0,0,1,0,13,7,338
322,S,13,6,0,44,17,7,0.9231,0.0000,0.0769,2.6154,0,0,15,0,0,1,0,13,7,339
323,S,13,6,0,43,17,8,0.9231,0.0000,0.0769,2.6154,0,0,15,0,0,1,0,13,8,340
324,S,13,6,0,40,17,9,0.9231,0.0000,0.0769,2.6154,0,0,15,0,0,1,0,13,9,343
325,S,13,6,0,39,17,9,0.9231,0.0000,0.0769,2.6154,0,0,15,0,0,1,0,13,9,344
326,S,13,6,0,40,17,10,0.9231,0.0000,0.0769,2.6154,0,0,15,0,0,1,0,13,10,345
327,S,13,6,0,40,17,10,0.9231,0.0000,0.0769,2.6154,0,0,15,0,0,1,0,13,10,347
328,S,13,6,0,40,17,10,0.9231,0.0000,0.0769,2.6154,0,0,15,0,0,1,0,13,10,348
329,S,13,6,0,44,18,10,0.9231,0.0000,0.0769,2.7692,0,0,15,0,0,1,0,14,10,349
330,S,13,6,0,50,18,10,0.9231,0.0000,0.0769,2.7692,0,0,15,0,0,1,0,14,10,350
331,S,13,6,0,45,18,10,0.9231,0.0000,0.0769,2.7692,0,0,15,0,0,1,0,14,10,352
332,S,13,6,0,51,17,10,0.9231,0.0000,0.0769,2.6154,0,0,15,0,0,1,0,14,10,353
333,S,13,6,0,48,17,10,0.9231,0.0000,0.0769,2.6154,0,0,15,0,0,1,0,14,10,354
334,S,13,6,0,45,16,10,0.7692,0.0000,0.2308,2.4615,0,0,15,0,0,1,0,15,10,355
335,S,13,6,0,42,16,10,0.7692,0.0000,0.2308,2.4615,0,0,15,0,0,1,0,15,10,356
336,S,13,6,0,42,16,10,0.7692,0.0000,0.2308,2.4615,0,0,15,0,0,1,0,15,10,357
337,S,13,6,0,41,17,10,0.8462,0.0000,0.1538,2.6154,0,0,15,0,0,1,0,16,10,358
338,S,13,6,0,38,16,10,0.8462,0.0000,0.1538,2.4615,0,0,15,0,0,1,0,16,10,359
339,S,13,6,0,45,16,10,0.8462,0.0000,0.1538,2.4615,0,0,15,0,0,1,0,16,10,360
340,S,13,6,0,47,16,10,0.8462,0.0000,0.1538,2.4615,0,0,15,0,0,1,0,16,10,363
341,S,13,6,0,42,16,10,0.8462,0.0000,0.1538,2.4615,0,0,15,0,0,1,0,16,10,365
342,S,13,6,0,43,16,10,0.8462,0.0000,0.1538,2.4615,0,0,15,0,0,1,0,16,10,366
343,S,13,6,0,41,16,10,0.8462,0.0000,0.1538,2.4615,0,0,15,0,0,1,0,16,10,367
344,S,13,6,0,41,16,10,0.8462,0.0000,0.1538,2.4615,0,0,15,0,0,1,0,16,10,368
345,S,13,6,0,44,17,10,0.9231,0.0000,0.0769,2.6154,0,0,15,0,0,1,0,17,10,369
346,S,13,6,0,41,17,10,0.9231,0.0000,0.0769,2.6154,0,0,15,0,0,1,0,17,10,370
347,S,13,6,0,42,17,10,0.9231,0.0000,0.0769,2.6154,0,0,15,0,0,1,0,17,10,371
348,S,13,6,0,45,17,10,0.9231,0.0000,0.0769,2.6154,0,0,15,0,0,1,0,17,10,373
349,S,13,6,0,46,17,10,0.9231,0.0000,0.0769,2.6154,0,0,15,0,0,1,0,17,10,374
350,S,13,6,0,43,17,10,0.9231,0.0000,0.0769,2.6154,0,0,15,0,0,1,0,17,10,375
351,S,13,6,0,42,16,10,0.9231,0.0000,0.0769,2.4615,0,0,15,0,0,1,0,17,10,377
352,S,13,6,0,45,16,10,0.9231,0.0000,0.0769,2.4615,0,0,15,0,0,1,0,17,10,378
353,S,13,6,0,47,15,10,0.6154,0.3077,0.0769,2.3077,0,0,15,0,0,1,0,17,10,379
354,S,13,6,0,45,15,10,0.6154,0.3077,0.0769,2.3077,0,0,15,0,0,1,0,17,10,381
355,S,13,6,0,43,15,10,0.6154,0.3077,0.0769,2.3077,0,0,15,0,0,1,0,17,10,382
356,S,13,6,0,42,15,10,0.6154,0.3077,0.0769,2.3077,0,0,15,0,0,1,0,17,10,384
357,S,13,6,0,44,16,10,0.6154,0.3077,0.0769,2.4615,0,0,15,0,0,1,0,18,10,385
358,S,13,6,0,43,17,10,0.6154,0.3077,0.0769,2.6154,0,0,15,0,0,1,0,19,10,386
359,S,13,6,0,40,17,10,0.6154,0.3077,0.0769,2.6154,0,0,15,0,0,1,0,19,10,387
360,S,13,6,0,41,18,10,0.6154,0.3077,0.0769,2.7692,0,0,15,0,0,1,0,19,10,388
361,S,13,6,0,41,18,10,0.6154,0.3077,0.0769,2.7692,0,0,15,0,0,1,0,19,10,389
362,S,13,6,0,46,19,10,0.6154,0.3077,0.0769,2.9231,0,0,15,0,0,1,0,20,10,390
363,S,13,6,0,41,20,10,0.6154,0.3077,0.0769,3.0769,0,0,15,0,0,1,0,21,10,391
364,S,13,6,0,41,21,10,0.6154,0.3077,0.0769,3.2308,0,0,15,0,0,1,0,22,10,392
365,S,13,6,0,41,21,10,0.6154,0.3077,0.0769,3.2308,0,0,15,0,0,1,0,22,10,393
366,S,13,6,0,43,21,10,0.6154,0.3077,0.0769,3.2308,0,0,15,0,0,1,0,22,10,394
367,S,13,6,0,44,21,10,0.6154,0.3077,0.0769,3.2308,0,0,15,0,0,1,0,22,10,395
368,S,13,6,0,45,21,10,0.6154,0.3077,0.0769,3.2308,0,0,15,0,0,1,0,22,10,396
369,S,13,6,0,41,21,10,0.6154,0.3077,0.0769,3.2308,0,0,15,0,0,1,0,22,10,397
370,S,13,6,0,51,22,10,0.6154,0.3077,0.0769,3.3846,0,0,15,0,0,1,0,23,10,398
371,S,13,6,0,48,22,10,0.6154,0.3077,0.0769,3.3846,0,0,15,0,0,1,0,23,10,400
372,S,12,6,1,45,19,8,0.6667,0.2500,0.0833,3.1667,0,2,15,0,0,1,0,23,10,404
373,S,12,6,1,44,19,8,0.6667,0.2500,0.0833,3.1667,0,0,15,0,0,1,0,23,10,407
374,S,12,6,1,43,19,8,0.6667,0.2500,0.0833,3.1667,0,0,15,0,0,1,0,23,10,408
375,S,11,6,2,34,15,5,0.6364,0.2727,0.0909,2.7273,0,2,15,0,0,1,0,23,10,413
376,S,10,6,3,26,10,3,0.6000,0.3000,0.1000,2.0000,0,2,15,0,0,1,0,23,10,417
377,S,10,6,3,27,10,3,0.6000,0.3000,0.1000,2.0000,0,0,15,0,0,1,0,23,10,418
378,S,10,6,3,24,10,3,0.6000,0.3000,0.1000,2.0000,0,0,15,0,0,1,0,23,10,419
379,S,10,6,3,24,10,3,0.6000,0.3000,0.1000,2.0000,0,0,15,0,0,1,0,23,10,420
380,S,10,6,3,26,10,3,0.6000,0.3000,0.1000,2.0000,0,0,15,0,0,1,0,23,10,421
381,S,10,6,3,23,10,3,0.6000,0.3000,0.1000,2.0000,0,0,15,0,0,1,0,23,10,422
382,S,10,6,3,22,10,3,0.6000,0.3000,0.1000,2.0000,0,0,15,0,0,1,0,23,10,423
383,S,10,6,3,22,10,3,0.6000,0.3000,0.1000,2.0000,0,0,15,0,0,1,0,23,10,424
384,S,10,6,3,25,10,3,0.6000,0.3000,0.1000,2.0000,0,0,15,0,0,1,0,23,10,425
385,S,10,6,3,26,10,3,0.6000,0.3000,0.1000,2.0000,0,0,15,0,0,1,0,23,10,425
386,S,10,6,3,24,10,3,0.6000,0.3000,0.1000,2.0000,0,0,15,0,0,1,0,23,10,426
387,S,10,6,3,23,10,3,0.6000,0.3000,0.1000,2.0000,0,0,15,0,0,1,0,23,10,427
388,S,10,6,3,25,10,3,0.6000,0.3000,0.1000,2.0000,0,0,15,0,0,1,0,23,10,429
389,S,10,6,3,23,10,3,0.6000,0.3000,0.1000,2.0000,0,0,15,0,0,1,0,23,10,430
390,S,10,6,3,26,10,3,0.6000,0.3000,0.1000,2.0000,0,0,15,0,0,1,0,23,10,432
391,S,10,6,3,27,10,3,0.6000,0.3000,0.1000,2.0000,0,0,15,0,0,1,0,23,10,433
392,S,10,6,3,27,10,3,0.6000,0.3000,0.1000,2.0000,0,0,15,0,0,1,0,23,10,434
393,S,10,6,3,25,10,3,0.6000,0.3000,0.1000,2.0000,0,0,15,0,0,1,0,23,10,435
394,S,10,6,3,23,9,3,0.6000,0.3000,0.1000,1.8000,0,0,15,0,0,1,0,23,10,436
395,S,10,6,3,23,9,3,0.6000,0.3000,0.1000,1.8000,0,0,15,0,0,1,0,23,10,437
396,S,10,6,3,25,9,3,0.6000,0.3000,0.1000,1.8000,0,0,15,0,0,1,0,23,10,439
397,S,8,6,5,15,4,1,0.3750,0.3750,0.2500,1.0000,0,3,15,0,0,1,0,23,10,446
398,S,7,6,6,12,3,1,0.4286,0.2857,0.2857,0.8571,0,1,15,0,0,1,0,23,10,448
399,S,7,6,6,15,2,1,0.4286,0.0000,0.5714,0.5714,0,0,15,0,0,1,0,23,10,448
400,S,7,6,6,15,2,1,0.4286,0.0000,0.5714,0.5714,0,0,15,0,0,1,0,23,10,448
401,S,7,6,6,15,2,1,0.4286,0.0000,0.5714,0.5714,0,0,15,0,0,1,0,23,10,450
402,S,7,6,6,15,2,1,0.4286,0.0000,0.5714,0.5714,0,0,15,0,0,1,0,23,10,450
403,S,7,6,6,15,2,1,0.4286,0.0000,0.5714,0.5714,0,0,15,0,0,1,0,23,10,450
404,S,7,6,6,16,2,1,0.4286,0.0000,0.5714,0.5714,0,0,15,0,0,1,0,23,10,450
405,S,7,6,6,16,2,1,0.4286,0.0000,0.5714,0.5714,0,0,15,0,0,1,0,23,10,450
406,S,7,6,6,14,2,1,0.4286,0.0000,0.5714,0.5714,0,0,15,0,0,1,0,23,10,450
407,S,7,6,6,14,2,1,0.4286,0.0000,0.5714,0.5714,0,0,15,0,0,1,0,23,10,450
408,S,7,6,6,14,2,1,0.4286,0.0000,0.5714,0.5714,0,0,15,0,0,1,0,23,10,450
409,S,7,6,6,11,2,1,0.4286,0.0000,0.5714,0.5714,0,0,15,0,0,1,0,23,10,450
410,S,7,6,6,11,2,1,0.4286,0.0000,0.5714,0.5714,0,0,15,0,0,1,0,23,10,450
411,S,7,6,6,12,2,1,0.4286,0.0000,0.5714,0.5714,0,0,15,0,0,1,0,23,10,451
412,S,7,6,6,11,2,1,0.4286,0.0000,0.5714,0.5714,0,0,15,0,0,1,0,23,10,451
413,S,7,6,6,9,2,1,0.4286,0.0000,0.5714,0.5714,0,0,15,0,0,1,0,23,10,451
414,S,7,6,6,10,2,1,0.4286,0.0000,0.5714,0.5714,0,0,15,0,0,1,0,23,10,452
415,S,7,6,6,9,2,1,0.4286,0.0000,0.5714,0.5714,0,0,15,0,0,1,0,23,10,452
416,S,7,6,6,8,2,1,0.4286,0.0000,0.5714,0.5714,0,0,15,0,0,1,0,23,10,452
417,S,7,6,6,10,2,1,0.4286,0.0000,0.5714,0.5714,0,0,15,0,0,1,0,23,10,452
418,S,7,6,6,8,2,1,0.4286,0.0000,0.5714,0.5714,0,0,15,0,0,1,0,23,10,453
419,S,7,6,6,7,2,1,0.4286,0.0000,0.5714,0.5714,0,0,15,0,0,1,0,23,10,453
420,S,7,6,6,9,2,1,0.4286,0.0000,0.5714,0.5714,0,0,15,0,0,1,0,23,10,453
421,S,7,6,6,8,2,1,0.4286,0.0000,0.5714,0.5714,0,0,15,0,0,1,0,23,10,453
422,S,7,6,6,8,2,1,0.4286,0.0000,0.5714,0.5714,0,0,15,0,0,1,0,23,10,453
423,S,7,6,6,9,2,1,0.4286,0.0000,0.5714,0.5714,0,0,15,0,0,1,0,23,10,453
424,S,7,6,6,9,1,1,0.2857,0.0000,0.7143,0.2857,0,0,15,0,0,1,0,23,10,453
425,S,7,6,6,9,1,1,0.2857,0.0000,0.7143,0.2857,0,0,15,0,0,1,0,23,10,454
426,S,7,6,6,8,1,1,0.2857,0.0000,0.7143,0.2857,0,0,15,0,0,1,0,23,10,455
427,S,7,6,6,7,1,1,0.2857,0.0000,0.7143,0.2857,0,0,15,0,0,1,0,23,10,455
428,S,7,6,6,7,1,1,0.2857,0.0000,0.7143,0.2857,0,0,15,0,0,1,0,23,10,456
429,S,7,6,6,8,1,1,0.2857,0.0000,0.7143,0.2857,0,0,15,0,0,1,0,23,10,456
430,S,7,6,6,10,1,1,0.2857,0.0000,0.7143,0.2857,0,0,15,0,0,1,0,23,10,456
431,S,7,6,6,10,1,1,0.2857,0.0000,0.7143,0.2857,0,0,15,0,0,1,0,23,10,456
432,S,7,6,6,9,1,1,0.2857,0.0000,0.7143,0.2857,0,0,15,0,0,1,0,23,10,456
433,S,7,6,6,9,1,1,0.2857,0.0000,0.7143,0.2857,0,0,15,0,0,1,0,23,10,457
434,S,7,6,6,8,1,1,0.2857,0.0000,0.7143,0.2857,0,0,15,0,0,1,0,23,10,458
435,S,7,6,6,8,1,1,0.2857,0.0000,0.7143,0.2857,0,0,15,0,0,1,0,23,10,460
436,S,7,6,6,9,1,1,0.2857,0.0000,0.7143,0.2857,0,0,15,0,0,1,0,23,10,461
437,S,7,6,6,8,1,1,0.2857,0.0000,0.7143,0.2857,0,0,15,0,0,1,0,23,10,462
438,S,7,6,6,10,1,1,0.2857,0.0000,0.7143,0.2857,0,0,15,0,0,1,0,23,10,463
439,S,7,6,6,10,1,1,0.2857,0.0000,0.7143,0.2857,0,0,15,0,0,1,0,23,10,464
440,S,7,6,6,9,1,1,0.2857,0.0000,0.7143,0.2857,0,0,15,0,0,1,0,23,10,467
441,S,7,6,6,8,1,1,0.2857,0.0000,0.7143,0.2857,0,0,15,0,0,1,0,23,10,468
442,S,7,6,6,9,1,1,0.2857,0.0000,0.7143,0.2857,0,0,15,0,0,1,0,23,10,469
443,S,7,6,6,7,1,1,0.2857,0.0000,0.7143,0.2857,0,0,15,0,0,1,0,23,10,470
444,S,7,6,6,7,1,1,0.2857,0.0000,0.7143,0.2857,0,0,15,0,0,1,0,23,10,471
445,S,7,6,6,8,1,1,0.2857,0.0000,0.7143,0.2857,0,0,15,0,0,1,0,23,10,472
446,S,7,6,6,9,1,1,0.2857,0.0000,0.7143,0.2857,0,0,15,0,0,1,0,23,10,473
447,S,7,6,6,9,1,1,0.2857,0.0000,0.7143,0.2857,0,0,15,0,0,1,0,23,10,475
448,S,7,6,6,8,1,1,0.2857,0.0000,0.7143,0.2857,0,0,15,0,0,1,0,23,10,476
449,S,7,6,6,9,1,1,0.2857,0.0000,0.7143,0.2857,0,0,15,0,0,1,0,23,10,477
450,S,7,6,6,9,1,1,0.2857,0.0000,0.7143,0.2857,0,0,15,0,0,1,0,23,10,479
451,S,7,6,6,9,1,1,0.2857,0.0000,0.7143,0.2857,0,0,15,0,0,1,0,23,10,480
452,S,7,6,6,8,1,1,0.2857,0.0000,0.7143,0.2857,0,0,15,0,0,1,0,23,10,481
453,S,7,6,6,7,1,1,0.2857,0.0000,0.7143,0.2857,0,0,15,0,0,1,0,23,10,482
454,S,7,6,6,7,1,1,0.2857,0.0000,0.7143,0.2857,0,0,15,0,0,1,0,23,10,483
455,S,7,6,6,9,1,1,0.2857,0.0000,0.7143,0.2857,0,0,15,0,0,1,0,23,10,484
456,S,7,6,6,8,1,1,0.2857,0.0000,0.7143,0.2857,0,0,15,0,0,1,0,23,10,485
457,S,7,6,6,8,1,1,0.2857,0.0000,0.7143,0.2857,0,0,15,0,0,1,0,23,10,486
458,S,7,6,6,8,1,1,0.2857,0.0000,0.7143,0.2857,0,0,15,0,0,1,0,23,10,488
459,S,7,6,6,7,1,1,0.2857,0.0000,0.7143,0.2857,0,0,15,0,0,1,0,23,10,488
460,S,7,6,6,7,1,1,0.2857,0.0000,0.7143,0.2857,0,0,15,0,0,1,0,23,10,488
461,S,7,6,6,8,1,1,0.2857,0.0000,0.7143,0.2857,0,0,15,0,0,1,0,23,10,488
462,S,7,6,6,7,1,1,0.2857,0.0000,0.7143,0.2857,0,0,15,0,0,1,0,23,10,488
463,S,7,6,6,7,1,1,0.2857,0.0000,0.7143,0.2857,0,0,15,0,0,1,0,23,10,488
464,S,7,6,6,7,1,1,0.2857,0.0000,0.7143,0.2857,0,0,15,0,0,1,0,23,10,488
465,S,7,6,6,9,1,1,0.2857,0.0000,0.7143,0.2857,0,0,15,0,0,1,0,23,10,488
466,S,7,6,6,9,1,1,0.2857,0.0000,0.7143,0.2857,0,0,15,0,0,1,0,23,10,488
467,S,7,6,6,9,1,1,0.2857,0.0000,0.7143,0.2857,0,0,15,0,0,1,0,23,10,490
468,S,7,6,6,9,1,1,0.2857,0.0000,0.7143,0.2857,0,0,15,0,0,1,0,23,10,490
469,S,7,6,6,8,1,1,0.2857,0.0000,0.7143,0.2857,0,0,15,0,0,1,0,23,10,490
470,S,7,6,6,8,1,1,0.2857,0.0000,0.7143,0.2857,0,0,15,0,0,1,0,23,10,491
471,S,7,6,6,7,1,1,0.2857,0.0000,0.7143,0.2857,0,0,15,0,0,1,0,23,10,491
472,S,7,6,6,6,1,1,0.2857,0.0000,0.7143,0.2857,0,0,15,0,0,1,0,23,10,492
473,S,7,6,6,7,1,1,0.2857,0.0000,0.7143,0.2857,0,0,15,0,0,1,0,23,10,492
474,S,7,6,6,6,1,1,0.2857,0.0000,0.7143,0.2857,0,0,15,0,0,1,0,23,10,492
475,S,7,6,6,5,1,1,0.2857,0.0000,0.7143,0.2857,0,0,15,0,0,1,0,23,10,493
476,S,7,6,6,5,1,1,0.2857,0.0000,0.7143,0.2857,0,0,15,0,0,1,0,23,10,493
477,S,7,6,6,5,1,1,0.2857,0.0000,0.7143,0.2857,0,0,15,0,0,1,0,23,10,493
478,S,7,6,6,5,1,1,0.2857,0.0000,0.7143,0.2857,0,0,15,0,0,1,0,23,10,494
479,S,7,6,6,5,1,1,0.2857,0.0000,0.7143,0.2857,0,0,15,0,0,1,0,23,10,494
480,S,7,6,6,4,1,1,0.2857,0.0000,0.7143,0.2857,0,0,15,0,0,1,0,23,10,494
481,S,7,6,6,4,1,1,0.2857,0.0000,0.7143,0.2857,0,0,15,0,0,1,0,23,10,495
482,S,7,6,6,4,1,1,0.2857,0.0000,0.7143,0.2857,0,0,15,0,0,1,0,23,10,496
483,S,7,6,6,4,1,1,0.2857,0.0000,0.7143,0.2857,0,0,15,0,0,1,0,23,10,497
484,S,7,6,6,6,1,1,0.2857,0.0000,0.7143,0.2857,0,0,15,0,0,1,0,23,10,497
485,S,7,6,6,6,1,1,0.2857,0.0000,0.7143,0.2857,0,0,15,0,0,1,0,23,10,498
486,S,7,6,6,7,1,1,0.2857,0.0000,0.7143,0.2857,0,0,15,0,0,1,0,23,10,498
487,S,7,6,6,5,1,1,0.2857,0.0000,0.7143,0.2857,0,0,15,0,0,1,0,23,10,498
488,S,7,6,6,7,1,1,0.2857,0.0000,0.7143,0.2857,0,0,15,0,0,1,0,23,10,498
489,S,7,6,6,6,1,1,0.2857,0.0000,0.7143,0.2857,0,0,15,0,0,1,0,23,10,498
490,S,7,6,6,7,1,1,0.2857,0.0000,0.7143,0.2857,0,0,15,0,0,1,0,23,10,499
491,S,7,6,6,8,1,1,0.2857,0.0000,0.7143,0.2857,0,0,15,0,0,1,0,23,10,499
492,S,7,6,6,7,1,1,0.2857,0.0000,0.7143,0.2857,0,0,15,0,0,1,0,23,10,499
493,S,7,6,6,7,1,1,0.2857,0.0000,0.7143,0.2857,0,0,15,0,0,1,0,23,10,500
494,S,7,6,6,7,1,1,0.2857,0.0000,0.7143,0.2857,0,0,15,0,0,1,0,23,10,500
495,S,7,6,6,6,1,1,0.2857,0.0000,0.7143,0.2857,0,0,15,0,0,1,0,23,10,500
496,S,7,6,6,3,1,1,0.2857,0.0000,0.7143,0.2857,0,0,15,0,0,1,0,23,10,500
497,S,7,6,6,3,1,1,0.2857,0.0000,0.7143,0.2857,0,0,15,0,0,1,0,23,10,500
498,S,7,6,6,4,1,1,0.2857,0.0000,0.7143,0.2857,0,0,15,0,0,1,0,23,10,500
499,S,7,6,6,4,1,1,0.2857,0.0000,0.7143,0.2857,0,0,15,0,0,1,0,23,10,500
500,S,7,6,6,6,1,1,0.2857,0.0000,0.7143,0.2857,0,0,15,0,0,1,0,23,10,500
501,S,7,6,6,7,1,1,0.2857,0.0000,0.7143,0.2857,0,0,15,0,0,1,0,23,10,500
502,S,7,6,6,7,1,1,0.2857,0.0000,0.7143,0.2857,0,0,15,0,0,1,0,23,10,500
503,S,7,6,6,6,1,1,0.2857,0.0000,0.7143,0.2857,0,0,15,0,0,1,0,23,10,500
504,S,7,6,6,7,1,1,0.2857,0.0000,0.7143,0.2857,0,0,15,0,0,1,0,23,10,500
505,S,7,6,6,7,1,1,0.2857,0.0000,0.7143,0.2857,0,0,15,0,0,1,0,23,10,500
506,S,7,6,6,6,1,1,0.2857,0.0000,0.7143,0.2857,0,0,15,0,0,1,0,23,10,500
507,S,7,6,6,6,1,1,0.2857,0.0000,0.7143,0.2857,0,0,15,0,0,1,0,23,10,500
508,S,7,6,6,6,1,1,0.2857,0.0000,0.7143,0.2857,0,0,15,0,0,1,0,23,10,500
509,S,7,6,6,6,1,1,0.2857,0.0000,0.7143,0.2857,0,0,15,0,0,1,0,23,10,500
510,S,7,6,6,8,1,1,0.2857,0.0000,0.7143,0.2857,0,0,15,0,0,1,0,23,10,500
511,S,7,6,6,6,1,1,0.2857,0.0000,0.7143,0.2857,0,0,15,0,0,1,0,23,10,500
512,S,7,6,6,6,1,1,0.2857,0.0000,0.7143,0.2857,0,0,15,0,0,1,0,23,10,500
513,S,7,6,6,8,1,1,0.2857,0.0000,0.7143,0.2857,0,0,15,0,0,1,0,23,10,500
514,S,7,6,6,8,1,1,0.2857,0.0000,0.7143,0.2857,0,0,15,0,0,1,0,23,10,500
515,S,7,6,6,6,1,1,0.2857,0.0000,0.7143,0.2857,0,0,15,0,0,1,0,23,10,500
516,S,7,6,6,7,1,1,0.2857,0.0000,0.7143,0.2857,0,0,15,0,0,1,0,23,10,500
517,S,7,6,6,6,1,1,0.2857,0.0000,0.7143,0.2857,0,0,15,0,0,1,0,23,10,500
518,S,7,6,6,6,1,1,0.2857,0.0000,0.7143,0.2857,0,0,15,0,0,1,0,23,10,500
519,S,7,6,6,5,1,1,0.2857,0.0000,0.7143,0.2857,0,0,15,0,0,1,0,23,10,500
520,S,7,6,6,7,1,1,0.2857,0.0000,0.7143,0.2857,0,0,15,0,0,1,0,23,10,500
521,S,7,6,6,6,1,1,0.2857,0.0000,0.7143,0.2857,0,0,15,0,0,1,0,23,10,500
522,S,7,6,6,7,1,1,0.2857,0.0000,0.7143,0.2857,0,0,15,0,0,1,0,23,10,500
523,S,7,6,6,7,1,1,0.2857,0.0000,0.7143,0.2857,0,0,15,0,0,1,0,23,10,500
524,S,7,6,6,6,1,1,0.2857,0.0000,0.7143,0.2857,0,0,15,0,0,1,0,23,10,500
525,S,7,6,6,7,1,1,0.2857,0.0000,0.7143,0.2857,0,0,15,0,0,1,0,23,10,500
526,S,7,6,6,8,1,1,0.2857,0.0000,0.7143,0.2857,0,0,15,0,0,1,0,23,10,500
527,S,7,6,6,8,1,1,0.2857,0.0000,0.7143,0.2857,0,0,15,0,0,1,0,23,10,500
528,S,7,6,6,7,1,1,0.2857,0.0000,0.7143,0.2857,0,0,15,0,0,1,0,23,10,500
529,S,7,6,6,7,1,1,0.2857,0.0000,0.7143,0.2857,0,0,15,0,0,1,0,23,10,500
530,S,7,6,6,6,1,1,0.2857,0.0000,0.7143,0.2857,0,0,15,0,0,1,0,23,10,500
531,S,7,6,6,5,1,1,0.2857,0.0000,0.7143,0.2857,0,0,15,0,0,1,0,23,10,500
532,S,7,6,6,7,1,1,0.2857,0.0000,0.7143,0.2857,0,0,15,0,0,1,0,23,10,500
533,S,7,6,6,8,1,1,0.2857,0.0000,0.7143,0.2857,0,0,15,0,0,1,0,23,10,500
534,S,7,6,6,7,1,1,0.2857,0.0000,0.7143,0.2857,0,0,15,0,0,1,0,23,10,500
535,S,7,6,6,7,1,1,0.2857,0.0000,0.7143,0.2857,0,0,15,0,0,1,0,23,10,500
536,S,7,6,6,6,2,1,0.2857,0.2857,0.4286,0.5714,0,0,15,0,0,1,0,24,10,500
537,S,7,6,6,6,2,1,0.2857,0.2857,0.4286,0.5714,0,0,15,0,0,1,0,24,10,500
538,S,7,6,6,7,2,1,0.2857,0.2857,0.4286,0.5714,0,0,15,0,0,1,0,24,10,500
539,S,7,6,6,8,2,1,0.2857,0.2857,0.4286,0.5714,0,0,15,0,0,1,0,24,10,500
540,S,7,6,6,8,2,1,0.2857,0.2857,0.4286,0.5714,0,0,15,0,0,1,0,24,10,500
541,S,7,6,6,9,2,1,0.2857,0.2857,0.4286,0.5714,0,0,15,0,0,1,0,24,10,500
542,S,7,6,6,9,2,1,0.2857,0.2857,0.4286,0.5714,0,0,15,0,0,1,0,24,10,500
543,S,7,6,6,9,2,1,0.2857,0.2857,0.4286,0.5714,0,0,15,0,0,1,0,24,10,500
544,S,7,6,6,8,2,1,0.2857,0.2857,0.4286,0.5714,0,0,15,0,0,1,0,24,10,500
545,S,7,6,6,8,2,1,0.2857,0.2857,0.4286,0.5714,0,0,15,0,0,1,0,24,10,500
546,S,7,6,6,8,2,1,0.2857,0.2857,0.4286,0.5714,0,0,15,0,0,1,0,24,10,500
547,S,7,6,6,7,2,1,0.2857,0.2857,0.4286,0.5714,0,0,15,0,0,1,0,24,10,500
548,S,8,7,6,9,3,1,0.2500,0.2500,0.2500,0.7500,0,0,15,0,0,1,0,24,10,500
549,S,8,7,6,10,3,1,0.2500,0.2500,0.2500,0.7500,0,0,15,0,0,1,0,24,10,500
550,S,8,7,6,12,3,1,0.2500,0.2500,0.2500,0.7500,0,0,15,0,0,1,0,24,10,500
551,S,8,7,6,10,3,1,0.2500,0.2500,0.2500,0.7500,0,0,15,0,0,1,0,24,10,500
552,S,8,7,6,14,3,1,0.2500,0.2500,0.2500,0.7500,0,0,15,0,0,1,0,24,10,500
553,S,8,7,6,13,4,1,0.5000,0.2500,0.2500,1.0000,1,0,16,0,0,1,0,25,10,500
554,S,8,7,6,13,4,1,0.5000,0.2500,0.2500,1.0000,0,0,16,0,0,1,0,25,10,500
555,S,9,8,6,19,5,1,0.4444,0.2222,0.1111,1.1111,0,0,16,0,0,1,0,25,10,500
556,S,9,8,6,18,5,1,0.4444,0.2222,0.1111,1.1111,0,0,16,0,0,1,0,25,10,500
557,S,10,9,6,24,6,1,0.5000,0.2000,0.1000,1.2000,0,0,16,0,0,1,0,25,10,500
558,S,8,9,8,17,4,0,0.3750,0.3750,0.2500,1.0000,1,3,17,0,0,1,0,26,10,500
559,S,6,9,10,6,0,0,0.1667,0.0000,1.0000,0.0000,0,4,17,0,0,1,0,27,10,500
560,S,5,9,11,5,1,0,0.4000,0.0000,0.6000,0.4000,0,0,17,0,0,1,0,28,10,500
561,S,5,9,11,3,1,0,0.4000,0.0000,0.6000,0.4000,0,0,17,0,0,1,0,28,10,500
562,S,5,9,11,3,2,0,0.6000,0.0000,0.4000,0.8000,1,0,18,0,0,1,0,29,10,500
563,S,5,9,11,5,2,0,0.6000,0.0000,0.4000,0.8000,0,0,18,0,0,1,0,29,10,500
564,S,5,9,11,5,2,0,0.6000,0.0000,0.4000,0.8000,0,0,18,0,0,1,0,29,10,500
565,S,5,9,11,5,2,0,0.6000,0.0000,0.4000,0.8000,0,0,18,0,0,1,0,29,10,500
566,S,5,9,11,5,2,0,0.6000,0.0000,0.4000,0.8000,0,0,18,0,0,1,0,29,10,500
567,S,5,9,11,5,2,0,0.6000,0.0000,0.4000,0.8000,0,0,18,0,0,1,0,29,10,500
568,S,5,9,11,5,2,0,0.6000,0.0000,0.4000,0.8000,0,0,18,0,0,1,0,29,10,500
569,S,5,9,11,5,2,0,0.6000,0.0000,0.4000,0.8000,0,0,18,0,0,1,0,29,10,500
570,S,5,9,11,5,2,0,0.6000,0.0000,0.4000,0.8000,0,0,18,0,0,1,0,29,10,500
571,S,5,9,11,5,2,1,0.6000,0.0000,0.4000,0.8000,1,0,19,0,0,1,0,29,11,500
572,S,5,9,11,5,2,1,0.6000,0.0000,0.4000,0.8000,0,0,19,0,0,1,0,29,11,500
573,S,5,9,11,5,2,1,0.6000,0.0000,0.4000,0.8000,0,0,19,0,0,1,0,29,11,500
574,S,5,9,11,5,2,1,0.6000,0.0000,0.4000,0.8000,0,0,19,0,0,1,0,29,11,500
575,S,5,9,11,5,2,1,0.6000,0.0000,0.4000,0.8000,0,0,19,0,0,1,0,29,11,500
576,S,5,9,11,5,2,1,0.6000,0.0000,0.4000,0.8000,0,0,19,0,0,1,0,29,11,500
577,S,5,9,11,5,2,1,0.6000,0.0000,0.4000,0.8000,0,0,19,0,0,1,0,29,11,500
578,S,5,9,11,5,2,1,0.6000,0.0000,0.4000,0.8000,0,0,19,0,0,1,0,29,11,500
579,S,5,9,11,5,2,1,0.6000,0.0000,0.4000,0.8000,0,0,19,0,0,1,0,29,11,500
580,S,6,10,11,7,3,1,0.6667,0.0000,0.3333,1.0000,0,0,19,0,0,1,0,29,11,500
581,S,4,10,13,3,1,1,0.5000,0.0000,0.5000,0.5000,0,1,19,0,0,1,0,29,11,500
582,S,2,10,15,1,0,0,0.5000,0.0000,1.0000,0.0000,0,1,19,0,0,1,0,29,11,500
583,S,0,10,17,0,0,0,0.0000,0.0000,0.0000,0.0000,0,0,19,0,0,1,0,29,11,500
584,S,0,10,17,0,0,0,0.0000,0.0000,0.0000,0.0000,0,0,19,0,0,1,0,29,11,500
585,S,0,10,17,0,0,0,0.0000,0.0000,0.0000,0.0000,0,0,19,0,0,1,0,29,11,500
586,S,0,10,17,0,0,0,0.0000,0.0000,0.0000,0.0000,0,0,19,0,0,1,0,29,11,500
587,S,0,10,17,0,0,0,0.0000,0.0000,0.0000,0.0000,0,0,19,0,0,1,0,29,11,500
588,S,0,10,17,0,0,0,0.0000,0.0000,0.0000,0.0000,0,0,19,0,0,1,0,29,11,500
589,S,0,10,17,0,0,0,0.0000,0.0000,0.0000,0.0000,0,0,19,0,0,1,0,29,11,500
590,S,0,10,17,0,0,0,0.0000,0.0000,0.0000,0.0000,0,0,19,0,0,1,0,29,11,500
591,S,0,10,17,0,0,0,0.0000,0.0000,0.0000,0.0000,0,0,19,0,0,1,0,29,11,500
592,S,0,10,17,0,0,0,0.0000,0.0000,0.0000,0.0000,0,0,19,0,0,1,0,29,11,500
593,S,0,10,17,0,0,0,0.0000,0.0000,0.0000,0.0000,0,0,19,0,0,1,0,29,11,500
594,S,0,10,17,0,0,0,0.0000,0.0000,0.0000,0.0000,0,0,19,0,0,1,0,29,11,500
595,S,0,10,17,0,0,0,0.0000,0.0000,0.0000,0.0000,0,0,19,0,0,1,0,29,11,500
596,S,0,10,17,0,0,0,0.0000,0.0000,0.0000,0.0000,0,0,19,0,0,1,0,29,11,500
597,S,0,10,17,0,0,0,0.0000,0.0000,0.0000,0.0000,0,0,19,0,0,1,0,29,11,500
598,S,0,10,17,0,0,0,0.0000,0.0000,0.0000,0.0000,0,0,19,0,0,1,0,29,11,500
599,S,0,10,17,0,0,0,0.0000,0.0000,0.0000,0.0000,0,0,19,0,0,1,0,29,11,500
600,S,0,10,17,0,0,0,0.0000,0.0000,0.0000,0.0000,0,0,19,0,0,1,0,29,11,500
601,S,0,10,17,0,0,0,0.0000,0.0000,0.0000,0.0000,0,0,19,0,0,1,0,29,11,500
602,S,0,10,17,0,0,0,0.0000,0.0000,0.0000,0.0000,0,0,19,0,0,1,0,29,11,500
603,S,0,10,17,0,0,0,0.0000,0.0000,0.0000,0.0000,0,0,19,0,0,1,0,29,11,500
604,S,0,10,17,0,0,0,0.0000,0.0000,0.0000,0.0000,0,0,19,0,0,1,0,29,11,500
605,S,0,10,17,0,0,0,0.0000,0.0000,0.0000,0.0000,0,0,19,0,0,1,0,29,11,500
606,S,0,10,17,0,0,0,0.0000,0.0000,0.0000,0.0000,0,0,19,0,0,1,0,29,11,500
607,S,0,10,17,0,0,0,0.0000,0.0000,0.0000,0.0000,0,0,19,0,0,1,0,29,11,500
608,S,0,10,17,0,0,0,0.0000,0.0000,0.0000,0.0000,0,0,19,0,0,1,0,29,11,500
609,S,0,10,17,0,0,0,0.0000,0.0000,0.0000,0.0000,0,0,19,0,0,1,0,29,11,500
610,S,0,10,17,0,0,0,0.0000,0.0000,0.0000,0.0000,0,0,19,0,0,1,0,29,11,500
611,S,0,10,17,0,0,0,0.0000,0.0000,0.0000,0.0000,0,0,19,0,0,1,0,29,11,500
612,S,0,10,17,0,0,0,0.0000,0.0000,0.0000,0.0000,0,0,19,0,0,1,0,29,11,500
613,S,0,10,17,0,0,0,0.0000,0.0000,0.0000,0.0000,0,0,19,0,0,1,0,29,11,500
614,S,0,10,17,0,0,0,0.0000,0.0000,0.0000,0.0000,0,0,19,0,0,1,0,29,11,500
615,S,0,10,17,0,0,0,0.0000,0.0000,0.0000,0.0000,0,0,19,0,0,1,0,29,11,500
616,S,0,10,17,0,0,0,0.0000,0.0000,0.0000,0.0000,0,0,19,0,0,1,0,29,11,500
617,S,0,10,17,0,0,0,0.0000,0.0000,0.0000,0.0000,0,0,19,0,0,1,0,29,11,500
618,S,0,10,17,0,0,0,0.0000,0.0000,0.0000,0.0000,0,0,19,0,0,1,0,29,11,500
619,S,0,10,17,0,0,0,0.0000,0.0000,0.0000,0.0000,0,0,19,0,0,1,0,29,11,500
620,S,0,10,17,0,0,0,0.0000,0.0000,0.0000,0.0000,0,0,19,0,0,1,0,29,11,500
621,S,0,10,17,0,0,0,0.0000,0.0000,0.0000,0.0000,0,0,19,0,0,1,0,29,11,500
622,S,0,10,17,0,0,0,0.0000,0.0000,0.0000,0.0000,0,0,19,0,0,1,0,29,11,500
623,S,0,10,17,0,0,0,0.0000,0.0000,0.0000,0.0000,0,0,19,0,0,1,0,29,11,500
624,S,0,10,17,0,0,0,0.0000,0.0000,0.0000,0.0000,0,0,19,0,0,1,0,29,11,500
625,S,0,10,17,0,0,0,0.0000,0.0000,0.0000,0.0000,0,0,19,0,0,1,0,29,11,500
626,S,0,10,17,0,0,0,0.0000,0.0000,0.0000,0.0000,0,0,19,0,0,1,0,29,11,500
627,S,0,10,17,0,0,0,0.0000,0.0000,0.0000,0.0000,0,0,19,0,0,1,0,29,11,500
628,S,0,10,17,0,0,0,0.0000,0.0000,0.0000,0.0000,0,0,19,0,0,1,0,29,11,500
629,S,0,10,17,0,0,0,0.0000,0.0000,0.0000,0.0000,0,0,19,0,0,1,0,29,11,500
630,S,0,10,17,0,0,0,0.0000,0.0000,0.0000,0.0000,0,0,19,0,0,1,0,29,11,500
631,S,0,10,17,0,0,0,0.0000,0.0000,0.0000,0.0000,0,0,19,0,0,1,0,29,11,500
632,S,0,10,17,0,0,0,0.0000,0.0000,0.0000,0.0000,0,0,19,0,0,1,0,29,11,500
633,S,0,10,17,0,0,0,0.0000,0.0000,0.0000,0.0000,0,0,19,0,0,1,0,29,11,500
634,S,0,10,17,0,0,0,0.0000,0.0000,0.0000,0.0000,0,0,19,0,0,1,0,29,11,500
635,S,0,10,17,0,0,0,0.0000,0.0000,0.0000,0.0000,0,0,19,0,0,1,0,29,11,500
636,S,0,10,17,0,0,0,0.0000,0.0000,0.0000,0.0000,0,0,19,0,0,1,0,29,11,500
637,S,0,10,17,0,0,0,0.0000,0.0000,0.0000,0.0000,0,0,19,0,0,1,0,29,11,500
638,S,0,10,17,0,0,0,0.0000,0.0000,0.0000,0.0000,0,0,19,0,0,1,0,29,11,500
639,S,0,10,17,0,0,0,0.0000,0.0000,0.0000,0.0000,0,0,19,0,0,1,0,29,11,500
640,S,0,10,17,0,0,0,0.0000,0.0000,0.0000,0.0000,0,0,19,0,0,1,0,29,11,500
641,S,0,10,17,0,0,0,0.0000,0.0000,0.0000,0.0000,0,0,19,0,0,1,0,29,11,500
642,S,0,10,17,0,0,0,0.0000,0.0000,0.0000,0.0000,0,0,19,0,0,1,0,29,11,500
643,S,0,10,17,0,0,0,0.0000,0.0000,0.0000,0.0000,0,0,19,0,0,1,0,29,11,500
644,S,0,10,17,0,0,0,0.0000,0.0000,0.0000,0.0000,0,0,19,0,0,1,0,29,11,500
645,S,0,10,17,0,0,0,0.0000,0.0000,0.0000,0.0000,0,0,19,0,0,1,0,29,11,500
646,S,0,10,17,0,0,0,0.0000,0.0000,0.0000,0.0000,0,0,19,0,0,1,0,29,11,500
647,S,0,10,17,0,0,0,0.0000,0.0000,0.0000,0.0000,0,0,19,0,0,1,0,29,11,500
648,S,0,10,17,0,0,0,0.0000,0.0000,0.0000,0.0000,0,0,19,0,0,1,0,29,11,500
649,S,0,10,17,0,0,0,0.0000,0.0000,0.0000,0.0000,0,0,19,0,0,1,0,29,11,500
650,S,0,10,17,0,0,0,0.0000,0.0000,0.0000,0.0000,0,0,19,0,0,1,0,29,11,500
651,S,0,10,17,0,0,0,0.0000,0.0000,0.0000,0.0000,0,0,19,0,0,1,0,29,11,500
652,S,0,10,17,0,0,0,0.0000,0.0000,0.0000,0.0000,0,0,19,0,0,1,0,29,11,500
653,S,0,10,17,0,0,0,0.0000,0.0000,0.0000,0.0000,0,0,19,0,0,1,0,29,11,500
654,S,0,10,17,0,0,0,0.0000,0.0000,0.0000,0.0000,0,0,19,0,0,1,0,29,11,500
655,S,0,10,17,0,0,0,0.0000,0.0000,0.0000,0.0000,0,0,19,0,0,1,0,29,11,500
656,S,0,10,17,0,0,0,0.0000,0.0000,0.0000,0.0000,0,0,19,0,0,1,0,29,11,500
657,S,0,10,17,0,0,0,0.0000,0.0000,0.0000,0.0000,0,0,19,0,0,1,0,29,11,500
658,S,0,10,17,0,0,0,0.0000,0.0000,0.0000,0.0000,0,0,19,0,0,1,0,29,11,500
659,S,0,10,17,0,0,0,0.0000,0.0000,0.0000,0.0000,0,0,19,0,0,1,0,29,11,500
660,S,0,10,17,0,0,0,0.0000,0.0000,0.0000,0.0000,0,0,19,0,0,1,0,29,11,500
661,S,0,10,17,0,0,0,0.0000,0.0000,0.0000,0.0000,0,0,19,0,0,1,0,29,11,500
662,S,0,10,17,0,0,0,0.0000,0.0000,0.0000,0.0000,0,0,19,0,0,1,0,29,11,500
663,S,0,10,17,0,0,0,0.0000,0.0000,0.0000,0.0000,0,0,19,0,0,1,0,29,11,500
664,S,0,10,17,0,0,0,0.0000,0.0000,0.0000,0.0000,0,0,19,0,0,1,0,29,11,500
665,S,0,10,17,0,0,0,0.0000,0.0000,0.0000,0.0000,0,0,19,0,0,1,0,29,11,500
666,S,0,10,17,0,0,0,0.0000,0.0000,0.0000,0.0000,0,0,19,0,0,1,0,29,11,500
667,S,0,10,17,0,0,0,0.0000,0.0000,0.0000,0.0000,0,0,19,0,0,1,0,29,11,500
668,S,0,10,17,0,0,0,0.0000,0.0000,0.0000,0.0000,0,0,19,0,0,1,0,29,11,500
669,S,0,10,17,0,0,0,0.0000,0.0000,0.0000,0.0000,0,0,19,0,0,1,0,29,11,500
670,S,0,10,17,0,0,0,0.0000,0.0000,0.0000,0.0000,0,0,19,0,0,1,0,29,11,500
671,S,0,10,17,0,0,0,0.0000,0.0000,0.0000,0.0000,0,0,19,0,0,1,0,29,11,500
672,S,0,10,17,0,0,0,0.0000,0.0000,0.0000,0.0000,0,0,19,0,0,1,0,29,11,500
673,S,0,10,17,0,0,0,0.0000,0.0000,0.0000,0.0000,0,0,19,0,0,1,0,29,11,500
674,S,0,10,17,0,0,0,0.0000,0.0000,0.0000,0.0000,0,0,19,0,0,1,0,29,11,500
675,S,0,10,17,0,0,0,0.0000,0.0000,0.0000,0.0000,0,0,19,0,0,1,0,29,11,500
676,S,0,10,17,0,0,0,0.0000,0.0000,0.0000,0.0000,0,0,19,0,0,1,0,29,11,500
677,S,0,10,17,0,0,0,0.0000,0.0000,0.0000,0.0000,0,0,19,0,0,1,0,29,11,500
678,S,0,10,17,0,0,0,0.0000,0.0000,0.0000,0.0000,0,0,19,0,0,1,0,29,11,500
679,S,0,10,17,0,0,0,0.0000,0.0000,0.0000,0.0000,0,0,19,0,0,1,0,29,11,500
680,S,0,10,17,0,0,0,0.0000,0.0000,0.0000,0.0000,0,0,19,0,0,1,0,29,11,500
681,S,0,10,17,0,0,0,0.0000,0.0000,0.0000,0.0000,0,0,19,0,0,1,0,29,11,500
682,S,0,10,17,0,0,0,0.0000,0.0000,0.0000,0.0000,0,0,19,0,0,1,0,29,11,500
683,S,0,10,17,0,0,0,0.0000,0.0000,0.0000,0.0000,0,0,19,0,0,1,0,29,11,500
684,S,0,10,17,0,0,0,0.0000,0.0000,0.0000,0.0000,0,0,19,0,0,1,0,29,11,500
685,S,0,10,17,0,0,0,0.0000,0.0000,0.0000,0.0000,0,0,19,0,0,1,0,29,11,500
686,S,0,10,17,0,0,0,0.0000,0.0000,0.0000,0.0000,0,0,19,0,0,1,0,29,11,500
687,S,0,10,17,0,0,0,0.0000,0.0000,0.0000,0.0000,0,0,19,0,0,1,0,29,11,500
688,S,0,10,17,0,0,0,0.0000,0.0000,0.0000,0.0000,0,0,19,0,0,1,0,29,11,500
689,S,0,10,17,0,0,0,0.0000,0.0000,0.0000,0.0000,0,0,19,0,0,1,0,29,11,500
690,S,0,10,17,0,0,0,0.0000,0.0000,0.0000,0.0000,0,0,19,0,0,1,0,29,11,500
691,S,0,10,17,0,0,0,0.0000,0.0000,0.0000,0.0000,0,0,19,0,0,1,0,29,11,500
692,S,0,10,17,0,0,0,0.0000,0.0000,0.0000,0.0000,0,0,19,0,0,1,0,29,11,500
693,S,0,10,17,0,0,0,0.0000,0.0000,0.0000,0.0000,0,0,19,0,0,1,0,29,11,500
694,S,0,10,17,0,0,0,0.0000,0.0000,0.0000,0.0000,0,0,19,0,0,1,0,29,11,500
695,S,0,10,17,0,0,0,0.0000,0.0000,0.0000,0.0000,0,0,19,0,0,1,0,29,11,500
696,S,0,10,17,0,0,0,0.0000,0.0000,0.0000,0.0000,0,0,19,0,0,1,0,29,11,500
697,S,0,10,17,0,0,0,0.0000,0.0000,0.0000,0.0000,0,0,19,0,0,1,0,29,11,500
698,S,0,10,17,0,0,0,0.0000,0.0000,0.0000,0.0000,0,0,19,0,0,1,0,29,11,500
699,S,0,10,17,0,0,0,0.0000,0.0000,0.0000,0.0000,0,0,19,0,0,1,0,29,11,500
700,S,0,10,17,0,0,0,0.0000,0.0000,0.0000,0.0000,0,0,19,0,0,1,0,29,11,500
701,S,0,10,17,0,0,0,0.0000,0.0000,0.0000,0.0000,0,0,19,0,0,1,0,29,11,500
702,S,0,10,17,0,0,0,0.0000,0.0000,0.0000,0.0000,0,0,19,0,0,1,0,29,11,500
703,S,0,10,17,0,0,0,0.0000,0.0000,0.0000,0.0000,0,0,19,0,0,1,0,29,11,500
704,S,0,10,17,0,0,0,0.0000,0.0000,0.0000,0.0000,0,0,19,0,0,1,0,29,11,500
705,S,0,10,17,0,0,0,0.0000,0.0000,0.0000,0.0000,0,0,19,0,0,1,0,29,11,500
706,S,0,10,17,0,0,0,0.0000,0.0000,0.0000,0.0000,0,0,19,0,0,1,0,29,11,500
707,S,0,10,17,0,0,0,0.0000,0.0000,0.0000,0.0000,0,0,19,0,0,1,0,29,11,500
708,S,0,10,17,0,0,0,0.0000,0.0000,0.0000,0.0000,0,0,19,0,0,1,0,29,11,500
709,S,0,10,17,0,0,0,0.0000,0.0000,0.0000,0.0000,0,0,19,0,0,1,0,29,11,500
710,S,0,10,17,0,0,0,0.0000,0.0000,0.0000,0.0000,0,0,19,0,0,1,0,29,11,500
711,S,0,10,17,0,0,0,0.0000,0.0000,0.0000,0.0000,0,0,19,0,0,1,0,29,11,500
712,S,0,10,17,0,0,0,0.0000,0.0000,0.0000,0.0000,0,0,19,0,0,1,0,29,11,500
713,S,0,10,17,0,0,0,0.0000,0.0000,0.0000,0.0000,0,0,19,0,0,1,0,29,11,500
714,S,0,10,17,0,0,0,0.0000,0.0000,0.0000,0.0000,0,0,19,0,0,1,0,29,11,500
715,S,0,10,17,0,0,0,0.0000,0.0000,0.0000,0.0000,0,0,19,0,0,1,0,29,11,500
716,S,0,10,17,0,0,0,0.0000,0.0000,0.0000,0.0000,0,0,19,0,0,1,0,29,11,500
717,S,0,10,17,0,0,0,0.0000,0.0000,0.0000,0.0000,0,0,19,0,0,1,0,29,11,500
718,S,0,10,17,0,0,0,0.0000,0.0000,0.0000,0.0000,0,0,19,0,0,1,0,29,11,500
719,S,0,10,17,0,0,0,0.0000,0.0000,0.0000,0.0000,0,0,19,0,0,1,0,29,11,500
720,S,0,10,17,0,0,0,0.0000,0.0000,0.0000,0.0000,0,0,19,0,0,1,0,29,11,500
721,S,0,10,17,0,0,0,0.0000,0.0000,0.0000,0.0000,0,0,19,0,0,1,0,29,11,500
722,S,0,10,17,0,0,0,0.0000,0.0000,0.0000,0.0000,0,0,19,0,0,1,0,29,11,500
723,S,0,10,17,0,0,0,0.0000,0.0000,0.0000,0.0000,0,0,19,0,0,1,0,29,11,500
724,S,0,10,17,0,0,0,0.0000,0.0000,0.0000,0.0000,0,0,19,0,0,1,0,29,11,500
725,S,0,10,17,0,0,0,0.0000,0.0000,0.0000,0.0000,0,0,19,0,0,1,0,29,11,500
726,S,0,10,17,0,0,0,0.0000,0.0000,0.0000,0.0000,0,0,19,0,0,1,0,29,11,500
727,S,0,10,17,0,0,0,0.0000,0.0000,0.0000,0.0000,0,0,19,0,0,1,0,29,11,500
728,S,0,10,17,0,0,0,0.0000,0.0000,0.0000,0.0000,0,0,19,0,0,1,0,29,11,500
729,S,0,10,17,0,0,0,0.0000,0.0000,0.0000,0.0000,0,0,19,0,0,1,0,29,11,500
730,S,0,10,17,0,0,0,0.0000,0.0000,0.0000,0.0000,0,0,19,0,0,1,0,29,11,500
731,S,0,10,17,0,0,0,0.0000,0.0000,0.0000,0.0000,0,0,19,0,0,1,0,29,11,500
732,S,0,10,17,0,0,0,0.0000,0.0000,0.0000,0.0000,0,0,19,0,0,1,0,29,11,500
733,S,0,10,17,0,0,0,0.0000,0.0000,0.0000,0.0000,0,0,19,0,0,1,0,29,11,500
734,S,0,10,17,0,0,0,0.0000,0.0000,0.0000,0.0000,0,0,19,0,0,1,0,29,11,500
735,S,0,10,17,0,0,0,0.0000,0.0000,0.0000,0.0000,0,0,19,0,0,1,0,29,11,500
736,S,0,10,17,0,0,0,0.0000,0.0000,0.0000,0.0000,0,0,19,0,0,1,0,29,11,500
737,S,0,10,17,0,0,0,0.0000,0.0000,0.0000,0.0000,0,0,19,0,0,1,0,29,11,500
738,S,0,10,17,0,0,0,0.0000,0.0000,0.0000,0.0000,0,0,19,0,0,1,0,29,11,500
739,S,0,10,17,0,0,0,0.0000,0.0000,0.0000,0.0000,0,0,19,0,0,1,0,29,11,500
740,S,0,10,17,0,0,0,0.0000,0.0000,0.0000,0.0000,0,0,19,0,0,1,0,29,11,500
741,S,0,10,17,0,0,0,0.0000,0.0000,0.0000,0.0000,0,0,19,0,0,1,0,29,11,500
742,S,0,10,17,0,0,0,0.0000,0.0000,0.0000,0.0000,0,0,19,0,0,1,0,29,11,500
743,S,0,10,17,0,0,0,0.0000,0.0000,0.0000,0.0000,0,0,19,0,0,1,0,29,11,500
744,S,0,10,17,0,0,0,0.0000,0.0000,0.0000,0.0000,0,0,19,0,0,1,0,29,11,500
745,S,0,10,17,0,0,0,0.0000,0.0000,0.0000,0.0000,0,0,19,0,0,1,0,29,11,500
746,S,0,10,17,0,0,0,0.0000,0.0000,0.0000,0.0000,0,0,19,0,0,1,0,29,11,500
747,S,0,10,17,0,0,0,0.0000,0.0000,0.0000,0.0000,0,0,19,0,0,1,0,29,11,500
748,S,0,10,17,0,0,0,0.0000,0.0000,0.0000,0.0000,0,0,19,0,0,1,0,29,11,500
749,S,0,10,17,0,0,0,0.0000,0.0000,0.0000,0.0000,0,0,19,0,0,1,0,29,11,500
750,S,0,10,17,0,0,0,0.0000,0.0000,0.0000,0.0000,0,0,19,0,0,1,0,29,11,500
751,S,0,10,17,0,0,0,0.0000,0.0000,0.0000,0.0000,0,0,19,0,0,1,0,29,11,500
752,S,0,10,17,0,0,0,0.0000,0.0000,0.0000,0.0000,0,0,19,0,0,1,0,29,11,500
753,S,0,10,17,0,0,0,0.0000,0.0000,0.0000,0.0000,0,0,19,0,0,1,0,29,11,500
754,S,0,10,17,0,0,0,0.0000,0.0000,0.0000,0.0000,0,0,19,0,0,1,0,29,11,500
755,S,0,10,17,0,0,0,0.0000,0.0000,0.0000,0.0000,0,0,19,0,0,1,0,29,11,500
756,S,0,10,17,0,0,0,0.0000,0.0000,0.0000,0.0000,0,0,19,0,0,1,0,29,11,500
757,S,0,10,17,0,0,0,0.0000,0.0000,0.0000,0.0000,0,0,19,0,0,1,0,29,11,500
758,S,0,10,17,0,0,0,0.0000,0.0000,0.0000,0.0000,0,0,19,0,0,1,0,29,11,500
759,S,0,10,17,0,0,0,0.0000,0.0000,0.0000,0.0000,0,0,19,0,0,1,0,29,11,500
760,S,0,10,17,0,0,0,0.0000,0.0000,0.0000,0.0000,0,0,19,0,0,1,0,29,11,500
761,S,0,10,17,0,0,0,0.0000,0.0000,0.0000,0.0000,0,0,19,0,0,1,0,29,11,500
762,S,0,10,17,0,0,0,0.0000,0.0000,0.0000,0.0000,0,0,19,0,0,1,0,29,11,500
763,S,0,10,17,0,0,0,0.0000,0.0000,0.0000,0.0000,0,0,19,0,0,1,0,29,11,500
764,S,0,10,17,0,0,0,0.0000,0.0000,0.0000,0.0000,0,0,19,0,0,1,0,29,11,500
765,S,0,10,17,0,0,0,0.0000,0.0000,0.0000,0.0000,0,0,19,0,0,1,0,29,11,500
766,S,0,10,17,0,0,0,0.0000,0.0000,0.0000,0.0000,0,0,19,0,0,1,0,29,11,500
767,S,0,10,17,0,0,0,0.0000,0.0000,0.0000,0.0000,0,0,19,0,0,1,0,29,11,500
768,S,0,10,17,0,0,0,0.0000,0.0000,0.0000,0.0000,0,0,19,0,0,1,0,29,11,500
769,S,0,10,17,0,0,0,0.0000,0.0000,0.0000,0.0000,0,0,19,0,0,1,0,29,11,500
770,S,0,10,17,0,0,0,0.0000,0.0000,0.0000,0.0000,0,0,19,0,0,1,0,29,11,500
771,S,0,10,17,0,0,0,0.0000,0.0000,0.0000,0.0000,0,0,19,0,0,1,0,29,11,500
772,S,0,10,17,0,0,0,0.0000,0.0000,0.0000,0.0000,0,0,19,0,0,1,0,29,11,500
773,S,0,10,17,0,0,0,0.0000,0.0000,0.0000,0.0000,0,0,19,0,0,1,0,29,11,500
774,S,0,10,17,0,0,0,0.0000,0.0000,0.0000,0.0000,0,0,19,0,0,1,0,29,11,500
775,S,0,10,17,0,0,0,0.0000,0.0000,0.0000,0.0000,0,0,19,0,0,1,0,29,11,500
776,S,0,10,17,0,0,0,0.0000,0.0000,0.0000,0.0000,0,0,19,0,0,1,0,29,11,500
777,S,0,10,17,0,0,0,0.0000,0.0000,0.0000,0.0000,0,0,19,0,0,1,0,29,11,500
778,S,0,10,17,0,0,0,0.0000,0.0000,0.0000,0.0000,0,0,19,0,0,1,0,29,11,500
779,S,0,10,17,0,0,0,0.0000,0.0000,0.0000,0.0000,0,0,19,0,0,1,0,29,11,500
780,S,0,10,17,0,0,0,0.0000,0.0000,0.0000,0.0000,0,0,19,0,0,1,0,29,11,500
781,S,0,10,17,0,0,0,0.0000,0.0000,0.0000,0.0000,0,0,19,0,0,1,0,29,11,500
782,S,0,10,17,0,0,0,0.0000,0.0000,0.0000,0.0000,0,0,19,0,0,1,0,29,11,500
783,S,0,10,17,0,0,0,0.0000,0.0000,0.0000,0.0000,0,0,19,0,0,1,0,29,11,500
784,S,0,10,17,0,0,0,0.0000,0.0000,0.0000,0.0000,0,0,19,0,0,1,0,29,11,500
785,S,0,10,17,0,0,0,0.0000,0.0000,0.0000,0.0000,0,0,19,0,0,1,0,29,11,500
786,S,0,10,17,0,0,0,0.0000,0.0000,0.0000,0.0000,0,0,19,0,0,1,0,29,11,500
787,S,0,10,17,0,0,0,0.0000,0.0000,0.0000,0.0000,0,0,19,0,0,1,0,29,11,500
788,S,0,10,17,0,0,0,0.0000,0.0000,0.0000,0.0000,0,0,19,0,0,1,0,29,11,500
789,S,0,10,17,0,0,0,0.0000,0.0000,0.0000,0.0000,0,0,19,0,0,1,0,29,11,500
790,S,0,10,17,0,0,0,0.0000,0.0000,0.0000,0.0000,0,0,19,0,0,1,0,29,11,500
791,S,0,10,17,0,0,0,0.0000,0.0000,0.0000,0.0000,0,0,19,0,0,1,0,29,11,500
792,S,0,10,17,0,0,0,0.0000,0.0000,0.0000,0.0000,0,0,19,0,0,1,0,29,11,500
793,S,0,10,17,0,0,0,0.0000,0.0000,0.0000,0.0000,0,0,19,0,0,1,0,29,11,500
794,S,0,10,17,0,0,0,0.0000,0.0000,0.0000,0.0000,0,0,19,0,0,1,0,29,11,500
795,S,0,10,17,0,0,0,0.0000,0.0000,0.0000,0.0000,0,0,19,0,0,1,0,29,11,500
796,S,0,10,17,0,0,0,0.0000,0.0000,0.0000,0.0000,0,0,19,0,0,1,0,29,11,500
797,S,0,10,17,0,0,0,0.0000,0.0000,0.0000,0.0000,0,0,19,0,0,1,0,29,11,500
798,S,0,10,17,0,0,0,0.0000,0.0000,0.0000,0.0000,0,0,19,0,0,1,0,29,11,500
799,S,0,10,17,0,0,0,0.0000,0.0000,0.0000,0.0000,0,0,19,0,0,1,0,29,11,500
800,S,0,10,17,0,0,0,0.0000,0.0000,0.0000,0.0000,0,0,19,0,0,1,0,29,11,500
801,S,0,10,17,0,0,0,0.0000,0.0000,0.0000,0.0000,0,0,19,0,0,1,0,29,11,500
802,S,0,10,17,0,0,0,0.0000,0.0000,0.0000,0.0000,0,0,19,0,0,1,0,29,11,500
803,S,0,10,17,0,0,0,0.0000,0.0000,0.0000,0.0000,0,0,19,0,0,1,0,29,11,500
804,S,0,10,17,0,0,0,0.0000,0.0000,0.0000,0.0000,0,0,19,0,0,1,0,29,11,500
805,S,0,10,17,0,0,0,0.0000,0.0000,0.0000,0.0000,0,0,19,0,0,1,0,29,11,500
806,S,0,10,17,0,0,0,0.0000,0.0000,0.0000,0.0000,0,0,19,0,0,1,0,29,11,500
807,S,0,10,17,0,0,0,0.0000,0.0000,0.0000,0.0000,0,0,19,0,0,1,0,29,11,500
808,S,0,10,17,0,0,0,0.0000,0.0000,0.0000,0.0000,0,0,19,0,0,1,0,29,11,500
809,S,0,10,17,0,0,0,0.0000,0.0000,0.0000,0.0000,0,0,19,0,0,1,0,29,11,500
810,S,0,10,17,0,0,0,0.0000,0.0000,0.0000,0.0000,0,0,19,0,0,1,0,29,11,500
811,S,0,10,17,0,0,0,0.0000,0.0000,0.0000,0.0000,0,0,19,0,0,1,0,29,11,500
812,S,0,10,17,0,0,0,0.0000,0.0000,0.0000,0.0000,0,0,19,0,0,1,0,29,11,500
813,S,0,10,17,0,0,0,0.0000,0.0000,0.0000,0.0000,0,0,19,0,0,1,0,29,11,500
814,S,0,10,17,0,0,0,0.0000,0.0000,0.0000,0.0000,0,0,19,0,0,1,0,29,11,500
815,S,0,10,17,0,0,0,0.0000,0.0000,0.0000,0.0000,0,0,19,0,0,1,0,29,11,500
816,S,0,10,17,0,0,0,0.0000,0.0000,0.0000,0.0000,0,0,19,0,0,1,0,29,11,500
817,S,0,10,17,0,0,0,0.0000,0.0000,0.0000,0.0000,0,0,19,0,0,1,0,29,11,500
818,S,0,10,17,0,0,0,0.0000,0.0000,0.0000,0.0000,0,0,19,0,0,1,0,29,11,500
819,S,0,10,17,0,0,0,0.0000,0.0000,0.0000,0.0000,0,0,19,0,0,1,0,29,11,500
820,S,0,10,17,0,0,0,0.0000,0.0000,0.0000,0.0000,0,0,19,0,0,1,0,29,11,500
821,S,0,10,17,0,0,0,0.0000,0.0000,0.0000,0.0000,0,0,19,0,0,1,0,29,11,500
822,S,0,10,17,0,0,0,0.0000,0.0000,0.0000,0.0000,0,0,19,0,0,1,0,29,11,500
823,S,0,10,17,0,0,0,0.0000,0.0000,0.0000,0.0000,0,0,19,0,0,1,0,29,11,500
824,S,0,10,17,0,0,0,0.0000,0.0000,0.0000,0.0000,0,0,19,0,0,1,0,29,11,500
825,S,0,10,17,0,0,0,0.0000,0.0000,0.0000,0.0000,0,0,19,0,0,1,0,29,11,500
826,S,0,10,17,0,0,0,0.0000,0.0000,0.0000,0.0000,0,0,19,0,0,1,0,29,11,500
827,S,0,10,17,0,0,0,0.0000,0.0000,0.0000,0.0000,0,0,19,0,0,1,0,29,11,500
828,S,0,10,17,0,0,0,0.0000,0.0000,0.0000,0.0000,0,0,19,0,0,1,0,29,11,500
829,S,0,10,17,0,0,0,0.0000,0.0000,0.0000,0.0000,0,0,19,0,0,1,0,29,11,500
830,S,0,10,17,0,0,0,0.0000,0.0000,0.0000,0.0000,0,0,19,0,0,1,0,29,11,500
831,S,0,10,17,0,0,0,0.0000,0.0000,0.0000,0.0000,0,0,19,0,0,1,0,29,11,500
832,S,0,10,17,0,0,0,0.0000,0.0000,0.0000,0.0000,0,0,19,0,0,1,0,29,11,500
833,S,0,10,17,0,0,0,0.0000,0.0000,0.0000,0.0000,0,0,19,0,0,1,0,29,11,500
834,S,0,10,17,0,0,0,0.0000,0.0000,0.0000,0.0000,0,0,19,0,0,1,0,29,11,500
835,S,0,10,17,0,0,0,0.0000,0.0000,0.0000,0.0000,0,0,19,0,0,1,0,29,11,500
836,S,0,10,17,0,0,0,0.0000,0.0000,0.0000,0.0000,0,0,19,0,0,1,0,29,11,500
837,S,0,10,17,0,0,0,0.0000,0.0000,0.0000,0.0000,0,0,19,0,0,1,0,29,11,500
838,S,0,10,17,0,0,0,0.0000,0.0000,0.0000,0.0000,0,0,19,0,0,1,0,29,11,500
839,S,0,10,17,0,0,0,0.0000,0.0000,0.0000,0.0000,0,0,19,0,0,1,0,29,11,500
840,S,0,10,17,0,0,0,0.0000,0.0000,0.0000,0.0000,0,0,19,0,0,1,0,29,11,500
841,S,0,10,17,0,0,0,0.0000,0.0000,0.0000,0.0000,0,0,19,0,0,1,0,29,11,500
842,S,0,10,17,0,0,0,0.0000,0.0000,0.0000,0.0000,0,0,19,0,0,1,0,29,11,500
843,S,0,10,17,0,0,0,0.0000,0.0000,0.0000,0.0000,0,0,19,0,0,1,0,29,11,500
844,S,0,10,17,0,0,0,0.0000,0.0000,0.0000,0.0000,0,0,19,0,0,1,0,29,11,500
845,S,0,10,17,0,0,0,0.0000,0.0000,0.0000,0.0000,0,0,19,0,0,1,0,29,11,500
846,S,0,10,17,0,0,0,0.0000,0.0000,0.0000,0.0000,0,0,19,0,0,1,0,29,11,500
847,S,0,10,17,0,0,0,0.0000,0.0000,0.0000,0.0000,0,0,19,0,0,1,0,29,11,500
848,S,0,10,17,0,0,0,0.0000,0.0000,0.0000,0.0000,0,0,19,0,0,1,0,29,11,500
849,S,0,10,17,0,0,0,0.0000,0.0000,0.0000,0.0000,0,0,19,0,0,1,0,29,11,500
850,S,0,10,17,0,0,0,0.0000,0.0000,0.0000,0.0000,0,0,19,0,0,1,0,29,11,500
851,S,0,10,17,0,0,0,0.0000,0.0000,0.0000,0.0000,0,0,19,0,0,1,0,29,11,500
852,S,0,10,17,0,0,0,0.0000,0.0000,0.0000,0.0000,0,0,19,0,0,1,0,29,11,500
853,S,0,10,17,0,0,0,0.0000,0.0000,0.0000,0.0000,0,0,19,0,0,1,0,29,11,500
854,S,0,10,17,0,0,0,0.0000,0.0000,0.0000,0.0000,0,0,19,0,0,1,0,29,11,500
855,S,0,10,17,0,0,0,0.0000,0.0000,0.0000,0.0000,0,0,19,0,0,1,0,29,11,500
856,S,0,10,17,0,0,0,0.0000,0.0000,0.0000,0.0000,0,0,19,0,0,1,0,29,11,500
857,S,0,10,17,0,0,0,0.0000,0.0000,0.0000,0.0000,0,0,19,0,0,1,0,29,11,500
858,S,0,10,17,0,0,0,0.0000,0.0000,0.0000,0.0000,0,0,19,0,0,1,0,29,11,500
859,S,0,10,17,0,0,0,0.0000,0.0000,0.0000,0.0000,0,0,19,0,0,1,0,29,11,500
860,S,0,10,17,0,0,0,0.0000,0.0000,0.0000,0.0000,0,0,19,0,0,1,0,29,11,500
861,S,0,10,17,0,0,0,0.0000,0.0000,0.0000,0.0000,0,0,19,0,0,1,0,29,11,500
862,S,0,10,17,0,0,0,0.0000,0.0000,0.0000,0.0000,0,0,19,0,0,1,0,29,11,500
863,S,0,10,17,0,0,0,0.0000,0.0000,0.0000,0.0000,0,0,19,0,0,1,0,29,11,500
864,S,0,10,17,0,0,0,0.0000,0.0000,0.0000,0.0000,0,0,19,0,0,1,0,29,11,500
865,S,0,10,17,0,0,0,0.0000,0.0000,0.0000,0.0000,0,0,19,0,0,1,0,29,11,500
866,S,0,10,17,0,0,0,0.0000,0.0000,0.0000,0.0000,0,0,19,0,0,1,0,29,11,500
867,S,0,10,17,0,0,0,0.0000,0.0000,0.0000,0.0000,0,0,19,0,0,1,0,29,11,500
868,S,0,10,17,0,0,0,0.0000,0.0000,0.0000,0.0000,0,0,19,0,0,1,0,29,11,500
869,S,0,10,17,0,0,0,0.0000,0.0000,0.0000,0.0000,0,0,19,0,0,1,0,29,11,500
870,S,0,10,17,0,0,0,0.0000,0.0000,0.0000,0.0000,0,0,19,0,0,1,0,29,11,500
871,S,0,10,17,0,0,0,0.0000,0.0000,0.0000,0.0000,0,0,19,0,0,1,0,29,11,500
872,S,0,10,17,0,0,0,0.0000,0.0000,0.0000,0.0000,0,0,19,0,0,1,0,29,11,500
873,S,0,10,17,0,0,0,0.0000,0.0000,0.0000,0.0000,0,0,19,0,0,1,0,29,11,500
874,S,0,10,17,0,0,0,0.0000,0.0000,0.0000,0.0000,0,0,19,0,0,1,0,29,11,500
875,S,0,10,17,0,0,0,0.0000,0.0000,0.0000,0.0000,0,0,19,0,0,1,0,29,11,500
876,S,0,10,17,0,0,0,0.0000,0.0000,0.0000,0.0000,0,0,19,0,0,1,0,29,11,500
877,S,0,10,17,0,0,0,0.0000,0.0000,0.0000,0.0000,0,0,19,0,0,1,0,29,11,500
878,S,0,10,17,0,0,0,0.0000,0.0000,0.0000,0.0000,0,0,19,0,0,1,0,29,11,500
879,S,0,10,17,0,0,0,0.0000,0.0000,0.0000,0.0000,0,0,19,0,0,1,0,29,11,500
880,S,0,10,17,0,0,0,0.0000,0.0000,0.0000,0.0000,0,0,19,0,0,1,0,29,11,500
881,S,0,10,17,0,0,0,0.0000,0.0000,0.0000,0.0000,0,0,19,0,0,1,0,29,11,500
882,S,0,10,17,0,0,0,0.0000,0.0000,0.0000,0.0000,0,0,19,0,0,1,0,29,11,500
883,S,0,10,17,0,0,0,0.0000,0.0000,0.0000,0.0000,0,0,19,0,0,1,0,29,11,500
884,S,0,10,17,0,0,0,0.0000,0.0000,0.0000,0.0000,0,0,19,0,0,1,0,29,11,500
885,S,0,10,17,0,0,0,0.0000,0.0000,0.0000,0.0000,0,0,19,0,0,1,0,29,11,500
886,S,0,10,17,0,0,0,0.0000,0.0000,0.0000,0.0000,0,0,19,0,0,1,0,29,11,500
887,S,0,10,17,0,0,0,0.0000,0.0000,0.0000,0.0000,0,0,19,0,0,1,0,29,11,500
888,S,0,10,17,0,0,0,0.0000,0.0000,0.0000,0.0000,0,0,19,0,0,1,0,29,11,500
889,S,0,10,17,0,0,0,0.0000,0.0000,0.0000,0.0000,0,0,19,0,0,1,0,29,11,500
890,S,0,10,17,0,0,0,0.0000,0.0000,0.0000,0.0000,0,0,19,0,0,1,0,29,11,500
891,S,0,10,17,0,0,0,0.0000,0.0000,0.0000,0.0000,0,0,19,0,0,1,0,29,11,500
892,S,0,10,17,0,0,0,0.0000,0.0000,0.0000,0.0000,0,0,19,0,0,1,0,29,11,500
893,S,0,10,17,0,0,0,0.0000,0.0000,0.0000,0.0000,0,0,19,0,0,1,0,29,11,500
894,S,0,10,17,0,0,0,0.0000,0.0000,0.0000,0.0000,0,0,19,0,0,1,0,29,11,500
895,S,0,10,17,0,0,0,0.0000,0.0000,0.0000,0.0000,0,0,19,0,0,1,0,29,11,500
896,S,0,10,17,0,0,0,0.0000,0.0000,0.0000,0.0000,0,0,19,0,0,1,0,29,11,500
897,S,0,10,17,0,0,0,0.0000,0.0000,0.0000,0.0000,0,0,19,0,0,1,0,29,11,500
898,S,0,10,17,0,0,0,0.0000,0.0000,0.0000,0.0000,0,0,19,0,0,1,0,29,11,500
899,S,0,10,17,0,0,0,0.0000,0.0000,0.0000,0.0000,0,0,19,0,0,1,0,29,11,500
900,S,0,10,17,0,0,0,0.0000,0.0000,0.0000,0.0000,0,0,19,0,0,1,0,29,11,500
901,S,0,10,17,0,0,0,0.0000,0.0000,0.0000,0.0000,0,0,19,0,0,1,0,29,11,500
902,S,0,10,17,0,0,0,0.0000,0.0000,0.0000,0.0000,0,0,19,0,0,1,0,29,11,500
903,S,0,10,17,0,0,0,0.0000,0.0000,0.0000,0.0000,0,0,19,0,0,1,0,29,11,500
904,S,0,10,17,0,0,0,0.0000,0.0000,0.0000,0.0000,0,0,19,0,0,1,0,29,11,500
905,S,0,10,17,0,0,0,0.0000,0.0000,0.0000,0.0000,0,0,19,0,0,1,0,29,11,500
906,S,0,10,17,0,0,0,0.0000,0.0000,0.0000,0.0000,0,0,19,0,0,1,0,29,11,500
907,S,0,10,17,0,0,0,0.0000,0.0000,0.0000,0.0000,0,0,19,0,0,1,0,29,11,500
908,S,0,10,17,0,0,0,0.0000,0.0000,0.0000,0.0000,0,0,19,0,0,1,0,29,11,500
909,S,0,10,17,0,0,0,0.0000,0.0000,0.0000,0.0000,0,0,19,0,0,1,0,29,11,500
910,S,0,10,17,0,0,0,0.0000,0.0000,0.0000,0.0000,0,0,19,0,0,1,0,29,11,500
911,S,0,10,17,0,0,0,0.0000,0.0000,0.0000,0.0000,0,0,19,0,0,1,0,29,11,500
912,S,0,10,17,0,0,0,0.0000,0.0000,0.0000,0.0000,0,0,19,0,0,1,0,29,11,500
913,S,0,10,17,0,0,0,0.0000,0.0000,0.0000,0.0000,0,0,19,0,0,1,0,29,11,500
914,S,0,10,17,0,0,0,0.0000,0.0000,0.0000,0.0000,0,0,19,0,0,1,0,29,11,500
915,S,0,10,17,0,0,0,0.0000,0.0000,0.0000,0.0000,0,0,19,0,0,1,0,29,11,500
916,S,0,10,17,0,0,0,0.0000,0.0000,0.0000,0.0000,0,0,19,0,0,1,0,29,11,500
917,S,0,10,17,0,0,0,0.0000,0.0000,0.0000,0.0000,0,0,19,0,0,1,0,29,11,500
918,S,0,10,17,0,0,0,0.0000,0.0000,0.0000,0.0000,0,0,19,0,0,1,0,29,11,500
919,S,0,10,17,0,0,0,0.0000,0.0000,0.0000,0.0000,0,0,19,0,0,1,0,29,11,500
920,S,0,10,17,0,0,0,0.0000,0.0000,0.0000,0.0000,0,0,19,0,0,1,0,29,11,500
921,S,0,10,17,0,0,0,0.0000,0.0000,0.0000,0.0000,0,0,19,0,0,1,0,29,11,500
922,S,0,10,17,0,0,0,0.0000,0.0000,0.0000,0.0000,0,0,19,0,0,1,0,29,11,500
923,S,0,10,17,0,0,0,0.0000,0.0000,0.0000,0.0000,0,0,19,0,0,1,0,29,11,500
924,S,0,10,17,0,0,0,0.0000,0.0000,0.0000,0.0000,0,0,19,0,0,1,0,29,11,500
925,S,0,10,17,0,0,0,0.0000,0.0000,0.0000,0.0000,0,0,19,0,0,1,0,29,11,500
926,S,0,10,17,0,0,0,0.0000,0.0000,0.0000,0.0000,0,0,19,0,0,1,0,29,11,500
927,S,0,10,17,0,0,0,0.0000,0.0000,0.0000,0.0000,0,0,19,0,0,1,0,29,11,500
928,S,0,10,17,0,0,0,0.0000,0.0000,0.0000,0.0000,0,0,19,0,0,1,0,29,11,500
929,S,0,10,17,0,0,0,0.0000,0.0000,0.0000,0.0000,0,0,19,0,0,1,0,29,11,500
930,S,0,10,17,0,0,0,0.0000,0.0000,0.0000,0.0000,0,0,19,0,0,1,0,29,11,500
931,S,0,10,17,0,0,0,0.0000,0.0000,0.0000,0.0000,0,0,19,0,0,1,0,29,11,500
932,S,0,10,17,0,0,0,0.0000,0.0000,0.0000,0.0000,0,0,19,0,0,1,0,29,11,500
933,S,0,10,17,0,0,0,0.0000,0.0000,0.0000,0.0000,0,0,19,0,0,1,0,29,11,500
934,S,0,10,17,0,0,0,0.0000,0.0000,0.0000,0.0000,0,0,19,0,0,1,0,29,11,500
935,S,0,10,17,0,0,0,0.0000,0.0000,0.0000,0.0000,0,0,19,0,0,1,0,29,11,500
936,S,0,10,17,0,0,0,0.0000,0.0000,0.0000,0.0000,0,0,19,0,0,1,0,29,11,500
937,S,0,10,17,0,0,0,0.0000,0.0000,0.0000,0.0000,0,0,19,0,0,1,0,29,11,500
938,S,0,10,17,0,0,0,0.0000,0.0000,0.0000,0.0000,0,0,19,0,0,1,0,29,11,500
939,S,0,10,17,0,0,0,0.0000,0.0000,0.0000,0.0000,0,0,19,0,0,1,0,29,11,500
940,S,0,10,17,0,0,0,0.0000,0.0000,0.0000,0.0000,0,0,19,0,0,1,0,29,11,500
941,S,0,10,17,0,0,0,0.0000,0.0000,0.0000,0.0000,0,0,19,0,0,1,0,29,11,500
942,S,0,10,17,0,0,0,0.0000,0.0000,0.0000,0.0000,0,0,19,0,0,1,0,29,11,500
943,S,0,10,17,0,0,0,0.0000,0.0000,0.0000,0.0000,0,0,19,0,0,1,0,29,11,500
944,S,0,10,17,0,0,0,0.0000,0.0000,0.0000,0.0000,0,0,19,0,0,1,0,29,11,500
945,S,0,10,17,0,0,0,0.0000,0.0000,0.0000,0.0000,0,0,19,0,0,1,0,29,11,500
946,S,0,10,17,0,0,0,0.0000,0.0000,0.0000,0.0000,0,0,19,0,0,1,0,29,11,500
947,S,0,10,17,0,0,0,0.0000,0.0000,0.0000,0.0000,0,0,19,0,0,1,0,29,11,500
948,S,0,10,17,0,0,0,0.0000,0.0000,0.0000,0.0000,0,0,19,0,0,1,0,29,11,500
949,S,0,10,17,0,0,0,0.0000,0.0000,0.0000,0.0000,0,0,19,0,0,1,0,29,11,500
950,S,0,10,17,0,0,0,0.0000,0.0000,0.0000,0.0000,0,0,19,0,0,1,0,29,11,500
951,S,0,10,17,0,0,0,0.0000,0.0000,0.0000,0.0000,0,0,19,0,0,1,0,29,11,500
952,S,0,10,17,0,0,0,0.0000,0.0000,0.0000,0.0000,0,0,19,0,0,1,0,29,11,500
953,S,0,10,17,0,0,0,0.0000,0.0000,0.0000,0.0000,0,0,19,0,0,1,0,29,11,500
954,S,0,10,17,0,0,0,0.0000,0.0000,0.0000,0.0000,0,0,19,0,0,1,0,29,11,500
955,S,0,10,17,0,0,0,0.0000,0.0000,0.0000,0.0000,0,0,19,0,0,1,0,29,11,500
956,S,0,10,17,0,0,0,0.0000,0.0000,0.0000,0.0000,0,0,19,0,0,1,0,29,11,500
957,S,0,10,17,0,0,0,0.0000,0.0000,0.0000,0.0000,0,0,19,0,0,1,0,29,11,500
958,S,0,10,17,0,0,0,0.0000,0.0000,0.0000,0.0000,0,0,19,0,0,1,0,29,11,500
959,S,0,10,17,0,0,0,0.0000,0.0000,0.0000,0.0000,0,0,19,0,0,1,0,29,11,500
960,S,0,10,17,0,0,0,0.0000,0.0000,0.0000,0.0000,0,0,19,0,0,1,0,29,11,500
961,S,0,10,17,0,0,0,0.0000,0.0000,0.0000,0.0000,0,0,19,0,0,1,0,29,11,500
962,S,0,10,17,0,0,0,0.0000,0.0000,0.0000,0.0000,0,0,19,0,0,1,0,29,11,500
963,S,0,10,17,0,0,0,0.0000,0.0000,0.0000,0.0000,0,0,19,0,0,1,0,29,11,500
964,S,0,10,17,0,0,0,0.0000,0.0000,0.0000,0.0000,0,0,19,0,0,1,0,29,11,500
965,S,0,10,17,0,0,0,0.0000,0.0000,0.0000,0.0000,0,0,19,0,0,1,0,29,11,500
966,S,0,10,17,0,0,0,0.0000,0.0000,0.0000,0.0000,0,0,19,0,0,1,0,29,11,500
967,S,0,10,17,0,0,0,0.0000,0.0000,0.0000,0.0000,0,0,19,0,0,1,0,29,11,500
968,S,0,10,17,0,0,0,0.0000,0.0000,0.0000,0.0000,0,0,19,0,0,1,0,29,11,500
969,S,0,10,17,0,0,0,0.0000,0.0000,0.0000,0.0000,0,0,19,0,0,1,0,29,11,500
970,S,0,10,17,0,0,0,0.0000,0.0000,0.0000,0.0000,0,0,19,0,0,1,0,29,11,500
971,S,0,10,17,0,0,0,0.0000,0.0000,0.0000,0.0000,0,0,19,0,0,1,0,29,11,500
972,S,0,10,17,0,0,0,0.0000,0.0000,0.0000,0.0000,0,0,19,0,0,1,0,29,11,500
973,S,0,10,17,0,0,0,0.0000,0.0000,0.0000,0.0000,0,0,19,0,0,1,0,29,11,500
974,S,0,10,17,0,0,0,0.0000,0.0000,0.0000,0.0000,0,0,19,0,0,1,0,29,11,500
975,S,0,10,17,0,0,0,0.0000,0.0000,0.0000,0.0000,0,0,19,0,0,1,0,29,11,500
976,S,0,10,17,0,0,0,0.0000,0.0000,0.0000,0.0000,0,0,19,0,0,1,0,29,11,500
977,S,0,10,17,0,0,0,0.0000,0.0000,0.0000,0.0000,0,0,19,0,0,1,0,29,11,500
978,S,0,10,17,0,0,0,0.0000,0.0000,0.0000,0.0000,0,0,19,0,0,1,0,29,11,500
979,S,0,10,17,0,0,0,0.0000,0.0000,0.0000,0.0000,0,0,19,0,0,1,0,29,11,500
980,S,0,10,17,0,0,0,0.0000,0.0000,0.0000,0.0000,0,0,19,0,0,1,0,29,11,500
981,S,0,10,17,0,0,0,0.0000,0.0000,0.0000,0.0000,0,0,19,0,0,1,0,29,11,500
982,S,0,10,17,0,0,0,0.0000,0.0000,0.0000,0.0000,0,0,19,0,0,1,0,29,11,500
983,S,0,10,17,0,0,0,0.0000,0.0000,0.0000,0.0000,0,0,19,0,0,1,0,29,11,500
984,S,0,10,17,0,0,0,0.0000,0.0000,0.0000,0.0000,0,0,19,0,0,1,0,29,11,500
985,S,0,10,17,0,0,0,0.0000,0.0000,0.0000,0.0000,0,0,19,0,0,1,0,29,11,500
986,S,0,10,17,0,0,0,0.0000,0.0000,0.0000,0.0000,0,0,19,0,0,1,0,29,11,500
987,S,0,10,17,0,0,0,0.0000,0.0000,0.0000,0.0000,0,0,19,0,0,1,0,29,11,500
988,S,0,10,17,0,0,0,0.0000,0.0000,0.0000,0.0000,0,0,19,0,0,1,0,29,11,500
989,S,0,10,17,0,0,0,0.0000,0.0000,0.0000,0.0000,0,0,19,0,0,1,0,29,11,500
990,S,0,10,17,0,0,0,0.0000,0.0000,0.0000,0.0000,0,0,19,0,0,1,0,29,11,500
991,S,0,10,17,0,0,0,0.0000,0.0000,0.0000,0.0000,0,0,19,0,0,1,0,29,11,500
992,S,0,10,17,0,0,0,0.0000,0.0000,0.0000,0.0000,0,0,19,0,0,1,0,29,11,500
993,S,0,10,17,0,0,0,0.0000,0.0000,0.0000,0.0000,0,0,19,0,0,1,0,29,11,500
994,S,0,10,17,0,0,0,0.0000,0.0000,0.0000,0.0000,0,0,19,0,0,1,0,29,11,500
995,S,0,10,17,0,0,0,0.0000,0.0000,0.0000,0.0000,0,0,19,0,0,1,0,29,11,500
996,S,0,10,17,0,0,0,0.0000,0.0000,0.0000,0.0000,0,0,19,0,0,1,0,29,11,500
997,S,0,10,17,0,0,0,0.0000,0.0000,0.0000,0.0000,0,0,19,0,0,1,0,29,11,500
998,S,0,10,17,0,0,0,0.0000,0.0000,0.0000,0.0000,0,0,19,0,0,1,0,29,11,500
999,S,0,10,17,0,0,0,0.0000,0.0000,0.0000,0.0000,0,0,19,0,0,1,0,29,11,500
1000,S,0,10,17,0,0,0,0.0000,0.0000,0.0000,0.0000,0,0,19,0,0,1,0,29,11,500
1001,S,0,10,17,0,0,0,0.0000,0.0000,0.0000,0.0000,0,0,19,0,0,1,0,29,11,500
1002,S,0,10,17,0,0,0,0.0000,0.0000,0.0000,0.0000,0,0,19,0,0,1,0,29,11,500
1003,S,0,10,17,0,0,0,0.0000,0.0000,0.0000,0.0000,0,0,19,0,0,1,0,29,11,500
1004,S,0,10,17,0,0,0,0.0000,0.0000,0.0000,0.0000,0,0,19,0,0,1,0,29,11,500
1005,S,0,10,17,0,0,0,0.0000,0.0000,0.0000,0.0000,0,0,19,0,0,1,0,29,11,500
1006,S,0,10,17,0,0,0,0.0000,0.0000,0.0000,0.0000,0,0,19,0,0,1,0,29,11,500
1007,S,0,10,17,0,0,0,0.0000,0.0000,0.0000,0.0000,0,0,19,0,0,1,0,29,11,500
1008,S,0,10,17,0,0,0,0.0000,0.0000,0.0000,0.0000,0,0,19,0,0,1,0,29,11,500
1009,S,0,10,17,0,0,0,0.0000,0.0000,0.0000,0.0000,0,0,19,0,0,1,0,29,11,500
1010,S,0,10,17,0,0,0,0.0000,0.0000,0.0000,0.0000,0,0,19,0,0,1,0,29,11,500
1011,S,0,10,17,0,0,0,0.0000,0.0000,0.0000,0.0000,0,0,19,0,0,1,0,29,11,500
1012,S,0,10,17,0,0,0,0.0000,0.0000,0.0000,0.0000,0,0,19,0,0,1,0,29,11,500
1013,S,0,10,17,0,0,0,0.0000,0.0000,0.0000,0.0000,0,0,19,0,0,1,0,29,11,500
1014,S,0,10,17,0,0,0,0.0000,0.0000,0.0000,0.0000,0,0,19,0,0,1,0,29,11,500
1015,S,0,10,17,0,0,0,0.0000,0.0000,0.0000,0.0000,0,0,19,0,0,1,0,29,11,500
1016,S,0,10,17,0,0,0,0.0000,0.0000,0.0000,0.0000,0,0,19,0,0,1,0,29,11,500
1017,S,0,10,17,0,0,0,0.0000,0.0000,0.0000,0.0000,0,0,19,0,0,1,0,29,11,500
1018,S,0,10,17,0,0,0,0.0000,0.0000,0.0000,0.0000,0,0,19,0,0,1,0,29,11,500
1019,S,0,10,17,0,0,0,0.0000,0.0000,0.0000,0.0000,0,0,19,0,0,1,0,29,11,500
1020,S,0,10,17,0,0,0,0.0000,0.0000,0.0000,0.0000,0,0,19,0,0,1,0,29,11,500
1021,S,0,10,17,0,0,0,0.0000,0.0000,0.0000,0.0000,0,0,19,0,0,1,0,29,11,500
1022,S,0,10,17,0,0,0,0.0000,0.0000,0.0000,0.0000,0,0,19,0,0,1,0,29,11,500
1023,S,0,10,17,0,0,0,0.0000,0.0000,0.0000,0.0000,0,0,19,0,0,1,0,29,11,500
1024,S,0,10,17,0,0,0,0.0000,0.0000,0.0000,0.0000,0,0,19,0,0,1,0,29,11,500
1025,S,0,10,17,0,0,0,0.0000,0.0000,0.0000,0.0000,0,0,19,0,0,1,0,29,11,500
1026,S,0,10,17,0,0,0,0.0000,0.0000,0.0000,0.0000,0,0,19,0,0,1,0,29,11,500
1027,S,0,10,17,0,0,0,0.0000,0.0000,0.0000,0.0000,0,0,19,0,0,1,0,29,11,500
1028,S,0,10,17,0,0,0,0.0000,0.0000,0.0000,0.0000,0,0,19,0,0,1,0,29,11,500
1029,S,0,10,17,0,0,0,0.0000,0.0000,0.0000,0.0000,0,0,19,0,0,1,0,29,11,500
1030,S,0,10,17,0,0,0,0.0000,0.0000,0.0000,0.0000,0,0,19,0,0,1,0,29,11,500
1031,S,0,10,17,0,0,0,0.0000,0.0000,0.0000,0.0000,0,0,19,0,0,1,0,29,11,500
1032,S,0,10,17,0,0,0,0.0000,0.0000,0.0000,0.0000,0,0,19,0,0,1,0,29,11,500
1033,S,0,10,17,0,0,0,0.0000,0.0000,0.0000,0.0000,0,0,19,0,0,1,0,29,11,500
1034,S,0,10,17,0,0,0,0.0000,0.0000,0.0000,0.0000,0,0,19,0,0,1,0,29,11,500
1035,S,0,10,17,0,0,0,0.0000,0.0000,0.0000,0.0000,0,0,19,0,0,1,0,29,11,500
1036,S,0,10,17,0,0,0,0.0000,0.0000,0.0000,0.0000,0,0,19,0,0,1,0,29,11,500
1037,S,0,10,17,0,0,0,0.0000,0.0000,0.0000,0.0000,0,0,19,0,0,1,0,29,11,500
1038,S,0,10,17,0,0,0,0.0000,0.0000,0.0000,0.0000,0,0,19,0,0,1,0,29,11,500
1039,S,0,10,17,0,0,0,0.0000,0.0000,0.0000,0.0000,0,0,19,0,0,1,0,29,11,500
1040,S,0,10,17,0,0,0,0.0000,0.0000,0.0000,0.0000,0,0,19,0,0,1,0,29,11,500
1041,S,0,10,17,0,0,0,0.0000,0.0000,0.0000,0.0000,0,0,19,0,0,1,0,29,11,500
1042,S,0,10,17,0,0,0,0.0000,0.0000,0.0000,0.0000,0,0,19,0,0,1,0,29,11,500
1043,S,0,10,17,0,0,0,0.0000,0.0000,0.0000,0.0000,0,0,19,0,0,1,0,29,11,500
1044,S,0,10,17,0,0,0,0.0000,0.0000,0.0000,0.0000,0,0,19,0,0,1,0,29,11,500
1045,S,0,10,17,0,0,0,0.0000,0.0000,0.0000,0.0000,0,0,19,0,0,1,0,29,11,500
1046,S,0,10,17,0,0,0,0.0000,0.0000,0.0000,0.0000,0,0,19,0,0,1,0,29,11,500
1047,S,0,10,17,0,0,0,0.0000,0.0000,0.0000,0.0000,0,0,19,0,0,1,0,29,11,500
1048,S,0,10,17,0,0,0,0.0000,0.0000,0.0000,0.0000,0,0,19,0,0,1,0,29,11,500
1049,S,0,10,17,0,0,0,0.0000,0.0000,0.0000,0.0000,0,0,19,0,0,1,0,29,11,500
1050,S,0,10,17,0,0,0,0.0000,0.0000,0.0000,0.0000,0,0,19,0,0,1,0,29,11,500
1051,S,0,10,17,0,0,0,0.0000,0.0000,0.0000,0.0000,0,0,19,0,0,1,0,29,11,500
1052,S,0,10,17,0,0,0,0.0000,0.0000,0.0000,0.0000,0,0,19,0,0,1,0,29,11,500
1053,S,0,10,17,0,0,0,0.0000,0.0000,0.0000,0.0000,0,0,19,0,0,1,0,29,11,500
1054,S,0,10,17,0,0,0,0.0000,0.0000,0.0000,0.0000,0,0,19,0,0,1,0,29,11,500
1055,S,0,10,17,0,0,0,0.0000,0.0000,0.0000,0.0000,0,0,19,0,0,1,0,29,11,500
1056,S,0,10,17,0,0,0,0.0000,0.0000,0.0000,0.0000,0,0,19,0,0,1,0,29,11,500
1057,S,0,10,17,0,0,0,0.0000,0.0000,0.0000,0.0000,0,0,19,0,0,1,0,29,11,500
1058,S,0,10,17,0,0,0,0.0000,0.0000,0.0000,0.0000,0,0,19,0,0,1,0,29,11,500
1059,S,0,10,17,0,0,0,0.0000,0.0000,0.0000,0.0000,0,0,19,0,0,1,0,29,11,500
1060,S,0,10,17,0,0,0,0.0000,0.0000,0.0000,0.0000,0,0,19,0,0,1,0,29,11,500
1061,S,0,10,17,0,0,0,0.0000,0.0000,0.0000,0.0000,0,0,19,0,0,1,0,29,11,500
1062,S,0,10,17,0,0,0,0.0000,0.0000,0.0000,0.0000,0,0,19,0,0,1,0,29,11,500
1063,S,0,10,17,0,0,0,0.0000,0.0000,0.0000,0.0000,0,0,19,0,0,1,0,29,11,500
1064,S,0,10,17,0,0,0,0.0000,0.0000,0.0000,0.0000,0,0,19,0,0,1,0,29,11,500
1065,S,0,10,17,0,0,0,0.0000,0.0000,0.0000,0.0000,0,0,19,0,0,1,0,29,11,500
1066,S,0,10,17,0,0,0,0.0000,0.0000,0.0000,0.0000,0,0,19,0,0,1,0,29,11,500
1067,S,0,10,17,0,0,0,0.0000,0.0000,0.0000,0.0000,0,0,19,0,0,1,0,29,11,500
1068,S,0,10,17,0,0,0,0.0000,0.0000,0.0000,0.0000,0,0,19,0,0,1,0,29,11,500
1069,S,0,10,17,0,0,0,0.0000,0.0000,0.0000,0.0000,0,0,19,0,0,1,0,29,11,500
1070,S,0,10,17,0,0,0,0.0000,0.0000,0.0000,0.0000,0,0,19,0,0,1,0,29,11,500
1071,S,0,10,17,0,0,0,0.0000,0.0000,0.0000,0.0000,0,0,19,0,0,1,0,29,11,500
1072,S,0,10,17,0,0,0,0.0000,0.0000,0.0000,0.0000,0,0,19,0,0,1,0,29,11,500
1073,S,0,10,17,0,0,0,0.0000,0.0000,0.0000,0.0000,0,0,19,0,0,1,0,29,11,500
1074,S,0,10,17,0,0,0,0.0000,0.0000,0.0000,0.0000,0,0,19,0,0,1,0,29,11,500
1075,S,0,10,17,0,0,0,0.0000,0.0000,0.0000,0.0000,0,0,19,0,0,1,0,29,11,500
1076,S,0,10,17,0,0,0,0.0000,0.0000,0.0000,0.0000,0,0,19,0,0,1,0,29,11,500
1077,S,0,10,17,0,0,0,0.0000,0.0000,0.0000,0.0000,0,0,19,0,0,1,0,29,11,500
1078,S,0,10,17,0,0,0,0.0000,0.0000,0.0000,0.0000,0,0,19,0,0,1,0,29,11,500
1079,S,0,10,17,0,0,0,0.0000,0.0000,0.0000,0.0000,0,0,19,0,0,1,0,29,11,500
1080,S,0,10,17,0,0,0,0.0000,0.0000,0.0000,0.0000,0,0,19,0,0,1,0,29,11,500
1081,S,0,10,17,0,0,0,0.0000,0.0000,0.0000,0.0000,0,0,19,0,0,1,0,29,11,500
1082,S,0,10,17,0,0,0,0.0000,0.0000,0.0000,0.0000,0,0,19,0,0,1,0,29,11,500
1083,S,0,10,17,0,0,0,0.0000,0.0000,0.0000,0.0000,0,0,19,0,0,1,0,29,11,500
1084,S,0,10,17,0,0,0,0.0000,0.0000,0.0000,0.0000,0,0,19,0,0,1,0,29,11,500
1085,S,0,10,17,0,0,0,0.0000,0.0000,0.0000,0.0000,0,0,19,0,0,1,0,29,11,500
1086,S,0,10,17,0,0,0,0.0000,0.0000,0.0000,0.0000,0,0,19,0,0,1,0,29,11,500
1087,S,0,10,17,0,0,0,0.0000,0.0000,0.0000,0.0000,0,0,19,0,0,1,0,29,11,500
1088,S,0,10,17,0,0,0,0.0000,0.0000,0.0000,0.0000,0,0,19,0,0,1,0,29,11,500
1089,S,0,10,17,0,0,0,0.0000,0.0000,0.0000,0.0000,0,0,19,0,0,1,0,29,11,500
1090,S,0,10,17,0,0,0,0.0000,0.0000,0.0000,0.0000,0,0,19,0,0,1,0,29,11,500
1091,S,0,10,17,0,0,0,0.0000,0.0000,0.0000,0.0000,0,0,19,0,0,1,0,29,11,500
1092,S,0,10,17,0,0,0,0.0000,0.0000,0.0000,0.0000,0,0,19,0,0,1,0,29,11,500
1093,S,0,10,17,0,0,0,0.0000,0.0000,0.0000,0.0000,0,0,19,0,0,1,0,29,11,500
1094,S,0,10,17,0,0,0,0.0000,0.0000,0.0000,0.0000,0,0,19,0,0,1,0,29,11,500
1095,S,0,10,17,0,0,0,0.0000,0.0000,0.0000,0.0000,0,0,19,0,0,1,0,29,11,500
1096,S,0,10,17,0,0,0,0.0000,0.0000,0.0000,0.0000,0,0,19,0,0,1,0,29,11,500
1097,S,0,10,17,0,0,0,0.0000,0.0000,0.0000,0.0000,0,0,19,0,0,1,0,29,11,500
1098,S,0,10,17,0,0,0,0.0000,0.0000,0.0000,0.0000,0,0,19,0,0,1,0,29,11,500
1099,S,0,10,17,0,0,0,0.0000,0.0000,0.0000,0.0000,0,0,19,0,0,1,0,29,11,500
1100,S,0,10,17,0,0,0,0.0000,0.0000,0.0000,0.0000,0,0,19,0,0,1,0,29,11,500
1101,S,0,10,17,0,0,0,0.0000,0.0000,0.0000,0.0000,0,0,19,0,0,1,0,29,11,500
1102,S,0,10,17,0,0,0,0.0000,0.0000,0.0000,0.0000,0,0,19,0,0,1,0,29,11,500
1103,S,0,10,17,0,0,0,0.0000,0.0000,0.0000,0.0000,0,0,19,0,0,1,0,29,11,500
1104,S,0,10,17,0,0,0,0.0000,0.0000,0.0000,0.0000,0,0,19,0,0,1,0,29,11,500
1105,S,0,10,17,0,0,0,0.0000,0.0000,0.0000,0.0000,0,0,19,0,0,1,0,29,11,500
1106,S,0,10,17,0,0,0,0.0000,0.0000,0.0000,0.0000,0,0,19,0,0,1,0,29,11,500
1107,S,0,10,17,0,0,0,0.0000,0.0000,0.0000,0.0000,0,0,19,0,0,1,0,29,11,500
1108,S,0,10,17,0,0,0,0.0000,0.0000,0.0000,0.0000,0,0,19,0,0,1,0,29,11,500
1109,S,0,10,17,0,0,0,0.0000,0.0000,0.0000,0.0000,0,0,19,0,0,1,0,29,11,500
1110,S,0,10,17,0,0,0,0.0000,0.0000,0.0000,0.0000,0,0,19,0,0,1,0,29,11,500
1111,S,0,10,17,0,0,0,0.0000,0.0000,0.0000,0.0000,0,0,19,0,0,1,0,29,11,500
1112,S,0,10,17,0,0,0,0.0000,0.0000,0.0000,0.0000,0,0,19,0,0,1,0,29,11,500
1113,S,0,10,17,0,0,0,0.0000,0.0000,0.0000,0.0000,0,0,19,0,0,1,0,29,11,500
1114,S,0,10,17,0,0,0,0.0000,0.0000,0.0000,0.0000,0,0,19,0,0,1,0,29,11,500
1115,S,0,10,17,0,0,0,0.0000,0.0000,0.0000,0.0000,0,0,19,0,0,1,0,29,11,500
1116,S,0,10,17,0,0,0,0.0000,0.0000,0.0000,0.0000,0,0,19,0,0,1,0,29,11,500
1117,S,0,10,17,0,0,0,0.0000,0.0000,0.0000,0.0000,0,0,19,0,0,1,0,29,11,500
1118,S,0,10,17,0,0,0,0.0000,0.0000,0.0000,0.0000,0,0,19,0,0,1,0,29,11,500
1119,S,0,10,17,0,0,0,0.0000,0.0000,0.0000,0.0000,0,0,19,0,0,1,0,29,11,500
1120,S,0,10,17,0,0,0,0.0000,0.0000,0.0000,0.0000,0,0,19,0,0,1,0,29,11,500
1121,S,0,10,17,0,0,0,0.0000,0.0000,0.0000,0.0000,0,0,19,0,0,1,0,29,11,500
1122,S,0,10,17,0,0,0,0.0000,0.0000,0.0000,0.0000,0,0,19,0,0,1,0,29,11,500
1123,S,0,10,17,0,0,0,0.0000,0.0000,0.0000,0.0000,0,0,19,0,0,1,0,29,11,500
1124,S,0,10,17,0,0,0,0.0000,0.0000,0.0000,0.0000,0,0,19,0,0,1,0,29,11,500
1125,S,0,10,17,0,0,0,0.0000,0.0000,0.0000,0.0000,0,0,19,0,0,1,0,29,11,500
1126,S,0,10,17,0,0,0,0.0000,0.0000,0.0000,0.0000,0,0,19,0,0,1,0,29,11,500
1127,S,0,10,17,0,0,0,0.0000,0.0000,0.0000,0.0000,0,0,19,0,0,1,0,29,11,500
1128,S,0,10,17,0,0,0,0.0000,0.0000,0.0000,0.0000,0,0,19,0,0,1,0,29,11,500
1129,S,0,10,17,0,0,0,0.0000,0.0000,0.0000,0.0000,0,0,19,0,0,1,0,29,11,500
1130,S,0,10,17,0,0,0,0.0000,0.0000,0.0000,0.0000,0,0,19,0,0,1,0,29,11,500
1131,S,0,10,17,0,0,0,0.0000,0.0000,0.0000,0.0000,0,0,19,0,0,1,0,29,11,500
1132,S,0,10,17,0,0,0,0.0000,0.0000,0.0000,0.0000,0,0,19,0,0,1,0,29,11,500
1133,S,0,10,17,0,0,0,0.0000,0.0000,0.0000,0.0000,0,0,19,0,0,1,0,29,11,500
1134,S,0,10,17,0,0,0,0.0000,0.0000,0.0000,0.0000,0,0,19,0,0,1,0,29,11,500
1135,S,0,10,17,0,0,0,0.0000,0.0000,0.0000,0.0000,0,0,19,0,0,1,0,29,11,500
1136,S,0,10,17,0,0,0,0.0000,0.0000,0.0000,0.0000,0,0,19,0,0,1,0,29,11,500
1137,S,0,10,17,0,0,0,0.0000,0.0000,0.0000,0.0000,0,0,19,0,0,1,0,29,11,500
1138,S,0,10,17,0,0,0,0.0000,0.0000,0.0000,0.0000,0,0,19,0,0,1,0,29,11,500
1139,S,0,10,17,0,0,0,0.0000,0.0000,0.0000,0.0000,0,0,19,0,0,1,0,29,11,500
1140,S,0,10,17,0,0,0,0.0000,0.0000,0.0000,0.0000,0,0,19,0,0,1,0,29,11,500
1141,S,0,10,17,0,0,0,0.0000,0.0000,0.0000,0.0000,0,0,19,0,0,1,0,29,11,500
1142,S,0,10,17,0,0,0,0.0000,0.0000,0.0000,0.0000,0,0,19,0,0,1,0,29,11,500
1143,S,0,10,17,0,0,0,0.0000,0.0000,0.0000,0.0000,0,0,19,0,0,1,0,29,11,500
1144,S,0,10,17,0,0,0,0.0000,0.0000,0.0000,0.0000,0,0,19,0,0,1,0,29,11,500
1145,S,0,10,17,0,0,0,0.0000,0.0000,0.0000,0.0000,0,0,19,0,0,1,0,29,11,500
1146,S,0,10,17,0,0,0,0.0000,0.0000,0.0000,0.0000,0,0,19,0,0,1,0,29,11,500
1147,S,0,10,17,0,0,0,0.0000,0.0000,0.0000,0.0000,0,0,19,0,0,1,0,29,11,500
1148,S,0,10,17,0,0,0,0.0000,0.0000,0.0000,0.0000,0,0,19,0,0,1,0,29,11,500
1149,S,0,10,17,0,0,0,0.0000,0.0000,0.0000,0.0000,0,0,19,0,0,1,0,29,11,500
1150,S,0,10,17,0,0,0,0.0000,0.0000,0.0000,0.0000,0,0,19,0,0,1,0,29,11,500
1151,S,0,10,17,0,0,0,0.0000,0.0000,0.0000,0.0000,0,0,19,0,0,1,0,29,11,500
1152,S,0,10,17,0,0,0,0.0000,0.0000,0.0000,0.0000,0,0,19,0,0,1,0,29,11,500
1153,S,0,10,17,0,0,0,0.0000,0.0000,0.0000,0.0000,0,0,19,0,0,1,0,29,11,500
1154,S,0,10,17,0,0,0,0.0000,0.0000,0.0000,0.0000,0,0,19,0,0,1,0,29,11,500
1155,S,0,10,17,0,0,0,0.0000,0.0000,0.0000,0.0000,0,0,19,0,0,1,0,29,11,500
1156,S,0,10,17,0,0,0,0.0000,0.0000,0.0000,0.0000,0,0,19,0,0,1,0,29,11,500
1157,S,0,10,17,0,0,0,0.0000,0.0000,0.0000,0.0000,0,0,19,0,0,1,0,29,11,500
1158,S,0,10,17,0,0,0,0.0000,0.0000,0.0000,0.0000,0,0,19,0,0,1,0,29,11,500
1159,S,0,10,17,0,0,0,0.0000,0.0000,0.0000,0.0000,0,0,19,0,0,1,0,29,11,500
1160,S,0,10,17,0,0,0,0.0000,0.0000,0.0000,0.0000,0,0,19,0,0,1,0,29,11,500
1161,S,0,10,17,0,0,0,0.0000,0.0000,0.0000,0.0000,0,0,19,0,0,1,0,29,11,500
1162,S,0,10,17,0,0,0,0.0000,0.0000,0.0000,0.0000,0,0,19,0,0,1,0,29,11,500
1163,S,0,10,17,0,0,0,0.0000,0.0000,0.0000,0.0000,0,0,19,0,0,1,0,29,11,500
1164,S,0,10,17,0,0,0,0.0000,0.0000,0.0000,0.0000,0,0,19,0,0,1,0,29,11,500
1165,S,0,10,17,0,0,0,0.0000,0.0000,0.0000,0.0000,0,0,19,0,0,1,0,29,11,500
1166,S,0,10,17,0,0,0,0.0000,0.0000,0.0000,0.0000,0,0,19,0,0,1,0,29,11,500
1167,S,0,10,17,0,0,0,0.0000,0.0000,0.0000,0.0000,0,0,19,0,0,1,0,29,11,500
1168,S,0,10,17,0,0,0,0.0000,0.0000,0.0000,0.0000,0,0,19,0,0,1,0,29,11,500
1169,S,0,10,17,0,0,0,0.0000,0.0000,0.0000,0.0000,0,0,19,0,0,1,0,29,11,500
1170,S,0,10,17,0,0,0,0.0000,0.0000,0.0000,0.0000,0,0,19,0,0,1,0,29,11,500
1171,S,0,10,17,0,0,0,0.0000,0.0000,0.0000,0.0000,0,0,19,0,0,1,0,29,11,500
1172,S,0,10,17,0,0,0,0.0000,0.0000,0.0000,0.0000,0,0,19,0,0,1,0,29,11,500
1173,S,0,10,17,0,0,0,0.0000,0.0000,0.0000,0.0000,0,0,19,0,0,1,0,29,11,500
1174,S,0,10,17,0,0,0,0.0000,0.0000,0.0000,0.0000,0,0,19,0,0,1,0,29,11,500
1175,S,0,10,17,0,0,0,0.0000,0.0000,0.0000,0.0000,0,0,19,0,0,1,0,29,11,500
1176,S,0,10,17,0,0,0,0.0000,0.0000,0.0000,0.0000,0,0,19,0,0,1,0,29,11,500
1177,S,0,10,17,0,0,0,0.0000,0.0000,0.0000,0.0000,0,0,19,0,0,1,0,29,11,500
1178,S,0,10,17,0,0,0,0.0000,0.0000,0.0000,0.0000,0,0,19,0,0,1,0,29,11,500
1179,S,0,10,17,0,0,0,0.0000,0.0000,0.0000,0.0000,0,0,19,0,0,1,0,29,11,500
1180,S,0,10,17,0,0,0,0.0000,0.0000,0.0000,0.0000,0,0,19,0,0,1,0,29,11,500
1181,S,0,10,17,0,0,0,0.0000,0.0000,0.0000,0.0000,0,0,19,0,0,1,0,29,11,500
1182,S,0,10,17,0,0,0,0.0000,0.0000,0.0000,0.0000,0,0,19,0,0,1,0,29,11,500
1183,S,0,10,17,0,0,0,0.0000,0.0000,0.0000,0.0000,0,0,19,0,0,1,0,29,11,500
1184,S,0,10,17,0,0,0,0.0000,0.0000,0.0000,0.0000,0,0,19,0,0,1,0,29,11,500
1185,S,0,10,17,0,0,0,0.0000,0.0000,0.0000,0.0000,0,0,19,0,0,1,0,29,11,500
1186,S,0,10,17,0,0,0,0.0000,0.0000,0.0000,0.0000,0,0,19,0,0,1,0,29,11,500
1187,S,0,10,17,0,0,0,0.0000,0.0000,0.0000,0.0000,0,0,19,0,0,1,0,29,11,500
1188,S,0,10,17,0,0,0,0.0000,0.0000,0.0000,0.0000,0,0,19,0,0,1,0,29,11,500
1189,S,0,10,17,0,0,0,0.0000,0.0000,0.0000,0.0000,0,0,19,0,0,1,0,29,11,500
1190,S,0,10,17,0,0,0,0.0000,0.0000,0.0000,0.0000,0,0,19,0,0,1,0,29,11,500
1191,S,0,10,17,0,0,0,0.0000,0.0000,0.0000,0.0000,0,0,19,0,0,1,0,29,11,500
1192,S,0,10,17,0,0,0,0.0000,0.0000,0.0000,0.0000,0,0,19,0,0,1,0,29,11,500
1193,S,0,10,17,0,0,0,0.0000,0.0000,0.0000,0.0000,0,0,19,0,0,1,0,29,11,500
1194,S,0,10,17,0,0,0,0.0000,0.0000,0.0000,0.0000,0,0,19,0,0,1,0,29,11,500
1195,S,0,10,17,0,0,0,0.0000,0.0000,0.0000,0.0000,0,0,19,0,0,1,0,29,11,500
1196,S,0,10,17,0,0,0,0.0000,0.0000,0.0000,0.0000,0,0,19,0,0,1,0,29,11,500
1197,S,0,10,17,0,0,0,0.0000,0.0000,0.0000,0.0000,0,0,19,0,0,1,0,29,11,500
1198,S,0,10,17,0,0,0,0.0000,0.0000,0.0000,0.0000,0,0,19,0,0,1,0,29,11,500
1199,S,0,10,17,0,0,0,0.0000,0.0000,0.0000,0.0000,0,0,19,0,0,1,0,29,11,500
1200,S,0,10,17,0,0,0,0.0000,0.0000,0.0000,0.0000,0,0,19,0,0,1,0,29,11,500
1201,S,0,10,17,0,0,0,0.0000,0.0000,0.0000,0.0000,0,0,19,0,0,1,0,29,11,500
1202,S,0,10,17,0,0,0,0.0000,0.0000,0.0000,0.0000,0,0,19,0,0,1,0,29,11,500
1203,S,0,10,17,0,0,0,0.0000,0.0000,0.0000,0.0000,0,0,19,0,0,1,0,29,11,500
1204,S,0,10,17,0,0,0,0.0000,0.0000,0.0000,0.0000,0,0,19,0,0,1,0,29,11,500
1205,S,0,10,17,0,0,0,0.0000,0.0000,0.0000,0.0000,0,0,19,0,0,1,0,29,11,500
1206,S,0,10,17,0,0,0,0.0000,0.0000,0.0000,0.0000,0,0,19,0,0,1,0,29,11,500
1207,S,0,10,17,0,0,0,0.0000,0.0000,0.0000,0.0000,0,0,19,0,0,1,0,29,11,500
1208,S,0,10,17,0,0,0,0.0000,0.0000,0.0000,0.0000,0,0,19,0,0,1,0,29,11,500
1209,S,0,10,17,0,0,0,0.0000,0.0000,0.0000,0.0000,0,0,19,0,0,1,0,29,11,500
1210,S,0,10,17,0,0,0,0.0000,0.0000,0.0000,0.0000,0,0,19,0,0,1,0,29,11,500
1211,S,0,10,17,0,0,0,0.0000,0.0000,0.0000,0.0000,0,0,19,0,0,1,0,29,11,500
1212,S,0,10,17,0,0,0,0.0000,0.0000,0.0000,0.0000,0,0,19,0,0,1,0,29,11,500
1213,S,0,10,17,0,0,0,0.0000,0.0000,0.0000,0.0000,0,0,19,0,0,1,0,29,11,500
1214,S,0,10,17,0,0,0,0.0000,0.0000,0.0000,0.0000,0,0,19,0,0,1,0,29,11,500
1215,S,0,10,17,0,0,0,0.0000,0.0000,0.0000,0.0000,0,0,19,0,0,1,0,29,11,500
1216,S,0,10,17,0,0,0,0.0000,0.0000,0.0000,0.0000,0,0,19,0,0,1,0,29,11,500
1217,S,0,10,17,0,0,0,0.0000,0.0000,0.0000,0.0000,0,0,19,0,0,1,0,29,11,500
1218,S,0,10,17,0,0,0,0.0000,0.0000,0.0000,0.0000,0,0,19,0,0,1,0,29,11,500
1219,S,0,10,17,0,0,0,0.0000,0.0000,0.0000,0.0000,0,0,19,0,0,1,0,29,11,500
1220,S,0,10,17,0,0,0,0.0000,0.0000,0.0000,0.0000,0,0,19,0,0,1,0,29,11,500
1221,S,0,10,17,0,0,0,0.0000,0.0000,0.0000,0.0000,0,0,19,0,0,1,0,29,11,500
1222,S,0,10,17,0,0,0,0.0000,0.0000,0.0000,0.0000,0,0,19,0,0,1,0,29,11,500
1223,S,0,10,17,0,0,0,0.0000,0.0000,0.0000,0.0000,0,0,19,0,0,1,0,29,11,500
1224,S,0,10,17,0,0,0,0.0000,0.0000,0.0000,0.0000,0,0,19,0,0,1,0,29,11,500
1225,S,0,10,17,0,0,0,0.0000,0.0000,0.0000,0.0000,0,0,19,0,0,1,0,29,11,500
1226,S,0,10,17,0,0,0,0.0000,0.0000,0.0000,0.0000,0,0,19,0,0,1,0,29,11,500
1227,S,0,10,17,0,0,0,0.0000,0.0000,0.0000,0.0000,0,0,19,0,0,1,0,29,11,500
1228,S,0,10,17,0,0,0,0.0000,0.0000,0.0000,0.0000,0,0,19,0,0,1,0,29,11,500
1229,S,0,10,17,0,0,0,0.0000,0.0000,0.0000,0.0000,0,0,19,0,0,1,0,29,11,500
1230,S,0,10,17,0,0,0,0.0000,0.0000,0.0000,0.0000,0,0,19,0,0,1,0,29,11,500
1231,S,0,10,17,0,0,0,0.0000,0.0000,0.0000,0.0000,0,0,19,0,0,1,0,29,11,500
1232,S,0,10,17,0,0,0,0.0000,0.0000,0.0000,0.0000,0,0,19,0,0,1,0,29,11,500
1233,S,0,10,17,0,0,0,0.0000,0.0000,0.0000,0.0000,0,0,19,0,0,1,0,29,11,500
1234,S,0,10,17,0,0,0,0.0000,0.0000,0.0000,0.0000,0,0,19,0,0,1,0,29,11,500
1235,S,0,10,17,0,0,0,0.0000,0.0000,0.0000,0.0000,0,0,19,0,0,1,0,29,11,500
1236,S,0,10,17,0,0,0,0.0000,0.0000,0.0000,0.0000,0,0,19,0,0,1,0,29,11,500
1237,S,0,10,17,0,0,0,0.0000,0.0000,0.0000,0.0000,0,0,19,0,0,1,0,29,11,500
1238,S,0,10,17,0,0,0,0.0000,0.0000,0.0000,0.0000,0,0,19,0,0,1,0,29,11,500
1239,S,0,10,17,0,0,0,0.0000,0.0000,0.0000,0.0000,0,0,19,0,0,1,0,29,11,500
1240,S,0,10,17,0,0,0,0.0000,0.0000,0.0000,0.0000,0,0,19,0,0,1,0,29,11,500
1241,S,0,10,17,0,0,0,0.0000,0.0000,0.0000,0.0000,0,0,19,0,0,1,0,29,11,500
1242,S,0,10,17,0,0,0,0.0000,0.0000,0.0000,0.0000,0,0,19,0,0,1,0,29,11,500
1243,S,0,10,17,0,0,0,0.0000,0.0000,0.0000,0.0000,0,0,19,0,0,1,0,29,11,500
1244,S,0,10,17,0,0,0,0.0000,0.0000,0.0000,0.0000,0,0,19,0,0,1,0,29,11,500
1245,S,0,10,17,0,0,0,0.0000,0.0000,0.0000,0.0000,0,0,19,0,0,1,0,29,11,500
1246,S,0,10,17,0,0,0,0.0000,0.0000,0.0000,0.0000,0,0,19,0,0,1,0,29,11,500
1247,S,0,10,17,0,0,0,0.0000,0.0000,0.0000,0.0000,0,0,19,0,0,1,0,29,11,500
1248,S,0,10,17,0,0,0,0.0000,0.0000,0.0000,0.0000,0,0,19,0,0,1,0,29,11,500
1249,S,0,10,17,0,0,0,0.0000,0.0000,0.0000,0.0000,0,0,19,0,0,1,0,29,11,500
1250,S,0,10,17,0,0,0,0.0000,0.0000,0.0000,0.0000,0,0,19,0,0,1,0,29,11,500
1251,S,0,10,17,0,0,0,0.0000,0.0000,0.0000,0.0000,0,0,19,0,0,1,0,29,11,500
1252,S,0,10,17,0,0,0,0.0000,0.0000,0.0000,0.0000,0,0,19,0,0,1,0,29,11,500
1253,S,0,10,17,0,0,0,0.0000,0.0000,0.0000,0.0000,0,0,19,0,0,1,0,29,11,500
1254,S,0,10,17,0,0,0,0.0000,0.0000,0.0000,0.0000,0,0,19,0,0,1,0,29,11,500
1255,S,0,10,17,0,0,0,0.0000,0.0000,0.0000,0.0000,0,0,19,0,0,1,0,29,11,500
1256,S,0,10,17,0,0,0,0.0000,0.0000,0.0000,0.0000,0,0,19,0,0,1,0,29,11,500
1257,S,0,10,17,0,0,0,0.0000,0.0000,0.0000,0.0000,0,0,19,0,0,1,0,29,11,500
1258,S,0,10,17,0,0,0,0.0000,0.0000,0.0000,0.0000,0,0,19,0,0,1,0,29,11,500
1259,S,0,10,17,0,0,0,0.0000,0.0000,0.0000,0.0000,0,0,19,0,0,1,0,29,11,500
1260,S,0,10,17,0,0,0,0.0000,0.0000,0.0000,0.0000,0,0,19,0,0,1,0,29,11,500
1261,S,0,10,17,0,0,0,0.0000,0.0000,0.0000,0.0000,0,0,19,0,0,1,0,29,11,500
1262,S,0,10,17,0,0,0,0.0000,0.0000,0.0000,0.0000,0,0,19,0,0,1,0,29,11,500
1263,S,0,10,17,0,0,0,0.0000,0.0000,0.0000,0.0000,0,0,19,0,0,1,0,29,11,500
1264,S,0,10,17,0,0,0,0.0000,0.0000,0.0000,0.0000,0,0,19,0,0,1,0,29,11,500
1265,S,0,10,17,0,0,0,0.0000,0.0000,0.0000,0.0000,0,0,19,0,0,1,0,29,11,500
1266,S,0,10,17,0,0,0,0.0000,0.0000,0.0000,0.0000,0,0,19,0,0,1,0,29,11,500
1267,S,0,10,17,0,0,0,0.0000,0.0000,0.0000,0.0000,0,0,19,0,0,1,0,29,11,500
1268,S,0,10,17,0,0,0,0.0000,0.0000,0.0000,0.0000,0,0,19,0,0,1,0,29,11,500
1269,S,0,10,17,0,0,0,0.0000,0.0000,0.0000,0.0000,0,0,19,0,0,1,0,29,11,500
1270,S,0,10,17,0,0,0,0.0000,0.0000,0.0000,0.0000,0,0,19,0,0,1,0,29,11,500
1271,S,0,10,17,0,0,0,0.0000,0.0000,0.0000,0.0000,0,0,19,0,0,1,0,29,11,500
1272,S,0,10,17,0,0,0,0.0000,0.0000,0.0000,0.0000,0,0,19,0,0,1,0,29,11,500
1273,S,0,10,17,0,0,0,0.0000,0.0000,0.0000,0.0000,0,0,19,0,0,1,0,29,11,500
1274,S,0,10,17,0,0,0,0.0000,0.0000,0.0000,0.0000,0,0,19,0,0,1,0,29,11,500
1275,S,0,10,17,0,0,0,0.0000,0.0000,0.0000,0.0000,0,0,19,0,0,1,0,29,11,500
1276,S,0,10,17,0,0,0,0.0000,0.0000,0.0000,0.0000,0,0,19,0,0,1,0,29,11,500
1277,S,0,10,17,0,0,0,0.0000,0.0000,0.0000,0.0000,0,0,19,0,0,1,0,29,11,500
1278,S,0,10,17,0,0,0,0.0000,0.0000,0.0000,0.0000,0,0,19,0,0,1,0,29,11,500
1279,S,0,10,17,0,0,0,0.0000,0.0000,0.0000,0.0000,0,0,19,0,0,1,0,29,11,500
1280,S,0,10,17,0,0,0,0.0000,0.0000,0.0000,0.0000,0,0,19,0,0,1,0,29,11,500
1281,S,0,10,17,0,0,0,0.0000,0.0000,0.0000,0.0000,0,0,19,0,0,1,0,29,11,500
1282,S,0,10,17,0,0,0,0.0000,0.0000,0.0000,0.0000,0,0,19,0,0,1,0,29,11,500
1283,S,0,10,17,0,0,0,0.0000,0.0000,0.0000,0.0000,0,0,19,0,0,1,0,29,11,500
1284,S,0,10,17,0,0,0,0.0000,0.0000,0.0000,0.0000,0,0,19,0,0,1,0,29,11,500
1285,S,0,10,17,0,0,0,0.0000,0.0000,0.0000,0.0000,0,0,19,0,0,1,0,29,11,500
1286,S,0,10,17,0,0,0,0.0000,0.0000,0.0000,0.0000,0,0,19,0,0,1,0,29,11,500
1287,S,0,10,17,0,0,0,0.0000,0.0000,0.0000,0.0000,0,0,19,0,0,1,0,29,11,500
1288,S,0,10,17,0,0,0,0.0000,0.0000,0.0000,0.0000,0,0,19,0,0,1,0,29,11,500
1289,S,0,10,17,0,0,0,0.0000,0.0000,0.0000,0.0000,0,0,19,0,0,1,0,29,11,500
1290,S,0,10,17,0,0,0,0.0000,0.0000,0.0000,0.0000,0,0,19,0,0,1,0,29,11,500
1291,S,0,10,17,0,0,0,0.0000,0.0000,0.0000,0.0000,0,0,19,0,0,1,0,29,11,500
1292,S,0,10,17,0,0,0,0.0000,0.0000,0.0000,0.0000,0,0,19,0,0,1,0,29,11,500
1293,S,0,10,17,0,0,0,0.0000,0.0000,0.0000,0.0000,0,0,19,0,0,1,0,29,11,500
1294,S,0,10,17,0,0,0,0.0000,0.0000,0.0000,0.0000,0,0,19,0,0,1,0,29,11,500
1295,S,0,10,17,0,0,0,0.0000,0.0000,0.0000,0.0000,0,0,19,0,0,1,0,29,11,500
1296,S,0,10,17,0,0,0,0.0000,0.0000,0.0000,0.0000,0,0,19,0,0,1,0,29,11,500
1297,S,0,10,17,0,0,0,0.0000,0.0000,0.0000,0.0000,0,0,19,0,0,1,0,29,11,500
1298,S,0,10,17,0,0,0,0.0000,0.0000,0.0000,0.0000,0,0,19,0,0,1,0,29,11,500
1299,S,0,10,17,0,0,0,0.0000,0.0000,0.0000,0.0000,0,0,19,0,0,1,0,29,11,500
1300,S,0,10,17,0,0,0,0.0000,0.0000,0.0000,0.0000,0,0,19,0,0,1,0,29,11,500
1301,S,0,10,17,0,0,0,0.0000,0.0000,0.0000,0.0000,0,0,19,0,0,1,0,29,11,500
1302,S,0,10,17,0,0,0,0.0000,0.0000,0.0000,0.0000,0,0,19,0,0,1,0,29,11,500
1303,S,0,10,17,0,0,0,0.0000,0.0000,0.0000,0.0000,0,0,19,0,0,1,0,29,11,500
1304,S,0,10,17,0,0,0,0.0000,0.0000,0.0000,0.0000,0,0,19,0,0,1,0,29,11,500
1305,S,0,10,17,0,0,0,0.0000,0.0000,0.0000,0.0000,0,0,19,0,0,1,0,29,11,500
1306,S,0,10,17,0,0,0,0.0000,0.0000,0.0000,0.0000,0,0,19,0,0,1,0,29,11,500
1307,S,0,10,17,0,0,0,0.0000,0.0000,0.0000,0.0000,0,0,19,0,0,1,0,29,11,500
1308,S,0,10,17,0,0,0,0.0000,0.0000,0.0000,0.0000,0,0,19,0,0,1,0,29,11,500
1309,S,0,10,17,0,0,0,0.0000,0.0000,0.0000,0.0000,0,0,19,0,0,1,0,29,11,500
1310,S,0,10,17,0,0,0,0.0000,0.0000,0.0000,0.0000,0,0,19,0,0,1,0,29,11,500
1311,S,0,10,17,0,0,0,0.0000,0.0000,0.0000,0.0000,0,0,19,0,0,1,0,29,11,500
1312,S,0,10,17,0,0,0,0.0000,0.0000,0.0000,0.0000,0,0,19,0,0,1,0,29,11,500
1313,S,0,10,17,0,0,0,0.0000,0.0000,0.0000,0.0000,0,0,19,0,0,1,0,29,11,500
1314,S,0,10,17,0,0,0,0.0000,0.0000,0.0000,0.0000,0,0,19,0,0,1,0,29,11,500
1315,S,0,10,17,0,0,0,0.0000,0.0000,0.0000,0.0000,0,0,19,0,0,1,0,29,11,500
1316,S,0,10,17,0,0,0,0.0000,0.0000,0.0000,0.0000,0,0,19,0,0,1,0,29,11,500
1317,S,0,10,17,0,0,0,0.0000,0.0000,0.0000,0.0000,0,0,19,0,0,1,0,29,11,500
1318,S,0,10,17,0,0,0,0.0000,0.0000,0.0000,0.0000,0,0,19,0,0,1,0,29,11,500
1319,S,0,10,17,0,0,0,0.0000,0.0000,0.0000,0.0000,0,0,19,0,0,1,0,29,11,500
1320,S,0,10,17,0,0,0,0.0000,0.0000,0.0000,0.0000,0,0,19,0,0,1,0,29,11,500
1321,S,0,10,17,0,0,0,0.0000,0.0000,0.0000,0.0000,0,0,19,0,0,1,0,29,11,500
1322,S,0,10,17,0,0,0,0.0000,0.0000,0.0000,0.0000,0,0,19,0,0,1,0,29,11,500
1323,S,0,10,17,0,0,0,0.0000,0.0000,0.0000,0.0000,0,0,19,0,0,1,0,29,11,500
1324,S,0,10,17,0,0,0,0.0000,0.0000,0.0000,0.0000,0,0,19,0,0,1,0,29,11,500
1325,S,0,10,17,0,0,0,0.0000,0.0000,0.0000,0.0000,0,0,19,0,0,1,0,29,11,500
1326,S,0,10,17,0,0,0,0.0000,0.0000,0.0000,0.0000,0,0,19,0,0,1,0,29,11,500
1327,S,0,10,17,0,0,0,0.0000,0.0000,0.0000,0.0000,0,0,19,0,0,1,0,29,11,500
1328,S,0,10,17,0,0,0,0.0000,0.0000,0.0000,0.0000,0,0,19,0,0,1,0,29,11,500
1329,S,0,10,17,0,0,0,0.0000,0.0000,0.0000,0.0000,0,0,19,0,0,1,0,29,11,500
1330,S,0,10,17,0,0,0,0.0000,0.0000,0.0000,0.0000,0,0,19,0,0,1,0,29,11,500
1331,S,0,10,17,0,0,0,0.0000,0.0000,0.0000,0.0000,0,0,19,0,0,1,0,29,11,500
1332,S,0,10,17,0,0,0,0.0000,0.0000,0.0000,0.0000,0,0,19,0,0,1,0,29,11,500
1333,S,0,10,17,0,0,0,0.0000,0.0000,0.0000,0.0000,0,0,19,0,0,1,0,29,11,500
1334,S,0,10,17,0,0,0,0.0000,0.0000,0.0000,0.0000,0,0,19,0,0,1,0,29,11,500
1335,S,0,10,17,0,0,0,0.0000,0.0000,0.0000,0.0000,0,0,19,0,0,1,0,29,11,500
1336,S,0,10,17,0,0,0,0.0000,0.0000,0.0000,0.0000,0,0,19,0,0,1,0,29,11,500
1337,S,0,10,17,0,0,0,0.0000,0.0000,0.0000,0.0000,0,0,19,0,0,1,0,29,11,500
1338,S,0,10,17,0,0,0,0.0000,0.0000,0.0000,0.0000,0,0,19,0,0,1,0,29,11,500
1339,S,0,10,17,0,0,0,0.0000,0.0000,0.0000,0.0000,0,0,19,0,0,1,0,29,11,500
1340,S,0,10,17,0,0,0,0.0000,0.0000,0.0000,0.0000,0,0,19,0,0,1,0,29,11,500
1341,S,0,10,17,0,0,0,0.0000,0.0000,0.0000,0.0000,0,0,19,0,0,1,0,29,11,500
1342,S,0,10,17,0,0,0,0.0000,0.0000,0.0000,0.0000,0,0,19,0,0,1,0,29,11,500
1343,S,0,10,17,0,0,0,0.0000,0.0000,0.0000,0.0000,0,0,19,0,0,1,0,29,11,500
1344,S,0,10,17,0,0,0,0.0000,0.0000,0.0000,0.0000,0,0,19,0,0,1,0,29,11,500
1345,S,0,10,17,0,0,0,0.0000,0.0000,0.0000,0.0000,0,0,19,0,0,1,0,29,11,500
1346,S,0,10,17,0,0,0,0.0000,0.0000,0.0000,0.0000,0,0,19,0,0,1,0,29,11,500
1347,S,0,10,17,0,0,0,0.0000,0.0000,0.0000,0.0000,0,0,19,0,0,1,0,29,11,500
1348,S,0,10,17,0,0,0,0.0000,0.0000,0.0000,0.0000,0,0,19,0,0,1,0,29,11,500
1349,S,0,10,17,0,0,0,0.0000,0.0000,0.0000,0.0000,0,0,19,0,0,1,0,29,11,500
1350,S,0,10,17,0,0,0,0.0000,0.0000,0.0000,0.0000,0,0,19,0,0,1,0,29,11,500
1351,S,0,10,17,0,0,0,0.0000,0.0000,0.0000,0.0000,0,0,19,0,0,1,0,29,11,500
1352,S,0,10,17,0,0,0,0.0000,0.0000,0.0000,0.0000,0,0,19,0,0,1,0,29,11,500
1353,S,0,10,17,0,0,0,0.0000,0.0000,0.0000,0.0000,0,0,19,0,0,1,0,29,11,500
1354,S,0,10,17,0,0,0,0.0000,0.0000,0.0000,0.0000,0,0,19,0,0,1,0,29,11,500
1355,S,0,10,17,0,0,0,0.0000,0.0000,0.0000,0.0000,0,0,19,0,0,1,0,29,11,500
1356,S,0,10,17,0,0,0,0.0000,0.0000,0.0000,0.0000,0,0,19,0,0,1,0,29,11,500
1357,S,0,10,17,0,0,0,0.0000,0.0000,0.0000,0.0000,0,0,19,0,0,1,0,29,11,500
1358,S,0,10,17,0,0,0,0.0000,0.0000,0.0000,0.0000,0,0,19,0,0,1,0,29,11,500
1359,S,0,10,17,0,0,0,0.0000,0.0000,0.0000,0.0000,0,0,19,0,0,1,0,29,11,500
1360,S,0,10,17,0,0,0,0.0000,0.0000,0.0000,0.0000,0,0,19,0,0,1,0,29,11,500
1361,S,0,10,17,0,0,0,0.0000,0.0000,0.0000,0.0000,0,0,19,0,0,1,0,29,11,500
1362,S,0,10,17,0,0,0,0.0000,0.0000,0.0000,0.0000,0,0,19,0,0,1,0,29,11,500
1363,S,0,10,17,0,0,0,0.0000,0.0000,0.0000,0.0000,0,0,19,0,0,1,0,29,11,500
1364,S,0,10,17,0,0,0,0.0000,0.0000,0.0000,0.0000,0,0,19,0,0,1,0,29,11,500
1365,S,0,10,17,0,0,0,0.0000,0.0000,0.0000,0.0000,0,0,19,0,0,1,0,29,11,500
1366,S,0,10,17,0,0,0,0.0000,0.0000,0.0000,0.0000,0,0,19,0,0,1,0,29,11,500
1367,S,0,10,17,0,0,0,0.0000,0.0000,0.0000,0.0000,0,0,19,0,0,1,0,29,11,500
1368,S,0,10,17,0,0,0,0.0000,0.0000,0.0000,0.0000,0,0,19,0,0,1,0,29,11,500
1369,S,0,10,17,0,0,0,0.0000,0.0000,0.0000,0.0000,0,0,19,0,0,1,0,29,11,500
1370,S,0,10,17,0,0,0,0.0000,0.0000,0.0000,0.0000,0,0,19,0,0,1,0,29,11,500
1371,S,0,10,17,0,0,0,0.0000,0.0000,0.0000,0.0000,0,0,19,0,0,1,0,29,11,500
1372,S,0,10,17,0,0,0,0.0000,0.0000,0.0000,0.0000,0,0,19,0,0,1,0,29,11,500
1373,S,0,10,17,0,0,0,0.0000,0.0000,0.0000,0.0000,0,0,19,0,0,1,0,29,11,500
1374,S,0,10,17,0,0,0,0.0000,0.0000,0.0000,0.0000,0,0,19,0,0,1,0,29,11,500
1375,S,0,10,17,0,0,0,0.0000,0.0000,0.0000,0.0000,0,0,19,0,0,1,0,29,11,500
1376,S,0,10,17,0,0,0,0.0000,0.0000,0.0000,0.0000,0,0,19,0,0,1,0,29,11,500
1377,S,0,10,17,0,0,0,0.0000,0.0000,0.0000,0.0000,0,0,19,0,0,1,0,29,11,500
1378,S,0,10,17,0,0,0,0.0000,0.0000,0.0000,0.0000,0,0,19,0,0,1,0,29,11,500
1379,S,0,10,17,0,0,0,0.0000,0.0000,0.0000,0.0000,0,0,19,0,0,1,0,29,11,500
1380,S,0,10,17,0,0,0,0.0000,0.0000,0.0000,0.0000,0,0,19,0,0,1,0,29,11,500
1381,S,0,10,17,0,0,0,0.0000,0.0000,0.0000,0.0000,0,0,19,0,0,1,0,29,11,500
1382,S,0,10,17,0,0,0,0.0000,0.0000,0.0000,0.0000,0,0,19,0,0,1,0,29,11,500
1383,S,0,10,17,0,0,0,0.0000,0.0000,0.0000,0.0000,0,0,19,0,0,1,0,29,11,500
1384,S,0,10,17,0,0,0,0.0000,0.0000,0.0000,0.0000,0,0,19,0,0,1,0,29,11,500
1385,S,0,10,17,0,0,0,0.0000,0.0000,0.0000,0.0000,0,0,19,0,0,1,0,29,11,500
1386,S,0,10,17,0,0,0,0.0000,0.0000,0.0000,0.0000,0,0,19,0,0,1,0,29,11,500
1387,S,0,10,17,0,0,0,0.0000,0.0000,0.0000,0.0000,0,0,19,0,0,1,0,29,11,500
1388,S,0,10,17,0,0,0,0.0000,0.0000,0.0000,0.0000,0,0,19,0,0,1,0,29,11,500
1389,S,0,10,17,0,0,0,0.0000,0.0000,0.0000,0.0000,0,0,19,0,0,1,0,29,11,500
1390,S,0,10,17,0,0,0,0.0000,0.0000,0.0000,0.0000,0,0,19,0,0,1,0,29,11,500
1391,S,0,10,17,0,0,0,0.0000,0.0000,0.0000,0.0000,0,0,19,0,0,1,0,29,11,500
1392,S,0,10,17,0,0,0,0.0000,0.0000,0.0000,0.0000,0,0,19,0,0,1,0,29,11,500
1393,S,0,10,17,0,0,0,0.0000,0.0000,0.0000,0.0000,0,0,19,0,0,1,0,29,11,500
1394,S,0,10,17,0,0,0,0.0000,0.0000,0.0000,0.0000,0,0,19,0,0,1,0,29,11,500
1395,S,0,10,17,0,0,0,0.0000,0.0000,0.0000,0.0000,0,0,19,0,0,1,0,29,11,500
1396,S,0,10,17,0,0,0,0.0000,0.0000,0.0000,0.0000,0,0,19,0,0,1,0,29,11,500
1397,S,0,10,17,0,0,0,0.0000,0.0000,0.0000,0.0000,0,0,19,0,0,1,0,29,11,500
1398,S,0,10,17,0,0,0,0.0000,0.0000,0.0000,0.0000,0,0,19,0,0,1,0,29,11,500
1399,S,0,10,17,0,0,0,0.0000,0.0000,0.0000,0.0000,0,0,19,0,0,1,0,29,11,500
1400,S,0,10,17,0,0,0,0.0000,0.0000,0.0000,0.0000,0,0,19,0,0,1,0,29,11,500
1401,S,0,10,17,0,0,0,0.0000,0.0000,0.0000,0.0000,0,0,19,0,0,1,0,29,11,500
1402,S,0,10,17,0,0,0,0.0000,0.0000,0.0000,0.0000,0,0,19,0,0,1,0,29,11,500
1403,S,0,10,17,0,0,0,0.0000,0.0000,0.0000,0.0000,0,0,19,0,0,1,0,29,11,500
1404,S,0,10,17,0,0,0,0.0000,0.0000,0.0000,0.0000,0,0,19,0,0,1,0,29,11,500
1405,S,0,10,17,0,0,0,0.0000,0.0000,0.0000,0.0000,0,0,19,0,0,1,0,29,11,500
1406,S,0,10,17,0,0,0,0.0000,0.0000,0.0000,0.0000,0,0,19,0,0,1,0,29,11,500
1407,S,0,10,17,0,0,0,0.0000,0.0000,0.0000,0.0000,0,0,19,0,0,1,0,29,11,500
1408,S,0,10,17,0,0,0,0.0000,0.0000,0.0000,0.0000,0,0,19,0,0,1,0,29,11,500
1409,S,0,10,17,0,0,0,0.0000,0.0000,0.0000,0.0000,0,0,19,0,0,1,0,29,11,500
1410,S,0,10,17,0,0,0,0.0000,0.0000,0.0000,0.0000,0,0,19,0,0,1,0,29,11,500
1411,S,0,10,17,0,0,0,0.0000,0.0000,0.0000,0.0000,0,0,19,0,0,1,0,29,11,500
1412,S,0,10,17,0,0,0,0.0000,0.0000,0.0000,0.0000,0,0,19,0,0,1,0,29,11,500
1413,S,0,10,17,0,0,0,0.0000,0.0000,0.0000,0.0000,0,0,19,0,0,1,0,29,11,500
1414,S,0,10,17,0,0,0,0.0000,0.0000,0.0000,0.0000,0,0,19,0,0,1,0,29,11,500
1415,S,0,10,17,0,0,0,0.0000,0.0000,0.0000,0.0000,0,0,19,0,0,1,0,29,11,500
1416,S,0,10,17,0,0,0,0.0000,0.0000,0.0000,0.0000,0,0,19,0,0,1,0,29,11,500
1417,S,0,10,17,0,0,0,0.0000,0.0000,0.0000,0.0000,0,0,19,0,0,1,0,29,11,500
1418,S,0,10,17,0,0,0,0.0000,0.0000,0.0000,0.0000,0,0,19,0,0,1,0,29,11,500
1419,S,0,10,17,0,0,0,0.0000,0.0000,0.0000,0.0000,0,0,19,0,0,1,0,29,11,500
1420,S,0,10,17,0,0,0,0.0000,0.0000,0.0000,0.0000,0,0,19,0,0,1,0,29,11,500
1421,S,0,10,17,0,0,0,0.0000,0.0000,0.0000,0.0000,0,0,19,0,0,1,0,29,11,500
1422,S,0,10,17,0,0,0,0.0000,0.0000,0.0000,0.0000,0,0,19,0,0,1,0,29,11,500
1423,S,0,10,17,0,0,0,0.0000,0.0000,0.0000,0.0000,0,0,19,0,0,1,0,29,11,500
1424,S,0,10,17,0,0,0,0.0000,0.0000,0.0000,0.0000,0,0,19,0,0,1,0,29,11,500
1425,S,0,10,17,0,0,0,0.0000,0.0000,0.0000,0.0000,0,0,19,0,0,1,0,29,11,500
1426,S,0,10,17,0,0,0,0.0000,0.0000,0.0000,0.0000,0,0,19,0,0,1,0,29,11,500
1427,S,0,10,17,0,0,0,0.0000,0.0000,0.0000,0.0000,0,0,19,0,0,1,0,29,11,500
1428,S,0,10,17,0,0,0,0.0000,0.0000,0.0000,0.0000,0,0,19,0,0,1,0,29,11,500
1429,S,0,10,17,0,0,0,0.0000,0.0000,0.0000,0.0000,0,0,19,0,0,1,0,29,11,500
1430,S,0,10,17,0,0,0,0.0000,0.0000,0.0000,0.0000,0,0,19,0,0,1,0,29,11,500
1431,S,0,10,17,0,0,0,0.0000,0.0000,0.0000,0.0000,0,0,19,0,0,1,0,29,11,500
1432,S,0,10,17,0,0,0,0.0000,0.0000,0.0000,0.0000,0,0,19,0,0,1,0,29,11,500
1433,S,0,10,17,0,0,0,0.0000,0.0000,0.0000,0.0000,0,0,19,0,0,1,0,29,11,500
1434,S,0,10,17,0,0,0,0.0000,0.0000,0.0000,0.0000,0,0,19,0,0,1,0,29,11,500
1435,S,0,10,17,0,0,0,0.0000,0.0000,0.0000,0.0000,0,0,19,0,0,1,0,29,11,500
1436,S,0,10,17,0,0,0,0.0000,0.0000,0.0000,0.0000,0,0,19,0,0,1,0,29,11,500
1437,S,0,10,17,0,0,0,0.0000,0.0000,0.0000,0.0000,0,0,19,0,0,1,0,29,11,500
1438,S,0,10,17,0,0,0,0.0000,0.0000,0.0000,0.0000,0,0,19,0,0,1,0,29,11,500
1439,S,0,10,17,0,0,0,0.0000,0.0000,0.0000,0.0000,0,0,19,0,0,1,0,29,11,500
1440,S,0,10,17,0,0,0,0.0000,0.0000,0.0000,0.0000,0,0,19,0,0,1,0,29,11,500
1441,S,0,10,17,0,0,0,0.0000,0.0000,0.0000,0.0000,0,0,19,0,0,1,0,29,11,500
1442,S,0,10,17,0,0,0,0.0000,0.0000,0.0000,0.0000,0,0,19,0,0,1,0,29,11,500
1443,S,0,10,17,0,0,0,0.0000,0.0000,0.0000,0.0000,0,0,19,0,0,1,0,29,11,500
1444,S,0,10,17,0,0,0,0.0000,0.0000,0.0000,0.0000,0,0,19,0,0,1,0,29,11,500
1445,S,0,10,17,0,0,0,0.0000,0.0000,0.0000,0.0000,0,0,19,0,0,1,0,29,11,500
1446,S,0,10,17,0,0,0,0.0000,0.0000,0.0000,0.0000,0,0,19,0,0,1,0,29,11,500
1447,S,0,10,17,0,0,0,0.0000,0.0000,0.0000,0.0000,0,0,19,0,0,1,0,29,11,500
1448,S,0,10,17,0,0,0,0.0000,0.0000,0.0000,0.0000,0,0,19,0,0,1,0,29,11,500
1449,S,0,10,17,0,0,0,0.0000,0.0000,0.0000,0.0000,0,0,19,0,0,1,0,29,11,500
1450,S,0,10,17,0,0,0,0.0000,0.0000,0.0000,0.0000,0,0,19,0,0,1,0,29,11,500
1451,S,0,10,17,0,0,0,0.0000,0.0000,0.0000,0.0000,0,0,19,0,0,1,0,29,11,500
1452,S,0,10,17,0,0,0,0.0000,0.0000,0.0000,0.0000,0,0,19,0,0,1,0,29,11,500
1453,S,0,10,17,0,0,0,0.0000,0.0000,0.0000,0.0000,0,0,19,0,0,1,0,29,11,500
1454,S,0,10,17,0,0,0,0.0000,0.0000,0.0000,0.0000,0,0,19,0,0,1,0,29,11,500
1455,S,0,10,17,0,0,0,0.0000,0.0000,0.0000,0.0000,0,0,19,0,0,1,0,29,11,500
1456,S,0,10,17,0,0,0,0.0000,0.0000,0.0000,0.0000,0,0,19,0,0,1,0,29,11,500
1457,S,0,10,17,0,0,0,0.0000,0.0000,0.0000,0.0000,0,0,19,0,0,1,0,29,11,500
1458,S,0,10,17,0,0,0,0.0000,0.0000,0.0000,0.0000,0,0,19,0,0,1,0,29,11,500
1459,S,0,10,17,0,0,0,0.0000,0.0000,0.0000,0.0000,0,0,19,0,0,1,0,29,11,500
1460,S,0,10,17,0,0,0,0.0000,0.0000,0.0000,0.0000,0,0,19,0,0,1,0,29,11,500
1461,S,0,10,17,0,0,0,0.0000,0.0000,0.0000,0.0000,0,0,19,0,0,1,0,29,11,500
1462,S,0,10,17,0,0,0,0.0000,0.0000,0.0000,0.0000,0,0,19,0,0,1,0,29,11,500
1463,S,0,10,17,0,0,0,0.0000,0.0000,0.0000,0.0000,0,0,19,0,0,1,0,29,11,500
1464,S,0,10,17,0,0,0,0.0000,0.0000,0.0000,0.0000,0,0,19,0,0,1,0,29,11,500
1465,S,0,10,17,0,0,0,0.0000,0.0000,0.0000,0.0000,0,0,19,0,0,1,0,29,11,500
1466,S,0,10,17,0,0,0,0.0000,0.0000,0.0000,0.0000,0,0,19,0,0,1,0,29,11,500
1467,S,0,10,17,0,0,0,0.0000,0.0000,0.0000,0.0000,0,0,19,0,0,1,0,29,11,500
1468,S,0,10,17,0,0,0,0.0000,0.0000,0.0000,0.0000,0,0,19,0,0,1,0,29,11,500
1469,S,0,10,17,0,0,0,0.0000,0.0000,0.0000,0.0000,0,0,19,0,0,1,0,29,11,500
1470,S,0,10,17,0,0,0,0.0000,0.0000,0.0000,0.0000,0,0,19,0,0,1,0,29,11,500
1471,S,0,10,17,0,0,0,0.0000,0.0000,0.0000,0.0000,0,0,19,0,0,1,0,29,11,500
1472,S,0,10,17,0,0,0,0.0000,0.0000,0.0000,0.0000,0,0,19,0,0,1,0,29,11,500
1473,S,0,10,17,0,0,0,0.0000,0.0000,0.0000,0.0000,0,0,19,0,0,1,0,29,11,500
1474,S,0,10,17,0,0,0,0.0000,0.0000,0.0000,0.0000,0,0,19,0,0,1,0,29,11,500
1475,S,0,10,17,0,0,0,0.0000,0.0000,0.0000,0.0000,0,0,19,0,0,1,0,29,11,500
1476,S,0,10,17,0,0,0,0.0000,0.0000,0.0000,0.0000,0,0,19,0,0,1,0,29,11,500
1477,S,0,10,17,0,0,0,0.0000,0.0000,0.0000,0.0000,0,0,19,0,0,1,0,29,11,500
1478,S,0,10,17,0,0,0,0.0000,0.0000,0.0000,0.0000,0,0,19,0,0,1,0,29,11,500
1479,S,0,10,17,0,0,0,0.0000,0.0000,0.0000,0.0000,0,0,19,0,0,1,0,29,11,500
1480,S,0,10,17,0,0,0,0.0000,0.0000,0.0000,0.0000,0,0,19,0,0,1,0,29,11,500
1481,S,0,10,17,0,0,0,0.0000,0.0000,0.0000,0.0000,0,0,19,0,0,1,0,29,11,500
1482,S,0,10,17,0,0,0,0.0000,0.0000,0.0000,0.0000,0,0,19,0,0,1,0,29,11,500
1483,S,0,10,17,0,0,0,0.0000,0.0000,0.0000,0.0000,0,0,19,0,0,1,0,29,11,500
1484,S,0,10,17,0,0,0,0.0000,0.0000,0.0000,0.0000,0,0,19,0,0,1,0,29,11,500
1485,S,0,10,17,0,0,0,0.0000,0.0000,0.0000,0.0000,0,0,19,0,0,1,0,29,11,500
1486,S,0,10,17,0,0,0,0.0000,0.0000,0.0000,0.0000,0,0,19,0,0,1,0,29,11,500
1487,S,0,10,17,0,0,0,0.0000,0.0000,0.0000,0.0000,0,0,19,0,0,1,0,29,11,500
1488,S,0,10,17,0,0,0,0.0000,0.0000,0.0000,0.0000,0,0,19,0,0,1,0,29,11,500
1489,S,0,10,17,0,0,0,0.0000,0.0000,0.0000,0.0000,0,0,19,0,0,1,0,29,11,500
1490,S,0,10,17,0,0,0,0.0000,0.0000,0.0000,0.0000,0,0,19,0,0,1,0,29,11,500
1491,S,0,10,17,0,0,0,0.0000,0.0000,0.0000,0.0000,0,0,19,0,0,1,0,29,11,500
1492,S,0,10,17,0,0,0,0.0000,0.0000,0.0000,0.0000,0,0,19,0,0,1,0,29,11,500
1493,S,0,10,17,0,0,0,0.0000,0.0000,0.0000,0.0000,0,0,19,0,0,1,0,29,11,500
1494,S,0,10,17,0,0,0,0.0000,0.0000,0.0000,0.0000,0,0,19,0,0,1,0,29,11,500
1495,S,0,10,17,0,0,0,0.0000,0.0000,0.0000,0.0000,0,0,19,0,0,1,0,29,11,500
1496,S,0,10,17,0,0,0,0.0000,0.0000,0.0000,0.0000,0,0,19,0,0,1,0,29,11,500
1497,S,0,10,17,0,0,0,0.0000,0.0000,0.0000,0.0000,0,0,19,0,0,1,0,29,11,500
1498,S,0,10,17,0,0,0,0.0000,0.0000,0.0000,0.0000,0,0,19,0,0,1,0,29,11,500
1499,S,0,10,17,0,0,0,0.0000,0.0000,0.0000,0.0000,0,0,19,0,0,1,0,29,11,500
1500,S,0,10,17,0,0,0,0.0000,0.0000,0.0000,0.0000,0,0,19,0,0,1,0,29,11,500
